step,time_s,ball_x,ball_y,radius_m,core_z_m,distance_to_edge_m,speed_mps,v_radial_mps,sub_skill,action_name,is_boundary_active
10,0.1,0.2223,0.1353,0.2603,0.1883,1.7397,0.2342,0.18,move,roam_forward_cruise,0
20,0.2,0.2565,0.1332,0.289,0.1866,1.711,0.4398,0.3845,move,roam_forward_cruise,0
30,0.3,0.3129,0.1344,0.3405,0.187,1.6595,0.5696,0.5308,move,roam_forward_cruise,0
40,0.4,0.3726,0.1361,0.3966,0.1851,1.6034,0.6823,0.636,move,roam_forward_cruise,0
50,0.5,0.437,0.1394,0.4587,0.1826,1.5413,0.6642,0.6432,move,roam_forward_cruise,0
60,0.6,0.4915,0.1438,0.5121,0.19,1.4879,0.3139,0.3138,move,roam_forward_cruise,0
70,0.7,0.5056,0.1576,0.5296,0.1919,1.4704,0.1627,0.0863,move,roam_forward_cruise,0
80,0.8,0.5042,0.1721,0.5327,0.1904,1.4673,0.1191,0.0579,move,roam_forward_cruise,0
90,0.9,0.5072,0.1827,0.5391,0.1869,1.4609,0.108,0.0418,move,roam_forward_cruise,0
100,1.0,0.5044,0.1958,0.5411,0.1827,1.4589,0.1006,0.0143,curve,roam_curve_left,0
110,1.1,0.5006,0.2077,0.542,0.1817,1.458,0.1357,0.0014,curve,roam_curve_left,0
120,1.2,0.4986,0.2168,0.5437,0.1811,1.4563,0.0964,0.0254,curve,roam_curve_left,0
130,1.3,0.4975,0.2262,0.5465,0.1801,1.4535,0.0809,0.0297,curve,roam_curve_left,0
140,1.4,0.4977,0.2334,0.5497,0.1794,1.4503,0.0685,0.0381,curve,roam_curve_left,0
150,1.5,0.4999,0.2455,0.5569,0.1847,1.4431,0.167,0.0961,curve,roam_curve_left,0
160,1.6,0.5035,0.2672,0.57,0.1829,1.43,0.2669,0.1548,curve,roam_curve_left,0
170,1.7,0.5057,0.2969,0.5864,0.1821,1.4136,0.3298,0.1723,curve,roam_curve_left,0
180,1.8,0.5099,0.3325,0.6088,0.1837,1.3912,0.3672,0.243,turn,roam_pivot_turn,0
190,1.9,0.5222,0.3693,0.6396,0.1876,1.3604,0.4517,0.4209,turn,roam_pivot_turn,0
200,2.0,0.5348,0.4084,0.6729,0.1852,1.3271,0.4097,0.3154,turn,roam_pivot_turn,0
210,2.1,0.5455,0.4496,0.7069,0.185,1.2931,0.4353,0.3668,turn,roam_pivot_turn,0
220,2.2,0.5645,0.4919,0.7487,0.1823,1.2513,0.4754,0.4523,turn,roam_pivot_turn,0
230,2.3,0.5894,0.5296,0.7924,0.1874,1.2076,0.4433,0.4337,stop,roam_stance_pause,0
240,2.4,0.6136,0.5634,0.833,0.1851,1.167,0.3886,0.3782,stop,roam_stance_pause,0
250,2.5,0.6346,0.5902,0.8666,0.1854,1.1334,0.3318,0.3294,stop,roam_stance_pause,0
260,2.6,0.6574,0.6138,0.8995,0.1877,1.1005,0.3196,0.3195,curve,roam_curve_right,0
270,2.7,0.6665,0.6272,0.9152,0.187,1.0848,0.0589,-0.0024,curve,roam_curve_right,0
280,2.8,0.6553,0.6266,0.9067,0.1844,1.0933,0.1015,-0.0781,curve,roam_curve_right,0
290,2.9,0.6377,0.6248,0.8928,0.1828,1.1072,0.1992,-0.1579,curve,roam_curve_right,0
300,3.0,0.6161,0.6193,0.8736,0.1818,1.1264,0.2497,-0.2181,curve,roam_curve_right,0
310,3.1,0.5885,0.6109,0.8482,0.1846,1.1518,0.2906,-0.2459,curve,roam_curve_right,0
320,3.2,0.5562,0.6039,0.821,0.1838,1.179,0.3327,-0.2721,curve,roam_curve_right,0
330,3.3,0.5181,0.5938,0.788,0.1834,1.212,0.4262,-0.3592,curve,roam_curve_right,0
340,3.4,0.4784,0.5814,0.7529,0.1817,1.2471,0.4207,-0.3558,curve,roam_curve_right,0
350,3.5,0.4363,0.5676,0.7159,0.1838,1.2841,0.5457,-0.4653,curve,roam_curve_right,0
360,3.6,0.3911,0.5557,0.6795,0.1826,1.3205,0.415,-0.3024,curve,roam_curve_right,0
370,3.7,0.3557,0.5537,0.6582,0.1894,1.3418,0.287,-0.1155,move,roam_forward_cruise,0
380,3.8,0.3385,0.567,0.6603,0.1884,1.3397,0.2057,0.1489,move,roam_forward_cruise,0
390,3.9,0.3416,0.5815,0.6744,0.1913,1.3256,0.1386,0.1316,move,roam_forward_cruise,0
400,4.0,0.3564,0.5898,0.6891,0.1917,1.3109,0.1837,0.1542,move,roam_forward_cruise,0
410,4.1,0.3747,0.6019,0.709,0.1892,1.291,0.2495,0.2388,move,roam_forward_cruise,0
420,4.2,0.3935,0.6249,0.7385,0.1899,1.2615,0.3926,0.3891,move,roam_forward_cruise,0
430,4.3,0.4086,0.6648,0.7803,0.1858,1.2197,0.5355,0.5204,move,roam_forward_cruise,0
440,4.4,0.4201,0.7101,0.8251,0.1857,1.1749,0.4835,0.4599,move,roam_forward_cruise,0
450,4.5,0.4318,0.7623,0.8761,0.1842,1.1239,0.5985,0.5655,move,roam_forward_cruise,0
460,4.6,0.4452,0.8253,0.9378,0.1846,1.0622,0.6681,0.6386,curve,roam_curve_left,0
470,4.7,0.4553,0.8928,1.0022,0.1851,0.9978,0.7037,0.6614,curve,roam_curve_left,0
480,4.8,0.4629,0.9609,1.0666,0.1854,0.9334,0.6837,0.6382,curve,roam_curve_left,0
490,4.9,0.4691,1.0314,1.1331,0.1823,0.8669,0.6846,0.6456,curve,roam_curve_left,0
500,5.0,0.4707,1.0861,1.1837,0.196,0.8163,0.3701,0.3184,curve,roam_curve_left,0
510,5.1,0.4611,1.1116,1.2034,0.2046,0.7966,0.2205,0.1022,curve,roam_curve_left,0
520,5.2,0.4414,1.1207,1.2045,0.2019,0.7955,0.2584,-0.0736,curve,roam_curve_left,0
530,5.3,0.4086,1.1182,1.1905,0.191,0.8095,0.307,-0.1679,curve,roam_curve_left,0
540,5.4,0.3925,1.0995,1.1675,0.1888,0.8325,0.261,-0.2547,turn,roam_pivot_turn,0
550,5.5,0.3944,1.0806,1.1504,0.1851,0.8496,0.1497,-0.0671,turn,roam_pivot_turn,0
560,5.6,0.403,1.0624,1.1363,0.186,0.8637,0.2299,-0.1866,turn,roam_pivot_turn,0
570,5.7,0.4034,1.0389,1.1145,0.1857,0.8855,0.2786,-0.2767,turn,roam_pivot_turn,0
580,5.8,0.3953,1.0114,1.0859,0.1873,0.9141,0.2974,-0.2974,turn,roam_pivot_turn,0
590,5.9,0.3915,0.9847,1.0596,0.1873,0.9404,0.2543,-0.2446,stop,roam_stance_pause,0
600,6.0,0.3807,0.9629,1.0354,0.189,0.9646,0.2563,-0.2517,stop,roam_stance_pause,0
610,6.1,0.3735,0.9425,1.0138,0.187,0.9862,0.1751,-0.1744,stop,roam_stance_pause,0
620,6.2,0.3683,0.9271,0.9976,0.1851,1.0024,0.1019,-0.1015,curve,roam_curve_right,0
630,6.3,0.3612,0.9151,0.9839,0.1826,1.0161,0.143,-0.1411,curve,roam_curve_right,0
640,6.4,0.3511,0.9029,0.9687,0.1824,1.0313,0.167,-0.1475,curve,roam_curve_right,0
650,6.5,0.3379,0.8922,0.954,0.1809,1.046,0.1662,-0.1494,curve,roam_curve_right,0
660,6.6,0.3257,0.8783,0.9367,0.183,1.0633,0.2276,-0.217,curve,roam_curve_right,0
670,6.7,0.3138,0.8637,0.919,0.1849,1.081,0.0893,-0.0703,curve,roam_curve_right,0
680,6.8,0.3082,0.8685,0.9216,0.1856,1.0784,0.0919,0.0729,curve,roam_curve_right,0
690,6.9,0.3086,0.8793,0.9319,0.185,1.0681,0.1969,0.1963,curve,roam_curve_right,0
700,7.0,0.3195,0.8919,0.9474,0.1865,1.0526,0.1846,0.1379,curve,roam_curve_right,0
710,7.1,0.3408,0.896,0.9586,0.1835,1.0414,0.254,0.0974,curve,roam_curve_right,0
720,7.2,0.3678,0.896,0.9686,0.181,1.0314,0.3047,0.0843,curve,roam_curve_right,0
730,7.3,0.39,0.8935,0.9749,0.1893,1.0251,0.0566,0.0351,move,roam_forward_cruise,0
740,7.4,0.383,0.9002,0.9783,0.1893,1.0217,0.1708,0.0509,move,roam_forward_cruise,0
750,7.5,0.3579,0.9143,0.9819,0.188,1.0181,0.2952,0.0303,move,roam_forward_cruise,0
760,7.6,0.3488,0.9164,0.9805,0.1923,1.0195,0.0649,-0.0424,move,roam_forward_cruise,0
770,7.7,0.3507,0.9113,0.9765,0.1906,1.0235,0.0508,-0.0429,move,roam_forward_cruise,0
780,7.8,0.3489,0.9077,0.9725,0.1908,1.0275,0.0559,-0.0446,move,roam_forward_cruise,0
790,7.9,0.3454,0.905,0.9687,0.1891,1.0313,0.0339,-0.0337,move,roam_forward_cruise,0
800,8.0,0.3412,0.9031,0.9654,0.1903,1.0346,0.064,-0.0359,move,roam_forward_cruise,0
810,8.1,0.3365,0.9009,0.9617,0.1896,1.0383,0.046,-0.0385,move,roam_forward_cruise,0
820,8.2,0.3345,0.8936,0.9541,0.1851,1.0459,0.1059,-0.1052,curve,roam_curve_left,0
830,8.3,0.3357,0.8823,0.944,0.1844,1.056,0.134,-0.1098,curve,roam_curve_left,0
840,8.4,0.3416,0.8661,0.931,0.1805,1.069,0.201,-0.1451,curve,roam_curve_left,0
850,8.5,0.3528,0.8456,0.9163,0.1829,1.0837,0.2457,-0.1336,curve,roam_curve_left,0
860,8.6,0.3659,0.831,0.908,0.1823,1.092,0.1068,-0.0401,curve,roam_curve_left,0
870,8.7,0.378,0.824,0.9065,0.1843,1.0935,0.179,-0.0139,curve,roam_curve_left,0
880,8.8,0.3957,0.8096,0.9011,0.1848,1.0989,0.2655,-0.0768,curve,roam_curve_left,0
890,8.9,0.4157,0.789,0.8918,0.1816,1.1082,0.2715,-0.1045,curve,roam_curve_left,0
900,9.0,0.4296,0.7623,0.875,0.1864,1.125,0.3298,-0.2016,turn,roam_pivot_turn,0
910,9.1,0.436,0.7295,0.8498,0.1849,1.1502,0.326,-0.2678,turn,roam_pivot_turn,0
920,9.2,0.4344,0.6953,0.8199,0.1812,1.1801,0.3514,-0.322,turn,roam_pivot_turn,0
930,9.3,0.4193,0.661,0.7827,0.1842,1.2173,0.4067,-0.4067,turn,roam_pivot_turn,0
940,9.4,0.3972,0.6274,0.7426,0.1866,1.2574,0.3912,-0.3908,turn,roam_pivot_turn,0
950,9.5,0.381,0.5917,0.7038,0.1856,1.2962,0.4059,-0.3964,stop,roam_stance_pause,0
960,9.6,0.367,0.5571,0.6671,0.1918,1.3329,0.3519,-0.3457,stop,roam_stance_pause,0
970,9.7,0.3529,0.5265,0.6338,0.1947,1.3662,0.3324,-0.33,stop,roam_stance_pause,0
980,9.8,0.3397,0.4956,0.6008,0.1918,1.3992,0.3338,-0.3242,curve,roam_curve_right,0
990,9.9,0.3285,0.4676,0.5715,0.1821,1.4285,0.2964,-0.2912,curve,roam_curve_right,0
1000,10.0,0.3156,0.4405,0.5419,0.1841,1.4581,0.3254,-0.3205,curve,roam_curve_right,0
1010,10.1,0.2997,0.4063,0.5049,0.1842,1.4951,0.4123,-0.3998,curve,roam_curve_right,0
1020,10.2,0.287,0.3673,0.4661,0.1813,1.5339,0.4132,-0.3791,curve,roam_curve_right,0
1030,10.3,0.276,0.3281,0.4288,0.1852,1.5712,0.4127,-0.3802,curve,roam_curve_right,0
1040,10.4,0.265,0.2835,0.3881,0.1826,1.6119,0.5095,-0.4305,curve,roam_curve_right,0
1050,10.5,0.2575,0.2344,0.3482,0.1846,1.6518,0.4649,-0.3546,curve,roam_curve_right,0
1060,10.6,0.2512,0.1843,0.3116,0.1834,1.6884,0.5418,-0.3799,curve,roam_curve_right,0
1070,10.7,0.2441,0.1292,0.2762,0.1839,1.7238,0.5032,-0.2884,curve,roam_curve_right,0
1080,10.8,0.2383,0.0772,0.2505,0.1821,1.7495,0.5576,-0.2269,curve,roam_curve_right,0
1090,10.9,0.2289,0.0204,0.2298,0.1851,1.7702,0.6006,-0.1606,move,roam_forward_cruise,0
1100,11.0,0.2144,-0.0383,0.2178,0.1846,1.7822,0.5753,-0.0397,move,roam_forward_cruise,0
1110,11.1,0.1926,-0.0986,0.2163,0.1851,1.7837,0.6818,0.0607,move,roam_forward_cruise,0
1120,11.2,0.1629,-0.16,0.2283,0.1866,1.7717,0.6749,0.2008,move,roam_forward_cruise,0
1130,11.3,0.1252,-0.2207,0.2537,0.1865,1.7463,0.701,0.3286,move,roam_forward_cruise,0
1140,11.4,0.0848,-0.2812,0.2937,0.1831,1.7063,0.7532,0.4658,move,roam_forward_cruise,0
1150,11.5,0.0405,-0.3428,0.3452,0.1838,1.6548,0.7803,0.5739,move,roam_forward_cruise,0
1160,11.6,-0.0057,-0.4062,0.4063,0.185,1.5937,0.7853,0.646,move,roam_forward_cruise,0
1170,11.7,-0.0523,-0.4699,0.4728,0.1828,1.5272,0.8121,0.7101,move,roam_forward_cruise,0
1180,11.8,-0.0966,-0.5332,0.5419,0.1861,1.4581,0.7583,0.6922,curve,roam_curve_left,0
1190,11.9,-0.1418,-0.5964,0.613,0.1862,1.387,0.7499,0.6926,curve,roam_curve_left,0
1200,12.0,-0.187,-0.661,0.6869,0.1823,1.3131,0.7517,0.7097,curve,roam_curve_left,0
1210,12.1,-0.2311,-0.7252,0.7611,0.1821,1.2389,0.7865,0.7528,curve,roam_curve_left,0
1220,12.2,-0.2739,-0.7888,0.835,0.1844,1.165,0.7691,0.7435,curve,roam_curve_left,0
1230,12.3,-0.3137,-0.8453,0.9017,0.1932,1.0983,0.5056,0.4501,curve,roam_curve_left,0
1240,12.4,-0.3552,-0.8678,0.9377,0.1942,1.0623,0.4557,0.3018,curve,roam_curve_left,0
1250,12.5,-0.4046,-0.8838,0.972,0.1848,1.028,0.5755,0.386,curve,roam_curve_left,0
1260,12.6,-0.4619,-0.8982,1.01,0.184,0.99,0.6327,0.3453,turn,roam_pivot_turn,0
1270,12.7,-0.5201,-0.9064,1.045,0.1833,0.955,0.6276,0.3421,turn,roam_pivot_turn,0
1280,12.8,-0.5833,-0.9084,1.0795,0.1843,0.9205,0.6311,0.3626,turn,roam_pivot_turn,0
1290,12.9,-0.6414,-0.9119,1.1149,0.1907,0.8851,0.5119,0.3902,turn,roam_pivot_turn,0
1300,13.0,-0.6884,-0.9338,1.1601,0.1862,0.8399,0.5417,0.4884,turn,roam_pivot_turn,0
1310,13.1,-0.7355,-0.9569,1.2069,0.1837,0.7931,0.4955,0.4472,stop,roam_stance_pause,0
1320,13.2,-0.7772,-0.976,1.2476,0.1879,0.7524,0.4343,0.3784,stop,roam_stance_pause,0
1330,13.3,-0.8164,-0.9883,1.2819,0.1894,0.7181,0.4252,0.353,stop,roam_stance_pause,0
1340,13.4,-0.8505,-1.0043,1.316,0.1907,0.684,0.2859,0.2859,curve,roam_curve_right,0
1350,13.5,-0.8508,-1.0328,1.3381,0.1853,0.6619,0.3592,0.1868,curve,roam_curve_right,0
1360,13.6,-0.8377,-1.0681,1.3574,0.1842,0.6426,0.4131,0.2072,turn,boundary_turn_inward,1
1370,13.7,-0.8208,-1.1058,1.3772,0.1851,0.6228,0.4154,0.1355,turn,boundary_turn_inward,1
1380,13.8,-0.7912,-1.1371,1.3853,0.183,0.6147,0.4804,0.0218,turn,boundary_turn_inward,1
1390,13.9,-0.752,-1.1632,1.3851,0.1861,0.6149,0.5107,-0.1064,curve,roam_curve_right,0
1400,14.0,-0.7173,-1.1814,1.3821,0.1898,0.6179,0.2418,-0.0784,curve,roam_curve_right,0
1410,14.1,-0.7074,-1.1769,1.3731,0.1874,0.6269,0.2313,-0.2059,curve,roam_curve_right,0
1420,14.2,-0.7119,-1.1598,1.3608,0.1835,0.6392,0.2203,-0.1695,curve,roam_curve_right,0
1430,14.3,-0.723,-1.1356,1.3462,0.1841,0.6538,0.3273,-0.2358,curve,roam_curve_right,0
1440,14.4,-0.7328,-1.1068,1.3274,0.1849,0.6726,0.2994,-0.2082,curve,roam_curve_right,0
1450,14.5,-0.7385,-1.0884,1.3153,0.1913,0.6847,0.1443,-0.1378,move,roam_forward_cruise,0
1460,14.6,-0.7359,-1.0874,1.313,0.1872,0.687,0.1974,-0.1096,move,roam_forward_cruise,0
1470,14.7,-0.7302,-1.093,1.3145,0.1877,0.6855,0.1352,-0.0929,move,roam_forward_cruise,0
1480,14.8,-0.7225,-1.1039,1.3193,0.1863,0.6807,0.2881,-0.1184,move,roam_forward_cruise,0
1490,14.9,-0.7109,-1.1158,1.3231,0.1875,0.6769,0.2699,-0.136,move,roam_forward_cruise,0
1500,15.0,-0.7011,-1.1329,1.3323,0.1885,0.6677,0.2544,-0.1039,move,roam_forward_cruise,0
1510,15.1,-0.691,-1.1517,1.3431,0.1906,0.6569,0.2649,-0.1113,move,roam_forward_cruise,0
1520,15.2,-0.6811,-1.167,1.3513,0.1928,0.6487,0.3212,-0.2357,move,roam_forward_cruise,0
1530,15.3,-0.6746,-1.1762,1.3559,0.1914,0.6441,0.2218,-0.167,move,roam_forward_cruise,0
1540,15.4,-0.6792,-1.1799,1.3615,0.1906,0.6385,0.3485,-0.172,curve,roam_curve_left,0
1550,15.5,-0.6975,-1.1732,1.3649,0.1895,0.6351,0.394,-0.1959,curve,roam_curve_left,0
1560,15.6,-0.7298,-1.1635,1.3734,0.1884,0.6266,0.3148,0.0204,turn,boundary_turn_inward,1
1570,15.7,-0.7618,-1.1518,1.3809,0.1868,0.6191,0.2947,-0.1343,curve,roam_curve_left,0
1580,15.8,-0.7938,-1.1393,1.3885,0.1881,0.6115,0.3112,-0.0999,curve,roam_curve_left,0
1590,15.9,-0.8284,-1.1276,1.3992,0.1875,0.6008,0.3619,-0.1554,curve,roam_curve_left,0
1600,16.0,-0.8631,-1.1164,1.4111,0.1885,0.5889,0.3174,-0.1098,curve,roam_curve_left,0
1610,16.1,-0.8973,-1.1048,1.4233,0.1873,0.5767,0.3765,-0.0313,curve,roam_curve_left,0
1620,16.2,-0.9209,-1.0795,1.4189,0.1887,0.5811,0.2179,-0.0689,turn,roam_pivot_turn,0
1630,16.3,-0.9376,-1.0758,1.427,0.1876,0.573,0.0632,-0.0279,curve,boundary_arc_away,1
1640,16.4,-0.9488,-1.0753,1.434,0.1851,0.566,0.1119,-0.0246,turn,boundary_turn_inward,1
1650,16.5,-0.9538,-1.0651,1.4298,0.1869,0.5702,0.2877,-0.2523,turn,roam_pivot_turn,0
1660,16.6,-0.946,-1.0526,1.4152,0.1881,0.5848,0.2312,-0.2135,turn,roam_pivot_turn,0
1670,16.7,-0.9271,-1.0486,1.3996,0.1901,0.6004,0.2242,-0.1763,stop,roam_stance_pause,0
1680,16.8,-0.9092,-1.0483,1.3876,0.1925,0.6124,0.2305,-0.1777,stop,roam_stance_pause,0
1690,16.9,-0.8978,-1.054,1.3846,0.1906,0.6154,0.2078,-0.0869,stop,roam_stance_pause,0
1700,17.0,-0.8897,-1.0613,1.3849,0.1873,0.6151,0.227,-0.1134,curve,roam_curve_right,0
1710,17.1,-0.8768,-1.0697,1.3832,0.1878,0.6168,0.249,-0.1302,curve,roam_curve_right,0
1720,17.2,-0.8615,-1.078,1.3799,0.1884,0.6201,0.3882,-0.3108,curve,roam_curve_right,0
1730,17.3,-0.8451,-1.0868,1.3767,0.1855,0.6233,0.2451,-0.1133,curve,roam_curve_right,0
1740,17.4,-0.8266,-1.0936,1.3708,0.1867,0.6292,0.3002,-0.239,curve,roam_curve_right,0
1750,17.5,-0.8085,-1.0984,1.3639,0.1847,0.6361,0.2897,-0.1314,curve,roam_curve_right,0
1760,17.6,-0.7889,-1.0999,1.3536,0.1867,0.6464,0.2346,-0.1499,curve,roam_curve_right,0
1770,17.7,-0.7677,-1.1012,1.3424,0.1852,0.6576,0.2374,-0.1596,curve,roam_curve_right,0
1780,17.8,-0.7462,-1.102,1.3309,0.1841,0.6691,0.2189,-0.1397,curve,roam_curve_right,0
1790,17.9,-0.7244,-1.102,1.3187,0.1842,0.6813,0.245,-0.1392,curve,roam_curve_right,0
1800,18.0,-0.6975,-1.0997,1.3022,0.1825,0.6978,0.2784,-0.1653,curve,roam_curve_right,0
1810,18.1,-0.663,-1.0948,1.2799,0.188,0.7201,0.3603,-0.2336,move,roam_forward_cruise,0
1820,18.2,-0.6227,-1.0838,1.2499,0.1856,0.7501,0.4766,-0.3736,move,roam_forward_cruise,0
1830,18.3,-0.5748,-1.063,1.2084,0.1825,0.7916,0.5565,-0.4394,move,roam_forward_cruise,0
1840,18.4,-0.5236,-1.0426,1.1667,0.187,0.8333,0.5655,-0.4163,move,roam_forward_cruise,0
1850,18.5,-0.4678,-1.0185,1.1208,0.184,0.8792,0.7295,-0.5697,move,roam_forward_cruise,0
1860,18.6,-0.408,-0.9909,1.0717,0.1832,0.9283,0.7564,-0.5666,move,roam_forward_cruise,0
1870,18.7,-0.3487,-0.9653,1.0263,0.188,0.9737,0.5984,-0.4164,move,roam_forward_cruise,0
1880,18.8,-0.3075,-0.9466,0.9953,0.1951,1.0047,0.3985,-0.2713,move,roam_forward_cruise,0
1890,18.9,-0.2712,-0.928,0.9668,0.1925,1.0332,0.4595,-0.329,move,roam_forward_cruise,0
1900,19.0,-0.2292,-0.9052,0.9338,0.1834,1.0662,0.428,-0.2732,curve,roam_curve_left,0
1910,19.1,-0.2039,-0.8853,0.9085,0.1865,1.0915,0.3227,-0.3142,curve,roam_curve_left,0
1920,19.2,-0.2071,-0.8604,0.885,0.1866,1.115,0.3693,-0.2998,curve,roam_curve_left,0
1930,19.3,-0.2176,-0.8289,0.857,0.1824,1.143,0.3694,-0.3078,curve,roam_curve_left,0
1940,19.4,-0.2306,-0.7893,0.8223,0.1817,1.1777,0.4377,-0.3675,curve,roam_curve_left,0
1950,19.5,-0.2404,-0.7496,0.7873,0.1856,1.2127,0.3802,-0.3287,curve,roam_curve_left,0
1960,19.6,-0.2476,-0.7089,0.7509,0.1859,1.2491,0.378,-0.342,curve,roam_curve_left,0
1970,19.7,-0.2515,-0.6652,0.7112,0.1828,1.2888,0.4547,-0.4125,curve,roam_curve_left,0
1980,19.8,-0.2533,-0.6186,0.6684,0.1827,1.3316,0.4795,-0.4407,turn,roam_pivot_turn,0
1990,19.9,-0.2492,-0.5798,0.6311,0.1913,1.3689,0.2199,-0.2195,turn,roam_pivot_turn,0
2000,20.0,-0.2388,-0.5742,0.6219,0.195,1.3781,0.2099,-0.0533,turn,roam_pivot_turn,0
2010,20.1,-0.2338,-0.5894,0.6341,0.1826,1.3659,0.1852,0.1821,turn,roam_pivot_turn,0
2020,20.2,-0.2477,-0.6005,0.6496,0.1825,1.3504,0.1952,0.1292,turn,roam_pivot_turn,0
2030,20.3,-0.2715,-0.5993,0.658,0.1881,1.342,0.217,0.0367,stop,roam_stance_pause,0
2040,20.4,-0.2855,-0.5937,0.6587,0.1935,1.3413,0.1023,-0.0004,stop,roam_stance_pause,0
2050,20.5,-0.2903,-0.5916,0.659,0.1932,1.341,0.0141,0.0025,stop,roam_stance_pause,0
2060,20.6,-0.285,-0.5918,0.6568,0.1899,1.3432,0.1145,-0.111,curve,roam_curve_right,0
2070,20.7,-0.2736,-0.5944,0.6543,0.1819,1.3457,0.1444,-0.0523,curve,roam_curve_right,0
2080,20.8,-0.2601,-0.5957,0.65,0.1802,1.35,0.1457,-0.034,curve,roam_curve_right,0
2090,20.9,-0.2471,-0.599,0.648,0.1809,1.352,0.1047,-0.0189,curve,roam_curve_right,0
2100,21.0,-0.2298,-0.6013,0.6437,0.1831,1.3563,0.1907,-0.0614,curve,roam_curve_right,0
2110,21.1,-0.2104,-0.6021,0.6378,0.1821,1.3622,0.1928,-0.0518,curve,roam_curve_right,0
2120,21.2,-0.1866,-0.6029,0.6312,0.1809,1.3688,0.2913,-0.0804,curve,roam_curve_right,0
2130,21.3,-0.1584,-0.6062,0.6266,0.1835,1.3734,0.304,-0.0068,curve,roam_curve_right,0
2140,21.4,-0.1252,-0.6154,0.628,0.1836,1.372,0.3625,0.0139,curve,roam_curve_right,0
2150,21.5,-0.0886,-0.6246,0.6308,0.1842,1.3692,0.4045,0.0692,curve,roam_curve_right,0
2160,21.6,-0.0463,-0.6382,0.6399,0.1809,1.3601,0.4527,0.1008,curve,roam_curve_right,0
2170,21.7,-0.0082,-0.6468,0.6468,0.1906,1.3532,0.3258,0.0212,move,roam_forward_cruise,0
2180,21.8,0.0101,-0.6395,0.6396,0.1919,1.3604,0.1485,-0.1026,move,roam_forward_cruise,0
2190,21.9,0.0036,-0.609,0.609,0.1893,1.391,0.3794,-0.3688,move,roam_forward_cruise,0
2200,22.0,-0.0105,-0.5579,0.558,0.186,1.442,0.627,-0.6051,move,roam_forward_cruise,0
2210,22.1,-0.0227,-0.5032,0.5037,0.1861,1.4963,0.5922,-0.5731,move,roam_forward_cruise,0
2220,22.2,-0.0381,-0.4432,0.4449,0.1841,1.5551,0.6787,-0.6247,move,roam_forward_cruise,0
2230,22.3,-0.0554,-0.3823,0.3863,0.1829,1.6137,0.78,-0.73,move,roam_forward_cruise,0
2240,22.4,-0.0716,-0.3148,0.3228,0.185,1.6772,0.7018,-0.6336,move,roam_forward_cruise,0
2250,22.5,-0.088,-0.2438,0.2592,0.1847,1.7408,0.7563,-0.6475,move,roam_forward_cruise,0
2260,22.6,-0.1024,-0.1685,0.1972,0.1821,1.8028,0.7689,-0.5722,curve,roam_curve_left,0
2270,22.7,-0.1192,-0.093,0.1512,0.1848,1.8488,0.7841,-0.324,curve,roam_curve_left,0
2280,22.8,-0.1384,-0.0118,0.1389,0.1827,1.8611,0.8139,0.1135,curve,roam_curve_left,0
2290,22.9,-0.1567,0.0682,0.1709,0.1857,1.8291,0.8104,0.4755,curve,roam_curve_left,0
2300,23.0,-0.1733,0.1525,0.2309,0.1852,1.7691,0.8452,0.6702,curve,roam_curve_left,0
2310,23.1,-0.1874,0.2361,0.3014,0.1835,1.6986,0.8618,0.7486,curve,roam_curve_left,0
2320,23.2,-0.2022,0.3264,0.3839,0.1816,1.6161,0.9001,0.8287,curve,roam_curve_left,0
2330,23.3,-0.2068,0.402,0.4521,0.2014,1.5479,0.6663,0.58,curve,roam_curve_left,0
2340,23.4,-0.2011,0.4662,0.5077,0.1933,1.4923,0.6834,0.5522,turn,roam_pivot_turn,0
2350,23.5,-0.1775,0.5199,0.5494,0.1821,1.4506,0.5653,0.3638,turn,roam_pivot_turn,0
2360,23.6,-0.1534,0.5581,0.5788,0.1824,1.4212,0.4086,0.2133,turn,roam_pivot_turn,0
2370,23.7,-0.1198,0.585,0.5971,0.1849,1.4029,0.4696,0.1643,turn,roam_pivot_turn,0
2380,23.8,-0.0755,0.6085,0.6131,0.1831,1.3869,0.5034,0.1427,turn,roam_pivot_turn,0
2390,23.9,-0.0308,0.6245,0.6253,0.1881,1.3747,0.4462,0.1018,stop,roam_stance_pause,0
2400,24.0,0.0087,0.6329,0.6329,0.1953,1.3671,0.383,0.0679,stop,roam_stance_pause,0
2410,24.1,0.0458,0.6365,0.6381,0.1962,1.3619,0.3824,0.0606,stop,roam_stance_pause,0
2420,24.2,0.0849,0.6393,0.645,0.1896,1.355,0.4158,0.0859,curve,roam_curve_right,0
2430,24.3,0.1302,0.6443,0.6573,0.185,1.3427,0.447,0.1456,curve,roam_curve_right,0
2440,24.4,0.173,0.6495,0.6722,0.1878,1.3278,0.3002,0.0825,curve,roam_curve_right,0
2450,24.5,0.1858,0.6442,0.6705,0.1869,1.3295,0.1032,-0.1031,curve,roam_curve_right,0
2460,24.6,0.1744,0.6349,0.6584,0.1818,1.3416,0.1976,-0.1228,curve,roam_curve_right,0
2470,24.7,0.1479,0.6297,0.6468,0.1808,1.3532,0.3278,-0.0616,curve,roam_curve_right,0
2480,24.8,0.115,0.6335,0.6439,0.1813,1.3561,0.2959,-0.0042,curve,roam_curve_right,0
2490,24.9,0.0827,0.6406,0.6459,0.1838,1.3541,0.4252,0.0308,curve,roam_curve_right,0
2500,25.0,0.045,0.65,0.6515,0.1854,1.3485,0.4361,0.0961,curve,roam_curve_right,0
2510,25.1,0.0023,0.6647,0.6647,0.1824,1.3353,0.4574,0.171,curve,roam_curve_right,0
2520,25.2,-0.0397,0.6839,0.6851,0.1842,1.3149,0.5013,0.244,curve,roam_curve_right,0
2530,25.3,-0.0888,0.6969,0.7025,0.1878,1.2975,0.4854,0.1393,move,roam_forward_cruise,0
2540,25.4,-0.1407,0.7006,0.7146,0.1877,1.2854,0.4728,0.1188,move,roam_forward_cruise,0
2550,25.5,-0.2007,0.7002,0.7284,0.1833,1.2716,0.6,0.1726,move,roam_forward_cruise,0
2560,25.6,-0.2615,0.7022,0.7493,0.1859,1.2507,0.4907,0.2401,move,roam_forward_cruise,0
2570,25.7,-0.3062,0.7129,0.7758,0.1851,1.2242,0.5487,0.2871,move,roam_forward_cruise,0
2580,25.8,-0.3475,0.7148,0.7948,0.1916,1.2052,0.2583,0.0586,move,roam_forward_cruise,0
2590,25.9,-0.3655,0.7005,0.7901,0.1915,1.2099,0.2441,-0.0861,move,roam_forward_cruise,0
2600,26.0,-0.3873,0.6948,0.7955,0.1931,1.2045,0.2096,0.0809,move,roam_forward_cruise,0
2610,26.1,-0.406,0.6921,0.8024,0.1931,1.1976,0.2054,0.1045,move,roam_forward_cruise,0
2620,26.2,-0.4228,0.6911,0.8102,0.1912,1.1898,0.1636,0.0723,curve,roam_curve_left,0
2630,26.3,-0.4429,0.691,0.8208,0.1868,1.1792,0.2185,0.135,curve,roam_curve_left,0
2640,26.4,-0.4599,0.6935,0.8322,0.1839,1.1678,0.1228,0.0696,curve,roam_curve_left,0
2650,26.5,-0.4679,0.6913,0.8348,0.1838,1.1652,0.0854,-0.0378,curve,roam_curve_left,0
2660,26.6,-0.4747,0.6856,0.8339,0.1869,1.1661,0.1047,0.0175,curve,roam_curve_left,0
2670,26.7,-0.4875,0.6814,0.8378,0.1847,1.1622,0.162,0.0708,curve,roam_curve_left,0
2680,26.8,-0.5088,0.6775,0.8473,0.1842,1.1527,0.2819,0.1219,curve,roam_curve_left,0
2690,26.9,-0.5316,0.6746,0.8589,0.1878,1.1411,0.1752,0.1051,curve,roam_curve_left,0
2700,27.0,-0.5467,0.6791,0.8719,0.1891,1.1281,0.173,0.1653,turn,roam_pivot_turn,0
2710,27.1,-0.558,0.6942,0.8907,0.1875,1.1093,0.2231,0.2174,turn,roam_pivot_turn,0
2720,27.2,-0.5583,0.7216,0.9124,0.1873,1.0876,0.3118,0.1979,turn,roam_pivot_turn,0
2730,27.3,-0.5478,0.7538,0.9318,0.1852,1.0682,0.3716,0.1861,turn,roam_pivot_turn,0
2740,27.4,-0.5441,0.7798,0.9508,0.1906,1.0492,0.1879,0.1674,turn,roam_pivot_turn,0
2750,27.5,-0.552,0.8007,0.9726,0.1951,1.0274,0.2461,0.245,stop,roam_stance_pause,0
2760,27.6,-0.566,0.8214,0.9975,0.1954,1.0025,0.2331,0.2331,stop,roam_stance_pause,0
2770,27.7,-0.578,0.8396,1.0194,0.1929,0.9806,0.2085,0.2083,stop,roam_stance_pause,0
2780,27.8,-0.589,0.8576,1.0404,0.1885,0.9596,0.2314,0.2294,curve,roam_curve_right,0
2790,27.9,-0.5978,0.8771,1.0615,0.1832,0.9385,0.2377,0.2319,curve,roam_curve_right,0
2800,28.0,-0.6073,0.8943,1.081,0.1844,0.919,0.0867,0.0854,curve,roam_curve_right,0
2810,28.1,-0.6131,0.8948,1.0847,0.1827,0.9153,0.1591,0.1168,curve,roam_curve_right,0
2820,28.2,-0.6289,0.8928,1.092,0.1836,0.908,0.1625,0.0407,curve,roam_curve_right,0
2830,28.3,-0.6426,0.8845,1.0933,0.1826,0.9067,0.1039,-0.0128,curve,roam_curve_right,0
2840,28.4,-0.6406,0.8815,1.0896,0.1855,0.9104,0.0749,-0.03,curve,roam_curve_right,0
2850,28.5,-0.6312,0.8753,1.0792,0.1833,0.9208,0.1423,-0.1368,curve,roam_curve_right,0
2860,28.6,-0.6156,0.8644,1.0612,0.1834,0.9388,0.1944,-0.189,curve,roam_curve_right,0
2870,28.7,-0.5993,0.8485,1.0388,0.1819,0.9612,0.2002,-0.1983,curve,roam_curve_right,0
2880,28.8,-0.581,0.8335,1.016,0.1829,0.984,0.2551,-0.2405,curve,roam_curve_right,0
2890,28.9,-0.5703,0.8135,0.9935,0.1885,1.0065,0.2822,-0.252,move,roam_forward_cruise,0
2900,29.0,-0.5707,0.7797,0.9662,0.1865,1.0338,0.3485,-0.2643,move,roam_forward_cruise,0
2910,29.1,-0.5799,0.73,0.9323,0.1875,1.0677,0.5587,-0.3618,move,roam_forward_cruise,0
2920,29.2,-0.5868,0.6832,0.9006,0.1868,1.0994,0.3316,-0.2376,move,roam_forward_cruise,0
2930,29.3,-0.5894,0.6468,0.8751,0.1862,1.1249,0.2671,-0.2011,move,roam_forward_cruise,0
2940,29.4,-0.5922,0.6127,0.8521,0.1841,1.1479,0.3895,-0.2224,move,roam_forward_cruise,0
2950,29.5,-0.6003,0.5699,0.8278,0.1834,1.1722,0.3912,-0.2337,move,roam_forward_cruise,0
2960,29.6,-0.6054,0.5244,0.801,0.1864,1.199,0.3753,-0.2676,move,roam_forward_cruise,0
2970,29.7,-0.5967,0.4872,0.7703,0.1883,1.2297,0.4132,-0.3406,move,roam_forward_cruise,0
2980,29.8,-0.5779,0.4491,0.7319,0.1841,1.2681,0.4151,-0.3954,curve,roam_curve_left,0
2990,29.9,-0.5538,0.4172,0.6933,0.1819,1.3067,0.3651,-0.3501,curve,roam_curve_left,0
3000,30.0,-0.5407,0.3883,0.6657,0.1801,1.3343,0.2881,-0.2037,curve,roam_curve_left,0
3010,30.1,-0.535,0.3574,0.6434,0.1839,1.3566,0.2994,-0.2125,curve,roam_curve_left,0
3020,30.2,-0.5295,0.3256,0.6216,0.184,1.3784,0.3558,-0.2421,curve,roam_curve_left,0
3030,30.3,-0.5204,0.2872,0.5944,0.182,1.4056,0.3959,-0.261,curve,roam_curve_left,0
3040,30.4,-0.512,0.2485,0.5691,0.1836,1.4309,0.4255,-0.2687,curve,roam_curve_left,0
3050,30.5,-0.4985,0.2023,0.5379,0.1845,1.4621,0.4821,-0.3033,curve,roam_curve_left,0
3060,30.6,-0.4886,0.1556,0.5127,0.1853,1.4873,0.5108,-0.225,turn,roam_pivot_turn,0
3070,30.7,-0.4855,0.1045,0.4966,0.1837,1.5034,0.4976,-0.1159,turn,roam_pivot_turn,0
3080,30.8,-0.488,0.0527,0.4908,0.1865,1.5092,0.4673,0.0176,turn,roam_pivot_turn,0
3090,30.9,-0.5046,0.016,0.5048,0.1867,1.4952,0.4006,0.2547,turn,roam_pivot_turn,0
3100,31.0,-0.5389,-0.0078,0.5389,0.1872,1.4611,0.4407,0.394,turn,roam_pivot_turn,0
3110,31.1,-0.5811,-0.0279,0.5818,0.1856,1.4182,0.448,0.4194,stop,roam_stance_pause,0
3120,31.2,-0.6182,-0.0432,0.6197,0.1915,1.3803,0.3885,0.3722,stop,roam_stance_pause,0
3130,31.3,-0.6526,-0.0551,0.655,0.195,1.345,0.3499,0.3407,stop,roam_stance_pause,0
3140,31.4,-0.6893,-0.0663,0.6924,0.191,1.3076,0.3944,0.3842,curve,roam_curve_right,0
3150,31.5,-0.731,-0.0774,0.7351,0.1865,1.2649,0.4851,0.4812,curve,roam_curve_right,0
3160,31.6,-0.7809,-0.0885,0.7859,0.1824,1.2141,0.5243,0.5213,curve,roam_curve_right,0
3170,31.7,-0.8322,-0.0998,0.8382,0.1818,1.1618,0.526,0.524,curve,roam_curve_right,0
3180,31.8,-0.885,-0.1094,0.8918,0.1855,1.1082,0.5415,0.5403,curve,roam_curve_right,0
3190,31.9,-0.9419,-0.1238,0.95,0.1837,1.05,0.5764,0.5695,curve,roam_curve_right,0
3200,32.0,-0.997,-0.1408,1.0069,0.1845,0.9931,0.6016,0.5938,curve,roam_curve_right,0
3210,32.1,-1.0576,-0.1592,1.0695,0.1829,0.9305,0.6208,0.6138,curve,roam_curve_right,0
3220,32.2,-1.117,-0.1774,1.131,0.1844,0.869,0.6108,0.6072,curve,roam_curve_right,0
3230,32.3,-1.1767,-0.1931,1.1925,0.1841,0.8075,0.599,0.5971,curve,roam_curve_right,0
3240,32.4,-1.2297,-0.2067,1.247,0.1911,0.753,0.4585,0.455,curve,roam_curve_right,0
3250,32.5,-1.2631,-0.2195,1.282,0.1923,0.718,0.2727,0.2639,move,roam_forward_cruise,0
3260,32.6,-1.2687,-0.2287,1.2891,0.1907,0.7109,0.1675,-0.1261,move,roam_forward_cruise,0
3270,32.7,-1.2565,-0.2424,1.2797,0.1867,0.7203,0.2458,-0.1516,move,roam_forward_cruise,0
3280,32.8,-1.2316,-0.2597,1.2587,0.1869,0.7413,0.3651,-0.2611,move,roam_forward_cruise,0
3290,32.9,-1.1998,-0.2862,1.2335,0.1838,0.7665,0.4225,-0.2674,move,roam_forward_cruise,0
3300,33.0,-1.1605,-0.311,1.2015,0.186,0.7985,0.4689,-0.3013,move,roam_forward_cruise,0
3310,33.1,-1.1109,-0.3354,1.1604,0.1866,0.8396,0.5672,-0.4091,move,roam_forward_cruise,0
3320,33.2,-1.0729,-0.361,1.132,0.1879,0.868,0.4441,-0.2304,move,roam_forward_cruise,0
3330,33.3,-1.0495,-0.3918,1.1202,0.1898,0.8798,0.2916,-0.0291,move,roam_forward_cruise,0
3340,33.4,-1.0393,-0.4119,1.118,0.1893,0.882,0.1211,0.1013,curve,roam_curve_left,0
3350,33.5,-1.0549,-0.4152,1.1337,0.1869,0.8663,0.1989,0.192,curve,roam_curve_left,0
3360,33.6,-1.0797,-0.4186,1.158,0.184,0.842,0.2724,0.2618,curve,roam_curve_left,0
3370,33.7,-1.1065,-0.418,1.1828,0.1839,0.8172,0.2467,0.2079,curve,roam_curve_left,0
3380,33.8,-1.1228,-0.407,1.1943,0.1844,0.8057,0.1843,0.0396,curve,roam_curve_left,0
3390,33.9,-1.1329,-0.3854,1.1966,0.1841,0.8034,0.2773,-0.0039,curve,roam_curve_left,0
3400,34.0,-1.1405,-0.3554,1.1946,0.1839,0.8054,0.3303,-0.0286,curve,roam_curve_left,0
3410,34.1,-1.1473,-0.3206,1.1912,0.1834,0.8088,0.3912,-0.049,curve,roam_curve_left,0
3420,34.2,-1.1495,-0.2799,1.1831,0.1843,0.8169,0.3988,-0.0727,turn,roam_pivot_turn,0
3430,34.3,-1.1463,-0.2398,1.1711,0.186,0.8289,0.4039,-0.1109,turn,roam_pivot_turn,0
3440,34.4,-1.1337,-0.1976,1.1508,0.1844,0.8492,0.4275,-0.2065,turn,roam_pivot_turn,0
3450,34.5,-1.1172,-0.1581,1.1283,0.1828,0.8717,0.4568,-0.2482,turn,roam_pivot_turn,0
3460,34.6,-1.092,-0.1206,1.0987,0.1846,0.9013,0.4523,-0.3477,turn,roam_pivot_turn,0
3470,34.7,-1.056,-0.0906,1.0599,0.1889,0.9401,0.4392,-0.3775,stop,roam_stance_pause,0
3480,34.8,-1.021,-0.0682,1.0232,0.1952,0.9768,0.3897,-0.3521,stop,roam_stance_pause,0
3490,34.9,-0.9859,-0.0499,0.9872,0.1932,1.0128,0.3928,-0.3645,stop,roam_stance_pause,0
3500,35.0,-0.9523,-0.0357,0.953,0.191,1.047,0.3365,-0.3128,curve,roam_curve_right,0
3510,35.1,-0.9102,-0.024,0.9105,0.1848,1.0895,0.4997,-0.4936,curve,roam_curve_right,0
3520,35.2,-0.8595,-0.0136,0.8596,0.1836,1.1404,0.467,-0.4573,curve,roam_curve_right,0
3530,35.3,-0.8112,-0.0,0.8112,0.183,1.1888,0.5266,-0.5039,curve,roam_curve_right,0
3540,35.4,-0.7621,0.0129,0.7622,0.1855,1.2378,0.5475,-0.5289,curve,roam_curve_right,0
3550,35.5,-0.7151,0.0256,0.7156,0.1812,1.2844,0.5152,-0.4921,curve,roam_curve_right,0
3560,35.6,-0.6624,0.0423,0.6638,0.1845,1.3362,0.5799,-0.5289,curve,roam_curve_right,0
3570,35.7,-0.6085,0.0626,0.6118,0.1823,1.3882,0.5701,-0.5149,curve,roam_curve_right,0
3580,35.8,-0.55,0.0832,0.5563,0.1852,1.4437,0.6169,-0.5382,curve,roam_curve_right,0
3590,35.9,-0.4903,0.1047,0.5014,0.1842,1.4986,0.7188,-0.6252,curve,roam_curve_right,0
3600,36.0,-0.4313,0.1261,0.4494,0.1865,1.5506,0.5208,-0.4121,curve,roam_curve_right,0
3610,36.1,-0.3973,0.1423,0.422,0.1896,1.578,0.353,-0.1815,move,roam_forward_cruise,0
3620,36.2,-0.3829,0.167,0.4178,0.1932,1.5822,0.2664,0.0605,move,roam_forward_cruise,0
3630,36.3,-0.3837,0.195,0.4304,0.1895,1.5696,0.2976,0.1558,move,roam_forward_cruise,0
3640,36.4,-0.3734,0.2291,0.4381,0.1861,1.5619,0.4206,0.0228,move,roam_forward_cruise,0
3650,36.5,-0.3506,0.2685,0.4415,0.1871,1.5585,0.5289,0.0632,move,roam_forward_cruise,0
3660,36.6,-0.3214,0.3148,0.4499,0.1813,1.5501,0.5874,0.1223,move,roam_forward_cruise,0
3670,36.7,-0.2929,0.3568,0.4616,0.1892,1.5384,0.3408,0.0804,move,roam_forward_cruise,0
3680,36.8,-0.2826,0.3696,0.4652,0.1966,1.5348,0.0714,0.0131,move,roam_forward_cruise,0
3690,36.9,-0.2811,0.3696,0.4644,0.1948,1.5356,0.0579,-0.03,move,roam_forward_cruise,0
3700,37.0,-0.2847,0.3609,0.4597,0.1849,1.5403,0.1593,-0.076,curve,roam_curve_left,0
3710,37.1,-0.2911,0.3467,0.4527,0.1813,1.5473,0.1485,-0.0554,curve,roam_curve_left,0
3720,37.2,-0.3011,0.3329,0.4488,0.1821,1.5512,0.1736,-0.0215,curve,roam_curve_left,0
3730,37.3,-0.3162,0.3171,0.4478,0.185,1.5522,0.2093,-0.0048,curve,roam_curve_left,0
3740,37.4,-0.3316,0.298,0.4459,0.1813,1.5541,0.263,-0.0222,curve,roam_curve_left,0
3750,37.5,-0.347,0.2791,0.4453,0.1821,1.5547,0.2793,0.005,curve,roam_curve_left,0
3760,37.6,-0.3664,0.2628,0.4509,0.1846,1.5491,0.2699,0.1115,curve,roam_curve_left,0
3770,37.7,-0.3925,0.2498,0.4653,0.1839,1.5347,0.3066,0.1599,curve,roam_curve_left,0
3780,37.8,-0.426,0.2413,0.4896,0.1865,1.5104,0.381,0.3066,turn,roam_pivot_turn,0
3790,37.9,-0.4661,0.2414,0.5249,0.1849,1.4751,0.3923,0.3515,turn,roam_pivot_turn,0
3800,38.0,-0.5064,0.2496,0.5646,0.1865,1.4354,0.4541,0.4518,turn,roam_pivot_turn,0
3810,38.1,-0.5479,0.2676,0.6098,0.1847,1.3902,0.4499,0.4499,turn,roam_pivot_turn,0
3820,38.2,-0.5886,0.2942,0.658,0.1831,1.342,0.492,0.4816,turn,roam_pivot_turn,0
3830,38.3,-0.6142,0.3157,0.6906,0.1893,1.3094,0.1555,0.152,stop,roam_stance_pause,0
3840,38.4,-0.6232,0.3217,0.7014,0.1936,1.2986,0.1009,0.1004,stop,roam_stance_pause,0
3850,38.5,-0.6339,0.3233,0.7116,0.1906,1.2884,0.1048,0.1001,stop,roam_stance_pause,0
3860,38.6,-0.6475,0.3228,0.7235,0.1899,1.2765,0.149,0.0641,curve,roam_curve_right,0
3870,38.7,-0.6567,0.3065,0.7247,0.1841,1.2753,0.2287,-0.003,curve,roam_curve_right,0
3880,38.8,-0.671,0.2826,0.7281,0.1829,1.2719,0.3289,0.0704,curve,roam_curve_right,0
3890,38.9,-0.6893,0.2561,0.7353,0.1826,1.2647,0.3857,0.0935,curve,roam_curve_right,0
3900,39.0,-0.7052,0.2319,0.7423,0.186,1.2577,0.3004,0.0746,curve,roam_curve_right,0
3910,39.1,-0.723,0.2027,0.7508,0.182,1.2492,0.4057,0.1138,curve,roam_curve_right,0
3920,39.2,-0.7436,0.1678,0.7623,0.1832,1.2377,0.379,0.1158,curve,roam_curve_right,0
3930,39.3,-0.7629,0.1316,0.7741,0.185,1.2259,0.4105,0.1186,curve,roam_curve_right,0
3940,39.4,-0.7846,0.0918,0.79,0.1808,1.21,0.4889,0.1892,curve,roam_curve_right,0
3950,39.5,-0.8087,0.0502,0.8102,0.1847,1.1898,0.4387,0.2065,curve,roam_curve_right,0
3960,39.6,-0.8331,0.0098,0.8331,0.1836,1.1669,0.4414,0.2189,curve,roam_curve_right,0
3970,39.7,-0.8559,-0.0229,0.8562,0.1847,1.1438,0.3539,0.2507,move,roam_forward_cruise,0
3980,39.8,-0.8831,-0.0329,0.8837,0.1885,1.1163,0.2982,0.2933,move,roam_forward_cruise,0
3990,39.9,-0.9148,-0.0178,0.915,0.1864,1.085,0.3952,0.3168,move,roam_forward_cruise,0
4000,40.0,-0.9485,0.0116,0.9486,0.1871,1.0514,0.4977,0.3934,move,roam_forward_cruise,0
4010,40.1,-0.9871,0.0553,0.9886,0.1867,1.0114,0.623,0.4261,move,roam_forward_cruise,0
4020,40.2,-1.0268,0.1022,1.0318,0.1859,0.9682,0.6238,0.4587,move,roam_forward_cruise,0
4030,40.3,-1.0694,0.1512,1.08,0.1846,0.92,0.612,0.4608,move,roam_forward_cruise,0
4040,40.4,-1.1095,0.2003,1.1274,0.1819,0.8726,0.7777,0.5794,move,roam_forward_cruise,0
4050,40.5,-1.1538,0.2582,1.1824,0.1868,0.8176,0.7212,0.5401,move,roam_forward_cruise,0
4060,40.6,-1.1968,0.3194,1.2386,0.1841,0.7614,0.719,0.5382,curve,roam_curve_left,0
4070,40.7,-1.2316,0.3738,1.2871,0.1866,0.7129,0.6052,0.4339,curve,roam_curve_left,0
4080,40.8,-1.2481,0.4224,1.3176,0.1884,0.6824,0.4485,0.1803,curve,roam_curve_left,0
4090,40.9,-1.2513,0.4672,1.3356,0.1867,0.6644,0.3929,0.1764,curve,roam_curve_left,0
4100,41.0,-1.2556,0.5105,1.3554,0.1837,0.6446,0.4846,0.1911,turn,boundary_turn_inward,1
4110,41.1,-1.2551,0.5568,1.3731,0.1872,0.6269,0.4217,0.1018,turn,boundary_turn_inward,1
4120,41.2,-1.2429,0.5963,1.3785,0.1867,0.6215,0.4198,0.0797,turn,boundary_turn_inward,1
4130,41.3,-1.2203,0.6364,1.3763,0.1852,0.6237,0.4485,-0.0071,turn,boundary_turn_inward,1
4140,41.4,-1.1894,0.6681,1.3642,0.1855,0.6358,0.4659,-0.1895,turn,roam_pivot_turn,0
4150,41.5,-1.1505,0.6941,1.3436,0.1842,0.6564,0.464,-0.2192,turn,roam_pivot_turn,0
4160,41.6,-1.1087,0.7165,1.32,0.1838,0.68,0.4794,-0.2468,turn,roam_pivot_turn,0
4170,41.7,-1.0612,0.7329,1.2896,0.1829,0.7104,0.4961,-0.3212,turn,roam_pivot_turn,0
4180,41.8,-1.0282,0.7566,1.2766,0.1904,0.7234,0.3909,-0.0021,turn,roam_pivot_turn,0
4190,41.9,-1.0027,0.7893,1.2761,0.1898,0.7239,0.3802,0.009,stop,roam_stance_pause,0
4200,42.0,-0.9814,0.8163,1.2765,0.1937,0.7235,0.2974,0.0225,stop,roam_stance_pause,0
4210,42.1,-0.9688,0.8403,1.2824,0.1886,0.7176,0.2484,0.1043,stop,roam_stance_pause,0
4220,42.2,-0.9671,0.8682,1.2997,0.1895,0.7003,0.2923,0.1998,curve,roam_curve_right,0
4230,42.3,-0.9705,0.9013,1.3245,0.1861,0.6755,0.3523,0.2835,curve,roam_curve_right,0
4240,42.4,-0.9781,0.9395,1.3562,0.1865,0.6438,0.3836,0.3292,turn,boundary_turn_inward,1
4250,42.5,-0.9827,0.9801,1.3879,0.1844,0.6121,0.409,0.2985,turn,boundary_turn_inward,1
4260,42.6,-0.9803,1.0172,1.4127,0.1841,0.5873,0.3588,0.2069,turn,boundary_turn_inward,1
4270,42.7,-0.9699,1.0543,1.4326,0.1835,0.5674,0.4347,0.2125,turn,boundary_turn_inward,1
4280,42.8,-0.9563,1.0916,1.4512,0.1852,0.5488,0.3897,0.1476,turn,boundary_turn_inward,1
4290,42.9,-0.9338,1.1243,1.4615,0.1852,0.5385,0.3906,0.0437,turn,boundary_turn_inward,1
4300,43.0,-0.9062,1.1509,1.4648,0.1856,0.5352,0.3755,0.1137,turn,boundary_turn_inward,1
4310,43.1,-0.8751,1.1739,1.4642,0.1845,0.5358,0.4206,0.1142,turn,boundary_turn_inward,1
4320,43.2,-0.8416,1.1984,1.4644,0.1852,0.5356,0.4587,0.0841,turn,boundary_turn_inward,1
4330,43.3,-0.815,1.2191,1.4664,0.1927,0.5336,0.2653,0.2383,turn,boundary_turn_inward,1
4340,43.4,-0.8002,1.2441,1.4792,0.1865,0.5208,0.2975,0.245,turn,boundary_turn_inward,1
4350,43.5,-0.7879,1.2669,1.492,0.1869,0.508,0.2841,0.236,turn,boundary_turn_inward,1
4360,43.6,-0.7753,1.2869,1.5024,0.1857,0.4976,0.2511,0.2294,turn,boundary_turn_inward,1
4370,43.7,-0.7639,1.3051,1.5123,0.1878,0.4877,0.2602,0.2601,turn,boundary_turn_inward,1
4380,43.8,-0.7574,1.318,1.5201,0.1922,0.4799,0.2859,0.2789,turn,boundary_turn_inward,1
4390,43.9,-0.7634,1.3269,1.5308,0.1904,0.4692,0.3483,0.2904,turn,boundary_turn_inward,1
4400,44.0,-0.7805,1.3322,1.544,0.1899,0.456,0.2965,0.2725,turn,boundary_turn_inward,1
4410,44.1,-0.8003,1.3344,1.556,0.1888,0.444,0.1622,0.0982,turn,boundary_turn_inward,1
4420,44.2,-0.8158,1.3292,1.5596,0.1897,0.4404,0.2287,0.1382,turn,boundary_turn_inward,1
4430,44.3,-0.8322,1.3125,1.5541,0.1855,0.4459,0.2094,0.0452,turn,boundary_turn_inward,1
4440,44.4,-0.8498,1.2952,1.5491,0.1874,0.4509,0.2546,0.1444,turn,boundary_turn_inward,1
4450,44.5,-0.866,1.2756,1.5418,0.185,0.4582,0.2145,-0.04,curve,roam_curve_left,0
4460,44.6,-0.8789,1.2508,1.5287,0.1839,0.4713,0.2279,-0.0833,curve,roam_curve_left,0
4470,44.7,-0.8916,1.2249,1.515,0.1836,0.485,0.2782,-0.1006,curve,roam_curve_left,0
4480,44.8,-0.9067,1.1909,1.4968,0.1833,0.5032,0.3294,-0.1384,curve,roam_curve_left,0
4490,44.9,-0.9218,1.1585,1.4805,0.1827,0.5195,0.305,-0.1026,curve,roam_curve_left,0
4500,45.0,-0.9398,1.1266,1.4671,0.1839,0.5329,0.3424,-0.0807,turn,roam_pivot_turn,0
4510,45.1,-0.9679,1.0939,1.4606,0.1874,0.5394,0.521,0.1385,turn,boundary_turn_inward,1
4520,45.2,-0.9923,1.0659,1.4563,0.1868,0.5437,0.3573,0.1434,turn,boundary_turn_inward,1
4530,45.3,-1.0201,1.0416,1.458,0.1851,0.542,0.4601,0.2554,turn,boundary_turn_inward,1
4540,45.4,-1.0479,1.0188,1.4615,0.1868,0.5385,0.3907,0.2767,turn,boundary_turn_inward,1
4550,45.5,-1.0713,0.9951,1.4622,0.1884,0.5378,0.3373,0.2071,turn,boundary_turn_inward,1
4560,45.6,-1.0922,0.9696,1.4605,0.1891,0.5395,0.2918,0.1555,turn,boundary_turn_inward,1
4570,45.7,-1.11,0.9448,1.4577,0.1903,0.5423,0.2803,0.205,turn,boundary_turn_inward,1
4580,45.8,-1.1279,0.9216,1.4566,0.1893,0.5434,0.2834,0.1136,turn,boundary_turn_inward,1
4590,45.9,-1.1435,0.9016,1.4562,0.1858,0.5438,0.2647,0.1243,turn,boundary_turn_inward,1
4600,46.0,-1.1597,0.8835,1.4579,0.1868,0.5421,0.3576,0.1265,turn,boundary_turn_inward,1
4610,46.1,-1.1774,0.8631,1.4598,0.1865,0.5402,0.3335,0.0442,turn,boundary_turn_inward,1
4620,46.2,-1.193,0.8407,1.4595,0.184,0.5405,0.2527,0.126,turn,boundary_turn_inward,1
4630,46.3,-1.2062,0.8182,1.4575,0.1842,0.5425,0.2959,0.1073,turn,boundary_turn_inward,1
4640,46.4,-1.2199,0.7941,1.4556,0.1845,0.5444,0.329,0.0862,turn,boundary_turn_inward,1
4650,46.5,-1.2319,0.7638,1.4495,0.1862,0.5505,0.331,-0.0214,turn,boundary_turn_inward,1
4660,46.6,-1.2397,0.7323,1.4398,0.1848,0.5602,0.295,-0.0461,curve,roam_curve_right,0
4670,46.7,-1.246,0.7009,1.4295,0.1818,0.5705,0.3474,-0.0706,curve,roam_curve_right,0
4680,46.8,-1.2521,0.6671,1.4187,0.1826,0.5813,0.3348,-0.0562,curve,roam_curve_right,0
4690,46.9,-1.2542,0.6328,1.4048,0.1873,0.5952,0.3711,-0.1404,move,roam_forward_cruise,0
4700,47.0,-1.25,0.5958,1.3847,0.1868,0.6153,0.3352,-0.147,move,roam_forward_cruise,0
4710,47.1,-1.2416,0.5558,1.3603,0.1861,0.6397,0.4598,-0.2652,move,roam_forward_cruise,0
4720,47.2,-1.2308,0.506,1.3308,0.1878,0.6692,0.5227,-0.2944,move,roam_forward_cruise,0
4730,47.3,-1.2196,0.4507,1.3002,0.184,0.6998,0.5762,-0.3015,move,roam_forward_cruise,0
4740,47.4,-1.2053,0.3927,1.2677,0.1852,0.7323,0.6315,-0.3555,move,roam_forward_cruise,0
4750,47.5,-1.188,0.3277,1.2323,0.1839,0.7677,0.785,-0.3991,move,roam_forward_cruise,0
4760,47.6,-1.1683,0.2621,1.1973,0.1845,0.8027,0.6547,-0.3524,move,roam_forward_cruise,0
4770,47.7,-1.1453,0.1928,1.1614,0.1856,0.8386,0.7507,-0.3623,move,roam_forward_cruise,0
4780,47.8,-1.1202,0.12,1.1266,0.1834,0.8734,0.7618,-0.3206,curve,roam_curve_left,0
4790,47.9,-1.0948,0.0451,1.0957,0.1823,0.9043,0.7739,-0.2834,curve,roam_curve_left,0
4800,48.0,-1.0682,-0.0291,1.0686,0.1849,0.9314,0.7852,-0.2508,curve,roam_curve_left,0
4810,48.1,-1.04,-0.1053,1.0453,0.1836,0.9547,0.82,-0.2199,curve,roam_curve_left,0
4820,48.2,-1.0092,-0.1827,1.0256,0.1842,0.9744,0.8134,-0.1629,curve,roam_curve_left,0
4830,48.3,-0.9859,-0.2349,1.0135,0.1936,0.9865,0.4812,-0.1161,curve,roam_curve_left,0
4840,48.4,-0.9601,-0.2571,0.994,0.1983,1.006,0.2564,-0.2364,curve,roam_curve_left,0
4850,48.5,-0.9324,-0.2496,0.9652,0.1892,1.0348,0.3327,-0.3283,curve,roam_curve_left,0
4860,48.6,-0.8998,-0.2354,0.9301,0.1856,1.0699,0.3992,-0.3955,turn,roam_pivot_turn,0
4870,48.7,-0.8608,-0.2234,0.8893,0.1845,1.1107,0.4161,-0.4158,turn,roam_pivot_turn,0
4880,48.8,-0.8182,-0.2194,0.8471,0.183,1.1529,0.4365,-0.4211,turn,roam_pivot_turn,0
4890,48.9,-0.7723,-0.2233,0.804,0.1833,1.196,0.4706,-0.4304,turn,roam_pivot_turn,0
4900,49.0,-0.7256,-0.2331,0.7621,0.1852,1.2379,0.4875,-0.4105,turn,roam_pivot_turn,0
4910,49.1,-0.6794,-0.2457,0.7225,0.1839,1.2775,0.4636,-0.3749,stop,roam_stance_pause,0
4920,49.2,-0.6358,-0.2568,0.6857,0.1891,1.3143,0.4093,-0.3452,stop,roam_stance_pause,0
4930,49.3,-0.5963,-0.2625,0.6515,0.1911,1.3485,0.4193,-0.3582,stop,roam_stance_pause,0
4940,49.4,-0.5556,-0.2652,0.6156,0.1864,1.3844,0.4231,-0.3821,curve,roam_curve_right,0
4950,49.5,-0.5119,-0.2648,0.5763,0.1828,1.4237,0.4049,-0.3684,curve,roam_curve_right,0
4960,49.6,-0.4692,-0.2616,0.5372,0.1844,1.4628,0.4323,-0.3908,curve,roam_curve_right,0
4970,49.7,-0.4222,-0.2597,0.4957,0.1829,1.5043,0.4965,-0.4252,curve,roam_curve_right,0
4980,49.8,-0.3876,-0.2614,0.4675,0.1913,1.5325,0.1632,-0.1276,curve,roam_curve_right,0
4990,49.9,-0.3848,-0.2623,0.4657,0.1927,1.5343,0.0739,0.0675,curve,roam_curve_right,0
5000,50.0,-0.4006,-0.262,0.4786,0.185,1.5214,0.1842,0.1372,curve,roam_curve_right,0
5010,50.1,-0.4205,-0.2575,0.4931,0.1833,1.5069,0.2013,0.1446,curve,roam_curve_right,0
5020,50.2,-0.4452,-0.2534,0.5123,0.1835,1.4877,0.2978,0.2375,curve,roam_curve_right,0
5030,50.3,-0.4766,-0.2517,0.5389,0.1821,1.4611,0.3195,0.2841,curve,roam_curve_right,0
5040,50.4,-0.5072,-0.2514,0.5661,0.1796,1.4339,0.2256,0.1962,curve,roam_curve_right,0
5050,50.5,-0.5109,-0.2489,0.5683,0.1903,1.4317,0.0823,-0.0792,move,roam_forward_cruise,0
5060,50.6,-0.4945,-0.2485,0.5534,0.1863,1.4466,0.1969,-0.1714,move,roam_forward_cruise,0
5070,50.7,-0.4648,-0.25,0.5278,0.1833,1.4722,0.3128,-0.265,move,roam_forward_cruise,0
5080,50.8,-0.4374,-0.2496,0.5036,0.1907,1.4964,0.2302,-0.2062,move,roam_forward_cruise,0
5090,50.9,-0.4209,-0.2489,0.489,0.1902,1.511,0.219,-0.1842,move,roam_forward_cruise,0
5100,51.0,-0.4066,-0.2469,0.4757,0.1902,1.5243,0.0643,-0.0643,move,roam_forward_cruise,0
5110,51.1,-0.4048,-0.2439,0.4726,0.1907,1.5274,0.0273,-0.0267,move,roam_forward_cruise,0
5120,51.2,-0.4014,-0.2421,0.4688,0.1906,1.5312,0.0351,-0.0351,move,roam_forward_cruise,0
5130,51.3,-0.4002,-0.2405,0.4669,0.1892,1.5331,0.0161,-0.0114,move,roam_forward_cruise,0
5140,51.4,-0.4045,-0.2378,0.4693,0.1852,1.5307,0.102,0.0225,curve,roam_curve_left,0
5150,51.5,-0.4135,-0.2329,0.4745,0.182,1.5255,0.1073,0.0608,curve,roam_curve_left,0
5160,51.6,-0.4213,-0.2274,0.4787,0.1805,1.5213,0.0877,0.0355,curve,roam_curve_left,0
5170,51.7,-0.4287,-0.2218,0.4827,0.1792,1.5173,0.1067,0.0444,curve,roam_curve_left,0
5180,51.8,-0.4407,-0.2119,0.489,0.1838,1.511,0.2002,0.0815,curve,roam_curve_left,0
5190,51.9,-0.4609,-0.1939,0.5001,0.1831,1.4999,0.2906,0.1179,curve,roam_curve_left,0
5200,52.0,-0.4803,-0.1738,0.5108,0.183,1.4892,0.2864,0.0908,curve,roam_curve_left,0
5210,52.1,-0.5002,-0.1502,0.5223,0.1833,1.4777,0.3598,0.1493,curve,roam_curve_left,0
5220,52.2,-0.5243,-0.1188,0.5376,0.1847,1.4624,0.398,0.1742,turn,roam_pivot_turn,0
5230,52.3,-0.5462,-0.083,0.5524,0.1857,1.4476,0.4491,0.1362,turn,roam_pivot_turn,0
5240,52.4,-0.5597,-0.038,0.561,0.1838,1.439,0.4569,0.0627,turn,roam_pivot_turn,0
5250,52.5,-0.5658,0.0081,0.5658,0.1833,1.4342,0.4893,0.0299,turn,roam_pivot_turn,0
5260,52.6,-0.5621,0.0583,0.5651,0.1865,1.4349,0.5081,-0.0143,turn,roam_pivot_turn,0
5270,52.7,-0.5561,0.106,0.5661,0.1895,1.4339,0.4185,0.0263,stop,roam_stance_pause,0
5280,52.8,-0.5495,0.1464,0.5687,0.1918,1.4313,0.4093,0.0377,stop,roam_stance_pause,0
5290,52.9,-0.5423,0.1842,0.5727,0.1874,1.4273,0.3722,0.0562,stop,roam_stance_pause,0
5300,53.0,-0.5336,0.2201,0.5772,0.1827,1.4228,0.349,0.0507,curve,roam_curve_right,0
5310,53.1,-0.5229,0.2558,0.5821,0.1818,1.4179,0.357,0.0662,curve,roam_curve_right,0
5320,53.2,-0.5132,0.2931,0.591,0.1848,1.409,0.4081,0.111,curve,roam_curve_right,0
5330,53.3,-0.5002,0.3354,0.6022,0.1849,1.3978,0.4745,0.1409,curve,roam_curve_right,0
5340,53.4,-0.4873,0.3845,0.6207,0.1852,1.3793,0.5717,0.2203,curve,roam_curve_right,0
5350,53.5,-0.4838,0.4199,0.6406,0.1902,1.3594,0.1916,0.1796,curve,roam_curve_right,0
5360,53.6,-0.5006,0.4332,0.662,0.1881,1.338,0.2581,0.2543,curve,roam_curve_right,0
5370,53.7,-0.5227,0.4441,0.6859,0.1815,1.3141,0.2393,0.2282,curve,roam_curve_right,0
5380,53.8,-0.5479,0.4561,0.7129,0.1823,1.2871,0.237,0.2304,curve,roam_curve_right,0
5390,53.9,-0.5614,0.4679,0.7308,0.1823,1.2692,0.1438,0.1288,curve,roam_curve_right,0
5400,54.0,-0.5651,0.484,0.744,0.1804,1.256,0.1699,0.1318,curve,roam_curve_right,0
5410,54.1,-0.5602,0.5066,0.7553,0.1865,1.2447,0.2622,0.1185,move,roam_forward_cruise,0
5420,54.2,-0.5526,0.5459,0.7767,0.1859,1.2233,0.4325,0.2342,move,roam_forward_cruise,0
5430,54.3,-0.5437,0.5908,0.8029,0.1859,1.1971,0.375,0.2323,move,roam_forward_cruise,0
5440,54.4,-0.5359,0.6331,0.8295,0.1903,1.1705,0.3414,0.2091,move,roam_forward_cruise,0
5450,54.5,-0.5286,0.663,0.8479,0.1885,1.1521,0.3055,0.185,move,roam_forward_cruise,0
5460,54.6,-0.5207,0.7073,0.8783,0.1873,1.1217,0.5156,0.3559,move,roam_forward_cruise,0
5470,54.7,-0.5199,0.7516,0.9139,0.1918,1.0861,0.2991,0.2933,move,roam_forward_cruise,0
5480,54.8,-0.537,0.7646,0.9344,0.1888,1.0656,0.1805,0.1732,move,roam_forward_cruise,0
5490,54.9,-0.5457,0.7746,0.9475,0.1867,1.0525,0.1083,0.1069,move,roam_forward_cruise,0
5500,55.0,-0.5545,0.7812,0.958,0.1867,1.042,0.108,0.1024,curve,roam_curve_left,0
5510,55.1,-0.5652,0.7919,0.9729,0.1823,1.0271,0.1942,0.1899,curve,roam_curve_left,0
5520,55.2,-0.583,0.809,0.9972,0.1814,1.0028,0.2408,0.2407,curve,roam_curve_left,0
5530,55.3,-0.5838,0.8277,1.0129,0.1819,0.9871,0.2055,0.1276,curve,roam_curve_left,0
5540,55.4,-0.5745,0.8505,1.0264,0.181,0.9736,0.2578,0.1113,curve,roam_curve_left,0
5550,55.5,-0.5598,0.8736,1.0376,0.1823,0.9624,0.2831,0.1111,curve,roam_curve_left,0
5560,55.6,-0.5421,0.8961,1.0474,0.1845,0.9526,0.2285,0.0224,curve,roam_curve_left,0
5570,55.7,-0.525,0.8993,1.0413,0.1848,0.9587,0.0982,-0.0416,curve,roam_curve_left,0
5580,55.8,-0.5174,0.8957,1.0344,0.1923,0.9656,0.0553,0.0532,turn,roam_pivot_turn,0
5590,55.9,-0.5234,0.9067,1.0469,0.1928,0.9531,0.2114,0.2015,turn,roam_pivot_turn,0
5600,56.0,-0.539,0.9142,1.0612,0.1888,0.9388,0.1593,0.0685,turn,roam_pivot_turn,0
5610,56.1,-0.5572,0.9097,1.0668,0.1864,0.9332,0.1956,0.0603,turn,roam_pivot_turn,0
5620,56.2,-0.5744,0.911,1.0769,0.1879,0.9231,0.1449,0.1126,turn,roam_pivot_turn,0
5630,56.3,-0.5835,0.9128,1.0834,0.1855,0.9166,0.0465,0.0156,stop,roam_stance_pause,0
5640,56.4,-0.5871,0.9135,1.0859,0.1839,0.9141,0.0486,0.0482,stop,roam_stance_pause,0
5650,56.5,-0.5898,0.918,1.0912,0.1864,0.9088,0.0516,0.0506,stop,roam_stance_pause,0
5660,56.6,-0.5967,0.9211,1.0975,0.1882,0.9025,0.1442,0.1089,curve,roam_curve_right,0
5670,56.7,-0.6048,0.9213,1.1021,0.187,0.8979,0.045,-0.0433,curve,roam_curve_right,0
5680,56.8,-0.597,0.9145,1.0922,0.1848,0.9078,0.1936,-0.1847,curve,roam_curve_right,0
5690,56.9,-0.5744,0.9003,1.0679,0.1827,0.9321,0.2866,-0.2516,curve,roam_curve_right,0
5700,57.0,-0.5478,0.8862,1.0418,0.1796,0.9582,0.2886,-0.2414,curve,roam_curve_right,0
5710,57.1,-0.536,0.8891,1.0382,0.1854,0.9618,0.1291,-0.0205,curve,roam_curve_right,0
5720,57.2,-0.5293,0.8998,1.0439,0.1829,0.9561,0.1646,0.1086,curve,roam_curve_right,0
5730,57.3,-0.5215,0.9125,1.051,0.1832,0.949,0.1537,0.0131,curve,roam_curve_right,0
5740,57.4,-0.5044,0.9199,1.0491,0.1829,0.9509,0.1844,-0.0334,curve,roam_curve_right,0
5750,57.5,-0.4865,0.9244,1.0446,0.1827,0.9554,0.1576,-0.0284,curve,roam_curve_right,0
5760,57.6,-0.4737,0.9294,1.0431,0.1828,0.9569,0.1104,-0.0151,curve,roam_curve_right,0
5770,57.7,-0.4696,0.9381,1.0491,0.1901,0.9509,0.1863,0.1723,move,roam_forward_cruise,0
5780,57.8,-0.4845,0.9381,1.0558,0.1909,0.9442,0.1994,-0.052,move,roam_forward_cruise,0
5790,57.9,-0.4958,0.9149,1.0406,0.1877,0.9594,0.1942,-0.0528,move,roam_forward_cruise,0
5800,58.0,-0.5115,0.9115,1.0452,0.187,0.9548,0.1592,0.0713,move,roam_forward_cruise,0
5810,58.1,-0.5324,0.9156,1.0591,0.1847,0.9409,0.2695,0.1895,move,roam_forward_cruise,0
5820,58.2,-0.549,0.9192,1.0706,0.1829,0.9294,0.1722,0.1153,move,roam_forward_cruise,0
5830,58.3,-0.567,0.923,1.0833,0.186,0.9167,0.2369,0.1604,move,roam_forward_cruise,0
5840,58.4,-0.5834,0.9255,1.094,0.1851,0.906,0.1515,0.1233,move,roam_forward_cruise,0
5850,58.5,-0.5965,0.9322,1.1067,0.1883,0.8933,0.1513,0.1291,move,roam_forward_cruise,0
5860,58.6,-0.5943,0.9332,1.1064,0.1875,0.8936,0.1177,-0.0706,curve,roam_curve_left,0
5870,58.7,-0.5794,0.9258,1.0922,0.1835,0.9078,0.1808,-0.1712,curve,roam_curve_left,0
5880,58.8,-0.5646,0.9124,1.073,0.1809,0.927,0.2466,-0.2374,curve,roam_curve_left,0
5890,58.9,-0.5427,0.8974,1.0487,0.1827,0.9513,0.279,-0.235,curve,roam_curve_left,0
5900,59.0,-0.5254,0.8976,1.04,0.1865,0.96,0.1374,0.06,curve,roam_curve_left,0
5910,59.1,-0.5211,0.908,1.0469,0.1854,0.9531,0.0747,0.0496,curve,roam_curve_left,0
5920,59.2,-0.5209,0.9103,1.0488,0.1842,0.9512,0.0207,0.0098,curve,roam_curve_left,0
5930,59.3,-0.5287,0.9065,1.0494,0.1848,0.9506,0.1296,0.0139,curve,roam_curve_left,0
5940,59.4,-0.5371,0.891,1.0404,0.1862,0.9596,0.2697,-0.0403,turn,roam_pivot_turn,0
5950,59.5,-0.5639,0.8785,1.0439,0.1855,0.9561,0.3033,0.0833,turn,roam_pivot_turn,0
5960,59.6,-0.5919,0.8751,1.0565,0.1853,0.9435,0.2809,0.1604,turn,roam_pivot_turn,0
5970,59.7,-0.6187,0.8746,1.0713,0.1853,0.9287,0.2298,0.0856,turn,roam_pivot_turn,0
5980,59.8,-0.6401,0.8692,1.0795,0.1896,0.9205,0.189,0.0752,turn,roam_pivot_turn,0
5990,59.9,-0.647,0.8677,1.0824,0.192,0.9176,0.0268,-0.0196,stop,roam_stance_pause,0
6000,60.0,-0.643,0.8656,1.0782,0.192,0.9218,0.0582,-0.0523,stop,roam_stance_pause,0
6010,60.1,-0.6415,0.8639,1.0761,0.1927,0.9239,0.0293,-0.007,stop,roam_stance_pause,0
6020,60.2,-0.6465,0.8598,1.0757,0.1894,0.9243,0.1196,-0.0009,curve,roam_curve_right,0
6030,60.3,-0.6458,0.8527,1.0696,0.1855,0.9304,0.1259,-0.1252,curve,roam_curve_right,0
6040,60.4,-0.6305,0.8363,1.0474,0.1832,0.9526,0.237,-0.2347,curve,roam_curve_right,0
6050,60.5,-0.6138,0.8205,1.0247,0.1803,0.9753,0.1972,-0.192,curve,roam_curve_right,0
6060,60.6,-0.5996,0.8138,1.0108,0.1775,0.9892,0.1192,-0.0629,curve,roam_curve_right,0
6070,60.7,-0.5863,0.816,1.0048,0.1819,0.9952,0.1851,-0.0867,curve,roam_curve_right,0
6080,60.8,-0.5691,0.818,0.9965,0.1826,1.0035,0.1015,-0.0551,curve,roam_curve_right,0
6090,60.9,-0.5664,0.814,0.9917,0.1863,1.0083,0.0943,-0.0854,curve,roam_curve_right,0
6100,61.0,-0.5664,0.8029,0.9826,0.1844,1.0174,0.1432,-0.0991,curve,roam_curve_right,0
6110,61.1,-0.5707,0.7852,0.9707,0.1845,1.0293,0.1935,-0.1188,curve,roam_curve_right,0
6120,61.2,-0.5799,0.773,0.9663,0.1843,1.0337,0.2127,0.0459,curve,roam_curve_right,0
6130,61.3,-0.5959,0.7647,0.9695,0.1885,1.0305,0.1606,0.0089,move,roam_forward_cruise,0
6140,61.4,-0.6198,0.7393,0.9648,0.1912,1.0352,0.4321,-0.1381,move,roam_forward_cruise,0
6150,61.5,-0.6467,0.7093,0.9599,0.1857,1.0401,0.4282,-0.093,move,roam_forward_cruise,0
6160,61.6,-0.6806,0.6726,0.9569,0.1859,1.0431,0.6009,-0.072,move,roam_forward_cruise,0
6170,61.7,-0.7178,0.6309,0.9556,0.1867,1.0444,0.5875,-0.1077,move,roam_forward_cruise,0
6180,61.8,-0.7342,0.6084,0.9535,0.1904,1.0465,0.27,-0.1178,move,roam_forward_cruise,0
6190,61.9,-0.7375,0.5986,0.9499,0.1927,1.0501,0.1729,-0.1379,move,roam_forward_cruise,0
6200,62.0,-0.7363,0.6042,0.9524,0.1899,1.0476,0.1592,-0.1002,move,roam_forward_cruise,0
6210,62.1,-0.7406,0.6058,0.9568,0.1895,1.0432,0.0483,-0.0411,move,roam_forward_cruise,0
6220,62.2,-0.744,0.6178,0.9671,0.1864,1.0329,0.1247,0.0274,curve,roam_curve_left,0
6230,62.3,-0.7313,0.625,0.962,0.1853,1.038,0.2346,-0.1487,curve,roam_curve_left,0
6240,62.4,-0.7121,0.6352,0.9542,0.1827,1.0458,0.2372,-0.1083,curve,roam_curve_left,0
6250,62.5,-0.6954,0.65,0.9519,0.1834,1.0481,0.2369,-0.0545,curve,roam_curve_left,0
6260,62.6,-0.68,0.6681,0.9533,0.1829,1.0467,0.2477,-0.007,curve,roam_curve_left,0
6270,62.7,-0.6655,0.6905,0.959,0.1811,1.041,0.2583,0.0274,curve,roam_curve_left,0
6280,62.8,-0.6535,0.7138,0.9678,0.1838,1.0322,0.2468,0.0538,curve,roam_curve_left,0
6290,62.9,-0.6443,0.7373,0.9791,0.1841,1.0209,0.2129,0.0709,curve,roam_curve_left,0
6300,63.0,-0.6432,0.7583,0.9944,0.1846,1.0056,0.2044,0.1594,turn,roam_pivot_turn,0
6310,63.1,-0.6447,0.7856,1.0163,0.1855,0.9837,0.2994,0.204,turn,roam_pivot_turn,0
6320,63.2,-0.6389,0.8193,1.039,0.1879,0.961,0.3439,0.1467,turn,roam_pivot_turn,0
6330,63.3,-0.6243,0.8524,1.0565,0.1838,0.9435,0.3366,0.1074,turn,roam_pivot_turn,0
6340,63.4,-0.6069,0.8622,1.0544,0.1903,0.9456,0.2637,-0.1315,turn,roam_pivot_turn,0
6350,63.5,-0.5842,0.8617,1.0411,0.186,0.9589,0.2656,-0.1916,stop,roam_stance_pause,0
6360,63.6,-0.5687,0.8611,1.032,0.1859,0.968,0.1567,-0.0849,stop,roam_stance_pause,0
6370,63.7,-0.5532,0.8621,1.0243,0.1877,0.9757,0.2261,-0.1312,stop,roam_stance_pause,0
6380,63.8,-0.5455,0.8669,1.0242,0.1889,0.9758,0.1463,0.1382,curve,roam_curve_right,0
6390,63.9,-0.554,0.8749,1.0355,0.1846,0.9645,0.0547,0.0436,curve,roam_curve_right,0
6400,64.0,-0.568,0.8797,1.0472,0.1819,0.9528,0.1522,0.1154,curve,roam_curve_right,0
6410,64.1,-0.5807,0.8837,1.0574,0.1816,0.9426,0.0809,0.055,curve,roam_curve_right,0
6420,64.2,-0.5839,0.8774,1.0539,0.1828,0.9461,0.0827,-0.0477,curve,roam_curve_right,0
6430,64.3,-0.5868,0.8655,1.0456,0.181,0.9544,0.1437,-0.0997,curve,roam_curve_right,0
6440,64.4,-0.5898,0.848,1.0329,0.1819,0.9671,0.2793,-0.2162,curve,roam_curve_right,0
6450,64.5,-0.5946,0.8273,1.0188,0.1814,0.9812,0.1918,-0.1298,curve,roam_curve_right,0
6460,64.6,-0.6008,0.8066,1.0058,0.1844,0.9942,0.2485,-0.1338,curve,roam_curve_right,0
6470,64.7,-0.6095,0.7848,0.9937,0.1871,1.0063,0.2767,-0.0951,curve,roam_curve_right,0
6480,64.8,-0.6215,0.7715,0.9907,0.1871,1.0093,0.1504,0.007,curve,roam_curve_right,0
6490,64.9,-0.6153,0.7598,0.9777,0.19,1.0223,0.216,-0.2151,move,roam_forward_cruise,0
6500,65.0,-0.5982,0.7371,0.9493,0.191,1.0507,0.2754,-0.2742,move,roam_forward_cruise,0
6510,65.1,-0.5871,0.7181,0.9275,0.1897,1.0725,0.1874,-0.1833,move,roam_forward_cruise,0
6520,65.2,-0.5755,0.6976,0.9043,0.1865,1.0957,0.324,-0.3238,move,roam_forward_cruise,0
6530,65.3,-0.5569,0.6761,0.8759,0.1896,1.1241,0.2778,-0.2773,move,roam_forward_cruise,0
6540,65.4,-0.5352,0.6551,0.8459,0.1895,1.1541,0.4085,-0.4041,move,roam_forward_cruise,0
6550,65.5,-0.5085,0.6283,0.8083,0.1909,1.1917,0.3975,-0.3952,move,roam_forward_cruise,0
6560,65.6,-0.508,0.6244,0.805,0.1927,1.195,0.1481,0.0829,move,roam_forward_cruise,0
6570,65.7,-0.5159,0.6242,0.8098,0.1907,1.1902,0.0528,-0.0129,move,roam_forward_cruise,0
6580,65.8,-0.5235,0.6198,0.8113,0.1855,1.1887,0.0528,-0.0185,curve,roam_curve_left,0
6590,65.9,-0.5343,0.6154,0.815,0.1848,1.185,0.0852,0.0185,curve,roam_curve_left,0
6600,66.0,-0.5538,0.6081,0.8225,0.1837,1.1775,0.1681,0.059,curve,roam_curve_left,0
6610,66.1,-0.5762,0.6007,0.8324,0.1834,1.1676,0.2042,0.0838,curve,roam_curve_left,0
6620,66.2,-0.6025,0.5932,0.8455,0.1845,1.1545,0.2391,0.1179,curve,roam_curve_left,0
6630,66.3,-0.6305,0.5861,0.8609,0.1849,1.1391,0.24,0.1241,curve,roam_curve_left,0
6640,66.4,-0.6512,0.5837,0.8745,0.186,1.1255,0.0938,0.0893,curve,roam_curve_left,0
6650,66.5,-0.6533,0.5945,0.8833,0.1816,1.1167,0.1112,0.0604,curve,roam_curve_left,0
6660,66.6,-0.6509,0.6099,0.892,0.1882,1.108,0.3248,0.0892,turn,roam_pivot_turn,0
6670,66.7,-0.641,0.6289,0.898,0.1882,1.102,0.3367,0.0196,turn,roam_pivot_turn,0
6680,66.8,-0.6237,0.6464,0.8982,0.1869,1.1018,0.3767,0.0252,turn,roam_pivot_turn,0
6690,66.9,-0.5993,0.6593,0.891,0.1856,1.109,0.3957,-0.063,turn,roam_pivot_turn,0
6700,67.0,-0.5767,0.673,0.8863,0.1886,1.1137,0.406,-0.1332,turn,roam_pivot_turn,0
6710,67.1,-0.5586,0.6843,0.8834,0.1901,1.1166,0.3005,-0.0007,stop,roam_stance_pause,0
6720,67.2,-0.5407,0.6964,0.8816,0.1891,1.1184,0.2542,-0.0165,stop,roam_stance_pause,0
6730,67.3,-0.5245,0.701,0.8755,0.1922,1.1245,0.1924,-0.0503,stop,roam_stance_pause,0
6740,67.4,-0.5169,0.6999,0.8701,0.1904,1.1299,0.1178,-0.0854,curve,roam_curve_right,0
6750,67.5,-0.5083,0.6973,0.8629,0.1923,1.1371,0.1074,-0.0195,curve,roam_curve_right,0
6760,67.6,-0.5025,0.6959,0.8584,0.1855,1.1416,0.1303,-0.0323,curve,roam_curve_right,0
6770,67.7,-0.4943,0.6942,0.8522,0.1856,1.1478,0.0984,-0.0543,curve,roam_curve_right,0
6780,67.8,-0.4866,0.6897,0.8441,0.1833,1.1559,0.0893,-0.0572,curve,roam_curve_right,0
6790,67.9,-0.4769,0.6851,0.8347,0.1828,1.1653,0.0683,-0.0239,curve,roam_curve_right,0
6800,68.0,-0.4704,0.6879,0.8334,0.1815,1.1666,0.01,-0.0047,curve,roam_curve_right,0
6810,68.1,-0.4671,0.6885,0.832,0.1857,1.168,0.0291,0.0171,curve,roam_curve_right,0
6820,68.2,-0.4633,0.6897,0.8309,0.1849,1.1691,0.0555,0.0121,curve,roam_curve_right,0
6830,68.3,-0.4605,0.6898,0.8294,0.1855,1.1706,0.0434,0.0404,curve,roam_curve_right,0
6840,68.4,-0.4606,0.6916,0.831,0.184,1.169,0.0618,0.0616,curve,roam_curve_right,0
6850,68.5,-0.457,0.6941,0.8311,0.1912,1.1689,0.0762,0.0297,move,roam_forward_cruise,0
6860,68.6,-0.4493,0.6971,0.8293,0.1905,1.1707,0.0609,0.059,move,roam_forward_cruise,0
6870,68.7,-0.446,0.6987,0.8289,0.1912,1.1711,0.0181,0.018,move,roam_forward_cruise,0
6880,68.8,-0.4453,0.6999,0.8296,0.1917,1.1704,0.1252,0.0862,move,roam_forward_cruise,0
6890,68.9,-0.4496,0.6983,0.8305,0.1901,1.1695,0.0948,0.0892,move,roam_forward_cruise,0
6900,69.0,-0.4506,0.6998,0.8323,0.1901,1.1677,0.0369,0.0362,move,roam_forward_cruise,0
6910,69.1,-0.4502,0.6976,0.8302,0.1913,1.1698,0.1459,0.1336,move,roam_forward_cruise,0
6920,69.2,-0.4461,0.694,0.825,0.1909,1.175,0.0871,0.0836,move,roam_forward_cruise,0
6930,69.3,-0.4439,0.692,0.8222,0.1921,1.1778,0.141,0.1397,move,roam_forward_cruise,0
6940,69.4,-0.4453,0.6899,0.8211,0.1906,1.1789,0.0135,0.0051,curve,roam_curve_left,0
6950,69.5,-0.4521,0.6864,0.8219,0.1889,1.1781,0.1067,0.0744,curve,roam_curve_left,0
6960,69.6,-0.4659,0.6805,0.8247,0.1844,1.1753,0.1677,0.1076,curve,roam_curve_left,0
6970,69.7,-0.48,0.6763,0.8293,0.1883,1.1707,0.1294,0.0989,curve,roam_curve_left,0
6980,69.8,-0.4901,0.6713,0.8311,0.1854,1.1689,0.1527,-0.0025,curve,roam_curve_left,0
6990,69.9,-0.4951,0.6637,0.828,0.1874,1.172,0.0364,-0.0159,curve,roam_curve_left,0
7000,70.0,-0.4976,0.6535,0.8214,0.187,1.1786,0.0497,0.01,curve,roam_curve_left,0
7010,70.1,-0.5033,0.6478,0.8204,0.1876,1.1796,0.1043,0.0406,curve,roam_curve_left,0
7020,70.2,-0.5128,0.6495,0.8276,0.1845,1.1724,0.174,0.1716,turn,roam_pivot_turn,0
7030,70.3,-0.5128,0.6534,0.8306,0.1867,1.1694,0.0948,0.0817,turn,roam_pivot_turn,0
7040,70.4,-0.508,0.6581,0.8313,0.1877,1.1687,0.1049,0.0807,turn,roam_pivot_turn,0
7050,70.5,-0.5002,0.6606,0.8286,0.1884,1.1714,0.0936,0.0614,turn,roam_pivot_turn,0
7060,70.6,-0.4947,0.6625,0.8268,0.188,1.1732,0.0614,0.0418,turn,roam_pivot_turn,0
7070,70.7,-0.4924,0.6663,0.8285,0.1887,1.1715,0.071,0.0699,stop,roam_stance_pause,0
7080,70.8,-0.4872,0.6708,0.829,0.1894,1.171,0.0553,0.0409,stop,roam_stance_pause,0
7090,70.9,-0.4771,0.6746,0.8263,0.1886,1.1737,0.0667,0.0336,stop,roam_stance_pause,0
7100,71.0,-0.4674,0.6778,0.8233,0.1888,1.1767,0.079,0.0421,curve,roam_curve_right,0
7110,71.1,-0.4619,0.685,0.8262,0.1859,1.1738,0.0923,0.0916,curve,roam_curve_right,0
7120,71.2,-0.4604,0.6819,0.8227,0.1882,1.1773,0.082,-0.0238,curve,roam_curve_right,0
7130,71.3,-0.4647,0.6788,0.8227,0.1864,1.1773,0.1471,0.113,curve,roam_curve_right,0
7140,71.4,-0.473,0.68,0.8283,0.1826,1.1717,0.1037,0.0612,curve,roam_curve_right,0
7150,71.5,-0.4795,0.6764,0.8292,0.1848,1.1708,0.062,0.0362,curve,roam_curve_right,0
7160,71.6,-0.4776,0.6727,0.825,0.1853,1.175,0.0561,0.0325,curve,roam_curve_right,0
7170,71.7,-0.4758,0.6703,0.822,0.1864,1.178,0.0415,0.0235,curve,roam_curve_right,0
7180,71.8,-0.4735,0.6687,0.8194,0.1864,1.1806,0.0612,0.0608,curve,roam_curve_right,0
7190,71.9,-0.4775,0.6782,0.8294,0.1839,1.1706,0.0525,0.0513,curve,roam_curve_right,0
7200,72.0,-0.4748,0.6826,0.8315,0.1849,1.1685,0.0349,0.0347,curve,roam_curve_right,0
7210,72.1,-0.4766,0.6882,0.8372,0.191,1.1628,0.1958,0.194,move,roam_forward_cruise,0
7220,72.2,-0.4737,0.7026,0.8473,0.193,1.1527,0.0788,0.0769,move,roam_forward_cruise,0
7230,72.3,-0.4755,0.7074,0.8524,0.192,1.1476,0.1906,0.0237,move,roam_forward_cruise,0
7240,72.4,-0.4825,0.7039,0.8534,0.1906,1.1466,0.1571,0.0739,move,roam_forward_cruise,0
7250,72.5,-0.4897,0.7051,0.8584,0.1898,1.1416,0.1148,0.0588,move,roam_forward_cruise,0
7260,72.6,-0.4886,0.7024,0.8556,0.1913,1.1444,0.1079,-0.0006,move,roam_forward_cruise,0
7270,72.7,-0.4945,0.6994,0.8565,0.1917,1.1435,0.1509,0.0772,move,roam_forward_cruise,0
7280,72.8,-0.4955,0.7039,0.8608,0.1921,1.1392,0.1209,0.1015,move,roam_forward_cruise,0
7290,72.9,-0.4922,0.702,0.8574,0.1969,1.1426,0.13,-0.1176,move,roam_forward_cruise,0
7300,73.0,-0.4814,0.6864,0.8384,0.1874,1.1616,0.2361,-0.2185,curve,roam_curve_left,0
7310,73.1,-0.4776,0.6758,0.8275,0.1867,1.1725,0.0864,-0.0475,curve,roam_curve_left,0
7320,73.2,-0.4837,0.6812,0.8355,0.1854,1.1645,0.0757,0.0529,curve,roam_curve_left,0
7330,73.3,-0.4873,0.6862,0.8416,0.1849,1.1584,0.0921,0.0652,curve,roam_curve_left,0
7340,73.4,-0.493,0.6906,0.8485,0.1822,1.1515,0.152,0.0641,curve,roam_curve_left,0
7350,73.5,-0.4978,0.6904,0.8512,0.1804,1.1488,0.1862,-0.087,curve,roam_curve_left,0
7360,73.6,-0.5013,0.678,0.8432,0.1868,1.1568,0.1852,-0.0693,curve,roam_curve_left,0
7370,73.7,-0.5053,0.6674,0.8371,0.1841,1.1629,0.1697,-0.0609,curve,roam_curve_left,0
7380,73.8,-0.5078,0.6503,0.8251,0.1868,1.1749,0.2582,-0.2025,turn,roam_pivot_turn,0
7390,73.9,-0.5115,0.6331,0.8139,0.1875,1.1861,0.3898,-0.096,turn,roam_pivot_turn,0
7400,74.0,-0.5247,0.6139,0.8076,0.1866,1.1924,0.2035,-0.0234,turn,roam_pivot_turn,0
7410,74.1,-0.5415,0.5978,0.8066,0.1855,1.1934,0.4353,-0.018,turn,roam_pivot_turn,0
7420,74.2,-0.5711,0.5822,0.8155,0.1879,1.1845,0.3961,0.2102,turn,roam_pivot_turn,0
7430,74.3,-0.6056,0.5647,0.828,0.1902,1.172,0.3471,0.1625,stop,roam_stance_pause,0
7440,74.4,-0.6264,0.558,0.8389,0.1925,1.1611,0.1307,0.1302,stop,roam_stance_pause,0
7450,74.5,-0.63,0.5677,0.848,0.1917,1.152,0.1791,0.1366,stop,roam_stance_pause,0
7460,74.6,-0.6334,0.5832,0.861,0.1881,1.139,0.2307,0.1823,curve,roam_curve_right,0
7470,74.7,-0.6391,0.604,0.8794,0.1854,1.1206,0.2832,0.243,curve,roam_curve_right,0
7480,74.8,-0.6463,0.6283,0.9014,0.182,1.0986,0.3102,0.2595,curve,roam_curve_right,0
7490,74.9,-0.6541,0.6554,0.9259,0.182,1.0741,0.3152,0.2737,curve,roam_curve_right,0
7500,75.0,-0.6617,0.6828,0.9508,0.1807,1.0492,0.279,0.2396,curve,roam_curve_right,0
7510,75.1,-0.6569,0.6984,0.9588,0.1841,1.0412,0.1737,0.0269,curve,roam_curve_right,0
7520,75.2,-0.6453,0.709,0.9587,0.1822,1.0413,0.1709,0.019,curve,roam_curve_right,0
7530,75.3,-0.6333,0.7191,0.9582,0.1814,1.0418,0.1659,0.0218,curve,roam_curve_right,0
7540,75.4,-0.6225,0.7292,0.9588,0.1827,1.0412,0.17,0.037,curve,roam_curve_right,0
7550,75.5,-0.6085,0.7444,0.9615,0.1851,1.0385,0.2278,0.0462,curve,roam_curve_right,0
7560,75.6,-0.5942,0.7633,0.9673,0.1832,1.0327,0.2451,0.1168,curve,roam_curve_right,0
7570,75.7,-0.5886,0.7846,0.9808,0.1874,1.0192,0.2281,0.1624,move,roam_forward_cruise,0
7580,75.8,-0.5981,0.7939,0.994,0.1855,1.006,0.0827,0.0506,move,roam_forward_cruise,0
7590,75.9,-0.6237,0.7881,1.005,0.189,0.995,0.355,0.2017,move,roam_forward_cruise,0
7600,76.0,-0.6622,0.7864,1.028,0.1878,0.972,0.2788,0.1633,move,roam_forward_cruise,0
7610,76.1,-0.6714,0.7777,1.0275,0.1944,0.9725,0.0972,-0.0711,move,roam_forward_cruise,0
7620,76.2,-0.669,0.7663,1.0173,0.193,0.9827,0.099,-0.0778,move,roam_forward_cruise,0
7630,76.3,-0.669,0.7584,1.0113,0.1908,0.9887,0.0587,-0.0238,move,roam_forward_cruise,0
7640,76.4,-0.6706,0.7544,1.0093,0.19,0.9907,0.0357,-0.0248,move,roam_forward_cruise,0
7650,76.5,-0.671,0.7499,1.0063,0.1885,0.9937,0.0515,-0.0425,move,roam_forward_cruise,0
7660,76.6,-0.6613,0.7413,0.9934,0.1823,1.0066,0.1801,-0.18,curve,roam_curve_left,0
7670,76.7,-0.6566,0.7318,0.9832,0.1819,1.0168,0.1209,-0.1166,curve,roam_curve_left,0
7680,76.8,-0.6533,0.7202,0.9724,0.1795,1.0276,0.1085,-0.0936,curve,roam_curve_left,0
7690,76.9,-0.65,0.7086,0.9616,0.1806,1.0384,0.1407,-0.1298,curve,roam_curve_left,0
7700,77.0,-0.6459,0.692,0.9466,0.1825,1.0534,0.1879,-0.1578,curve,roam_curve_left,0
7710,77.1,-0.6423,0.6719,0.9295,0.1827,1.0705,0.2877,-0.2397,curve,roam_curve_left,0
7720,77.2,-0.6363,0.6482,0.9084,0.1832,1.0916,0.3071,-0.2785,curve,roam_curve_left,0
7730,77.3,-0.6231,0.6174,0.8771,0.1827,1.1229,0.3796,-0.3595,curve,roam_curve_left,0
7740,77.4,-0.6117,0.5827,0.8449,0.1857,1.1551,0.3677,-0.3075,turn,roam_pivot_turn,0
7750,77.5,-0.6103,0.542,0.8162,0.1844,1.1838,0.4275,-0.2802,turn,roam_pivot_turn,0
7760,77.6,-0.6036,0.5092,0.7897,0.1872,1.2103,0.3147,-0.2816,turn,roam_pivot_turn,0
7770,77.7,-0.5913,0.48,0.7616,0.1867,1.2384,0.3089,-0.2593,turn,roam_pivot_turn,0
7780,77.8,-0.582,0.4487,0.7349,0.1875,1.2651,0.3395,-0.2639,turn,roam_pivot_turn,0
7790,77.9,-0.5753,0.4127,0.708,0.1886,1.292,0.3526,-0.2254,stop,roam_stance_pause,0
7800,78.0,-0.5758,0.3762,0.6878,0.1943,1.3122,0.3565,-0.1633,stop,roam_stance_pause,0
7810,78.1,-0.5801,0.3419,0.6734,0.1952,1.3266,0.3389,-0.1311,stop,roam_stance_pause,0
7820,78.2,-0.5852,0.3064,0.6605,0.1907,1.3395,0.3719,-0.1116,curve,roam_curve_right,0
7830,78.3,-0.5942,0.2712,0.6531,0.184,1.3469,0.3461,-0.0301,curve,roam_curve_right,0
7840,78.4,-0.6103,0.2327,0.6532,0.185,1.3468,0.4527,0.0182,curve,roam_curve_right,0
7850,78.5,-0.6277,0.1905,0.6559,0.1832,1.3441,0.4288,0.0261,curve,roam_curve_right,0
7860,78.6,-0.6432,0.1495,0.6603,0.184,1.3397,0.4704,0.0699,curve,roam_curve_right,0
7870,78.7,-0.6615,0.1044,0.6697,0.1833,1.3303,0.4392,0.1011,curve,roam_curve_right,0
7880,78.8,-0.6774,0.0604,0.6801,0.1843,1.3199,0.4742,0.1189,curve,roam_curve_right,0
7890,78.9,-0.6946,0.0154,0.6947,0.185,1.3053,0.46,0.163,curve,roam_curve_right,0
7900,79.0,-0.7141,-0.0327,0.7149,0.1823,1.2851,0.527,0.2175,curve,roam_curve_right,0
7910,79.1,-0.7354,-0.0822,0.74,0.1843,1.26,0.5376,0.276,curve,roam_curve_right,0
7920,79.2,-0.758,-0.1347,0.7699,0.1812,1.2301,0.5486,0.288,curve,roam_curve_right,0
7930,79.3,-0.774,-0.1902,0.7971,0.1841,1.2029,0.5844,0.2853,move,roam_forward_cruise,0
7940,79.4,-0.7913,-0.2468,0.8289,0.1856,1.1711,0.6094,0.3312,move,roam_forward_cruise,0
7950,79.5,-0.8055,-0.3103,0.8632,0.1825,1.1368,0.6539,0.3557,move,roam_forward_cruise,0
7960,79.6,-0.8169,-0.3735,0.8982,0.1848,1.1018,0.6149,0.3263,move,roam_forward_cruise,0
7970,79.7,-0.8109,-0.4235,0.9149,0.1908,1.0851,0.4726,0.0062,move,roam_forward_cruise,0
7980,79.8,-0.7822,-0.4642,0.9096,0.187,1.0904,0.4892,-0.0847,move,roam_forward_cruise,0
7990,79.9,-0.7568,-0.4773,0.8948,0.1971,1.1052,0.2203,-0.2042,move,roam_forward_cruise,0
8000,80.0,-0.7387,-0.469,0.875,0.1928,1.125,0.1808,-0.1806,move,roam_forward_cruise,0
8010,80.1,-0.7303,-0.4665,0.8666,0.1937,1.1334,0.0872,0.0261,move,roam_forward_cruise,0
8020,80.2,-0.7231,-0.4631,0.8587,0.1888,1.1413,0.2243,-0.2102,curve,roam_curve_left,0
8030,80.3,-0.7126,-0.4467,0.841,0.1859,1.159,0.256,-0.2264,curve,roam_curve_left,0
8040,80.4,-0.6994,-0.4216,0.8166,0.1811,1.1834,0.2968,-0.2552,curve,roam_curve_left,0
8050,80.5,-0.6841,-0.3952,0.79,0.1822,1.21,0.3204,-0.2866,curve,roam_curve_left,0
8060,80.6,-0.6639,-0.3679,0.759,0.1832,1.241,0.3388,-0.3125,curve,roam_curve_left,0
8070,80.7,-0.6436,-0.3383,0.727,0.182,1.273,0.381,-0.3292,curve,roam_curve_left,0
8080,80.8,-0.6247,-0.3063,0.6958,0.1823,1.3042,0.3706,-0.3058,curve,roam_curve_left,0
8090,80.9,-0.6021,-0.2732,0.6612,0.1838,1.3388,0.395,-0.3386,curve,roam_curve_left,0
8100,81.0,-0.5738,-0.2416,0.6226,0.1852,1.3774,0.4422,-0.4087,turn,roam_pivot_turn,0
8110,81.1,-0.5429,-0.2096,0.5819,0.1839,1.4181,0.4309,-0.3876,turn,roam_pivot_turn,0
8120,81.2,-0.5101,-0.1819,0.5415,0.1882,1.4585,0.4619,-0.452,turn,roam_pivot_turn,0
8130,81.3,-0.4673,-0.1588,0.4935,0.1845,1.5065,0.4624,-0.4575,turn,roam_pivot_turn,0
8140,81.4,-0.425,-0.1422,0.4482,0.1851,1.5518,0.4521,-0.4512,turn,roam_pivot_turn,0
8150,81.5,-0.3869,-0.1375,0.4106,0.192,1.5894,0.3572,-0.3364,stop,roam_stance_pause,0
8160,81.6,-0.3535,-0.1401,0.3803,0.1941,1.6197,0.3061,-0.2667,stop,roam_stance_pause,0
8170,81.7,-0.3257,-0.1416,0.3551,0.1927,1.6449,0.2563,-0.2282,stop,roam_stance_pause,0
8180,81.8,-0.2992,-0.143,0.3316,0.1893,1.6684,0.2837,-0.2467,curve,roam_curve_right,0
8190,81.9,-0.2687,-0.1434,0.3046,0.1872,1.6954,0.3522,-0.3186,curve,roam_curve_right,0
8200,82.0,-0.2319,-0.1415,0.2717,0.1821,1.7283,0.2676,-0.2396,curve,roam_curve_right,0
8210,82.1,-0.1994,-0.1349,0.2407,0.1832,1.7593,0.3443,-0.3119,curve,roam_curve_right,0
8220,82.2,-0.1609,-0.1274,0.2052,0.1855,1.7948,0.3862,-0.3461,curve,roam_curve_right,0
8230,82.3,-0.1211,-0.1178,0.1689,0.1832,1.8311,0.4343,-0.3826,curve,roam_curve_right,0
8240,82.4,-0.0758,-0.1052,0.1297,0.1821,1.8703,0.4935,-0.3781,curve,roam_curve_right,0
8250,82.5,-0.0306,-0.0944,0.0993,0.1852,1.9007,0.4352,-0.2229,curve,roam_curve_right,0
8260,82.6,0.0176,-0.0832,0.085,0.1825,1.915,0.6225,-0.0354,curve,roam_curve_right,0
8270,82.7,0.0686,-0.072,0.0994,0.1855,1.9006,0.5123,0.2746,curve,roam_curve_right,0
8280,82.8,0.1217,-0.0586,0.1351,0.1827,1.8649,0.5491,0.4077,curve,roam_curve_right,0
8290,82.9,0.1705,-0.048,0.1771,0.1864,1.8229,0.49,0.4426,move,roam_forward_cruise,0
8300,83.0,0.2223,-0.0451,0.2268,0.185,1.7732,0.5338,0.5255,move,roam_forward_cruise,0
8310,83.1,0.2749,-0.0492,0.2793,0.1856,1.7207,0.5018,0.4998,move,roam_forward_cruise,0
8320,83.2,0.3275,-0.0565,0.3323,0.1873,1.6677,0.5656,0.5652,move,roam_forward_cruise,0
8330,83.3,0.384,-0.0715,0.3906,0.1832,1.6094,0.585,0.5829,move,roam_forward_cruise,0
8340,83.4,0.44,-0.0878,0.4487,0.1843,1.5513,0.5686,0.5675,move,roam_forward_cruise,0
8350,83.5,0.4867,-0.0899,0.495,0.1907,1.505,0.4072,0.3759,move,roam_forward_cruise,0
8360,83.6,0.5221,-0.0769,0.5277,0.1886,1.4723,0.3666,0.3026,move,roam_forward_cruise,0
8370,83.7,0.558,-0.0639,0.5617,0.1874,1.4383,0.3989,0.3858,move,roam_forward_cruise,0
8380,83.8,0.5929,-0.0702,0.597,0.1875,1.403,0.2735,0.2561,curve,roam_curve_left,0
8390,83.9,0.5939,-0.0739,0.5985,0.1884,1.4015,0.1629,-0.162,curve,roam_curve_left,0
8400,84.0,0.5727,-0.0688,0.5768,0.1838,1.4232,0.2174,-0.2154,curve,roam_curve_left,0
8410,84.1,0.5505,-0.0633,0.5542,0.1797,1.4458,0.0764,-0.0762,curve,roam_curve_left,0
8420,84.2,0.5303,-0.0593,0.5336,0.184,1.4664,0.2227,-0.2221,curve,roam_curve_left,0
8430,84.3,0.5051,-0.0577,0.5084,0.1847,1.4916,0.2882,-0.2852,curve,roam_curve_left,0
8440,84.4,0.4727,-0.0606,0.4766,0.1838,1.5234,0.3411,-0.3286,curve,roam_curve_left,0
8450,84.5,0.4382,-0.0653,0.443,0.1822,1.557,0.3317,-0.3221,curve,roam_curve_left,0
8460,84.6,0.403,-0.0632,0.4079,0.1843,1.5921,0.3831,-0.3821,turn,roam_pivot_turn,0
8470,84.7,0.3641,-0.059,0.3688,0.183,1.6312,0.4267,-0.4222,turn,roam_pivot_turn,0
8480,84.8,0.3229,-0.0502,0.3268,0.184,1.6732,0.4547,-0.4481,turn,roam_pivot_turn,0
8490,84.9,0.2809,-0.0298,0.2825,0.1853,1.7175,0.4684,-0.4243,turn,roam_pivot_turn,0
8500,85.0,0.2416,-0.0009,0.2416,0.1847,1.7584,0.503,-0.3756,turn,roam_pivot_turn,0
8510,85.1,0.2068,0.0351,0.2098,0.187,1.7902,0.5012,-0.2655,stop,roam_stance_pause,0
8520,85.2,0.1741,0.0727,0.1886,0.1933,1.8114,0.4915,-0.1584,stop,roam_stance_pause,0
8530,85.3,0.1415,0.1117,0.1803,0.1882,1.8197,0.459,-0.0181,stop,roam_stance_pause,0
8540,85.4,0.114,0.1453,0.1847,0.1862,1.8153,0.4032,0.094,curve,roam_curve_right,0
8550,85.5,0.09,0.1769,0.1985,0.1829,1.8015,0.376,0.1717,curve,roam_curve_right,0
8560,85.6,0.0656,0.211,0.221,0.1843,1.779,0.4614,0.2574,curve,roam_curve_right,0
8570,85.7,0.0351,0.2459,0.2484,0.1825,1.7516,0.4717,0.2909,curve,roam_curve_right,0
8580,85.8,0.0029,0.2824,0.2825,0.1863,1.7175,0.499,0.3744,curve,roam_curve_right,0
8590,85.9,-0.0321,0.3213,0.3229,0.1828,1.6771,0.5503,0.4264,curve,roam_curve_right,0
8600,86.0,-0.069,0.3586,0.3651,0.1853,1.6349,0.5027,0.4132,curve,roam_curve_right,0
8610,86.1,-0.1075,0.3972,0.4115,0.1822,1.5885,0.5775,0.5085,curve,roam_curve_right,0
8620,86.2,-0.1393,0.4373,0.4589,0.1882,1.5411,0.4235,0.4166,curve,roam_curve_right,0
8630,86.3,-0.1481,0.4766,0.4991,0.1858,1.5009,0.374,0.3595,curve,roam_curve_right,0
8640,86.4,-0.1502,0.5172,0.5386,0.1831,1.4614,0.3996,0.391,curve,roam_curve_right,0
8650,86.5,-0.1494,0.5546,0.5744,0.187,1.4256,0.418,0.3882,move,roam_forward_cruise,0
8660,86.6,-0.1388,0.5985,0.6144,0.1861,1.3856,0.4743,0.4026,move,roam_forward_cruise,0
8670,86.7,-0.1184,0.6447,0.6555,0.1866,1.3445,0.495,0.4159,move,roam_forward_cruise,0
8680,86.8,-0.0896,0.6963,0.702,0.1825,1.298,0.5361,0.4349,move,roam_forward_cruise,0
8690,86.9,-0.0645,0.7259,0.7287,0.1927,1.2713,0.2729,0.1061,move,roam_forward_cruise,0
8700,87.0,-0.0384,0.7245,0.7256,0.1922,1.2744,0.2907,-0.1198,move,roam_forward_cruise,0
8710,87.1,-0.0099,0.7202,0.7203,0.1911,1.2797,0.3001,0.0621,move,roam_forward_cruise,0
8720,87.2,0.0222,0.7298,0.7302,0.1893,1.2698,0.3705,0.1366,move,roam_forward_cruise,0
8730,87.3,0.0601,0.7508,0.7532,0.1874,1.2468,0.4549,0.27,move,roam_forward_cruise,0
8740,87.4,0.1009,0.7798,0.7863,0.1841,1.2137,0.4655,0.3153,curve,roam_curve_left,0
8750,87.5,0.1415,0.8077,0.82,0.1835,1.18,0.5562,0.3916,curve,roam_curve_left,0
8760,87.6,0.1841,0.8393,0.8592,0.1856,1.1408,0.5257,0.4075,curve,roam_curve_left,0
8770,87.7,0.2235,0.8636,0.8921,0.1875,1.1079,0.3666,0.1075,curve,roam_curve_left,0
8780,87.8,0.2569,0.8539,0.8917,0.1857,1.1083,0.3501,-0.0387,curve,roam_curve_left,0
8790,87.9,0.2901,0.8472,0.8955,0.1855,1.1045,0.3647,0.1094,curve,roam_curve_left,0
8800,88.0,0.3309,0.848,0.9103,0.1864,1.0897,0.3986,0.1739,curve,roam_curve_left,0
8810,88.1,0.3746,0.8502,0.929,0.1835,1.071,0.4505,0.181,curve,roam_curve_left,0
8820,88.2,0.4213,0.8506,0.9493,0.1842,1.0507,0.4447,0.2534,turn,roam_pivot_turn,0
8830,88.3,0.4607,0.855,0.9712,0.1878,1.0288,0.2664,0.104,turn,roam_pivot_turn,0
8840,88.4,0.4657,0.8456,0.9654,0.1887,1.0346,0.2047,-0.2032,turn,roam_pivot_turn,0
8850,88.5,0.4471,0.8242,0.9377,0.1855,1.0623,0.2596,-0.2381,turn,roam_pivot_turn,0
8860,88.6,0.4193,0.8084,0.9107,0.1835,1.0893,0.3063,-0.2061,turn,roam_pivot_turn,0
8870,88.7,0.3872,0.7985,0.8875,0.1855,1.1125,0.2843,-0.1676,stop,roam_stance_pause,0
8880,88.8,0.3578,0.791,0.8681,0.188,1.1319,0.2522,-0.1065,stop,roam_stance_pause,0
8890,88.9,0.3345,0.7912,0.859,0.1877,1.141,0.2094,0.0115,stop,roam_stance_pause,0
8900,89.0,0.3188,0.8,0.8612,0.1868,1.1388,0.2023,0.0815,curve,roam_curve_right,0
8910,89.1,0.3061,0.8165,0.872,0.185,1.128,0.2493,0.1746,curve,roam_curve_right,0
8920,89.2,0.2966,0.8365,0.8875,0.1859,1.1125,0.2142,0.1754,curve,roam_curve_right,0
8930,89.3,0.2943,0.8377,0.8879,0.1858,1.1121,0.0029,-0.0022,curve,roam_curve_right,0
8940,89.4,0.2953,0.8343,0.885,0.183,1.115,0.0621,0.0621,curve,roam_curve_right,0
8950,89.5,0.2987,0.8358,0.8875,0.1844,1.1125,0.1021,0.0964,curve,roam_curve_right,0
8960,89.6,0.3007,0.8339,0.8865,0.1847,1.1135,0.0554,0.0474,curve,roam_curve_right,0
8970,89.7,0.3031,0.8325,0.8859,0.1856,1.1141,0.0255,0.0122,curve,roam_curve_right,0
8980,89.8,0.3011,0.8274,0.8805,0.184,1.1195,0.0345,-0.0246,curve,roam_curve_right,0
8990,89.9,0.2971,0.8212,0.8733,0.1851,1.1267,0.0299,-0.0093,curve,roam_curve_right,0
9000,90.0,0.2946,0.8205,0.8718,0.1849,1.1282,0.0704,0.0631,curve,roam_curve_right,0
9010,90.1,0.2914,0.8292,0.8789,0.1886,1.1211,0.188,0.1455,move,roam_forward_cruise,0
9020,90.2,0.2799,0.8473,0.8923,0.1912,1.1077,0.2874,0.2569,move,roam_forward_cruise,0
9030,90.3,0.2619,0.8536,0.8928,0.1927,1.1072,0.1374,-0.0692,move,roam_forward_cruise,0
9040,90.4,0.2431,0.8345,0.8692,0.1899,1.1308,0.1878,-0.091,move,roam_forward_cruise,0
9050,90.5,0.2247,0.8305,0.8604,0.1855,1.1396,0.1567,0.0731,move,roam_forward_cruise,0
9060,90.6,0.2097,0.8391,0.8649,0.1901,1.1351,0.2865,0.2058,move,roam_forward_cruise,0
9070,90.7,0.1908,0.8391,0.8605,0.1901,1.1395,0.131,-0.082,move,roam_forward_cruise,0
9080,90.8,0.1698,0.8365,0.8536,0.1877,1.1464,0.1588,0.0434,move,roam_forward_cruise,0
9090,90.9,0.1436,0.846,0.8581,0.1881,1.1419,0.2192,0.1534,move,roam_forward_cruise,0
9100,91.0,0.1164,0.864,0.8718,0.186,1.1282,0.2354,0.1732,curve,roam_curve_left,0
9110,91.1,0.093,0.8805,0.8854,0.1841,1.1146,0.2688,0.1779,curve,roam_curve_left,0
9120,91.2,0.0726,0.8965,0.8994,0.1863,1.1006,0.2231,0.1707,curve,roam_curve_left,0
9130,91.3,0.0659,0.9111,0.9135,0.1873,1.0865,0.2087,0.2046,curve,roam_curve_left,0
9140,91.4,0.0693,0.9241,0.9267,0.1894,1.0733,0.0677,0.0676,curve,roam_curve_left,0
9150,91.5,0.0653,0.9308,0.9331,0.1885,1.0669,0.0892,0.086,curve,roam_curve_left,0
9160,91.6,0.0624,0.9331,0.9352,0.1885,1.0648,0.071,0.0669,curve,roam_curve_left,0
9170,91.7,0.0637,0.9314,0.9336,0.1883,1.0664,0.0668,0.0297,curve,roam_curve_left,0
9180,91.8,0.0663,0.9251,0.9275,0.1893,1.0725,0.0601,-0.0324,turn,roam_pivot_turn,0
9190,91.9,0.0714,0.9124,0.9152,0.188,1.0848,0.1213,-0.1098,turn,roam_pivot_turn,0
9200,92.0,0.0762,0.8918,0.895,0.1866,1.105,0.1806,-0.1735,turn,roam_pivot_turn,0
9210,92.1,0.0791,0.8696,0.8732,0.1869,1.1268,0.2119,-0.2092,turn,roam_pivot_turn,0
9220,92.2,0.0749,0.8459,0.8492,0.1879,1.1508,0.1977,-0.1915,turn,roam_pivot_turn,0
9230,92.3,0.0695,0.8236,0.8265,0.1906,1.1735,0.1792,-0.1753,stop,roam_stance_pause,0
9240,92.4,0.0658,0.8054,0.8081,0.1911,1.1919,0.0963,-0.0774,stop,roam_stance_pause,0
9250,92.5,0.0633,0.7975,0.8,0.1897,1.2,0.0212,-0.0089,stop,roam_stance_pause,0
9260,92.6,0.0651,0.7935,0.7961,0.188,1.2039,0.0283,0.0247,curve,roam_curve_right,0
9270,92.7,0.0677,0.7923,0.7952,0.1847,1.2048,0.0323,0.0307,curve,roam_curve_right,0
9280,92.8,0.0732,0.7888,0.7922,0.1852,1.2078,0.0447,0.0038,curve,roam_curve_right,0
9290,92.9,0.0769,0.7849,0.7886,0.1838,1.2114,0.0117,0.0079,curve,roam_curve_right,0
9300,93.0,0.0759,0.7797,0.7834,0.1829,1.2166,0.0463,-0.0195,curve,roam_curve_right,0
9310,93.1,0.0706,0.7732,0.7764,0.1828,1.2236,0.0762,-0.028,curve,roam_curve_right,0
9320,93.2,0.0639,0.7658,0.7685,0.1847,1.2315,0.0153,-0.0117,curve,roam_curve_right,0
9330,93.3,0.0548,0.7576,0.7596,0.1854,1.2404,0.1154,-0.0485,curve,roam_curve_right,0
9340,93.4,0.0454,0.7495,0.7508,0.1852,1.2492,0.1126,-0.0527,curve,roam_curve_right,0
9350,93.5,0.0366,0.735,0.7359,0.1856,1.2641,0.1845,-0.1488,curve,roam_curve_right,0
9360,93.6,0.0242,0.7135,0.7139,0.183,1.2861,0.2677,-0.2152,curve,roam_curve_right,0
9370,93.7,0.0165,0.6929,0.6931,0.1884,1.3069,0.1794,-0.1782,move,roam_forward_cruise,0
9380,93.8,0.0212,0.6775,0.6778,0.1857,1.3222,0.1222,-0.0731,move,roam_forward_cruise,0
9390,93.9,0.0243,0.6716,0.672,0.1873,1.328,0.0352,0.0333,move,roam_forward_cruise,0
9400,94.0,0.0197,0.6656,0.6659,0.1891,1.3341,0.1024,-0.0214,move,roam_forward_cruise,0
9410,94.1,0.0113,0.6543,0.6544,0.1874,1.3456,0.2369,-0.071,move,roam_forward_cruise,0
9420,94.2,-0.0019,0.6401,0.6401,0.1885,1.3599,0.3253,0.0118,move,roam_forward_cruise,0
9430,94.3,-0.0208,0.6268,0.6272,0.1873,1.3728,0.3268,0.0016,move,roam_forward_cruise,0
9440,94.4,-0.0422,0.6114,0.6128,0.1862,1.3872,0.5422,0.0356,move,roam_forward_cruise,0
9450,94.5,-0.0658,0.5969,0.6005,0.1882,1.3995,0.4075,0.0594,move,roam_forward_cruise,0
9460,94.6,-0.0915,0.5827,0.5898,0.1871,1.4102,0.4159,-0.0179,curve,roam_curve_left,0
9470,94.7,-0.1207,0.5682,0.5808,0.1865,1.4192,0.4277,0.0814,curve,roam_curve_left,0
9480,94.8,-0.1507,0.5554,0.5754,0.1884,1.4246,0.3839,0.0759,curve,roam_curve_left,0
9490,94.9,-0.1749,0.5482,0.5754,0.1886,1.4246,0.2635,0.1188,curve,roam_curve_left,0
9500,95.0,-0.1919,0.5483,0.5809,0.1869,1.4191,0.2625,0.2082,curve,roam_curve_left,0
9510,95.1,-0.2084,0.5553,0.5931,0.1861,1.4069,0.2082,0.1994,curve,roam_curve_left,0
9520,95.2,-0.2095,0.5647,0.6023,0.1858,1.3977,0.192,0.1917,curve,roam_curve_left,0
9530,95.3,-0.211,0.5747,0.6122,0.1853,1.3878,0.1718,0.1718,curve,roam_curve_left,0
9540,95.4,-0.2088,0.5727,0.6095,0.1892,1.3905,0.0656,0.0623,turn,roam_pivot_turn,0
9550,95.5,-0.1902,0.5825,0.6128,0.1853,1.3872,0.1904,0.0625,turn,roam_pivot_turn,0
9560,95.6,-0.1705,0.5886,0.6128,0.189,1.3872,0.2029,0.0745,turn,roam_pivot_turn,0
9570,95.7,-0.1468,0.5897,0.6077,0.1878,1.3923,0.2206,-0.0306,turn,roam_pivot_turn,0
9580,95.8,-0.1197,0.5774,0.5896,0.185,1.4104,0.2949,-0.2088,turn,roam_pivot_turn,0
9590,95.9,-0.0919,0.56,0.5675,0.1841,1.4325,0.2707,-0.1812,stop,roam_stance_pause,0
9600,96.0,-0.0666,0.5454,0.5494,0.1885,1.4506,0.2559,-0.1074,stop,roam_stance_pause,0
9610,96.1,-0.042,0.5307,0.5324,0.191,1.4676,0.2319,-0.0955,stop,roam_stance_pause,0
9620,96.2,-0.019,0.515,0.5153,0.188,1.4847,0.1512,-0.092,curve,roam_curve_right,0
9630,96.3,-0.0014,0.5018,0.5018,0.186,1.4982,0.1315,-0.0873,curve,roam_curve_right,0
9640,96.4,0.0132,0.4882,0.4883,0.1849,1.5117,0.1013,-0.0747,curve,roam_curve_right,0
9650,96.5,0.0242,0.4743,0.4749,0.1841,1.5251,0.1145,-0.1001,curve,roam_curve_right,0
9660,96.6,0.0334,0.4598,0.461,0.1848,1.539,0.1184,-0.1076,curve,roam_curve_right,0
9670,96.7,0.042,0.4424,0.4444,0.1847,1.5556,0.1769,-0.1715,curve,roam_curve_right,0
9680,96.8,0.0489,0.4239,0.4267,0.1806,1.5733,0.2007,-0.1911,curve,roam_curve_right,0
9690,96.9,0.0589,0.4019,0.4061,0.1837,1.5939,0.2384,-0.2117,curve,roam_curve_right,0
9700,97.0,0.0719,0.3767,0.3835,0.1837,1.6165,0.2973,-0.2339,curve,roam_curve_right,0
9710,97.1,0.086,0.349,0.3594,0.1844,1.6406,0.3659,-0.2908,curve,roam_curve_right,0
9720,97.2,0.1014,0.3115,0.3276,0.1842,1.6724,0.429,-0.3312,curve,roam_curve_right,0
9730,97.3,0.1165,0.269,0.2932,0.1853,1.7068,0.4022,-0.298,move,roam_forward_cruise,0
9740,97.4,0.134,0.218,0.2559,0.1841,1.7441,0.5451,-0.3308,move,roam_forward_cruise,0
9750,97.5,0.1553,0.162,0.2244,0.1852,1.7756,0.562,-0.2377,move,roam_forward_cruise,0
9760,97.6,0.177,0.1,0.2033,0.184,1.7967,0.7352,-0.1206,move,roam_forward_cruise,0
9770,97.7,0.2006,0.0341,0.2034,0.1854,1.7966,0.6737,0.1156,move,roam_forward_cruise,0
9780,97.8,0.2243,-0.0338,0.2269,0.1825,1.7731,0.7306,0.3412,move,roam_forward_cruise,0
9790,97.9,0.248,-0.1033,0.2687,0.184,1.7313,0.7428,0.4817,move,roam_forward_cruise,0
9800,98.0,0.2702,-0.1742,0.3215,0.1848,1.6785,0.7426,0.5693,move,roam_forward_cruise,0
9810,98.1,0.2933,-0.237,0.3771,0.1927,1.6229,0.4294,0.3935,move,roam_forward_cruise,0
9820,98.2,0.3161,-0.2615,0.4102,0.1937,1.5898,0.2242,0.2111,curve,roam_curve_left,0
9830,98.3,0.3325,-0.258,0.4209,0.1911,1.5791,0.1769,0.0068,curve,roam_curve_left,0
9840,98.4,0.3437,-0.2404,0.4194,0.1832,1.5806,0.1999,-0.0067,curve,roam_curve_left,0
9850,98.5,0.3569,-0.221,0.4198,0.1844,1.5802,0.2634,-0.0041,curve,roam_curve_left,0
9860,98.6,0.3693,-0.1955,0.4178,0.1818,1.5822,0.2965,-0.0416,curve,roam_curve_left,0
9870,98.7,0.3781,-0.1705,0.4148,0.1792,1.5852,0.0961,-0.0315,curve,roam_curve_left,0
9880,98.8,0.3737,-0.162,0.4073,0.184,1.5927,0.128,-0.1022,curve,roam_curve_left,0
9890,98.9,0.366,-0.1483,0.3949,0.1841,1.6051,0.1564,-0.1232,curve,roam_curve_left,0
9900,99.0,0.3644,-0.1332,0.388,0.1876,1.612,0.1789,-0.0556,turn,roam_pivot_turn,0
9910,99.1,0.3754,-0.1133,0.3921,0.1867,1.6079,0.3164,0.1836,turn,roam_pivot_turn,0
9920,99.2,0.4057,-0.0948,0.4166,0.1851,1.5834,0.3928,0.3225,turn,roam_pivot_turn,0
9930,99.3,0.4463,-0.0878,0.4548,0.1862,1.5452,0.3886,0.3644,turn,roam_pivot_turn,0
9940,99.4,0.4801,-0.0758,0.486,0.1862,1.514,0.3491,0.2865,turn,roam_pivot_turn,0
9950,99.5,0.5113,-0.0602,0.5148,0.1861,1.4852,0.3122,0.2568,stop,roam_stance_pause,0
9960,99.6,0.5365,-0.0431,0.5383,0.1929,1.4617,0.3221,0.2407,stop,roam_stance_pause,0
9970,99.7,0.5567,-0.0295,0.5575,0.192,1.4425,0.1617,0.1493,stop,roam_stance_pause,0
9980,99.8,0.5693,-0.0316,0.5701,0.1911,1.4299,0.1387,0.1286,curve,roam_curve_right,0
9990,99.9,0.5744,-0.0455,0.5762,0.1847,1.4238,0.1719,-0.0226,curve,roam_curve_right,0
10000,100.0,0.5728,-0.0618,0.5761,0.1832,1.4239,0.1153,-0.0052,curve,roam_curve_right,0
10010,100.1,0.5692,-0.0651,0.5729,0.1833,1.4271,0.0212,-0.0208,curve,roam_curve_right,0
10020,100.2,0.5762,-0.0657,0.5799,0.1849,1.4201,0.1909,0.1906,curve,roam_curve_right,0
10030,100.3,0.5855,-0.0704,0.5897,0.1847,1.4103,0.0904,0.0893,curve,roam_curve_right,0
10040,100.4,0.597,-0.0696,0.6011,0.1838,1.3989,0.1343,0.1335,curve,roam_curve_right,0
10050,100.5,0.6108,-0.0671,0.6145,0.186,1.3855,0.1601,0.1428,curve,roam_curve_right,0
10060,100.6,0.6226,-0.0592,0.6254,0.1848,1.3746,0.0968,0.0642,curve,roam_curve_right,0
10070,100.7,0.6287,-0.0625,0.6317,0.1853,1.3683,0.107,0.0342,curve,roam_curve_right,0
10080,100.8,0.6254,-0.0774,0.6302,0.1838,1.3698,0.1441,-0.0938,curve,roam_curve_right,0
10090,100.9,0.6193,-0.0798,0.6244,0.1874,1.3756,0.0367,0.0366,move,roam_forward_cruise,0
10100,101.0,0.6287,-0.0781,0.6335,0.1856,1.3665,0.1591,0.1454,move,roam_forward_cruise,0
10110,101.1,0.6333,-0.0732,0.6375,0.1867,1.3625,0.0801,0.0559,move,roam_forward_cruise,0
10120,101.2,0.6406,-0.0673,0.6441,0.188,1.3559,0.1094,0.0891,move,roam_forward_cruise,0
10130,101.3,0.6468,-0.062,0.6497,0.1886,1.3503,0.0596,0.0459,move,roam_forward_cruise,0
10140,101.4,0.6556,-0.0596,0.6583,0.1911,1.3417,0.1329,0.1254,move,roam_forward_cruise,0
10150,101.5,0.6679,-0.0558,0.6702,0.1938,1.3298,0.1604,0.1483,move,roam_forward_cruise,0
10160,101.6,0.6747,-0.053,0.6768,0.1947,1.3232,0.1071,0.1064,move,roam_forward_cruise,0
10170,101.7,0.6812,-0.051,0.6831,0.195,1.3169,0.0415,0.0343,move,roam_forward_cruise,0
10180,101.8,0.69,-0.049,0.6917,0.1958,1.3083,0.0611,0.0463,curve,roam_curve_left,0
10190,101.9,0.6931,-0.0459,0.6946,0.1947,1.3054,0.0631,0.0631,curve,roam_curve_left,0
10200,102.0,0.6956,-0.0451,0.6971,0.1946,1.3029,0.0266,0.0221,curve,roam_curve_left,0
10210,102.1,0.6981,-0.0441,0.6995,0.1944,1.3005,0.0276,0.026,curve,roam_curve_left,0
10220,102.2,0.701,-0.0433,0.7024,0.1943,1.2976,0.0326,0.0309,curve,roam_curve_left,0
10230,102.3,0.7046,-0.0423,0.7059,0.1941,1.2941,0.0428,0.0407,curve,roam_curve_left,0
10240,102.4,0.7095,-0.041,0.7107,0.1937,1.2893,0.0591,0.0561,curve,roam_curve_left,0
10250,102.5,0.7163,-0.0392,0.7174,0.1931,1.2826,0.1368,0.1222,curve,roam_curve_left,0
10260,102.6,0.7271,-0.0349,0.7279,0.1898,1.2721,0.2029,0.168,turn,roam_pivot_turn,0
10270,102.7,0.7459,-0.0394,0.7469,0.1916,1.2531,0.3155,0.3018,turn,roam_pivot_turn,0
10280,102.8,0.766,-0.0233,0.7664,0.1869,1.2336,0.2548,0.2234,turn,roam_pivot_turn,0
10290,102.9,0.7923,-0.0149,0.7925,0.1866,1.2075,0.1975,0.1974,turn,roam_pivot_turn,0
10300,103.0,0.8162,-0.0168,0.8164,0.1866,1.1836,0.2664,0.2617,turn,roam_pivot_turn,0
10310,103.1,0.8414,-0.0273,0.8418,0.1886,1.1582,0.3124,0.2619,stop,roam_stance_pause,0
10320,103.2,0.8682,-0.0493,0.8696,0.1903,1.1304,0.3702,0.2919,stop,roam_stance_pause,0
10330,103.3,0.8952,-0.0748,0.8983,0.1866,1.1017,0.3536,0.27,stop,roam_stance_pause,0
10340,103.4,0.9163,-0.0978,0.9215,0.1875,1.0785,0.2843,0.2188,curve,roam_curve_right,0
10350,103.5,0.929,-0.1163,0.9362,0.1852,1.0638,0.2219,0.0816,curve,roam_curve_right,0
10360,103.6,0.9259,-0.1252,0.9344,0.1866,1.0656,0.0962,-0.0852,curve,roam_curve_right,0
10370,103.7,0.9097,-0.1256,0.9183,0.1825,1.0817,0.1963,-0.196,curve,roam_curve_right,0
10380,103.8,0.8912,-0.1201,0.8993,0.1819,1.1007,0.1718,-0.1685,curve,roam_curve_right,0
10390,103.9,0.8753,-0.1167,0.883,0.1821,1.117,0.1135,-0.1129,curve,roam_curve_right,0
10400,104.0,0.8731,-0.1146,0.8806,0.1802,1.1194,0.0554,0.0509,curve,roam_curve_right,0
10410,104.1,0.8898,-0.1108,0.8967,0.1832,1.1033,0.1915,0.1755,curve,roam_curve_right,0
10420,104.2,0.9078,-0.1009,0.9134,0.1817,1.0866,0.1474,0.0819,curve,roam_curve_right,0
10430,104.3,0.9185,-0.0894,0.9228,0.1815,1.0772,0.1777,0.1071,curve,roam_curve_right,0
10440,104.4,0.9288,-0.0772,0.932,0.1816,1.068,0.1507,0.0914,curve,roam_curve_right,0
10450,104.5,0.9376,-0.062,0.9397,0.1904,1.0603,0.2107,0.0654,move,roam_forward_cruise,0
10460,104.6,0.9462,-0.0377,0.9469,0.1866,1.0531,0.3632,0.06,move,roam_forward_cruise,0
10470,104.7,0.952,0.0048,0.952,0.1849,1.048,0.4683,0.0097,move,roam_forward_cruise,0
10480,104.8,0.9543,0.0491,0.9556,0.186,1.0444,0.4936,0.0779,move,roam_forward_cruise,0
10490,104.9,0.9604,0.1008,0.9657,0.1843,1.0343,0.5889,0.1274,move,roam_forward_cruise,0
10500,105.0,0.9655,0.1593,0.9786,0.1857,1.0214,0.5972,0.1366,move,roam_forward_cruise,0
10510,105.1,0.9685,0.2195,0.9931,0.1829,1.0069,0.5811,0.1334,move,roam_forward_cruise,0
10520,105.2,0.9697,0.2757,1.0081,0.1858,0.9919,0.5013,0.1632,move,roam_forward_cruise,0
10530,105.3,0.9806,0.3196,1.0314,0.1888,0.9686,0.3689,0.3005,move,roam_forward_cruise,0
10540,105.4,1.0088,0.3512,1.0682,0.1839,0.9318,0.448,0.3996,curve,roam_curve_left,0
10550,105.5,1.0381,0.3821,1.1062,0.1843,0.8938,0.4467,0.3963,curve,roam_curve_left,0
10560,105.6,1.0721,0.4191,1.1511,0.1822,0.8489,0.6364,0.5783,curve,roam_curve_left,0
10570,105.7,1.1074,0.4566,1.1978,0.1853,0.8022,0.4997,0.4572,curve,roam_curve_left,0
10580,105.8,1.1446,0.4988,1.2485,0.1812,0.7515,0.5892,0.5258,curve,roam_curve_left,0
10590,105.9,1.1794,0.5409,1.2975,0.1855,0.7025,0.5223,0.4677,curve,roam_curve_left,0
10600,106.0,1.2159,0.5843,1.349,0.1831,0.651,0.5679,0.5168,curve,roam_curve_left,0
10610,106.1,1.2487,0.6292,1.3983,0.1843,0.6017,0.5568,0.4842,turn,boundary_turn_inward,1
10620,106.2,1.2764,0.676,1.4444,0.1858,0.5556,0.51,0.4213,turn,boundary_turn_inward,1
10630,106.3,1.2959,0.7213,1.4831,0.1815,0.5169,0.4876,0.3606,turn,boundary_turn_inward,1
10640,106.4,1.3021,0.7694,1.5125,0.1825,0.4875,0.5047,0.2708,turn,boundary_turn_inward,1
10650,106.5,1.3008,0.8191,1.5372,0.183,0.4628,0.506,0.2439,turn,boundary_turn_inward,1
10660,106.6,1.2903,0.8584,1.5497,0.1876,0.4503,0.3359,-0.0493,turn,roam_pivot_turn,0
10670,106.7,1.265,0.882,1.5422,0.1874,0.4578,0.3378,-0.0255,turn,boundary_turn_inward,1
10680,106.8,1.2419,0.9079,1.5384,0.1844,0.4616,0.2973,-0.0284,turn,boundary_turn_inward,1
10690,106.9,1.2241,0.9254,1.5345,0.1873,0.4655,0.1771,-0.0374,stop,roam_stance_pause,0
10700,107.0,1.2117,0.936,1.5311,0.182,0.4689,0.1315,-0.0253,turn,boundary_turn_inward,1
10710,107.1,1.1996,0.9402,1.5242,0.1846,0.4758,0.1573,-0.0994,curve,roam_curve_right,0
10720,107.2,1.1768,0.9403,1.5063,0.1821,0.4937,0.2594,-0.2054,curve,roam_curve_right,0
10730,107.3,1.1501,0.9398,1.4852,0.1814,0.5148,0.2888,-0.2244,curve,roam_curve_right,0
10740,107.4,1.1219,0.9393,1.4632,0.1799,0.5368,0.2821,-0.2251,curve,roam_curve_right,0
10750,107.5,1.0886,0.9372,1.4365,0.1841,0.5635,0.3567,-0.2839,curve,roam_curve_right,0
10760,107.6,1.0497,0.9354,1.406,0.1832,0.594,0.411,-0.3108,curve,roam_curve_right,0
10770,107.7,1.0064,0.9358,1.3743,0.1839,0.6257,0.4251,-0.3088,curve,roam_curve_right,0
10780,107.8,0.9586,0.9363,1.34,0.1815,0.66,0.4776,-0.3373,curve,roam_curve_right,0
10790,107.9,0.9112,0.9364,1.3066,0.1836,0.6934,0.498,-0.3387,curve,roam_curve_right,0
10800,108.0,0.8609,0.9383,1.2734,0.184,0.7266,0.4996,-0.3083,curve,roam_curve_right,0
10810,108.1,0.8227,0.9382,1.2478,0.194,0.7522,0.2714,-0.2254,move,roam_forward_cruise,0
10820,108.2,0.807,0.9308,1.2319,0.198,0.7681,0.0472,-0.0471,move,roam_forward_cruise,0
10830,108.3,0.8103,0.9316,1.2347,0.1972,0.7653,0.0646,0.0637,move,roam_forward_cruise,0
10840,108.4,0.8168,0.9349,1.2415,0.1959,0.7585,0.1063,0.1063,move,roam_forward_cruise,0
10850,108.5,0.8219,0.9331,1.2434,0.1948,0.7566,0.1083,0.1042,move,roam_forward_cruise,0
10860,108.6,0.8175,0.93,1.2383,0.195,0.7617,0.0771,0.073,move,roam_forward_cruise,0
10870,108.7,0.8152,0.9249,1.2329,0.1951,0.7671,0.054,0.0405,move,roam_forward_cruise,0
10880,108.8,0.8126,0.9187,1.2265,0.1964,0.7735,0.0401,0.0231,move,roam_forward_cruise,0
10890,108.9,0.8103,0.9123,1.2201,0.1944,0.7799,0.1092,0.1032,move,roam_forward_cruise,0
10900,109.0,0.8206,0.9008,1.2185,0.1879,0.7815,0.1216,0.0305,curve,roam_curve_left,0
10910,109.1,0.835,0.8933,1.2228,0.1856,0.7772,0.1107,0.1081,curve,roam_curve_left,0
10920,109.2,0.8433,0.8909,1.2267,0.1854,0.7733,0.1544,0.125,curve,roam_curve_left,0
10930,109.3,0.8545,0.8908,1.2344,0.1849,0.7656,0.1692,0.1686,curve,roam_curve_left,0
10940,109.4,0.8672,0.8928,1.2447,0.1846,0.7553,0.1816,0.1815,curve,roam_curve_left,0
10950,109.5,0.8817,0.8958,1.257,0.1854,0.743,0.2235,0.2229,curve,roam_curve_left,0
10960,109.6,0.8994,0.8999,1.2722,0.1846,0.7278,0.1959,0.1941,curve,roam_curve_left,0
10970,109.7,0.9167,0.9022,1.2862,0.1847,0.7138,0.0916,0.0796,curve,roam_curve_left,0
10980,109.8,0.9327,0.904,1.2989,0.1849,0.7011,0.1721,0.1086,turn,roam_pivot_turn,0
10990,109.9,0.956,0.8968,1.3108,0.1868,0.6892,0.2278,0.0485,turn,roam_pivot_turn,0
11000,110.0,0.9795,0.8777,1.3152,0.1867,0.6848,0.327,-0.0433,turn,roam_pivot_turn,0
11010,110.1,1.0009,0.8501,1.3132,0.1853,0.6868,0.3904,-0.1199,turn,roam_pivot_turn,0
11020,110.2,1.0168,0.8162,1.3038,0.1872,0.6962,0.5017,-0.2545,turn,roam_pivot_turn,0
11030,110.3,1.0248,0.7802,1.288,0.187,0.712,0.3888,-0.2223,stop,roam_stance_pause,0
11040,110.4,1.0255,0.7466,1.2685,0.1903,0.7315,0.3527,-0.2446,stop,roam_stance_pause,0
11050,110.5,1.023,0.7161,1.2487,0.1906,0.7513,0.3201,-0.2341,stop,roam_stance_pause,0
11060,110.6,1.0222,0.6897,1.2331,0.1855,0.7669,0.2802,-0.1864,curve,roam_curve_right,0
11070,110.7,1.0232,0.6639,1.2197,0.183,0.7803,0.2939,-0.1721,curve,roam_curve_right,0
11080,110.8,1.027,0.6353,1.2077,0.182,0.7923,0.3105,-0.1479,curve,roam_curve_right,0
11090,110.9,1.0337,0.6036,1.197,0.1842,0.803,0.3141,-0.1259,curve,roam_curve_right,0
11100,111.0,1.044,0.575,1.1919,0.1855,0.8081,0.2923,-0.009,curve,roam_curve_right,0
11110,111.1,1.0563,0.5456,1.1889,0.1786,0.8111,0.3361,-0.0652,curve,roam_curve_right,0
11120,111.2,1.066,0.5093,1.1814,0.1821,0.8186,0.3708,-0.0613,curve,roam_curve_right,0
11130,111.3,1.0755,0.4746,1.1756,0.1853,0.8244,0.3664,-0.0636,curve,roam_curve_right,0
11140,111.4,1.0852,0.4369,1.1699,0.1826,0.8301,0.3429,-0.0363,curve,roam_curve_right,0
11150,111.5,1.0951,0.4133,1.1705,0.1882,0.8295,0.1524,0.0537,curve,roam_curve_right,0
11160,111.6,1.106,0.4139,1.1809,0.1893,0.8191,0.1702,0.163,curve,roam_curve_right,0
11170,111.7,1.1199,0.4259,1.1981,0.1908,0.8019,0.1251,0.1228,move,roam_forward_cruise,0
11180,111.8,1.1234,0.4243,1.2008,0.1916,0.7992,0.0834,-0.044,move,roam_forward_cruise,0
11190,111.9,1.1175,0.4102,1.1904,0.1922,0.8096,0.1596,-0.1214,move,roam_forward_cruise,0
11200,112.0,1.1057,0.3953,1.1742,0.1934,0.8258,0.217,-0.1972,move,roam_forward_cruise,0
11210,112.1,1.0893,0.3869,1.156,0.1901,0.844,0.179,-0.1729,move,roam_forward_cruise,0
11220,112.2,1.0675,0.3872,1.1356,0.1897,0.8644,0.2548,-0.2437,move,roam_forward_cruise,0
11230,112.3,1.0393,0.381,1.1069,0.1866,0.8931,0.2671,-0.267,move,roam_forward_cruise,0
11240,112.4,1.0315,0.3656,1.0944,0.1905,0.9056,0.2151,-0.0069,move,roam_forward_cruise,0
11250,112.5,1.0376,0.344,1.0932,0.1927,0.9068,0.202,0.043,move,roam_forward_cruise,0
11260,112.6,1.0422,0.3197,1.0901,0.183,0.9099,0.2451,-0.0779,curve,roam_curve_left,0
11270,112.7,1.0405,0.2939,1.0813,0.1834,0.9187,0.2535,-0.0749,curve,roam_curve_left,0
11280,112.8,1.0396,0.2682,1.0736,0.1809,0.9264,0.2802,-0.0784,curve,roam_curve_left,0
11290,112.9,1.0386,0.2361,1.0651,0.1831,0.9349,0.3594,-0.0848,curve,roam_curve_left,0
11300,113.0,1.0381,0.1972,1.0566,0.1829,0.9434,0.3805,-0.07,curve,roam_curve_left,0
11310,113.1,1.0376,0.1551,1.0491,0.1826,0.9509,0.4215,-0.0783,curve,roam_curve_left,0
11320,113.2,1.0346,0.1132,1.0407,0.1845,0.9593,0.4259,-0.0875,curve,roam_curve_left,0
11330,113.3,1.0317,0.0697,1.034,0.1852,0.966,0.5444,-0.0456,curve,roam_curve_left,0
11340,113.4,1.0294,0.0243,1.0297,0.1836,0.9703,0.4533,-0.0422,turn,roam_pivot_turn,0
11350,113.5,1.0213,-0.0209,1.0215,0.1842,0.9785,0.4718,-0.0985,turn,roam_pivot_turn,0
11360,113.6,1.0076,-0.0663,1.0098,0.1877,0.9902,0.4267,-0.1518,turn,roam_pivot_turn,0
11370,113.7,0.9828,-0.0956,0.9874,0.1882,1.0126,0.384,-0.2879,turn,roam_pivot_turn,0
11380,113.8,0.9454,-0.1156,0.9525,0.1868,1.0475,0.467,-0.4318,turn,roam_pivot_turn,0
11390,113.9,0.8977,-0.1254,0.9064,0.1857,1.0936,0.4867,-0.4617,stop,roam_stance_pause,0
11400,114.0,0.8577,-0.1316,0.8678,0.1944,1.1322,0.2426,-0.2288,stop,roam_stance_pause,0
11410,114.1,0.8504,-0.1363,0.8613,0.1956,1.1387,0.0789,0.0673,stop,roam_stance_pause,0
11420,114.2,0.8629,-0.1428,0.8746,0.1905,1.1254,0.1242,0.1153,curve,roam_curve_right,0
11430,114.3,0.8764,-0.1547,0.8899,0.1845,1.1101,0.2395,0.1935,curve,roam_curve_right,0
11440,114.4,0.8956,-0.1754,0.9126,0.183,1.0874,0.2896,0.2331,curve,roam_curve_right,0
11450,114.5,0.9058,-0.196,0.9268,0.1852,1.0732,0.1922,0.0389,curve,roam_curve_right,0
11460,114.6,0.899,-0.215,0.9244,0.1831,1.0756,0.2257,-0.0554,curve,roam_curve_right,0
11470,114.7,0.888,-0.2361,0.9189,0.1844,1.0811,0.2482,-0.044,curve,roam_curve_right,0
11480,114.8,0.8757,-0.263,0.9143,0.1849,1.0857,0.3347,-0.0656,curve,roam_curve_right,0
11490,114.9,0.8583,-0.295,0.9076,0.1838,1.0924,0.223,0.0081,curve,roam_curve_right,0
11500,115.0,0.8626,-0.3108,0.9169,0.1879,1.0831,0.1787,0.1644,curve,roam_curve_right,0
11510,115.1,0.882,-0.3237,0.9396,0.1856,1.0604,0.2706,0.2658,curve,roam_curve_right,0
11520,115.2,0.9089,-0.3355,0.9688,0.185,1.0312,0.2971,0.297,curve,roam_curve_right,0
11530,115.3,0.9389,-0.3508,1.0023,0.1873,0.9977,0.3917,0.3875,move,roam_forward_cruise,0
11540,115.4,0.9774,-0.3748,1.0469,0.1842,0.9531,0.5384,0.5117,move,roam_forward_cruise,0
11550,115.5,1.0003,-0.3894,1.0734,0.198,0.9266,0.1301,0.1296,move,roam_forward_cruise,0
11560,115.6,1.0037,-0.3835,1.0745,0.1966,0.9255,0.1197,-0.0649,move,roam_forward_cruise,0
11570,115.7,1.0018,-0.3779,1.0707,0.193,0.9293,0.063,0.0364,move,roam_forward_cruise,0
11580,115.8,1.0008,-0.3763,1.0692,0.1918,0.9308,0.0336,-0.0196,move,roam_forward_cruise,0
11590,115.9,0.9979,-0.371,1.0646,0.1885,0.9354,0.0537,-0.039,move,roam_forward_cruise,0
11600,116.0,1.0011,-0.372,1.068,0.1895,0.932,0.0212,0.0208,move,roam_forward_cruise,0
11610,116.1,1.0019,-0.3705,1.0682,0.1891,0.9318,0.0237,-0.0151,move,roam_forward_cruise,0
11620,116.2,1.0012,-0.3627,1.0648,0.1842,0.9352,0.1056,-0.0701,curve,roam_curve_left,0
11630,116.3,0.9986,-0.3524,1.059,0.1824,0.941,0.1031,-0.0618,curve,roam_curve_left,0
11640,116.4,0.9948,-0.3437,1.0525,0.1809,0.9475,0.0972,-0.0777,curve,roam_curve_left,0
11650,116.5,0.9878,-0.3382,1.0441,0.1819,0.9559,0.1004,-0.1004,curve,roam_curve_left,0
11660,116.6,0.9775,-0.3355,1.0334,0.1802,0.9666,0.1129,-0.1106,curve,roam_curve_left,0
11670,116.7,0.968,-0.3378,1.0253,0.1809,0.9747,0.1268,-0.0664,curve,roam_curve_left,0
11680,116.8,0.9593,-0.3495,1.021,0.1835,0.979,0.1649,-0.0241,curve,roam_curve_left,0
11690,116.9,0.9509,-0.3656,1.0187,0.1824,0.9813,0.1855,-0.0074,curve,roam_curve_left,0
11700,117.0,0.9384,-0.3732,1.0099,0.1845,0.9901,0.1654,-0.1207,turn,roam_pivot_turn,0
11710,117.1,0.9181,-0.3741,0.9914,0.1851,1.0086,0.2501,-0.2452,turn,roam_pivot_turn,0
11720,117.2,0.8994,-0.3643,0.9704,0.1806,1.0296,0.2038,-0.1791,turn,roam_pivot_turn,0
11730,117.3,0.8878,-0.3448,0.9524,0.1862,1.0476,0.2511,-0.1584,turn,roam_pivot_turn,0
11740,117.4,0.8831,-0.3192,0.9391,0.1859,1.0609,0.3365,-0.1287,turn,roam_pivot_turn,0
11750,117.5,0.879,-0.2839,0.9237,0.1859,1.0763,0.3678,-0.1456,stop,roam_stance_pause,0
11760,117.6,0.8756,-0.2451,0.9093,0.1868,1.0907,0.3818,-0.1399,stop,roam_stance_pause,0
11770,117.7,0.8717,-0.2145,0.8977,0.1915,1.1023,0.2616,-0.1155,stop,roam_stance_pause,0
11780,117.8,0.8691,-0.1916,0.89,0.1919,1.11,0.2054,-0.0126,curve,roam_curve_right,0
11790,117.9,0.8848,-0.1737,0.9017,0.1844,1.0983,0.2832,0.1936,curve,roam_curve_right,0
11800,118.0,0.9107,-0.1566,0.9241,0.182,1.0759,0.3418,0.2491,curve,roam_curve_right,0
11810,118.1,0.9409,-0.1386,0.951,0.1833,1.049,0.343,0.2859,curve,roam_curve_right,0
11820,118.2,0.9737,-0.123,0.9815,0.1862,1.0185,0.4503,0.3586,curve,roam_curve_right,0
11830,118.3,1.0013,-0.1035,1.0066,0.1855,0.9934,0.3187,0.1933,curve,roam_curve_right,0
11840,118.4,1.0178,-0.0778,1.0208,0.1839,0.9792,0.2965,0.1109,curve,roam_curve_right,0
11850,118.5,1.0323,-0.0456,1.0333,0.1857,0.9667,0.454,0.194,curve,roam_curve_right,0
11860,118.6,1.0498,-0.0082,1.0498,0.1822,0.9502,0.4539,0.1884,curve,roam_curve_right,0
11870,118.7,1.0677,0.0334,1.0682,0.1817,0.9318,0.5388,0.2159,curve,roam_curve_right,0
11880,118.8,1.0872,0.0744,1.0898,0.1858,0.9102,0.4665,0.2545,curve,roam_curve_right,0
11890,118.9,1.1138,0.1139,1.1196,0.1864,0.8804,0.4382,0.286,move,roam_forward_cruise,0
11900,119.0,1.1319,0.139,1.1404,0.1904,0.8596,0.2287,0.173,move,roam_forward_cruise,0
11910,119.1,1.1373,0.146,1.1466,0.1932,0.8534,0.007,0.003,move,roam_forward_cruise,0
11920,119.2,1.139,0.1451,1.1482,0.1937,0.8518,0.0343,0.0185,move,roam_forward_cruise,0
11930,119.3,1.1401,0.1405,1.1487,0.1925,0.8513,0.0477,0.0276,move,roam_forward_cruise,0
11940,119.4,1.1421,0.1368,1.1502,0.1916,0.8498,0.044,0.0225,move,roam_forward_cruise,0
11950,119.5,1.1435,0.1316,1.151,0.1897,0.849,0.0578,0.0249,move,roam_forward_cruise,0
11960,119.6,1.1466,0.1272,1.1536,0.1889,0.8464,0.0625,0.0196,move,roam_forward_cruise,0
11970,119.7,1.1496,0.1216,1.156,0.1873,0.844,0.06,0.0306,move,roam_forward_cruise,0
11980,119.8,1.1487,0.1112,1.1541,0.1873,0.8459,0.1592,-0.0226,curve,roam_curve_left,0
11990,119.9,1.1509,0.0936,1.1547,0.1852,0.8453,0.1921,0.0283,curve,roam_curve_left,0
12000,120.0,1.1554,0.0722,1.1576,0.1852,0.8424,0.2816,-0.0233,curve,roam_curve_left,0
