time_s,step,sub_skill,x_m,y_m,z_m,vx_m_s,vy_m_s,speed_m_s,cross_track_error_cm,curvature_1_m,heading_err_deg,dist_to_goal_m
0.0,0,move,0.014286937098436536,-0.009986673436370542,0.21363786026197884,0.05935117589830541,-0.06076620163837996,0.08494170555191272,0.9986673436370542,0.0,0.6846452815232738,7.785719658547708
0.01,1,move,0.016469593147818016,-0.010194548445696507,0.21306157598322298,0.32303136715204256,-0.001689484129159334,0.3230357852014857,1.0194548445696507,0.0,1.0003843898820364,7.783537273784443
0.02,2,move,0.017679018439097933,-0.010790721127571798,0.21128789382495364,0.029420021775818872,-0.06183732498984293,0.06847913874450459,1.0790721127571798,0.0,0.7427761119119732,7.782328653328989
0.03,3,move,0.019299924486320254,-0.011140491228021738,0.20925286551293662,0.23428756333625808,-0.03311475830518447,0.23661624955114965,1.1140491228021738,0.0,8.813375550219694,7.780708241782682
0.04,4,move,0.01990956244385849,-0.011138467394675033,0.20623933394928545,0.028022249931194218,-0.0021593863320279235,0.02810532761839405,1.1138467394675033,0.0,0.7687702986885073,7.780098601552387
0.05,5,move,0.021782926506366162,-0.011711843410048918,0.2042832235707273,0.3138715464191823,-0.051221327690542315,0.3180235401066261,1.1711843410048919,0.0,10.07867845612761,7.778226081621587
0.06,6,move,0.023399824473173382,-0.011332854047666487,0.20250212309546056,0.170445815116455,0.04244692492209978,0.1756516932057734,1.1332854047666487,0.0,0.7854874050916898,7.776608623951852
0.07,7,move,0.026657818463349477,-0.011777361386399336,0.20213114532952403,0.44914421782951075,-0.05498534587534323,0.4524974217282504,1.1777361386399336,0.0,7.799083183068556,7.773351294184057
0.08,8,move,0.030349934102789626,-0.011005677711938432,0.20237787702082663,0.37002324709114776,0.09773471758923373,0.3827130496992804,1.1005677711938433,0.0,-14.026428912224263,7.769658051376826
0.09,9,move,0.034078186626267506,-0.011952669013352618,0.20206311788606032,0.3972561124224254,-0.148264250681429,0.42402205943453497,1.195266901335262,0.0,21.305903211095238,7.765931202386138
0.1,10,move,0.038186944439324175,-0.010918714981691368,0.20098960994391465,0.4366060483272606,0.15831568898661272,0.46442297403902416,1.0918714981691369,0.0,-19.160345801279977,7.761820926091103
0.11,11,move,0.04217773963483498,-0.011742491556179279,0.19889037177202884,0.4149987318965861,-0.14236187716504506,0.43873779361451176,1.174249155617928,0.0,19.7668986646477,7.757831338002883
0.12,12,move,0.04640414117147604,-0.010641265494685458,0.19585827340490275,0.44715442780314624,0.16215463271830002,0.4756481969018341,1.064126549468546,0.0,-19.17383615104073,7.75360335175435
0.13,13,move,0.050221169697906666,-0.011308576326695635,0.19203731924387074,0.3805855185738436,-0.11246988573589364,0.39685616052364164,1.1308576326695634,0.0,17.184440239972893,7.749787271841922
0.14,14,move,0.054970697415826296,-0.01007703523194001,0.18837394648078565,0.5424189403332167,0.18257818227249129,0.5723225484585914,1.007703523194001,0.0,-17.95725682232083,7.745036048916803
0.15,15,move,0.06019010790369838,-0.010370370037258323,0.1866317740732515,0.5445293107669676,-0.07537600496355232,0.5497214862169881,1.0370370037258323,0.0,8.549716978226787,7.739817030322466
0.16,16,move,0.06647360339516883,-0.008823982926900755,0.18593868237970207,0.7145185486536102,0.20559983748898797,0.7435106250387816,0.8823982926900755,0.0,-15.479931770532778,7.733531621436912
0.17,17,move,0.07281068801011502,-0.009330220337605647,0.18606796121748592,0.6203787245886256,-0.09407716761509433,0.6274713343163083,0.9330220337605647,0.0,9.233189971778192,7.727195135625286
0.18,18,move,0.07958378803669887,-0.0077357648944519,0.18619821908176773,0.7499369870726756,0.1990129401560611,0.7758940874431267,0.77357648944519,0.0,-14.352247449404361,7.720420278269142
0.19,19,move,0.08616365489252446,-0.008349343258821936,0.1862052395671055,0.6420115300756095,-0.09206520912844082,0.6485790680263193,0.8349343258821936,0.0,8.715230754880993,7.713841054444211
0.2,20,move,0.09289708397807094,-0.006905749644689866,0.18622150985432262,0.7494388468760761,0.17436240206351347,0.76945489306411,0.6905749644689866,0.0,-12.634972093180634,7.707106200615012
0.21,21,move,0.09980345101445678,-0.007574899846446147,0.18627649152504006,0.6919892143654929,-0.12244786180765324,0.7027393198472945,0.7574899846446147,0.0,10.545875352551706,7.700200465540392
0.22,22,move,0.10672816377044804,-0.006206274669448666,0.18686363943698903,0.7860576446906458,0.182367816308458,0.8069353389223457,0.6206274669448666,0.0,-12.639410817566143,7.693274530310123
0.23,23,move,0.11358058229058736,-0.006647889872291317,0.18815946145089396,0.6739743731656358,-0.0981888443788845,0.6810892047628361,0.6647889872291317,0.0,8.744966197583906,7.686422483282871
0.24,24,move,0.12145048821971911,-0.005390845890389882,0.1892606721006676,0.8796383646926254,0.1715810237799464,0.8962163245335865,0.5390845890389881,0.0,-10.664090853170125,7.678551594878739
0.25,25,move,0.12928524957993465,-0.005974871013897542,0.19016460399649585,0.7450117400418943,-0.11935218439613429,0.7545113893907632,0.5974871013897541,0.0,9.519302370477282,7.670717268126957
0.26,26,move,0.13740868653681848,-0.00467122726415429,0.19018409945524747,0.9011789440796181,0.18483355265407267,0.9199385476428201,0.46712272641542896,0.0,-11.26085319506271,7.662592928021963
0.27,27,move,0.14532718364739408,-0.005293807753919147,0.19007271572612952,0.8033580968907715,-0.12464375768341865,0.8129700475229116,0.5293807753919146,0.0,9.196844746290797,7.654674837629228
0.28,28,move,0.15302206567706636,-0.004017427145903966,0.18910267635511607,0.8119309569870503,0.1659624879746984,0.8287191480403112,0.40174271459039657,0.0,-11.295045090880407,7.6469791803583025
0.29,29,move,0.16085960771595903,-0.004660853181607575,0.18800051084354852,0.7758525251677386,-0.10745807292264295,0.7832588194494873,0.4660853181607575,0.0,8.186680523086578,7.63914200487717
0.3,30,move,0.16892933421646592,-0.0032160145871150824,0.18724941076246107,0.8681158270648441,0.19518854676461855,0.8897885467843256,0.32160145871150825,0.0,-12.462006309753743,7.631071534191922
0.31,31,move,0.1772323285012844,-0.0035870651878349633,0.18760216081323736,0.823024980651596,-0.10493063069080463,0.8296870229392105,0.35870651878349635,0.0,7.501830935798928,7.62276870622071
0.32,32,move,0.18587130052886022,-0.0020219989702501516,0.18831675387293478,0.9093540073590366,0.1979121591873321,0.9306416783349705,0.20219989702501517,0.0,-12.14393877059848,7.614129158685813
0.33,33,move,0.19448754567406576,-0.0023700564906886257,0.1890336276718255,0.8528491752259486,-0.10606710156579491,0.8594195399908879,0.23700564906886257,0.0,7.248556010019512,7.605513014343441
0.34,34,move,0.20318581918372985,-0.0007908803591427596,0.18917175920972112,0.9047500359532225,0.19253430506267585,0.9250092357286628,0.07908803591427596,0.0,-11.959884565329448,7.596814412719161
0.35000000000000003,35,move,0.2119931473793935,-0.0009808437723161007,0.189463781130312,0.9353275490883224,-0.10410218057005843,0.9411030167218726,0.09808437723161008,0.0,6.418160585059601,7.588007106748565
0.36,36,move,0.22123658262754897,0.0005512434618593521,0.18969544889394088,0.9867680109326291,0.19020290311706917,1.0049319637438638,0.05512434618593521,0.0,-10.948378694489524,7.5787636281547375
0.37,37,move,0.23056001645258195,0.0004556773572711179,0.1898445989369857,0.9640798621142417,-0.09011508061986406,0.9682823494670033,0.045567735727111786,0.0,5.308110993745416,7.569440187998081
0.38,38,move,0.24039916816801205,0.0018856884539321314,0.1897669432261156,1.0424096448681477,0.1795613821111097,1.057761862452882,0.18856884539321314,0.0,-9.907499764476688,7.559601257752603
0.39,39,move,0.2503233167115824,0.0016646049548297793,0.18984555226537364,1.0296036227516012,-0.10588743912465501,1.0350341877192266,0.16646049548297792,0.0,5.7653623277085435,7.549677057535083
0.4,40,move,0.2606064257144935,0.0032135875424218786,0.1895169819819685,1.0812565760640391,0.18605407556610054,1.0971471652957434,0.32135875424218785,0.0,-9.971302712803608,7.539394449899337
0.41000000000000003,41,move,0.2706410866501431,0.0030799800540732727,0.18949844902077426,1.0355122756982464,-0.09242303977746427,1.0396286314850451,0.30799800540732725,0.0,4.8987813972026215,7.5293597340371905
0.42,42,move,0.281160438164747,0.004472503912766462,0.18938375008788272,1.0890096761620565,0.15619795516292212,1.1001544782309733,0.44725039127664623,0.0,-8.458564689183142,7.518841082781302
0.43,43,move,0.2918494434289657,0.00434613407700581,0.18920114220039544,1.0983534978535612,-0.09658338615571813,1.102591835961276,0.43461340770058104,0.0,4.733897149718294,7.508152005197519
0.44,44,move,0.30285042352665414,0.005858912842725462,0.18839805471416035,1.1595922112945878,0.18670497221395854,1.1745266464173927,0.5858912842725462,0.0,-9.544682860093063,7.497152056535189
0.45,45,move,0.3141157981503177,0.005762520915639847,0.1879949648673269,1.163728685066173,-0.09598239652356144,1.167680210026808,0.5762520915639847,0.0,4.318198948791273,7.485886610535068
0.46,46,move,0.3258293373566092,0.007320025894997465,0.1873059947310204,1.2299170705841602,0.19401092093381755,1.2451249888890312,0.7320025894997465,0.0,-9.475374326924525,7.474174437907382
0.47000000000000003,47,move,0.33715040260496376,0.007094937994181997,0.1866841612418726,1.164198344290262,-0.09658154850907505,1.168197663223394,0.7094937994181997,0.0,4.23994192132402,7.462853160711099
0.48,48,move,0.34836420284039615,0.008619274213570024,0.18648179799498873,1.1353067183964776,0.16776061290533217,1.1476345097976757,0.8619274213570024,0.0,-8.956386841010827,7.451640972830878
0.49,49,move,0.3594606678734812,0.008648924762506234,0.18724157882354978,1.1338782230983773,-0.061739008030428866,1.135557805630922,0.8648924762506234,0.0,2.5570230442707262,7.440544549638946
0.5,50,move,0.3712976662856962,0.009968670577719978,0.18743214988773835,1.2347656749892848,0.16425205035143084,1.2456424078267379,0.9968670577719978,0.0,-8.230909983868788,7.428709212989193
0.51,51,move,0.3827351558120183,0.009971957970033215,0.1871851112254262,1.1864161725061375,-0.042543515452460476,1.1871787081527223,0.9971957970033215,0.0,1.3910448027669573,7.417271738195571
0.52,52,move,0.3945570978955593,0.010830284081422455,0.18685479763851415,1.2342344666893958,0.11775874859469666,1.2398394418773127,1.0830284081422454,0.0,-6.17978235826839,7.405451012351284
0.53,53,move,0.4067831318976836,0.010735377545538724,0.1868747446725397,1.2701247571887009,-0.055568779168279125,1.271339761055993,1.0735377545538725,0.0,1.7713046643819221,7.39322485302673
0.54,54,move,0.41910183290311875,0.011611594605520513,0.18653065504531277,1.2633070255073136,0.11993277195391959,1.2689871987079646,1.1611594605520514,0.0,-6.228704193607983,7.380907491479123
0.55,55,move,0.43114621735779574,0.011582145059326336,0.18611774704301917,1.2320360017862362,-0.040555175753990674,1.2327033024932852,1.1582145059326336,0.0,1.069937788146729,7.368863075606655
0.56,56,move,0.44375454656264646,0.01224519683150349,0.18616910797751926,1.2893689128329915,0.09701245917463897,1.2930133837726667,1.2245196831503489,0.0,-5.178477686439622,7.356255835834434
0.5700000000000001,57,move,0.4566632110787001,0.011868207736902444,0.1870123044591017,1.3522926724263262,-0.0923747585868761,1.3554440482446772,1.1868207736902443,0.0,3.1412143478951053,7.343346570273024
0.58,58,move,0.46934172709499383,0.01254982811289387,0.18743090590088554,1.2681732724746893,0.10380506562035992,1.272414610363937,1.254982811289387,0.0,-5.501804886481899,7.330669206063012
0.59,59,move,0.48190664025814667,0.012176438904381082,0.1872637105279077,1.327414290555835,-0.045824761724331906,1.3282050321990737,1.2176438904381082,0.0,1.1676533709019508,7.318103680544114
0.6,60,move,0.494544375393011,0.012545158935230375,0.18657788498083036,1.247174574021768,0.04611812401887473,1.2480269626291727,1.2545158935230374,0.0,-2.9641604844751543,7.305466586805034
0.61,61,move,0.5074690417898998,0.012401421243559965,0.18595586407977038,1.3386214040463338,-0.02295235140176474,1.3388181630848337,1.2401421243559965,0.0,0.13264044239448183,7.292541693647107
0.62,62,move,0.5206614031211838,0.012595707800972128,0.18516184369012512,1.2909358601323522,0.025920989798746526,1.2911960705825443,1.259570780097213,0.0,-2.027112161862926,7.279349685013902
0.63,63,move,0.5336757107100709,0.012760864621201419,0.18477215772164987,1.3109631086833158,0.020329947264066235,1.3111207339846254,1.2760864621201418,0.0,-1.791028492420908,7.266335685107966
0.64,64,move,0.5469236292848118,0.013090652278941536,0.1845855583733251,1.3292999568001833,0.040763764394569815,1.3299248323257165,1.3090652278941537,0.0,-2.593980633253019,7.253088374715504
0.65,65,move,0.560129952762216,0.013333181955712233,0.18468544315397278,1.3078517051324123,0.01586424489228142,1.3079479182611824,1.3333181955712232,0.0,-1.5607673975872673,7.239882515374347
0.66,66,move,0.5735696827264397,0.013677763380194633,0.1846386344055827,1.3613796541257157,0.04479594135001752,1.3621164557514485,1.3677763380194634,0.0,-2.786539221685365,7.226443452230563
0.67,67,move,0.5874139028727088,0.013945531700223847,0.18491482124934236,1.3975236660945178,0.02517318161648031,1.3977503662553474,1.3945531700223845,0.0,-1.9663936056251212,7.212599769688567
0.68,68,move,0.6012511587397888,0.014456703071800261,0.18537346907893296,1.3571407494238865,0.06765610628522983,1.3588260972120407,1.445670307180026,0.0,-3.8385747629633835,7.19876354813198
0.6900000000000001,69,move,0.6150138961297164,0.014758415126903847,0.18599981837237853,1.3872642605650063,0.01633189118337472,1.3873603927280753,1.4758415126903848,0.0,-1.696389701854768,7.185001451947024
0.7000000000000001,70,move,0.6288477109679141,0.01526193117837647,0.18620420696068904,1.3575364692348637,0.0700619431228605,1.359343202129915,1.5261931178376469,0.0,-4.029106521509806,7.171168720272237
0.71,71,move,0.642960036786132,0.015405820125122607,0.18646054272285817,1.4158436326781927,0.0074891384078579724,1.415863439527087,1.5405820125122607,0.0,-1.2857214029838224,7.1570567347568375
0.72,72,move,0.6571017426821374,0.015799335242046797,0.18680175753496966,1.4170246187661064,0.042804826017521266,1.4176709855673917,1.5799335242046797,0.0,-2.7541076666737268,7.142915921259898
0.73,73,move,0.6712417898333118,0.01610402384934125,0.18706516750787733,1.4091001458389871,0.028759124584856317,1.409393595930655,1.610402384934125,0.0,-2.2297898631331283,7.128776590552448
0.74,74,move,0.6852542164931817,0.0166431796070364,0.18733480003812028,1.3919070181522915,0.07002127640306499,1.3936671504813185,1.6643179607036402,0.0,-3.9939030415322074,7.1147654405057965
0.75,75,move,0.6995743192010055,0.016980881227057376,0.1874906001157585,1.4533238055819575,0.02248422687130766,1.4534977207856996,1.6980881227057376,0.0,-2.0422892650892757,7.1004461766479565
0.76,76,move,0.7137461925567695,0.017507324177651194,0.1876206162837653,1.3695617134299483,0.06504101791240402,1.3711052552245058,1.7507324177651193,0.0,-3.931132185275814,7.0862756249735925
0.77,77,move,0.7282782290529275,0.01786352933246435,0.18744699703989884,1.5089711131751702,0.023358533288064608,1.5091518947655607,1.7863529332464352,0.0,-2.1457911294611995,7.071744523737747
0.78,78,curve,0.7429844136774992,0.018421059452184696,0.1873066412715857,1.4380974900283952,0.06964240880646294,1.4397827808146397,1.8421059452184696,0.41787948512900214,-2.5532746427250563,7.05703981943335
0.79,79,curve,0.7575204816178592,0.018911490978773492,0.18638731298489697,1.4928006631411916,0.02366838857986875,1.4929882827714185,1.8911490978773493,0.41787948512900214,-0.7175077306912981,7.0425051010145365
0.8,80,curve,0.7720406311966943,0.01937745869331718,0.18521184326409795,1.427318897155141,0.06129796648705026,1.4286345490963095,1.9377458693317182,0.41787948512900214,-2.295986267680858,7.0279862732086595
0.81,81,curve,0.7864686719226411,0.01978709161232873,0.1839263170555485,1.435069858224809,0.03690114579492425,1.43554421476538,1.9787091612328729,0.41787948512900214,-1.3346922946270967,7.01355943115669
0.8200000000000001,82,curve,0.8009100060492609,0.02009897922282896,0.18305840046822305,1.4212320115394796,0.04110559723625226,1.4218263258037898,2.009897922282896,0.41787948512900214,-1.5374113721972122,6.999119043303103
0.8300000000000001,83,curve,0.8154289111094232,0.020582380536899585,0.18277735968416572,1.471858308097197,0.05069278314177339,1.4727310132462759,2.0582380536899585,0.41787948512900214,-1.8849513441198518,6.984601606001385
0.84,84,curve,0.8300113609092613,0.021106025224107712,0.1823090329104016,1.4539250470702725,0.053306158779263854,1.454901917333981,2.110602522410771,0.41787948512900214,-2.047767233087658,6.970020785635752
0.85,85,curve,0.8444919603146612,0.02163968937305298,0.18171879460870377,1.445209576743788,0.05353921898379716,1.4462009433966478,2.163968937305298,0.5074402629557462,0.476226766854846,6.9555418925917865
0.86,86,curve,0.858922111419239,0.022194675171159247,0.18124226127801812,1.4433153693068317,0.05444076731756973,1.4443417367172637,2.2194675171159246,0.5074402629557462,0.4442825630514307,6.941113563885973
0.87,87,curve,0.8733404182141381,0.02271495362445755,0.18123966956774132,1.4428059952517887,0.05098063304412424,1.4437063984342813,2.271495362445755,0.5074402629557462,0.5898343468384691,6.926697017581686
0.88,88,curve,0.88772522890539,0.023210941863568767,0.18116760899514628,1.4351218219207322,0.04913372027491884,1.4359626618478407,2.3210941863568766,0.5074402629557462,0.6636093338349854,6.912313932089372
0.89,89,curve,0.9019120466931702,0.023766995653413097,0.18103686628607177,1.4296483772868047,0.04950078473246296,1.4305050892492217,2.3766995653413097,0.5074402629557462,0.6479524750769952,6.8981290878796235
0.9,90,curve,0.9162446584429833,0.024282288887796728,0.1810471729425291,1.430211221377603,0.0555500378244823,1.4312896088691194,2.428228888779673,0.5074402629557462,0.4168382653177238,6.883798359765682
0.91,91,curve,0.9305170368631754,0.024893938347998665,0.18133099997039698,1.4238135650372363,0.06452226001290234,1.4252747770241418,2.4893938347998668,0.5074402629557462,0.049801792065924444,6.869528259603666
0.92,92,curve,0.9444664332508571,0.025572013818366275,0.18203339633428986,1.3765321662953147,0.07037518719886385,1.3783299575279306,2.5572013818366277,0.49673069482619087,2.2610306643031435,6.855581450751898
0.93,93,curve,0.9586835554944633,0.0262724002441729,0.18290996459305037,1.4188314963576434,0.06827474636743203,1.4204732507330107,2.62724002441729,0.49673069482619087,2.471938826242768,6.841367081412283
0.9400000000000001,94,curve,0.9728316468409497,0.02690804339915133,0.18354697254755556,1.4121028011163301,0.05973577279761382,1.4133657288445598,2.690804339915133,0.49673069482619087,2.849025294092101,6.827221570268106
0.9500000000000001,95,curve,0.9869323657846243,0.027446205125503213,0.18414108246748595,1.4082680030044181,0.04970966544733191,1.4091450667425756,2.744620512550321,0.49673069482619087,3.3020702878033195,6.813123107764014
0.96,96,curve,1.0009231965106562,0.027937313561319767,0.18477162954878867,1.4069064462352752,0.04260612672361409,1.4075514308517327,2.7937313561319765,0.49673069482619087,3.645793061536254,6.7991343909999244
0.97,97,curve,1.0147498739154661,0.028334239051970425,0.1850551241407939,1.3620309538371762,0.03803539689117335,1.362561929098005,2.8334239051970425,0.49673069482619087,3.8450313126848625,6.78530947643513
0.98,98,curve,1.0288165261794073,0.028821772970112455,0.18490858564302223,1.4040130701827946,0.05230211272690953,1.4049869082094022,2.8821772970112454,0.49673069482619087,3.372860432810286,6.771245004704806
0.99,99,curve,1.0428121519859297,0.029379889486329292,0.18461752100249973,1.3972370666480145,0.059072523895521124,1.398485246076817,2.9379889486329294,0.4808778726487005,5.35086347843737,6.757251909535258
1.0,100,curve,1.056783642193494,0.030014243107908928,0.18432209541518516,1.3962179389791016,0.06586834996680577,1.3977707868797373,3.0014243107908927,0.4808778726487005,5.155232731303201,6.743283345323071
1.01,101,curve,1.0707386194583797,0.030662354219232805,0.18390239250032617,1.3946634185167814,0.06266934398821562,1.3960707351795711,3.0662354219232806,0.4808778726487005,5.369535433524089,6.729331428501995
1.02,102,curve,1.084445570025613,0.031287271392770315,0.1833237786502083,1.352884206244545,0.06234657460009788,1.3543200400460365,3.1287271392770313,0.4808778726487005,5.392086763551523,6.715627502853368
1.03,103,curve,1.098434518198415,0.03182652859467265,0.1828098945572063,1.3972325526958203,0.05296581417053897,1.3982360972967427,3.182652859467265,0.4808778726487005,5.95972943275086,6.701641246086013
1.04,104,curve,1.112352727243266,0.03236295733910228,0.18247422341265318,1.3874150826832248,0.055777251959699625,1.388535816424292,3.236295733910228,0.4808778726487005,5.93140257857614,6.687725768671539
1.05,105,curve,1.1261054124357204,0.032946285146971156,0.18225582598839377,1.3724630773843836,0.060055316409714565,1.3737763791143314,3.2946285146971155,0.4808778726487005,5.8295140906379945,6.673976098961814
1.06,106,curve,1.1397874740279783,0.033562965407737386,0.182227476079921,1.3664722936636169,0.06248961621013218,1.367900391652987,3.3562965407737386,0.4602973829347659,7.655993074619974,6.660297283487507
1.07,107,curve,1.1534717613983538,0.03419748088404109,0.1823954490516917,1.369052042741698,0.061536209165536565,1.370434311002786,3.419748088404109,0.4602973829347659,7.822560817319247,6.6466164045834075
1.08,108,curve,1.1669759276167426,0.03476925922395185,0.18255773634712857,1.3352197335397384,0.05365005298885052,1.3362971469772869,3.4769259223951847,0.4602973829347659,8.222932455483262,6.633115389958226
1.09,109,curve,1.1807113383918195,0.035255979445989474,0.18260172350291384,1.3973320593168848,0.04803888443309707,1.3981575799645556,3.5255979445989474,0.4602973829347659,8.695480156964743,6.619382742736635
1.1,110,curve,1.1945619700028425,0.03572623738483439,0.1822122924112761,1.3918146927357944,0.04599029500452298,1.392574323384514,3.572623738483439,0.4602973829347659,8.91987120462789,6.605534834662904
1.11,111,curve,1.2084214509454614,0.03612635320192055,0.1814647622837928,1.3814584332713244,0.03658310122704656,1.3819427362057557,3.612635320192055,0.4602973829347659,9.45357767935278,6.5916777375899755
1.12,112,curve,1.2220790170347469,0.036420017976263416,0.18075683864528147,1.3719155214699228,0.02020824829376012,1.3720643466504012,3.6420017976263415,0.4602973829347659,10.294940234218569,6.5780219963999595
1.1300000000000001,113,curve,1.2357089185321213,0.03654696748557899,0.18028739354568654,1.3568989690121498,0.008068019113652528,1.3569229547172725,3.654696748557899,0.4354553275533709,12.417149811965265,6.564393009802924
1.1400000000000001,114,curve,1.249204554754552,0.03658097089947632,0.18026617521273586,1.345051164955039,8.698474431722051e-05,1.3450511677677,3.6580970899476317,0.4354553275533709,12.951261394367943,6.5508977729629265
1.1500000000000001,115,curve,1.26239754070035,0.036508411793724674,0.18082790400936125,1.2990003101020793,-0.011695586765309405,1.2990529598115248,3.6508411793724673,0.4354553275533709,13.676482057633844,6.537704587534526
1.16,116,curve,1.2757708541014383,0.036498579846784014,0.18133310144177808,1.3415585391547913,0.002593879643403894,1.3415610467625922,3.6498579846784014,0.4354553275533709,13.260535773242228,6.524331428071313
1.17,117,curve,1.2891708243416016,0.036576960008872214,0.18178131797530137,1.3368545024837664,0.011743787526002167,1.3369060839702145,3.6576960008872215,0.4354553275533709,13.079824322798643,6.510932107793197
1.18,118,curve,1.3025115460396623,0.03675989951284478,0.1824173842294059,1.3317747562509807,0.022464422294286662,1.331964208098842,3.675989951284478,0.4354553275533709,12.827207688141465,6.497592629440174
1.19,119,curve,1.3155817983791631,0.03705015246192714,0.1832482954576961,1.286802454643786,0.03241761966893247,1.2872107284132899,3.7050152461927137,0.4354553275533709,12.555560053177683,6.484524238594404
1.2,120,curve,1.3287950155831412,0.03731894011586959,0.1838292885279014,1.3268277659330203,0.02648586439868483,1.327092092306994,3.7318940115869585,0.4354553275533709,13.071011766848583,6.471312781978769
1.21,121,curve,1.3420284873445787,0.03759129652605739,0.1842147769212172,1.3193836634871425,0.027155281919916015,1.3196630860992147,3.759129652605739,0.4068271300473806,14.246296225840481,6.458081110311647
1.22,122,curve,1.3551995963971069,0.03787241406088525,0.18449834359361572,1.3147252810910612,0.0270630654945935,1.3150037924865217,3.787241406088525,0.4068271300473806,14.463748949554878,6.444911870656037
1.23,123,curve,1.368086009565139,0.03806040491370582,0.18466027087447884,1.2689709037006751,0.012771790996516126,1.269035174092573,3.806040491370582,0.4068271300473806,15.291386002611853,6.432026790083698
1.24,124,curve,1.381135862776585,0.03824106482753215,0.1846460296732538,1.3273666258002372,0.020908371974820386,1.3275312875058518,3.824106482753215,0.4068271300473806,15.201047103344642,6.418978239546729
1.25,125,curve,1.3942973392997084,0.03839301353010887,0.1842060472778185,1.3251903202809363,0.014936831170546673,1.325274497563319,3.839301353010887,0.4068271300473806,15.704595802079348,6.405817905964265
1.26,126,curve,1.4074306736913413,0.038555875942747245,0.18330879252253016,1.3206046474026971,0.013014436323753896,1.3206687738772456,3.8555875942747244,0.4068271300473806,16.03913382291579,6.392685788133479
1.27,127,curve,1.4205892872825554,0.038705604869603,0.1822133489441566,1.3124178094259615,0.016215029293474386,1.3125179746096538,3.8705604869603,0.4068271300473806,16.158857061644287,6.379528321038673
1.28,128,curve,1.4337028079882115,0.0388898232831566,0.1812447557963453,1.3103906268236702,0.0199822510510015,1.3105429734367342,3.88898232831566,0.45136875826310296,16.799736784569696,6.366416164838886
1.29,129,curve,1.4468091613789884,0.03911198259695552,0.18075142006603898,1.3107706447417065,0.02399635128697017,1.3109902776114233,3.9111982596955523,0.45136875826310296,16.875180961337794,6.3533114202493355
1.3,130,curve,1.459679470947955,0.03933156337636256,0.18090545317687223,1.2680341738048466,0.021294619960172845,1.2682129658603039,3.9331563376362557,0.45136875826310296,17.215082265446195,6.340442713378681
1.31,131,curve,1.4727196692759332,0.039673604067335916,0.18146196643265072,1.3090284988839658,0.03803963399630825,1.3095810874646068,3.9673604067335915,0.45136875826310296,16.76903655149986,6.327404901860895
1.32,132,curve,1.4857225466561625,0.040075457945791704,0.1822504253409785,1.306310866046467,0.036386989096017654,1.3068175433956128,4.007545794579171,0.45136875826310296,17.09736469919608,6.314404818258141
1.33,133,curve,1.498747524863082,0.04042038273057698,0.1828903678915723,1.2995432209790954,0.032186860709023046,1.2999417591550106,4.042038273057698,0.45136875826310296,17.54573445213057,6.301382306010033
1.34,134,curve,1.5117512072529862,0.040706414939245546,0.18339763194072636,1.2995069281932823,0.024782593980360843,1.2997432182499495,4.070641493924555,0.45136875826310296,18.15554937952011,6.288380736761894
1.35,135,curve,1.524780358447964,0.04090478865085853,0.1838016664410774,1.3051498819573855,0.01594376241252853,1.3052472631395342,4.090478865085853,0.45136875826310296,18.847304836851514,6.2753531490475805
1.36,136,move,1.5377027549665463,0.040949466324112595,0.18382061870449662,1.3057142748543116,0.009814857163960161,1.30575116273334,5.342297465337625,-0.016989851291114282,19.508421104570996,6.2624313196092345
1.37,137,move,1.5506535046965444,0.04214020982220834,0.18425454041542574,1.294084635080136,0.16988549415714704,1.3051881565029262,4.98289559315862,-0.016989851291114282,12.679603057871859,6.249488763057501
1.3800000000000001,138,move,1.5635253447834045,0.04263132187511955,0.18457343182742286,1.3188448625810096,0.015533016466721491,1.318936331350713,4.56117358051337,-0.016989851291114282,19.75212163523696,6.236620553937051
1.3900000000000001,139,move,1.5767684322603956,0.04391016944146502,0.18605569567170133,1.316411159009813,0.16015188473292521,1.3261172518857702,4.1993634002565745,-0.016989851291114282,13.725204832381259,6.223386668259139
1.4000000000000001,140,move,1.5901328907215813,0.04550993786015252,0.1879188340961859,1.3508722975327114,0.15629672122725907,1.3598840499497367,3.8630460671022835,-0.016989851291114282,14.285956708206983,6.210034060954761
1.41,141,move,1.6035327142267906,0.047384272449719524,0.18993265658458863,1.323133801581966,0.18868428612093077,1.3365196656681526,3.5510261939841183,-0.016989851291114282,12.984039653548127,6.196648647188083
1.42,142,move,1.6171815956412459,0.049464237990800894,0.1915245615649875,1.3894622700023245,0.2114553396285325,1.4054603375468944,3.249120052832704,-0.016989851291114282,12.660751743966623,6.183016455636797
1.43,143,move,1.6305826111867825,0.05142906667660089,0.19245688101346675,1.3031076201727974,0.17957750267451023,1.3154229544976115,3.2602727136384755,-0.14539917221114812,13.385533866157166,6.169631935515774
1.44,144,move,1.6442584975416998,0.053513004234854215,0.19244566496110757,1.4100514965281097,0.22697696677976018,1.4282029849813724,2.849036963953891,-0.14539917221114812,12.284436244168823,6.1559742880342565
1.45,145,move,1.6578303051495336,0.05554794938013017,0.19167306572416434,1.3215586398354695,0.18394311191847718,1.3342984324902842,2.4379518468033896,-0.14539917221114812,13.708743421313946,6.142421059978845
1.46,146,move,1.6716547781630793,0.05771029704856027,0.19018681364998052,1.4187279436112366,0.23277035548390254,1.4376964270580457,2.027262306704003,-0.14539917221114812,12.523623429853552,6.128617133919778
1.47,147,move,1.6852881229923768,0.05980368438040394,0.18836985772113055,1.32846105141035,0.19148262519313797,1.3421901358843122,1.6187382833213173,-0.14539917221114812,13.853820867821355,6.11500450956997
1.48,148,move,1.6990037406977363,0.061996946138568376,0.1864358155324322,1.4006194202190574,0.23641966468511827,1.4204326869459856,1.215592976731448,-0.14539917221114812,12.692355262969837,6.1013114413784955
1.49,149,move,1.712111636092226,0.06378818922861071,0.1851648341818311,1.2515382232221408,0.13626132106122008,1.2589341014538378,0.8029020639885318,-0.14539917221114812,16.294386375800514,6.088222728090184
1.5,150,move,1.7257125733393262,0.06617673184906693,0.1845228350985689,1.4378096186286795,0.3083536517398503,1.4705027963123531,0.42233445288800653,-0.14539917221114812,10.619865995599202,6.074648090110486
1.51,151,move,1.739330003907345,0.06876438979730294,0.18434360880246933,1.3313698247771206,0.23002928166219438,1.3510955113348153,0.031014747990475156,-0.1767919281542733,12.41547499015631,6.06106027480375
1.52,152,move,1.753239498664062,0.07172334578114002,0.18412087881321146,1.4111285215078688,0.3173460149099495,1.446372081240581,0.30255267710289424,-0.1767919281542733,9.708481942418178,6.047186048527249
1.53,153,move,1.767047011064931,0.07478142789614121,0.18419224667055487,1.3624288858780924,0.29688808205933925,1.3944013060607385,0.6227761849296954,-0.1767919281542733,10.250936642569606,6.033416638194956
1.54,154,move,1.7808807721693292,0.078220344321462,0.18470736314901856,1.3878748836943973,0.37088833631532364,1.4365774781766856,0.909780903316647,-0.1767919281542733,7.725968253012035,6.019627646060715
1.55,155,move,1.7945946415860077,0.08171955307927478,0.1855609230607007,1.360318055368761,0.337591409157182,1.4015823812031099,1.1861714402160464,-0.1767919281542733,8.89167300472781,6.005961529605676
1.56,156,move,1.8084562884192634,0.08544467788859217,0.18651073532324014,1.402695109072137,0.39208728438343676,1.4564635277239426,1.448563468491018,-0.1767919281542733,7.348079140709433,5.99215312941473
1.57,157,move,1.8223774030172182,0.08924654802080267,0.187374322469833,1.3791375834871218,0.36540506069672474,1.4267239861197663,1.7066001438092442,-0.1767919281542733,8.262630461034426,5.978288980851871
1.58,158,curve,1.8363196535091626,0.09319218190231156,0.18742333176906395,1.4087239742495863,0.41019763976801804,1.467230499715979,2.0079025631830247,-0.22735425069418938,5.987912488260706,5.964408632283031
1.59,159,curve,1.8500399281046307,0.09609337697158402,0.18689889672686386,1.306165302316905,0.20846918905287543,1.322696941767454,2.324315996146955,-0.22735425069418938,13.316267474276728,5.9507361783208506
1.6,160,curve,1.864045745847548,0.09986056437045902,0.18614844337939312,1.4123429293768772,0.4049256611278626,1.4692437991023461,2.5742889094002965,-0.22735425069418938,6.508127728824732,5.936794362624822
1.61,161,curve,1.8781261819542137,0.10363145244874161,0.18512533420067379,1.4025663148990746,0.35360000877494535,1.446452637971673,2.8270774391511106,-0.22735425069418938,8.483385616114491,5.92278070282941
1.62,162,curve,1.8922811517154392,0.10742357081507957,0.18407673305266142,1.4216499444690631,0.3969780891247467,1.476035286791622,3.0810890189583,-0.22735425069418938,7.163911663424246,5.908695631656724
1.6300000000000001,163,curve,1.9063695108343954,0.11109554401732004,0.18278362127895662,1.4015494645355575,0.34936560873832706,1.4444366480081463,3.3431783703760924,-0.22735425069418938,8.911540435845497,5.894677668114225
1.6400000000000001,164,curve,1.9201947076697365,0.11484870124558204,0.18156231735350353,1.3702164718125986,0.39137106774367547,1.4250138568776762,3.5867955995129597,-0.22735425069418938,7.1030539835333215,5.880927030907672
1.6500000000000001,165,curve,1.9341409325202918,0.11860479354298407,0.18050386894515966,1.3908643823295808,0.360101735464193,1.4367243959498182,3.835257683733559,-0.22735425069418938,8.671791919118906,5.867058201026557
1.6600000000000001,166,curve,1.9480864705686436,0.12252818483535426,0.17981664367819034,1.3957031381676661,0.4103370082383082,1.4547727349043345,4.136406192385386,-0.25887012816756233,5.61863828286499,5.853196335708268
1.67,167,curve,1.961725193678639,0.12619965921639276,0.17968806496264284,1.3429892900219862,0.33619575625206166,1.384430503721893,4.359856021861145,-0.25887012816756233,8.058903714979614,5.83963879835373
1.68,168,curve,1.9755648159233696,0.1300407003867865,0.18040982025238625,1.41350716470008,0.41726804824454233,1.4738097328842246,4.576061044580519,-0.25887012816756233,5.775929108098809,5.825886886913664
1.69,169,curve,1.9894975406421735,0.1338152394520097,0.18160215995800574,1.3913907097922213,0.3597920334059519,1.43715636400445,4.802145239422971,-0.25887012816756233,7.843937888699134,5.812043320988219
1.7,170,curve,2.0032936903879905,0.13762164826149229,0.18300995391826844,1.3679784424493795,0.3944146689884383,1.4237021985371412,5.01973000844393,-0.25887012816756233,6.376970389489723,5.7983399321904106
1.71,171,curve,2.017156875278565,0.14143153467269654,0.18418598027215363,1.4045391359886552,0.388025667318097,1.4571527383982135,5.239742136811891,-0.25887012816756233,7.140386561647361,5.784572558981127
1.72,172,curve,2.0310413852705413,0.14533089375850064,0.18520897320228097,1.3817454351151002,0.39080980345498534,1.435950120978421,5.4524644289443644,-0.25887012816756233,6.913975655403538,5.77078909403428
1.73,173,curve,2.044768612984125,0.1492428337560178,0.18613961289657402,1.368621516185237,0.39001683913230994,1.4231085655605953,5.6575992697383155,-0.25887012816756233,6.922937925653751,5.757166311386772
1.74,174,curve,2.058230803645559,0.1529866534864314,0.1867178606066342,1.328900384733076,0.3618371872666783,1.3772807929513788,5.943114269627594,-0.2894750450385662,6.137609538821392,5.743807152983191
1.75,175,curve,2.0718058525281227,0.1567615883132414,0.18691617465306734,1.3745087785776415,0.38695150395546135,1.4279376207665353,6.129579700070409,-0.2894750450385662,5.740172767166607,5.7303389578483275
1.76,176,curve,2.0854480322630495,0.16051261584913248,0.18680378647289886,1.3699570070389038,0.37578439784248685,1.4205619010788764,6.32088206184231,-0.2894750450385662,6.2242858909538725,5.716805985140794
1.77,177,curve,2.0991284437206823,0.16424323278318434,0.18599151961662228,1.367141956485118,0.3695774211900109,1.4162148846257105,6.515563930345849,-0.2894750450385662,6.542231744683817,5.703237196138663
1.78,178,curve,2.1127066972131794,0.16776905970693226,0.18458839881291722,1.3682756876921758,0.36299143979461607,1.4156062810307337,6.72506114869323,-0.2894750450385662,6.931557603065051,5.68976745911896
1.79,179,curve,2.126379449130623,0.17143133168917726,0.18304288497260576,1.3646119157912961,0.36445990640299164,1.4124435224443026,6.925726370254257,-0.2894750450385662,6.953573562676801,5.676210093103195
1.8,180,curve,2.1397817946983264,0.1749987326000517,0.18171571448913057,1.3217836013849535,0.3513828308110699,1.3676921373902018,7.124486625890833,-0.2894750450385662,7.140757690537989,5.662922994994904
1.81,181,curve,2.153336931162825,0.17870340908302285,0.1806521398013371,1.3586698910800632,0.3761833778355317,1.4097864400990887,7.426700255288019,-0.31848058894730463,4.8818331879985655,5.6494903199685735
1.82,182,curve,2.1668834297106723,0.18253064961084184,0.1800386214106647,1.352260475184775,0.38493670414187514,1.4059817420374148,7.577030209900448,-0.31848058894730463,4.541770975911329,5.636073267921472
1.83,183,curve,2.180383116349151,0.18634781661390615,0.17975230850183366,1.348487783191905,0.3800982048410796,1.4010331711780524,7.726548231354173,-0.31848058894730463,4.76517958604854,5.622705894094426
1.84,184,curve,2.1938509214315163,0.1901752024838472,0.18004112489309734,1.3452191860441927,0.3826975007461366,1.3985964520113512,7.873928658079652,-0.31848058894730463,4.702777309058035,5.60937396126789
1.85,185,curve,2.207096974103049,0.19388707160135216,0.1810555848708205,1.3092560266998854,0.36225629103511137,1.3584479982113729,8.02375307842884,-0.31848058894730463,5.197996860179619,5.5962629126180845
1.86,186,curve,2.2204521408132964,0.19770741432576983,0.18204550374832848,1.3377039331286575,0.38651141496726144,1.3924233862614757,8.167584439007237,-0.31848058894730463,4.627564876590975,5.583049763620502
1.87,187,curve,2.2337700061945642,0.20155637714785798,0.1830259360494498,1.3266240691636944,0.3832306253723949,1.3808682533492307,8.307368742999195,-0.31848058894730463,4.7099499155700135,5.569878224921663
1.8800000000000001,188,curve,2.24702075660704,0.20538276322624657,0.18406235699304413,1.3242689508804488,0.3820519507784037,1.3782786174644037,8.44674364748373,-0.31848058894730463,4.811621097456205,5.556776284436598
1.8900000000000001,189,curve,2.2602752912209043,0.20916440393609492,0.18502934162106693,1.3274491863942122,0.3744258920487243,1.3792447538762431,8.70397156981408,-0.345085920635521,3.256284268500058,5.543672222468504
1.9000000000000001,190,curve,2.2733257479984847,0.21282909375347964,0.1855583513935416,1.287902042602712,0.3608503103372129,1.3374993898356367,8.816743219705984,-0.345085920635521,3.4078530286073128,5.530770888325008
1.9100000000000001,191,curve,2.2866208082503694,0.21659474907330228,0.18547886406019518,1.3336898936269639,0.3793724697171445,1.3865973471566964,8.928604255088556,-0.345085920635521,3.233704696067734,5.517632236796072
1.92,192,curve,2.2999178953410984,0.22041756960691286,0.18501344309149503,1.3237389952693979,0.3832725949442596,1.378108417227085,9.035180138135367,-0.345085920635521,3.015009986726995,5.504497176045725
1.93,193,curve,2.312956028205304,0.22416078796090838,0.18445247249214633,1.3105997394410829,0.386309651508635,1.3663479878390268,9.140163462285663,-0.345085920635521,2.790894146422634,5.491621044865438
1.94,194,curve,2.326023697134545,0.22805662360604628,0.1838704493523795,1.302979656140467,0.3891074059699452,1.3598384307323386,9.231879900687398,-0.345085920635521,2.6307620437733004,5.478725077612439
1.95,195,curve,2.339039633342749,0.231946173257764,0.18337510637584897,1.3017644227169238,0.3889631956097312,1.3586327611943045,9.322377176929423,-0.345085920635521,2.6663283295737297,5.465884122141753
1.96,196,curve,2.351882272317045,0.2357298354258552,0.18282674641893998,1.2692401200350072,0.3684181782333917,1.3216287059379765,9.416738457642984,-0.345085920635521,3.165079573120296,5.453215327519646
1.97,197,curve,2.3649190357387746,0.23957843810822466,0.18197786949947087,1.324340071913544,0.39569882574156967,1.3821918053473,9.624930696765636,-0.36840902250902485,0.6361929726143576,5.440358902627656
1.98,198,curve,2.377952217059261,0.24345408045310576,0.1810685529038693,1.287165806912221,0.3812317340421008,1.3424356407384064,9.678069306354109,-0.36840902250902485,0.7848101977319608,5.427510858407284
1.99,199,curve,2.39124487986801,0.24751488350835013,0.18031603383452768,1.3287230293618386,0.4072093260055618,1.3897209518253675,9.722042142723023,-0.36840902250902485,0.24929210490463835,5.414415723823628
2.0,200,curve,2.4044221081872483,0.2515758868445228,0.1800437218419698,1.323013623696265,0.40449853436329847,1.3834681466473953,9.762275871230305,-0.36840902250902485,0.28998257419920287,5.401439925770703
2.0100000000000002,201,curve,2.417561417411909,0.25557474435287053,0.18025367923404595,1.3098783118817134,0.3963628689060895,1.368533783209444,9.80717058115805,-0.36840902250902485,0.46100467242862053,5.388503094415122
2.02,202,curve,2.430624584456032,0.2594321406342253,0.1807498507659701,1.304515944786102,0.37932504226964037,1.3585467742753803,9.86300280869481,-0.36840902250902485,1.0975529411867533,5.375639444465768
2.0300000000000002,203,curve,2.4434664874705763,0.2630605920643017,0.18133769689182738,1.2670507376186708,0.351795689068626,1.3149820449524348,9.933377267824378,-0.36840902250902485,1.8193601863092996,5.362989296027304
2.04,204,curve,2.4563773724110534,0.26676133139608654,0.1817355114047033,1.3074578150679739,0.3809545174826207,1.3618268181280382,10.145240827501052,-0.3875648067378184,-1.0777315378024968,5.350277229493731
2.05,205,curve,2.469312901924596,0.270467932633417,0.18202792413908753,1.2973104401623379,0.3746262487400003,1.3503181863543139,10.167631724905013,-0.3875648067378184,-0.9531653538032893,5.337544367372168
2.06,206,curve,2.4822510513578386,0.27420568205416884,0.1823020339975826,1.2916102228638624,0.37319701156427837,1.344445230289038,10.187119347756132,-0.3875648067378184,-0.9772068548882985,5.324814049843983
2.07,207,curve,2.4949317065587695,0.27787865857381805,0.18273934159716568,1.2485811100107804,0.36275249708606594,1.3002092763928155,10.205299309151624,-0.3875648067378184,-1.0773491171656502,5.31234111957141
2.08,208,curve,2.507846994417683,0.28161236771317844,0.1827642134360107,1.2970832799421992,0.3728633306419504,1.349611832507044,10.224507199275566,-0.3875648067378184,-0.931373412858375,5.299640646207926
2.09,209,curve,2.520777794001403,0.28526874642646943,0.18249532883383449,1.288693404912764,0.3609607588381871,1.3382912094483372,10.251564526186755,-0.3875648067378184,-0.5521508023664468,5.286924188208103
2.1,210,curve,2.533600995027499,0.2887980109710266,0.1822172454972066,1.2786251652421425,0.3492105977912151,1.3254547728233483,10.287645944274592,-0.3875648067378184,-0.1853089714888402,5.274311782563484
2.11,211,curve,2.5463615874509435,0.2922428658321373,0.1821172927325189,1.2742344150971316,0.3416900430584376,1.3192518448511665,10.329977441228234,-0.3875648067378184,0.07924648627257032,5.261760586205418
2.12,212,curve,2.5589389466614576,0.2955369856380004,0.1824986016881976,1.2443091303864922,0.3205223449349744,1.2849279301057328,10.518224349870659,-0.40174613712768703,-1.601973265585029,5.24938711413135
2.13,213,curve,2.571575636381682,0.2989408928343863,0.1831888636686273,1.2902290118024007,0.35506040677869816,1.3381923611194522,10.514090242378995,-0.40174613712768703,-2.5776733876915547,5.236963717458035
2.14,214,curve,2.5843879949970003,0.3024969008016236,0.18364568320292624,1.277982515053245,0.35617142296199067,1.326686621367905,10.499772598131774,-0.40174613712768703,-2.80681917386914,5.224376991692323
2.15,215,curve,2.5971158885155456,0.3060494214309529,0.18372411816231457,1.2691393014011276,0.3543022397887106,1.3176663627338445,10.483620840091195,-0.40174613712768703,-2.876720548888054,5.211877906344163
2.16,216,curve,2.6097543077143097,0.3095991489039697,0.1835688094614735,1.2602029718547567,0.35434692651891136,1.3090734412571967,10.465439123192128,-0.40174613712768703,-3.031370429278403,5.199471507683628
2.17,217,curve,2.622315886588415,0.3131249127791638,0.18323873962586507,1.25334233861791,0.3514087261019489,1.301673964767217,10.44759810797545,-0.40174613712768703,-3.0372894055710407,5.187143912058682
2.18,218,curve,2.6346158311458097,0.3165244470775452,0.1828453851933815,1.2127186307359081,0.33218919449625983,1.2573925951245497,10.435230743519842,-0.40174613712768703,-2.7392530630173066,5.175073265943677
2.19,219,curve,2.6469791432371412,0.31998912556738784,0.1825816929964157,1.2681618538109967,0.35475934920935326,1.3168480107107225,10.593537581928569,-0.4103055794439965,-5.334126849464883,5.162946731899904
2.2,220,curve,2.6595701086760686,0.3234396169237581,0.18244554688586687,1.2653777103095676,0.34779973503906736,1.312305378119563,10.53307670363292,-0.4103055794439965,-5.150231241770807,5.1505955591883525
2.21,221,curve,2.6721696145951768,0.32687180099298085,0.18222658337924633,1.2560108454463004,0.3405836311935017,1.301368684776025,10.47458930507273,-0.4103055794439965,-5.030175346684164,5.138238179753587
2.22,222,curve,2.6847108541254134,0.330256559901485,0.1820958841835874,1.2521571913679188,0.3369776969725835,1.2967079856896622,10.419450839958209,-0.4103055794439965,-4.997846531279869,5.125939366846658
2.23,223,curve,2.6972408539058548,0.33362750604145996,0.1822392289716693,1.2528393627492291,0.3369599365899673,1.297362118963171,10.365413466148999,-0.4103055794439965,-5.067748568143494,5.113654286553117
2.24,224,curve,2.7097854812836775,0.33704238377899076,0.18273757010653197,1.2525082937416903,0.3452072195294153,1.2992093943267768,10.307410782915344,-0.4103055794439965,-5.506637263054457,5.101360931827569
2.25,225,curve,2.7221396346984204,0.3404488013636393,0.1833196747600425,1.2447558386977084,0.3524998079352614,1.2937052263040572,10.246055433483724,-0.4103055794439965,-5.997551194896453,5.089260576242945
2.2600000000000002,226,curve,2.7344453467324064,0.34399840530747416,0.18370077168788657,1.2423451119408,0.3538719011068778,1.2917610845493817,10.169667596472486,-0.4103055794439965,-6.1873101589405115,5.0772217580533985
2.27,227,curve,2.746860633275348,0.34753305903361814,0.18376171881166709,1.236993480443537,0.35251304893123,1.2862419369335643,10.258045474688707,-0.412833621239172,-8.492142273892863,5.065076368060348
2.2800000000000002,228,curve,2.759194083759423,0.3510405027199744,0.1836321358457465,1.2297021774896462,0.3500686425862449,1.27855993205049,10.133269218811401,-0.412833621239172,-8.602528360680095,5.053014510435408
2.29,229,curve,2.771467256912519,0.3545212065079153,0.18334704974228608,1.224855549634597,0.346833171552295,1.2730138908746025,10.010047138769366,-0.412833621239172,-8.65088057160683,5.041014655047114
2.3000000000000003,230,curve,2.783711518064856,0.35796996257753333,0.18298440360815782,1.224763450615386,0.3435020501146929,1.27202168550552,9.88945195319046,-0.412833621239172,-8.638289299196348,5.029045092427108
2.31,231,curve,2.7957714325259913,0.3613616609644511,0.18278212339325647,1.1914214329367938,0.3360153555159197,1.2378979562159609,9.771177564617425,-0.412833621239172,-8.853626986566384,5.01725898419642
2.32,232,curve,2.8079512471693824,0.3648142688533775,0.18248134182696257,1.238189485169161,0.3531036408985626,1.2875540308660034,9.649052113358222,-0.412833621239172,-9.160186304065805,5.005361336178663
2.33,233,curve,2.820231919337914,0.3683458982892604,0.18219539066253448,1.2239288200325713,0.3537083858328472,1.274013884820256,9.520953349246168,-0.412833621239172,-9.511043506985116,4.993372681624944
2.34,234,curve,2.8324369615214913,0.3719067938104603,0.1820883351974319,1.2181251385813603,0.35744533986340826,1.2694865199102847,9.591805182562982,-0.4092046959455829,-11.97958840525198,4.981465557395249
2.35,235,curve,2.8446321982431306,0.3754887333359551,0.18218844495830058,1.22006792253327,0.3575660596785049,1.271384765768672,9.40194981381784,-0.4092046959455829,-12.135170349944785,4.969573797608179
2.36,236,curve,2.856841087161973,0.37903644384839846,0.1824457463176727,1.2189942051886902,0.3521497683942223,1.268840546193142,9.215670616587804,-0.4092046959455829,-12.091856107394209,4.957669870917262
2.37,237,curve,2.8687758459979626,0.3825325191848516,0.18286112167456584,1.1754677574839631,0.34841966934118457,1.2260182359443914,9.030797516383656,-0.4092046959455829,-12.669688925634805,4.946039290822484
2.38,238,curve,2.8807797154009975,0.38589110757758266,0.18341086523176284,1.183105842184932,0.3253216917951875,1.2270181893373058,8.860481924760812,-0.4092046959455829,-11.710419772770113,4.934332987532499
2.39,239,curve,2.893025863738543,0.389428667807633,0.18366850721955535,1.2217896764647975,0.355571022134286,1.2724781983584534,8.675712664714352,-0.4092046959455829,-12.754973215815836,4.922403044561814
2.4,240,curve,2.9052345592551223,0.3930275297843988,0.18356193912376276,1.2195783640417606,0.36279569519027516,1.2723962049956656,8.484362762936911,-0.4092046959455829,-13.298707132166165,4.9105194456680135
2.41,241,curve,2.917462639260384,0.3967264101274984,0.18324319045263154,1.2239485163986983,0.37443387320421506,1.2799416768733194,8.283365379625241,-0.4092046959455829,-13.959366315181297,4.8986288679640815
2.42,242,curve,2.9297219131217305,0.40054575061742875,0.18289877697008927,1.228960320308432,0.38433793464341415,1.2876564436597866,8.261562496245473,-0.3995987978531787,-16.46703309157014,4.8867215390001535
2.43,243,curve,2.941801083534535,0.40433020918328655,0.1824711690556365,1.189480441668707,0.3753528669645597,1.2472984790541906,7.993330889932358,-0.3995987978531787,-16.853368489218898,4.874995536742599
2.44,244,curve,2.95398317423488,0.40814976348369536,0.18188815239480843,1.2343200762816176,0.3860151988114197,1.293272509730752,7.722529944122088,-0.3995987978531787,-16.95412141391243,4.863174596252863
2.45,245,curve,2.966141985035312,0.41193384558980206,0.18140278706532592,1.2177834652498967,0.3783701933221895,1.2752100107161632,7.455052375915594,-0.3995987978531787,-17.100954485329925,4.851378633538232
2.46,246,curve,2.978223497184382,0.41566193833974024,0.18110540861967886,1.201977530291031,0.36969069255628256,1.2575457015501543,7.192455559804017,-0.3995987978531787,-17.193447564430738,4.839659629504017
2.47,247,curve,2.9902101930312064,0.4193124512889513,0.18109798222309081,1.1973650645848455,0.36302083752844894,1.251186327597983,6.9367321729320865,-0.3995987978531787,-17.22217357641474,4.828033010845731
2.48,248,curve,3.002182427824107,0.42295878837805223,0.1813761331959489,1.1971063614843176,0.36751214308191804,1.2522495023033093,6.6812945686665755,-0.3995987978531787,-17.68824509228706,4.8164249628503715
2.49,249,curve,3.0139248139999872,0.4266763851155498,0.18181986538303432,1.1565976008805245,0.37376613112031243,1.215491312653131,6.416691894278694,-0.3995987978531787,-18.80942462665811,4.80505673737607
2.5,250,curve,3.025853998030632,0.43035487582928905,0.1820411972550029,1.19934639198251,0.3729623396518927,1.2559986762572954,6.341222908598773,-0.3844716592541764,-20.154160984863324,4.793503644356845
2.5100000000000002,251,curve,3.0378077251316378,0.4340792719266686,0.1821423199222918,1.1921095347111235,0.37190461536185715,1.2487746737008332,6.020768557585801,-0.3844716592541764,-20.49349667727618,4.781934952899769
2.52,252,curve,3.049727333209781,0.43779400965582066,0.18230726375416761,1.1906220011029074,0.37083731435089967,1.247036913337083,5.701131754782446,-0.3844716592541764,-20.761248116502923,4.770404156445242
2.5300000000000002,253,curve,3.0616377840158515,0.4415003939907602,0.18270161383927475,1.1899428117247735,0.37005279479026376,1.2461552736748116,5.382289954141173,-0.3844716592541764,-21.03788285729999,4.758886518430754
2.54,254,curve,3.0735349384720765,0.4451519052338502,0.1831988137530845,1.189661936948978,0.3627636731717664,1.2437415353674839,5.068872903023772,-0.3844716592541764,-21.02750522766829,4.747381804698339
2.5500000000000003,255,curve,3.0849094377312714,0.4487734327585728,0.18346602219278066,1.0986176753581829,0.36236039329069963,1.1568344096002714,4.756193663802295,-0.3844716592541764,-22.633970673856638,4.736399307808611
2.56,256,curve,3.0966742493307122,0.4523572361114103,0.1834546233012229,1.1956408725478713,0.36406714638278237,1.2498407831329306,4.448969387970433,-0.3844716592541764,-21.63332834234659,4.7250293099776215
2.57,257,curve,3.10853693236507,0.4559814096922742,0.18336244124727769,1.1830732349490152,0.3634775029533704,1.2376502633643904,4.138134641871871,-0.3844716592541764,-22.107757448017296,4.713570467344121
2.58,258,curve,3.1203296379327874,0.4596189608087759,0.1833943523670582,1.1751849478298002,0.36538815571083405,1.2306779294110604,4.015254237726733,-0.364503336548514,-24.06604896118508,4.702187370989998
2.59,259,curve,3.132035285822613,0.4632555490556193,0.18355621518980597,1.1690545390230889,0.36516433564136214,1.224758550586557,3.646602358181167,-0.364503336548514,-24.47123828443385,4.690895656185848
2.6,260,curve,3.143717939316065,0.46689355423008744,0.1836968861832404,1.167589116584998,0.36325659240028585,1.222791763584464,3.277818601952202,-0.364503336548514,-24.744927915566574,4.679631822682134
2.61,261,curve,3.1553993365506083,0.47048575618338256,0.18350786071997305,1.168321660889523,0.3568095684858403,1.2215926372840928,2.9136156623304634,-0.364503336548514,-24.790344738327622,4.668369516379413
2.62,262,curve,3.1670920483865306,0.47401819735626877,0.18318431841680516,1.1696754039022874,0.3509502739636544,1.2211906670496395,2.5553839168554644,-0.364503336548514,-24.858429620854157,4.657094706666633
2.63,263,curve,3.178333921115448,0.477483914504534,0.18308381786276093,1.0903386849264778,0.3441433378132616,1.1433604352121223,2.204016946484321,-0.364503336548514,-26.02401598519927,4.646266242516502
2.64,264,curve,3.190017673317669,0.48098100618882494,0.1831508793733071,1.1954992692466484,0.3492243775981873,1.245462230931999,1.8493239419431529,-0.364503336548514,-25.156535075174126,4.635006099155273
2.65,265,curve,3.2018721784429736,0.4844949891102948,0.18330851880107368,1.1794270154284183,0.3524891362690896,1.230973872959989,1.492868945931482,-0.364503336548514,-25.891204570958678,4.62358265978844
2.66,266,curve,3.213606776744066,0.4880273895436591,0.1836979745518326,1.1688783425381664,0.3544265326487974,1.2214314334829524,1.3446359819547848,-0.3405276249296471,-27.630422200013406,4.612285255797061
2.67,267,turn,3.225251646888472,0.49156428756902787,0.18434330930974446,1.1615616375522306,0.35503998120805125,1.2146105656090898,0.9312544218778458,-0.3405276249296471,-28.127421485762405,4.601082447450591
2.68,268,curve,3.236665889804232,0.4943657743033341,0.18490179236757967,1.1033530325679402,0.27985467725325935,1.138291067722749,0.5925073253493349,-0.3405276249296471,-25.691231949507305,4.590034581661949
2.69,269,turn,3.24844921894645,0.49828092675527663,0.18515639752945232,1.2067265984517372,0.3623235044837454,1.259947381961756,0.14063548181762506,-0.3405276249296471,-28.585223490434043,4.578744383644511
2.7,270,curve,3.25981454621766,0.5009508263410845,0.18524741383071663,1.105543869711866,0.2408676351420294,1.1314788842556458,0.18471774771364374,-0.3405276249296471,-24.49954219928993,4.5677387641032965
2.71,271,turn,3.2714852600797606,0.504977938995666,0.18449040292041297,1.1705914963706179,0.3936410418427565,1.2350051502719546,0.6471888227842739,-0.3405276249296471,-31.234759205601016,4.556583171197306
2.72,272,curve,3.282742274355014,0.5077774687994709,0.18379916851538283,1.1213223676851176,0.25588012608549104,1.1501471606696618,0.9849281535270933,-0.3405276249296471,-25.86408760627271,4.545707540187426
2.73,273,turn,3.2944205897317342,0.5117398709712689,0.18346158050623546,1.1805104561769453,0.3942664401689544,1.2446087590028438,1.440976096668724,-0.3405276249296471,-31.934932601682352,4.534547963856729
2.74,274,curve,3.3058513354175147,0.5145490300517132,0.1838512633005393,1.1209476262622176,0.2649927666880965,1.1518440637603304,1.7805746659716972,-0.3405276249296471,-27.1520851657377,4.523509106664581
2.75,275,turn,3.3175778261767936,0.518482060626652,0.18434799499154508,1.2119703709765526,0.3815784130331943,1.2706196383725437,2.0419707009659693,-0.31342664531753484,-32.56814620001178,4.51230915402325
2.7600000000000002,276,curve,3.3290375195617603,0.521189673302612,0.18510745861798372,1.150802411935434,0.20456820341974963,1.1688431636309453,2.4240002629354853,-0.31342664531753484,-25.535936008644484,4.501238261032248
2.77,277,turn,3.340762145288264,0.5251994565537504,0.18538101836843704,1.1820310946125756,0.3911686756591983,1.2450744722497424,2.9382196612102023,-0.31342664531753484,-34.22727741105551,4.490059956740306
2.7800000000000002,278,curve,3.351988833032359,0.5279381404476527,0.18502197224914255,1.1098594749577733,0.22437778252497362,1.1323133150521407,3.3210523096955926,-0.31342664531753484,-27.7261455837584,4.479232492111768
2.79,279,turn,3.363610681234346,0.5319516957799075,0.18416298697620406,1.1802416988163826,0.38939579893575293,1.242819196767492,3.8346374234082825,-0.31342664531753484,-35.03539058706538,4.468167911644477
2.8000000000000003,280,turn,3.374884470454684,0.5346948016554479,0.18382337288183231,1.1201195195093352,0.23326308118584665,1.1441500788926857,4.218372847624272,-0.31342664531753484,-28.940747417255,4.4573027347026954
2.81,281,turn,3.386232118070743,0.5379506234812903,0.1839611543907598,1.1458231262887302,0.38461931299396657,1.2086532392154625,4.653857434173735,-0.31342664531753484,-36.17834516952694,4.446429969376899
2.82,282,turn,3.3973844031683775,0.5411248852142331,0.1849773060599736,1.0842055409903621,0.29207959104840675,1.1228589148335637,5.079306256064269,-0.31342664531753484,-33.14707387263111,4.435745925357739
2.83,283,turn,3.408845199465778,0.5445378674709215,0.18648673084532105,1.191255725389634,0.36326099205980317,1.245411077365966,5.531542418547497,-0.31342664531753484,-35.508721258274406,4.42478967256718
2.84,284,turn,3.4203073135317092,0.5477209927635892,0.18774846617900812,1.1168310258606822,0.29338696595637226,1.154723972262683,5.766794119243661,-0.2840786450230275,-34.12356338272888,4.413808784319725
2.85,285,turn,3.432032323938874,0.5507237248640865,0.18871749431360754,1.2100866710229459,0.3119124424148112,1.2496395972921825,6.231960508241096,-0.2840786450230275,-34.29173106754918,4.402549250887545
2.86,286,turn,3.4437475035954,0.5531141784336655,0.18970052360411224,1.1755540947876142,0.20619069026392367,1.1934999080533857,6.636389894198873,-0.2840786450230275,-30.19143487291776,4.391226795394898
2.87,287,turn,3.4557750726573975,0.5551701844310787,0.19061149756357681,1.2185749909570134,0.21284616952289906,1.2370240500760104,7.012195367629527,-0.2840786450230275,-30.55217815017709,4.379555435225864
2.88,288,turn,3.467884842111897,0.5570122992284575,0.19115710639542924,1.2067835672868197,0.16682089712984455,1.2182593278907032,7.368010130912958,-0.2840786450230275,-28.914698463777107,4.367778164612583
2.89,289,turn,3.480056861676505,0.5590724962173103,0.19125512650126747,1.2294118476920237,0.20978759181074425,1.2471825547702577,7.746300007384953,-0.2840786450230275,-31.153091713036655,4.355969745338282
2.9,290,turn,3.492226723231247,0.5608811161608127,0.19095801924781486,1.2090031944807271,0.1669094303446955,1.2204701889856195,8.09966081772924,-0.2840786450230275,-29.74952930955341,4.344133961308506
2.91,291,turn,3.504393077455641,0.5627365762894301,0.1903764590930049,1.2226532699202457,0.1992694722575117,1.2387854297740415,8.457607068953095,-0.2840786450230275,-31.57950517690605,4.3323103450640525
2.92,292,turn,3.5163789325033523,0.5645066648543698,0.18972144223214005,1.205718755199125,0.15256612574787282,1.2153329335472824,8.804518124981753,-0.2840786450230275,-29.968697098233942,4.320657225311668
2.93,293,turn,3.5286053602032923,0.5661313107518922,0.18867853868523204,1.2314337343823687,0.1719125125409926,1.2433756287393858,8.960927431734369,-0.25326220843559394,-31.182861033808784,4.308749059681416
2.94,294,turn,3.5409438041258423,0.5674532318436256,0.18761996303330822,1.237623801314894,0.10893252482886714,1.2424085352840746,9.320492593719418,-0.25326220843559394,-28.655006264038718,4.296692271346049
2.95,295,turn,3.5535189183047415,0.5685744863969414,0.18666377339652662,1.2706630577817073,0.11701142557110532,1.2760392941149348,9.66474753560392,-0.25326220843559394,-29.279555178075785,4.284376284090987
2.96,296,curve,3.5662190169734216,0.5694563894156435,0.1859150663455899,1.2669219201289375,0.07491365273059054,1.2691348261980022,9.987812313550092,-0.25326220843559394,-27.794473853465348,4.271906319986794
2.97,297,turn,3.5794235957792875,0.5709941523046368,0.18464306607273812,1.340408555178672,0.19471526313334148,1.3544774374249506,10.384707729757467,-0.25326220843559394,-33.13195238412844,4.25902584118163
2.98,298,turn,3.591946504139647,0.5716724279037193,0.18434640376298606,1.2438587315911787,0.07867448166588355,1.2463443417535185,10.684467241977273,-0.25326220843559394,-28.882149152282913,4.246707571059364
2.99,299,turn,3.604630665905746,0.5723812798937673,0.18432687962494557,1.2852938910295744,0.06597087580621104,1.286985836275047,10.990232726502823,-0.25326220843559394,-28.6146684379157,4.234234969795337
3.0,300,turn,3.6172907810300403,0.5729164001824291,0.1844794159306716,1.2570898784170377,0.04630031834555234,1.2579422410816254,11.278481074979101,-0.25326220843559394,-28.19871400706652,4.221763992412563
3.0100000000000002,301,curve,3.6301007416187527,0.5731901112333372,0.1847149468458281,1.296057899190544,0.016932835136477812,1.2961685071625393,11.347851862844362,-0.22164367175674618,-27.0211944408321,4.209110157664506
3.02,302,turn,3.643232363315651,0.5742906035013958,0.18489777485406766,1.2841976794377676,0.1457976097442992,1.2924475319642568,11.752278584932073,-0.22164367175674618,-33.17997055940187,4.196251716512897
3.0300000000000002,303,curve,3.65616828121364,0.5739831303325569,0.18608527681327966,1.3057595286236368,-0.047355670272661514,1.306617964861342,12.015133230870665,-0.22164367175674618,-24.980689813932983,4.1833956934854575
3.04,304,turn,3.669186786181651,0.5747122836227706,0.18725617419371954,1.281837296286418,0.12248802468608794,1.2876762676784774,12.380829431055831,-0.22164367175674618,-32.94260914648633,4.170601106817026
3.0500000000000003,305,curve,3.681873474205407,0.5741598201348392,0.18797662220179878,1.2962354795871682,-0.06451480853310873,1.297839966660235,12.614179582092962,-0.22164367175674618,-24.987652913319394,4.157959493844421
3.06,306,turn,3.694771613936348,0.5748075849732065,0.18796591762415554,1.2625044908447796,0.1070410971561756,1.267034090261045,12.969223709576633,-0.22164367175674618,-33.12247532320446,4.145275072598427
3.0700000000000003,307,curve,3.7073421088143856,0.5743476496090426,0.18771550941584889,1.2680477958792093,-0.06649118363259214,1.26978986062064,13.208956499825147,-0.22164367175674618,-25.649199873405248,4.13276244152993
3.08,308,turn,3.7205769559178123,0.5747686952812129,0.18750146208384008,1.3203696984774318,0.07447304344474807,1.3224682887908155,13.549538491632404,-0.22164367175674618,-32.3384006057733,4.119715157852601
3.09,309,curve,3.7330220310244298,0.5744301504905097,0.1871120190064303,1.2300346856437425,-0.0600636813448584,1.2315002938300084,13.798256412564896,-0.22164367175674618,-26.713741472867465,4.10734480526705
3.1,310,turn,3.7460032880523375,0.5748242459950982,0.18666523321930645,1.278532758873152,0.07580119393079397,1.2807778248053514,13.971270680106644,-0.18973486245556884,-32.83810440106293,4.094546837043551
3.11,311,curve,3.7585934984387954,0.5743707888256216,0.18597607421637172,1.2387572386583903,-0.06472749937691988,1.240447155466185,14.259235629371837,-0.18973486245556884,-26.82073472121906,4.082017865662963
3.12,312,turn,3.771737861656001,0.5749574825204946,0.18450674489923635,1.2949638030605701,0.08739709081738835,1.2979096666257008,14.662140703234316,-0.18973486245556884,-34.12415349784806,4.069087551108008
3.13,313,curve,3.7845831588744865,0.5742827387368591,0.1840259968463725,1.269466585761742,-0.11903250711275969,1.2750349603501558,14.935479479336546,-0.18973486245556884,-25.28869412749952,4.0562759526153425
3.14,314,turn,3.797982192060115,0.5744641513127537,0.1838821898402848,1.3214252394829256,0.04503043976001857,1.3221922719663308,15.305998020720823,-0.18973486245556884,-33.0564327639537,4.043038105541441
3.15,315,curve,3.810862552558185,0.5735833540619346,0.1846429745902085,1.280815503814018,-0.10488827864955898,1.285103072056255,15.560383257364634,-0.18973486245556884,-26.81616631604334,4.030163391275191
3.16,316,turn,3.8240861699105744,0.5737757577587395,0.1854784236737699,1.3285825568177814,0.036064326248982925,1.329071949108951,15.927340476718097,-0.18973486245556884,-33.53008826016232,4.017102304046884
3.17,317,curve,3.8367377321814424,0.573010328648075,0.1866417925562277,1.2852630198171247,-0.10047707146105508,1.2891844988204073,16.186826875387624,-0.18973486245556884,-27.91889990808643,4.004471269982628
3.18,318,turn,3.8504360674816613,0.5732382424879324,0.1874774484483262,1.3978790818050617,0.07050278065836788,1.3996558753596273,16.39965021063769,-0.17113585912430962,-35.00072127640555,3.990947111443534
3.19,319,turn,3.8632830108857275,0.5724819999473508,0.188583536994033,1.2450952832220563,-0.09354196118538241,1.2486041657804208,16.70927823491846,-0.17113585912430962,-28.20377755138122,3.978124909349008
3.2,320,turn,3.8763861900468335,0.5718496717935002,0.1893963704606536,1.3538420067565973,-0.04000542826845394,1.3544329490785703,17.038353520768133,-0.17113585912430962,-31.219487735528688,3.9650673226977444
3.21,321,turn,3.8894543171287204,0.5710767653305168,0.1896620592761245,1.298579132647485,-0.11001480284729397,1.3032309927994434,17.352964443507872,-0.17113585912430962,-28.4830657432076,3.9520245066900075
3.22,322,turn,3.902855378781758,0.5702953286212016,0.1894698846131807,1.3722636414625557,-0.05367872454704216,1.373313113295388,17.6766563178951,-0.17113585912430962,-31.521155761602838,3.9386513487715775
3.23,323,turn,3.9161240032018063,0.5692045712643378,0.189052617534338,1.3120980028471516,-0.14164402763921208,1.3197212583122777,17.96687768411932,-0.17113585912430962,-28.02543028583323,3.9253647071367177
3.24,324,turn,3.9294024380295722,0.5678117078793938,0.18887407587043792,1.342179096835141,-0.13301269857818965,1.3487539086001743,18.22854526238224,-0.17113585912430962,-28.94793705362319,3.9120246802457883
3.25,325,move,3.9426734654850284,0.5659516613109332,0.18866460419087816,1.3164978691869353,-0.21814179011982915,1.3344483804817722,18.445385584561222,-0.17113585912430962,-25.60552603383244,3.898624212240418
3.2600000000000002,326,move,3.9560766420758084,0.5640028833122698,0.18869560346521008,1.3609985606938941,-0.17996497697829394,1.3728453937532985,18.485910292397293,-0.1398028366849336,-26.86218297871836,3.885080115045271
3.27,327,move,3.969531145144003,0.5613636460008258,0.18920798621201973,1.3262695401656392,-0.29887524225602763,1.3595283386545407,18.677075417716065,-0.1398028366849336,-22.031264960324005,3.871385056059536
3.2800000000000002,328,move,3.983203328394246,0.558496224852335,0.19000763326191786,1.3942887209229158,-0.2986282792841256,1.4259101957981288,18.853807502167644,-0.1398028366849336,-22.983225489460697,3.8574416809003726
3.29,329,move,3.9967690353302414,0.5551022888712834,0.1909212920239856,1.3298760136240948,-0.353941985144802,1.3761704619926112,18.97730413604551,-0.1398028366849336,-20.488462265575308,3.8435277769973917
3.3000000000000003,330,move,4.010459570409935,0.5514561898158556,0.19165334266286688,1.3984414605290165,-0.36857961727809735,1.4461982757559206,19.081061739156965,-0.1398028366849336,-20.947465496771887,3.8294545358809082
3.31,331,move,4.024014249461236,0.5475878331616613,0.1920564898278288,1.3227080691734434,-0.37271373032547406,1.3742169264820125,19.15937043623942,-0.1398028366849336,-20.28944593875742,3.8154845385249256
3.3200000000000003,332,move,4.0377000672364485,0.5434944739650508,0.1918570231377552,1.4030349110332399,-0.4280572477666664,1.4668810343526923,19.220713061972386,-0.1398028366849336,-19.37584123499071,3.80135350401758
3.33,333,move,4.05114031685418,0.5394720864820528,0.19087922060349663,1.3196805026317158,-0.38416860233322686,1.3744606738808365,19.280721004036977,-0.1398028366849336,-20.431984508468567,3.7874767967719603
3.34,334,curve,4.064907914423901,0.5351981205902319,0.18938362920985644,1.412113288853315,-0.44901522812980116,1.4817822429927359,19.1808668943725,-0.19555357377936353,-18.57583832508143,3.7732414898653284
3.35,335,curve,4.079150046227806,0.5318388083504081,0.1874280858154592,1.3699077457911173,-0.26252331771733173,1.3948353753485805,19.370883053890466,-0.19555357377936353,-25.721137810712037,3.758667092992644
3.36,336,curve,4.092987007741218,0.5280666727767647,0.18554390422888747,1.4188843796812902,-0.443699863294296,1.4866413325314674,19.507946705461528,-0.19555357377936353,-19.533249589497686,3.7444360255966718
3.37,337,curve,4.106341337221225,0.5245002780560557,0.18384384052096966,1.3024406588790756,-0.2999124809240883,1.3365250338528651,19.647166177180615,-0.19555357377936353,-24.261126137912058,3.7307125683735762
3.38,338,curve,4.120000675338194,0.5205019730195687,0.18256398963779127,1.4074064976979972,-0.4653822780973823,1.4823541123934092,19.756789429611587,-0.19555357377936353,-19.26095855489433,3.7166273336503597
3.39,339,curve,4.133447355982373,0.5165689881343114,0.18172474896065224,1.3112243025718897,-0.3573935757439376,1.3590582546889505,19.864993295367935,-0.19555357377936353,-22.64640228601927,3.702762915652801
3.4,340,curve,4.146819160777074,0.512496242581886,0.1812132588286446,1.3514742895201326,-0.4368797036849448,1.420333281566616,19.9574754712926,-0.19555357377936353,-20.313135442822105,3.6889543283028057
3.41,341,curve,4.1602180701280504,0.508406115731585,0.1812115363966615,1.3440268875339443,-0.43331406926420196,1.41215061414726,20.04929162015797,-0.19555357377936353,-20.702701267230776,3.675117775528059
3.42,342,curve,4.173762311799751,0.5040861502189794,0.18150480120365448,1.3797266058336946,-0.4417522627272802,1.448720320997134,20.0019127189613,-0.2786592268873299,-20.740164798712232,3.6611069366335656
3.43,343,curve,4.18721243046616,0.4996800163515564,0.18212225404769633,1.3245892339731664,-0.44029383107776393,1.3958493100771137,20.10079948996757,-0.2786592268873299,-20.41284455110779,3.647179118097772
3.44,344,curve,4.2006574091523765,0.49537614425455306,0.18292150789580536,1.3504724258056107,-0.44001240553405846,1.4203473835245937,20.20896435216307,-0.2786592268873299,-21.072465829467664,3.6332720767410827
3.45,345,curve,4.214123156215958,0.49097763068516576,0.18333619725196426,1.3423414887080682,-0.4365910284687708,1.4115567287383146,20.309146049496807,-0.2786592268873299,-21.427312947989424,3.6193332452985474
3.46,346,curve,4.227305079017357,0.4867318644098412,0.18341174497817203,1.298358809285519,-0.4147255968568315,1.3629867638159827,20.412777061710834,-0.2786592268873299,-22.06013652508859,3.6056980279998547
3.47,347,curve,4.24071773600078,0.482507857578506,0.183254555007444,1.3492671681796482,-0.4184358119842562,1.4126607589504463,20.52712096588397,-0.2786592268873299,-22.896301305326194,3.5918387248320154
3.48,348,curve,4.254269824157483,0.47836941654847276,0.18318029212860673,1.3568607039849652,-0.4094748532939792,1.4173004711417763,20.654646089171123,-0.2786592268873299,-23.705508351496633,3.5778542635437085
3.49,349,curve,4.267862237271281,0.47427244488959525,0.1832225882721613,1.3584475620143854,-0.40973168889227857,1.4188938775064703,20.78753228728416,-0.2786592268873299,-24.101746292222614,3.563836819255261
3.5,350,curve,4.28134657449216,0.47022920850931943,0.1830640738699982,1.3441782660545998,-0.40350281948979744,1.4034349775710189,20.819335088442788,-0.2230861447206577,-23.900722874956003,3.549935038790591
3.5100000000000002,351,curve,4.294529733260094,0.46631313558237314,0.18295472488169467,1.3005567456523197,-0.38087398354931173,1.3551800028064442,20.98217906601404,-0.2230861447206577,-24.634199039872104,3.536349964107771
3.52,352,curve,4.307823340614911,0.46232229810957765,0.1827737062379572,1.3465366370713086,-0.4075648819330878,1.4068653268740547,21.142535238554974,-0.2230861447206577,-24.47526382095909,3.5226468826498962
3.5300000000000002,353,curve,4.321209449807101,0.45828824010570884,0.1827662145272222,1.336191439249836,-0.40112804033844823,1.3951026009116003,21.30258862978,-0.2230861447206577,-24.975085183399738,3.508847835142458
3.54,354,curve,4.334398151884896,0.4543187337268198,0.18315067630522486,1.3306475230288881,-0.39795659910429654,1.3888816671385555,21.460746332223323,-0.2230861447206577,-25.40964749924792,3.4952543546208754
3.5500000000000003,355,curve,4.3477124398939155,0.450319722606503,0.18357616816087535,1.327801890245361,-0.3997138077407197,1.3866610933597794,21.621171538866637,-0.2230861447206577,-25.69621092451276,3.481533938822778
3.56,356,curve,4.360939683496717,0.44628978129978236,0.18374692513296495,1.3198449585064569,-0.4048924365647526,1.3805537293717522,21.775307715777505,-0.2230861447206577,-25.790918114800313,3.467897308361034
3.5700000000000003,357,curve,4.374097932648774,0.4421860572189626,0.1837922834868225,1.3135132159324712,-0.4134120608181269,1.3770354027617275,21.919935644705784,-0.2230861447206577,-25.77522511807903,3.454321176607383
3.58,358,move,4.387018604877438,0.4381274546753597,0.1838845982705632,1.2760327826758204,-0.3969401524456205,1.3363461928283966,21.972269593493426,-0.15261897041390438,-25.21934421345313,3.440988080761422
3.59,359,move,4.399428921094154,0.4331566840342738,0.18445111586364868,1.2373226020033048,-0.5812595962111171,1.3670515497287363,22.030640842447752,-0.15261897041390438,-17.626468497820525,3.428047501542152
3.6,360,move,4.412350277099745,0.42865562484264175,0.1853252874225983,1.32461463685744,-0.40526736404783575,1.3852240152911184,22.15286617345894,-0.15261897041390438,-26.119221625531544,3.4146621475720345
3.61,361,move,4.425576940107343,0.4233101119439224,0.18729173650280434,1.3066877024679893,-0.5685379797649092,1.4250151529777628,22.210724652124433,-0.15261897041390438,-19.94240310358382,3.4008710244949865
3.62,362,move,4.43897621819422,0.4178059845345721,0.1892593359422633,1.363688200908574,-0.5376669247107183,1.4658551194525142,22.261242087596848,-0.15261897041390438,-22.273587500455463,3.3868929691836716
3.63,363,move,4.452296781725917,0.4123024171199521,0.19081131902009704,1.3116570670171284,-0.5414161393094559,1.419005178764592,22.30856753716333,-0.15261897041390438,-21.70430010220138,3.372997390727285
3.64,364,move,4.465691291273042,0.4066836073342821,0.1916136073926377,1.3626469925252707,-0.5707952546807019,1.4773672695048352,22.348438819266146,-0.15261897041390438,-21.75637127482676,3.359018814104013
3.65,365,move,4.478979371028948,0.40097319360009476,0.19165746774792544,1.308045220625042,-0.5679688631265823,1.4260332845629224,22.375578413176818,-0.15261897041390438,-21.36594470575689,3.345139576595573
3.66,366,move,4.492368306348834,0.394927274678829,0.19120150516358814,1.3622140335943296,-0.6255694529614378,1.4989877297028837,22.3109225426635,-0.06545120333743058,-18.86879424504763,3.3311253706356236
3.67,367,move,4.5055442476139795,0.38881707178823066,0.1909321762366009,1.301098649577602,-0.6011303485915288,1.4332534290663437,22.316575220051035,-0.06545120333743058,-19.02353977450915,3.3173210089586576
3.68,368,move,4.51899459631743,0.3820669580268197,0.1906421734202129,1.371387481387562,-0.7137381767691371,1.54600317240433,22.275921736169625,-0.06545120333743058,-16.60488841366117,3.303176179227254
3.69,369,move,4.532383664764079,0.3750292269649796,0.19074520990570806,1.3167096137312926,-0.6839443988891305,1.4837466588552857,22.206623255208783,-0.06545120333743058,-16.922034386457362,3.289067448666161
3.7,370,move,4.545950940859784,0.36763728092403664,0.19088949954596263,1.3836835196216182,-0.7686274126603355,1.5828354879662607,22.112808821702526,-0.06545120333743058,-15.591098035260186,3.274750935710651
3.71,371,move,4.55941738425353,0.36028009276794365,0.19068179576656855,1.325090319694228,-0.7103472960608579,1.503481837724794,22.017864264583036,-0.06545120333743058,-16.726611133710016,3.2605488297075556
3.72,372,move,4.573035492358792,0.35267539981727325,0.18995015092532552,1.3896320008875327,-0.7887177049307049,1.5978587909955768,21.906940903428445,-0.06545120333743058,-15.626521060445736,3.2461794624144926
3.73,373,move,4.586659504869884,0.3450526524499553,0.18890553374616062,1.3457274031441346,-0.7416013389472815,1.5365398756626711,21.742457068452104,0.041042588468316585,-14.48698511296698,3.231813685285395
3.74,374,move,4.600447762441894,0.337222949536963,0.18729756757351793,1.3954678057256666,-0.805161089204279,1.6110911756897646,21.63377107896362,0.041042588468316585,-13.593533298844719,3.2172744768032846
3.75,375,move,4.614027236547314,0.3293102266726472,0.18604955031511564,1.3345070784307511,-0.7834113710785132,1.5474632527840184,21.508560943951725,0.041042588468316585,-13.390592109596335,3.20294690717872
3.7600000000000002,376,move,4.627721833143528,0.3209248513506965,0.1856063667846595,1.3929197993619145,-0.8664542934814818,1.6404172061237745,21.345731926309337,0.041042588468316585,-12.140694208632027,3.188470281852545
3.77,377,move,4.6414257198575575,0.31165309422604703,0.1862029490782493,1.356361025701129,-0.9525269841713826,1.6574145189467986,21.10340842211775,0.041042588468316585,-9.13060566976643,3.173912465588571
3.7800000000000002,378,move,4.655244333972495,0.3020486383622987,0.18694775411380066,1.3985788348225905,-0.9597896759692166,1.6962367108722793,20.836064089439148,0.041042588468316585,-9.931632761331656,3.159228193495642
3.79,379,move,4.668977021874526,0.29209972759838404,0.188095706948746,1.359563245908397,-1.0033612501986797,1.6897177332398552,20.533950410018075,0.041042588468316585,-8.13319051372429,3.144618949062554
3.8000000000000003,380,move,4.682797380391502,0.2820868139805587,0.18892262723977427,1.3973948609867892,-0.9981986475939789,1.7172981504592428,20.199315988366752,0.16921249644841033,-6.479516279697746,3.1299403079666313
3.81,381,move,4.696493547714134,0.27224713167390713,0.18940763904902227,1.34683269992856,-0.9739356056969782,1.6620796869107073,19.91544325766153,0.16921249644841033,-6.2632093678486855,3.1154248480710405
3.8200000000000003,382,move,4.710394529786375,0.26229892525604404,0.18887221698233572,1.4134872160822904,-1.009539779727128,1.7369849385874252,19.630796487327892,0.16921249644841033,-6.724114503332519,3.100719894855939
3.83,383,move,4.724249002898017,0.25213167120836055,0.1878985634365425,1.3734293125160444,-1.0062045237658197,1.7025732348786335,19.324423391860527,0.16921249644841033,-6.148405418006824,3.0860680078549936
3.84,384,move,4.738090571950212,0.2421419372161194,0.18636178473859258,1.3909037814432614,-0.990794197564155,1.7077138141854922,19.03343941622822,0.16921249644841033,-7.041158037425888,3.071469230085944
3.85,385,move,4.751930018286407,0.23203490812608638,0.18469001453282824,1.3822721792306096,-1.017898462432158,1.716622747518129,18.731820305701806,0.16921249644841033,-6.265534957419589,3.0568892643926513
3.86,386,move,4.765841903231077,0.2219472583557643,0.1830398702223162,1.3960391709623146,-0.9993372891488626,1.7168577064930406,18.43511887652344,0.16921249644841033,-7.174806704535012,3.0422651263687643
3.87,387,curve,4.779702543136017,0.2116773541302864,0.1822899019288079,1.4047360631468269,-1.0779705531086727,1.7706789433645682,17.725902657425507,0.40472449997450965,-2.037924547930127,3.027706257605371
3.88,388,curve,4.7939992912464575,0.2018557124813296,0.18149255112310325,1.4019032356675205,-0.9118551757816936,1.672367347138459,17.604691243143677,0.40472449997450965,-6.596260855261343,3.0127706743770677
3.89,389,curve,4.808057650637785,0.19164175346656637,0.18122481126098802,1.410291252784153,-1.0932275416260562,1.7843956611271072,17.437577686285284,0.40472449997450965,-1.927913385465634,2.9980738358009624
3.9,390,curve,4.821849076532444,0.18170566269866573,0.18170649696474633,1.3729707970808063,-0.9285688452893934,1.657494769246281,17.28087028220382,0.40472449997450965,-5.71654438676083,2.983689160566475
3.91,391,curve,4.8356495652595575,0.17140275836380908,0.18282806285646366,1.3775428821628992,-1.0413560797964247,1.7268604104346839,17.093010793313436,0.40472449997450965,-2.7625697154281585,2.969301860089432
3.92,392,curve,4.849452306756304,0.16108074162966937,0.1838013413803461,1.3673994892612553,-0.9969578625114106,1.6922489009762314,16.9036184810654,0.40472449997450965,-3.818579497547268,2.954941593496277
3.93,393,curve,4.86322618993409,0.150601914614831,0.18465873640711353,1.384227182572952,-1.0803344181175083,1.7559064177635286,16.69924848151049,0.40472449997450965,-2.000184452510628,2.9406330047227986
3.94,394,curve,4.876679898751326,0.14045246995629398,0.18543905171255218,1.3159152995717105,-0.9654584840956375,1.6320977789823596,15.89468951667341,0.6961418225267865,0.4577636127979488,2.926692403693893
3.95,395,curve,4.890211128450321,0.12994899772488222,0.1856321986112615,1.3698499687434949,-1.0674115320361188,1.7366220992461912,15.848648483617547,0.6961418225267865,2.157033642904694,2.912689329296974
3.96,396,curve,4.903734723385729,0.11945255283414874,0.18518314828107044,1.3382249563457773,-1.0347620516501863,1.6916200924917983,15.80272217901336,0.6961418225267865,1.9842252495995596,2.8987277501927795
3.97,397,curve,4.917298334767064,0.10893070610589464,0.18442770214247708,1.369539612904044,-1.0637974463083686,1.7341579391986086,15.757116029161589,0.6961418225267865,2.152859086490795,2.8847592428369
3.98,398,curve,4.930635534456303,0.09878023117792467,0.18361076049945152,1.310822448863751,-0.9842335861436632,1.6391983542385518,15.728050082561676,0.6961418225267865,1.248015691112035,2.871064448035283
3.99,399,curve,4.944177695757308,0.08847071563990065,0.18291627345132042,1.3772552031959298,-1.0425615669643187,1.7273582476259397,15.698291466350089,0.6961418225267865,1.5066359403183547,2.8571925364500146
4.0,400,curve,4.9577346001826035,0.07833970791555966,0.18252859104079255,1.3411261997473167,-0.993556666401185,1.6690639092014767,15.683795414936858,0.6961418225267865,0.9387398737563095,2.8433450014153543
4.01,401,curve,4.971387050215673,0.06815858961048371,0.1821438032865116,1.3786063014365504,-1.0314342882146437,1.7217467947597327,15.670913478717635,0.6961418225267865,1.2339327868771932,2.8294341999869026
4.0200000000000005,402,curve,4.984906519006368,0.058059674551196865,0.18161612816253334,1.3328138487509484,-0.9956749370070175,1.6636590202340875,15.79129422918593,0.8632829956913591,6.513069208562799,2.8156923316326328
4.03,403,curve,4.998294267961477,0.04805732341483824,0.18120383018579764,1.3546864607740707,-1.0269704387061527,1.699954025549187,15.734879573626761,0.8632829956913591,7.0475330864379755,2.802118053194275
4.04,404,curve,5.011753034040903,0.03782185809170988,0.18111393292107095,1.351165278791552,-1.029777273495288,1.6988492704237306,15.663385785577782,0.8632829956913591,7.342367113060274,2.788503666800792
4.05,405,curve,5.025200763313077,0.027614646210228865,0.18124106709352436,1.3428166297273534,-1.0161022419748666,1.6839300066269616,15.593580827918185,0.8632829956913591,7.2969809627254545,2.774936833714525
4.0600000000000005,406,curve,5.038572029076263,0.01750508482337001,0.18143825366398844,1.3326282852947644,-1.0083236013232757,1.6711117951092334,15.52742437821869,0.8632829956913591,7.450670069754556,2.761483644709103
4.07,407,curve,5.05182052118576,0.0074483707517775145,0.18165491056239147,1.3199085199397989,-1.0040539794145662,1.658397688911769,15.458593795635556,0.8632829956913591,7.7616215281173915,2.7481897631622667
4.08,408,curve,5.064878891662617,-0.002472962182906667,0.18200879151675453,1.3126833562935303,-1.0026052797450782,1.651773271627421,15.390017359380506,0.8632829956913591,8.042076995237904,2.735122417037419
4.09,409,curve,5.078053545199831,-0.012496154781090524,0.1823983256289194,1.3187234119835864,-0.9992551836902649,1.654552011707549,15.548541402548288,1.0330054315580315,13.737536508783688,2.7219753296133544
4.1,410,curve,5.091173063337535,-0.02241850477415328,0.18300568657175015,1.322266018443021,-0.9969254861926883,1.6559733840100472,15.410071816833923,1.0330054315580315,13.875182063384171,2.7089198946222037
4.11,411,curve,5.104343994213652,-0.032377881484217316,0.18358818446963585,1.3133272753411687,-0.996460965323116,1.6485639167371504,15.271216608429617,1.0330054315580315,14.337379349153819,2.6958506370072897
4.12,412,curve,5.117420666493734,-0.0423315088721289,0.18403215159150732,1.303202670560498,-0.9946715826850909,1.639423300419168,15.127814756654063,1.0330054315580315,14.803655682221878,2.682913502243625
4.13,413,curve,5.130400825948432,-0.05227407610288545,0.18446851693208563,1.294867892414559,-0.9940876337636531,1.6324500244748505,14.980194946865566,1.0330054315580315,15.281684782148336,2.6701111114522047
4.14,414,curve,5.143215549144665,-0.06212151160453405,0.18496430890639626,1.2905674146365824,-0.9928154008519481,1.6282649268133753,14.83178562302529,1.0330054315580315,15.666543176916061,2.6575108116418997
4.15,415,curve,5.156189732776928,-0.0720462376398826,0.18517901317861143,1.2993584192913792,-0.9908207749982278,1.6340312450964578,14.685355267607857,1.0330054315580315,15.766426796515175,2.644791938502121
4.16,416,curve,5.169222094910187,-0.08198028193674708,0.18507048222219777,1.306232937490766,-0.9969063577321919,1.6431879907888265,14.839383467229087,1.080319130896326,21.851736691213432,2.6320551202619864
4.17,417,curve,5.182318097845133,-0.09192428824922051,0.18436530674942994,1.30847085067171,-0.9953790652261123,1.6440424114200818,14.591067428284408,1.080319130896326,22.20482593465603,2.6192956332200614
4.18,418,curve,5.195383790454758,-0.10180435346490478,0.18328257749236887,1.3047866135000332,-0.9851262823235297,1.6349134224458077,14.346921921787148,1.080319130896326,22.4531872825027,2.606605209653449
4.19,419,curve,5.208278514173805,-0.1115207405980666,0.18213682883535598,1.300576018930827,-0.9736136223308841,1.624629639827559,14.108993058670741,1.080319130896326,22.68417664100869,2.5941199132538197
4.2,420,curve,5.221274741188399,-0.12122734936500865,0.1811454366686865,1.29605744394665,-0.9679820850706421,1.6176384685791914,13.876770457463977,1.080319130896326,23.10203273642028,2.581573360253913
4.21,421,curve,5.234213916353667,-0.13092039397227045,0.18060599570152153,1.2926486148989733,-0.9711598755193638,1.6168153714691793,13.643015205427398,1.080319130896326,23.765908867163017,2.569124238988997
4.22,422,curve,5.247143050290763,-0.14069529212320786,0.18075997825411602,1.2934423197850085,-0.9818577220430064,1.6238958159150192,13.401588687559768,1.080319130896326,24.579657121945292,2.556731261736764
4.23,423,turn,5.260029745038408,-0.15050888390725442,0.18090391440671066,1.2878764425316098,-0.9821523187303055,1.6196446858540272,13.459159333689158,1.0614680915711878,30.4572451266776,2.5444258270082187
4.24,424,turn,5.272423541587174,-0.15989085458460695,0.1806098093157049,1.235997188388142,-0.9413431392222038,1.553646020000729,13.093440954519977,1.0614680915711878,31.000069121951547,2.5326288323985526
4.25,425,turn,5.285031878154474,-0.1695270227154453,0.18046467298036975,1.2748894219083844,-0.978578002762582,1.6071583449009306,12.712975046009408,1.0614680915711878,31.833123359570124,2.5206755096033713
4.26,426,turn,5.2974890848266964,-0.1792172788765122,0.18068420756398507,1.22759845419175,-0.9629359259755655,1.5602062563226677,12.321519062033357,1.0614680915711878,33.07943965599971,2.508920219584835
4.2700000000000005,427,turn,5.3100432330399014,-0.1890439526373999,0.18149108500695463,1.276131357295907,-0.9956441942060719,1.6185853707883782,11.921422693608454,1.0614680915711878,33.60795767388869,2.497122998012377
4.28,428,turn,5.322575471626766,-0.19880109253046793,0.18246277807984113,1.2383214618771408,-0.9626988057973552,1.568511725690692,11.52682788783534,1.0614680915711878,34.206087638432756,2.4853883224235087
4.29,429,turn,5.335251558742776,-0.20850955004284294,0.18353960807706846,1.2877965354526884,-0.9771399202280583,1.6165464238391805,11.562180326914623,0.9799814229900102,38.590548141276834,2.4735525163953835
4.3,430,turn,5.347880878985358,-0.21809544787916746,0.18453477773274693,1.2448760294880705,-0.9501013091342745,1.5660168665798737,11.02126109645583,0.9799814229900102,39.47182662599203,2.4617990867332127
4.3100000000000005,431,turn,5.360564354553367,-0.22773908774297533,0.185196414704468,1.2856252825209276,-0.9747669638173768,1.6133824719534926,10.476433508434729,0.9799814229900102,40.03759557320493,2.450043324297045
4.32,432,turn,5.3731536925775165,-0.23734705683685842,0.1856521733698018,1.2417162705890217,-0.9532774188674774,1.565438320077846,9.932220702227069,0.9799814229900102,41.14999676638536,2.4384252194823803
4.33,433,turn,5.385800734475339,-0.24706658821477745,0.1858341825643888,1.285198700110144,-0.9855594181297019,1.6195873133082268,9.379064879416433,0.9799814229900102,41.92060034821114,2.426808792141621
4.34,434,turn,5.3984075151039495,-0.25679416239459624,0.18544826144760865,1.2452115654434053,-0.9680950988297894,1.577263441246349,8.823946939074814,0.9799814229900102,43.128624173815474,2.4152827208184124
4.3500000000000005,435,turn,5.411102955118252,-0.26660815432524515,0.18437439407918121,1.2839433138848242,-0.9898313359402755,1.6211960112456651,8.78278612687408,0.9286738882060798,47.118215531891416,2.403728335375985
4.36,436,turn,5.423738808872763,-0.2762838597908439,0.18299545933161318,1.2494783026193232,-0.9595863271793941,1.5754370657141796,8.04651453488843,0.9286738882060798,47.83525716671052,2.3922689911692845
4.37,437,turn,5.436438126234252,-0.28589170575392914,0.18147040407966128,1.2825975737322008,-0.9617606427642268,1.603134451664609,7.31801768693517,0.9286738882060798,48.01693930418218,2.3807897219547303
4.38,438,turn,5.449051746823588,-0.2953443115072838,0.18035442408873464,1.2487194193161968,-0.936851946117997,1.5610867231267,6.603343122162701,0.9286738882060798,48.88279474964178,2.3694275359817527
4.39,439,turn,5.461684066596119,-0.3047598651626805,0.1797839291010653,1.2720339539596806,-0.9462629566129237,1.585397099494045,5.892639783402848,0.9286738882060798,49.520857202653225,2.358092634274832
4.4,440,turn,5.474236385149014,-0.3141787452943668,0.18014318927343367,1.2425039528942405,-0.9410750879760953,1.558665581247956,5.180235270127299,0.9286738882060798,50.90942687770528,2.346888485499026
4.41,441,turn,5.486726005364756,-0.3236567065188188,0.1807152432497286,1.252472777060678,-0.9522749580831107,1.573377149023805,4.460933958391826,0.9286738882060798,51.93561468255364,2.3358063105433944
4.42,442,turn,5.499095372072293,-0.33315100545219095,0.1817052674508883,1.229070866944587,-0.9490881995204379,1.5528630353127943,4.220869840753309,0.7709652286751001,55.65245699029802,2.3248984014314353
4.43,443,turn,5.5115930752223585,-0.34253249268183517,0.18267055555711348,1.2572667870689358,-0.9365861039393203,1.5677733586073213,3.3224925296805643,0.7709652286751001,55.53830402961612,2.3139005239791737
4.44,444,turn,5.52411575441617,-0.35179521796614194,0.1836863653799754,1.2506763900447455,-0.921331722787833,1.5533974301609208,2.4360640913760894,0.7709652286751001,56.1211457525482,2.302913338113595
4.45,445,turn,5.536719078430472,-0.3609393450471674,0.1847206550244784,1.2663737209089738,-0.9101139145574636,1.5594902175005618,1.5617432469936476,0.7709652286751001,56.34912474545123,2.2918810187522567
4.46,446,turn,5.549293757675371,-0.3700398601758803,0.18567048305101125,1.2532847316937656,-0.9123178401281337,1.5501762674330868,0.6916913478454983,0.7709652286751001,57.61497774794658,2.2809228277025
4.47,447,turn,5.561805369934991,-0.37912918502478526,0.18626503474949022,1.2480856623223338,-0.9103917028294288,1.544840080097369,0.17744043274680393,0.7709652286751001,58.60474361985965,2.270078191338997
4.48,448,turn,5.574248868049419,-0.38821409643388705,0.1868434205624052,1.2433148139015668,-0.9072981839710571,1.5391626688249251,1.0463453176469395,0.7709652286751001,59.56719929294417,2.259353698539913
4.49,449,turn,5.586696689209562,-0.3972552681398039,0.1873347762177249,1.2471594047686017,-0.9030455260388763,1.5397719970832058,1.3110390334768531,0.49690332111992175,61.20429290498766,2.2486716385299537
4.5,450,turn,5.5994236450001775,-0.405982604519343,0.18791785591679502,1.2782661086126053,-0.8704786497216258,1.5465113397737495,2.3205974530165903,0.49690332111992175,60.42348542025816,2.2377128968681195
4.51,451,turn,5.612278521872275,-0.4145918787334295,0.1884824989587618,1.2908248673993994,-0.858340719444902,1.5501540661991855,3.319853936125092,0.49690332111992175,60.67608373952734,2.2266594994122078
4.5200000000000005,452,turn,5.625169417885093,-0.42316008950712075,0.18881815416630315,1.2873200096680177,-0.8579298203012631,1.5470088506061699,4.315432543493778,0.49690332111992175,61.634195104708624,2.2156157951878757
4.53,453,turn,5.638004072159976,-0.4317376019424125,0.1888502552826244,1.2817165105877857,-0.8584529428324369,1.542640161726318,5.311306659905467,0.49690332111992175,62.678949186902365,2.2046824201376176
4.54,454,turn,5.650613657175908,-0.44052160614265656,0.18868631435200084,1.2469052451394231,-0.894601933267092,1.5346287203624933,6.3251840367260534,0.49690332111992175,65.45693063896864,2.1940651212129247
4.55,455,turn,5.663338226244286,-0.4492215400368903,0.18813059346647446,1.2892852361825864,-0.8537066324767091,1.546308971251577,7.3319927040666215,0.49690332111992175,64.25656826023003,2.1833745309803922
4.5600000000000005,456,turn,5.676066209837146,-0.4578668319337775,0.18743196105520996,1.2672207024388145,-0.8735977091062477,1.5391625209980935,8.333409609791085,0.49690332111992175,66.28589259874174,2.1727258434963894
4.57,457,turn,5.689088867910957,-0.4662064439024463,0.18668613163783657,1.3107825672484468,-0.8222773943503007,1.5473496863546872,8.57383169037415,-0.28354753470424227,62.6597501633662,2.1617805302949553
4.58,458,turn,5.70267982227232,-0.47366403267889484,0.18697307921185174,1.3886000987614986,-0.7057052411846287,1.5576360684434278,9.629386590210078,-0.28354753470424227,58.33946989246163,2.1501419357385436
4.59,459,turn,5.717066300005118,-0.4800019880465712,0.18897348339493647,1.4753743973790288,-0.5948923728641423,1.5907943134589908,10.595838966629133,-0.28354753470424227,54.18054182428505,2.137525555795583
4.6000000000000005,460,turn,5.731647106347012,-0.4858494726237838,0.19156213003641395,1.4489671807697697,-0.5902393772754624,1.5645729172635003,11.51948778339809,-0.28354753470424227,55.20208481767112,2.1246491926305264
4.61,461,turn,5.74661169096299,-0.4915219172956128,0.19366418127266857,1.4999132401396593,-0.5682651716442836,1.6039529398489716,12.43555205232031,-0.28354753470424227,54.62758120401708,2.1113971976341497
4.62,462,turn,5.761601892568585,-0.49718646396305355,0.19496278192799846,1.501856628783399,-0.5672773366368784,1.6054211005472883,13.35147713723691,-0.28354753470424227,55.42753250552751,2.0981568106114628
4.63,463,turn,5.7766251633651775,-0.5028666596133861,0.19557318647229172,1.50386303656244,-0.569614981796978,1.6081247651306083,14.269728493420402,-0.28354753470424227,56.35785478548594,2.0849271878734763
4.64,464,turn,5.791671434877431,-0.5085646037915972,0.19546404143601137,1.5063565291700276,-0.5708291735437809,1.6108866932040404,15.190263409869619,-0.28354753470424227,57.2646552093292,2.0717196595663148
4.65,465,turn,5.806749574631722,-0.5142238935229086,0.19463946645325172,1.510360046319721,-0.564320517840448,1.6123415011636404,16.107829846471525,-0.28354753470424227,57.913488587086796,2.0585126259669657
4.66,466,turn,5.821893337985192,-0.5197778388294018,0.19322329345694406,1.5185344952514144,-0.5517801955120822,1.615675833027102,16.349601509397242,-0.4242513589109267,54.386582234872115,2.0452568842649996
4.67,467,turn,5.837031702656227,-0.5253448959426394,0.19110578683823692,1.5164350428871642,-0.5566114126534835,1.6153611063760023,17.41049074959777,-0.4242513589109267,55.400659283764625,2.0320513145299035
4.68,468,turn,5.852227451904462,-0.5307022848329376,0.1888584993020725,1.5262056939726523,-0.5180376262251529,1.6117278934421704,18.453847948077275,-0.4242513589109267,54.82930932311541,2.0187777384491294
4.69,469,turn,5.867634439104172,-0.5354028060795238,0.1871335855378864,1.553297497978414,-0.43961503436165367,1.614309293680365,19.44340327312189,-0.4242513589109267,52.710517440142844,2.0051667169672136
4.7,470,turn,5.883365997711344,-0.5391931178586788,0.18637307413999074,1.590721771455751,-0.3399165035306992,1.6266342500869269,20.35954487995398,-0.4242513589109267,49.7810963111594,1.9910338641552734
4.71,471,turn,5.899315697051839,-0.5421867389095149,0.18673938650913852,1.5991063246268045,-0.2840722930028975,1.6241422675102606,21.209072094851575,-0.4242513589109267,48.590355347192435,1.9765039854188073
4.72,472,turn,5.915575924923224,-0.5446616831307147,0.18737046846369013,1.64273400302999,-0.2272911416360404,1.658383631062834,22.021252103958755,-0.4242513589109267,47.1987781633847,1.9615583505597074
4.73,473,turn,5.93195053127733,-0.5468904195384913,0.18773200025008127,1.6411298022752303,-0.21498881764972705,1.6551517210305418,22.814523911357245,-0.4242513589109267,47.60177253126842,1.946457978272943
4.74,474,turn,5.948406404570704,-0.548893142818028,0.18796687400495807,1.6508427059649289,-0.19160274609474642,1.661924562712958,23.589590484782175,-0.4242513589109267,47.589661071289164,1.9312387815064136
4.75,475,turn,5.9649831235591915,-0.5506549281628371,0.18821764856976034,1.6623278263453822,-0.1678194756370578,1.6707774174453223,23.753669154844758,-0.5460826523243248,43.12551289042109,1.9158571154279809
4.76,476,turn,5.981572239602796,-0.5524487699326543,0.1879500029167353,1.6595901187620716,-0.17647751111232324,1.6689468757935668,24.65439437346023,-0.5460826523243248,44.166104859567035,1.9004946347881309
4.7700000000000005,477,turn,5.9981586452045805,-0.5541498823164621,0.18740210673100074,1.6589115346302474,-0.1677804102766064,1.6673745067626136,25.54669994094957,-0.5460826523243248,44.62190277646245,1.885129981531859
4.78,478,turn,6.014747480854159,-0.5557847451210003,0.18674017915746416,1.6608033717216344,-0.16105638609630768,1.6685943182884067,26.43318500121587,-0.5460826523243248,45.153318242404445,1.8697657396170284
4.79,479,turn,6.031298444173521,-0.5574621764873939,0.18617853869093506,1.6537062909339728,-0.19112678533351998,1.6647143733224996,27.321789868143863,-0.5460826523243248,46.99622474324798,1.8544729565305627
4.8,480,turn,6.047992009976687,-0.5589540544216902,0.18568868947533576,1.683391674814282,-0.12103806372066664,1.6877374629080442,28.20015159413898,-0.5460826523243248,45.32357259872036,1.8390112290026999
4.8100000000000005,481,turn,6.064765817494638,-0.5602198459874521,0.18508285229373636,1.6801795753237818,-0.11563391624158181,1.6841539739348563,29.061860262711264,-0.5460826523243248,45.97003068771674,1.8234266110574902
4.82,482,turn,6.081528918367153,-0.5613333088880725,0.18435173456378806,1.67530278409947,-0.11002844035293412,1.6789120513290547,29.90945872684916,-0.5460826523243248,46.627487099081044,1.8078270375288479
4.83,483,turn,6.098285567711481,-0.5623657263284926,0.18384501535465214,1.6781870151709433,-0.09924895634176398,1.6811192739431933,30.749516256957953,-0.5460826523243248,47.11059679885014,1.7922298592425538
4.84,484,turn,6.115125832363981,-0.5632303552922432,0.18377072351441429,1.687373077662597,-0.08061884160830463,1.6892978721477185,31.083957250277873,-0.6470869480950474,42.310472641669,1.776521893087253
4.8500000000000005,485,turn,6.132002982562362,-0.5641502497062901,0.1834327155944121,1.6867060933570195,-0.08808058990774346,1.6890043326428132,32.02689200980202,-0.6470869480950474,43.31772839813708,1.7608180458851868
4.86,486,turn,6.1488041245770075,-0.5649607524985693,0.18314506759099325,1.6763875692658678,-0.07773075410569484,1.6781887118327798,32.95653869697477,-0.6470869480950474,43.74924422139594,1.74517308618914
4.87,487,turn,6.1655039542379075,-0.5656714133915302,0.1832441175715748,1.668388887046591,-0.0673037926052021,1.6697458725565417,33.87242241175627,-0.6470869480950474,44.18289894772299,1.7296132790456609
4.88,488,turn,6.182190924523421,-0.5663034414767089,0.18379968916022751,1.670419965759455,-0.06320907268782619,1.6716154608276013,34.78089288102401,-0.6470869480950474,44.83592893879729,1.7140613786174548
4.89,489,turn,6.198955274077211,-0.566911971558524,0.18458725401977788,1.6810584896930694,-0.05945285805596736,1.6821094756585155,35.69130564486448,-0.6470869480950474,45.51584901005969,1.6984504728285956
4.9,490,turn,6.215782078129629,-0.5674759426520487,0.18485600884170317,1.6858409285444793,-0.05497392388971891,1.686737018228848,36.60108747515398,-0.6470869480950474,46.20412384276629,1.682788154758442
4.91,491,turn,6.232642716137455,-0.5679338619668987,0.18468828849930027,1.6871147675792013,-0.04057362513328044,1.687602577042438,37.503490764037046,-0.6470869480950474,46.5811060486988,1.667080779310049
4.92,492,turn,6.249485307594695,-0.5682614370519851,0.1843476810258762,1.68370037143314,-0.029134210356630254,1.6839524170763251,38.39377298531772,-0.6470869480950474,47.07971833564735,1.6513683609902299
4.93,493,turn,6.266185874697959,-0.5687090469652053,0.18419002898099968,1.6618516625397282,-0.0572863205636607,1.6628387386664352,39.28709689989693,-0.6470869480950474,48.97203569554004,1.635853396909341
4.94,494,turn,6.282954417869763,-0.5688000155068447,0.18429915568424243,1.6747376113538046,-0.010078258126792873,1.6747679356167282,39.821180660147846,-0.649107833174951,42.48860662268348,1.620173242159139
4.95,495,turn,6.299704804338336,-0.5689459199245749,0.1846705391913064,1.6759356255604783,-0.01393485903394551,1.675993556467055,40.76645980759632,-0.649107833174951,43.39844741735218,1.6045515592343946
4.96,496,turn,6.316485976421556,-0.5690230896604012,0.18528517212138246,1.6795906475158635,-0.003130606265125182,1.6795935650979212,41.707745974794385,-0.649107833174951,43.82812685682369,1.5888995250286588
4.97,497,turn,6.333289381665271,-0.5689683012646417,0.1858349346392935,1.6818812608462124,0.009964585862673743,1.6819107790120913,42.63931233917522,-0.649107833174951,44.1993975031469,1.5732023154335717
4.98,498,turn,6.35008327545174,-0.568853875648139,0.1861994120465089,1.6781554539144783,0.009757182934821244,1.6781838189309692,43.56539627195816,-0.649107833174951,45.04433450683313,1.5575152625460964
4.99,499,turn,6.366797407544574,-0.5687924781188746,0.18630176979240237,1.670936513774599,0.004635594817780133,1.670942943910571,44.49144038401892,-0.649107833174951,46.080894735112864,1.5419452327851988
5.0,500,turn,6.383503233785039,-0.5687187491921419,0.1863153756811983,1.6727290465859894,0.007990163732433695,1.6727481298775808,45.41599772179629,-0.649107833174951,46.85327058269865,1.5264025172708502
5.01,501,turn,6.400272105419007,-0.5685787421408862,0.18628663960114503,1.67997905056434,0.017309828431870417,1.6800682249526064,46.33856327262288,-0.649107833174951,47.45041833790017,1.5108012770832917
5.0200000000000005,502,turn,6.417084260984332,-0.5682816319048442,0.18602197912604415,1.6826064287251319,0.036816757094784505,1.6830091703820627,47.25049359636115,-0.649107833174951,47.72315894925166,1.4951255739630063
5.03,503,turn,6.433868320105255,-0.567864320016143,0.18564879487919939,1.6763850662255861,0.044210923245123865,1.6769679472185355,48.150876571460344,-0.649107833174951,48.42258663841731,1.4794546880176325
5.04,504,turn,6.450583809032565,-0.5673720831405012,0.1853120589383489,1.6702495444854306,0.05145042998934024,1.671041797083447,48.84020313923334,-0.6951990426843825,42.61493790938518,1.4638427688565852
5.05,505,turn,6.467293044094283,-0.56691430854581,0.18505471006143148,1.6722952080147195,0.04766223274974074,1.6729742828805483,49.78000167326171,-0.6951990426843825,43.561330777362286,1.448274895156597
5.0600000000000005,506,turn,6.484036689219917,-0.56645812119215,0.1848673544732474,1.6758210372937714,0.04130018032337508,1.676329876226966,50.721940824153144,-0.6951990426843825,44.62361543214446,1.432701902135967
5.07,507,turn,6.500738899511849,-0.5662261114364999,0.18455200723909906,1.6795689619759273,0.0340363195091751,1.6799137981094818,51.679644316265936,-0.6951990426843825,45.75095522756697,1.417283285777051
5.08,508,turn,6.517531983219031,-0.5658065262359219,0.1840669112948517,1.6777251330414324,0.043570166293689254,1.6782907916775782,52.6274434168234,-0.6951990426843825,46.32296083337641,1.4017352561807217
5.09,509,turn,6.534243680210034,-0.5653076454973213,0.18363255827233413,1.667673014211197,0.05341340211285904,1.6685281759243773,53.56405106484669,-0.6951990426843825,46.89384695529809,1.3862583734620748
5.1000000000000005,510,turn,6.550871639890068,-0.5647020239020852,0.18348860274335735,1.661389767514829,0.06441857828405809,1.6626381785677595,54.48710326596955,-0.6951990426843825,47.443563017372675,1.37084299332007
5.11,511,turn,6.5674941685940444,-0.5639875263381512,0.1837332964500068,1.6651474082123596,0.07503319164258722,1.6668370858978425,55.40100513004029,-0.6951990426843825,48.04270744217999,1.3554161812810157
5.12,512,turn,6.584173664599564,-0.5632614021705395,0.1842085618985692,1.6705367816324435,0.06801821580241173,1.6719209360695935,56.326140217053954,0.0,30.260468226648367,1.339961771405943
5.13,513,move,6.601630395287125,-0.5619146455296349,0.18504837430508883,1.782152842186383,0.17048403689284547,1.7902886805619602,56.19146455296349,0.0,27.5874929558105,1.323570260886119
5.14,514,turn,6.6189106075409425,-0.5604553682486448,0.18655309388993557,1.7070863663590772,0.13898427545175018,1.7127347988033306,56.045536824864485,0.0,28.860306966074674,1.307318944759814
5.15,515,move,6.6359668829342935,-0.5586886755683749,0.18854341127617744,1.7021265668202825,0.19485224198284593,1.7132431951363891,55.868867556837486,0.0,27.439549230160992,1.2911648143740135
5.16,516,move,6.652992288170708,-0.556300712839521,0.19137798643941623,1.7046662729570663,0.25925995070670504,1.7242687795694087,55.6300712839521,0.0,25.76076241796386,1.2747931642624941
5.17,517,move,6.670122830107612,-0.5531986047436125,0.1946363307800878,1.7209503859155877,0.33750707987172485,1.7537335201639241,55.31986047436125,0.0,20.658695054540136,1.2580347953646922
5.18,518,move,6.68740618137622,-0.5499367038549184,0.19759871613674623,1.7265200571616177,0.3033779695998269,1.7529716769588348,54.993670385491846,0.0,22.138533894140757,1.2410865432787324
5.19,519,move,6.704502144759239,-0.546602740880763,0.19958768708763996,1.7219210047703517,0.3612112932286522,1.7593992000183623,54.6602740880763,0.0,20.609575854260523,1.2242918463645722
5.2,520,move,6.721730367977928,-0.5432533989872771,0.20057599654432143,1.722917444667044,0.31096380033345616,1.7507549817880979,54.32533989872771,0.0,22.5928822882995,1.2073897739253476
5.21,521,move,6.738826778505999,-0.5399701052990793,0.20062193422302782,1.701158084865759,0.332126626865828,1.733276355915989,53.99701052990793,0.0,22.154812339592663,1.1906539066572412
5.22,522,move,6.756022989351882,-0.5366155433112972,0.19968876794877705,1.7333476930135168,0.33085401855441604,1.7646412118243433,53.66155433112972,0.0,22.786106217583615,1.1738162711134654
5.23,523,move,6.773200118702441,-0.5331709447610576,0.19777619827421244,1.708808684559016,0.3467540046866703,1.7436357016850046,53.317094476105765,0.0,19.46908729970661,1.156974349008303
5.24,524,move,6.790535692506306,-0.5295457640015575,0.19496327892464846,1.746570891152817,0.38904499490126393,1.7893758369554646,52.95457640015575,0.0,18.708277409835212,1.1399286334485272
5.25,525,move,6.807890727712812,-0.5257336678861539,0.191727561313988,1.7318707575604049,0.3753132289745933,1.7720712008088688,52.573366788615395,0.0,19.366546581601924,1.1227987692222197
5.26,526,move,6.825370512162112,-0.5214657185688282,0.18869566367751903,1.7548689430275177,0.45378441905066336,1.8125907718444518,52.146571856882815,0.0,17.416492199458776,1.1053639699200115
5.2700000000000005,527,move,6.843033643251844,-0.5168958197351339,0.18560886803411655,1.774515091340294,0.45642473442597153,1.8322738189447205,51.689581973513384,0.0,17.813123538495137,1.0876425246657222
5.28,528,move,6.860694699431154,-0.5122261916085651,0.18242810155924474,1.7630723233483057,0.4727154527624216,1.8253448760815512,51.22261916085651,0.0,17.55783582984103,1.0698927410554369
5.29,529,move,6.878498866711714,-0.5074015192374368,0.18018086771585312,1.7939752226522703,0.4920365738599865,1.8602276982955976,50.74015192374368,0.0,14.548667187979952,1.051960546741595
5.3,530,move,6.89643183103005,-0.5019854821047841,0.178875483098928,1.8031943272176232,0.581300512554774,1.8945764876632085,50.198548210478414,0.0,12.261118891685545,1.0336465570511129
5.3100000000000005,531,move,6.914406995676117,-0.4960832173998117,0.1790508316176511,1.7916275337407013,0.5831264209293809,1.8841352505708546,49.60832173998117,0.0,12.329035312931463,1.0150733302181214
5.32,532,move,6.932239899423139,-0.4900407501711877,0.1805206224118587,1.7776828699939409,0.6119180784233845,1.8800532229091977,49.00407501711877,0.0,11.589083128290415,0.9965680408310059
5.33,533,move,6.950124781719658,-0.48401833187964854,0.18244334253371217,1.7987345078381214,0.5972305443725925,1.8952915746183308,48.401833187964854,0.0,12.4535244267401,0.9780398542208393
5.34,534,move,6.967987447634184,-0.4779378898498404,0.18420020617830665,1.7779332536304815,0.6121213915232145,1.8803561503942243,47.79378898498404,0.0,10.876621305314847,0.959515414798551
5.3500000000000005,535,move,6.9859078561332195,-0.47180106837355196,0.1857339197697001,1.8036563234787792,0.6217975669826047,1.9078281755783129,47.1801068373552,0.0,11.072847433323169,0.9409264463153216
5.36,536,move,7.0039111719541145,-0.46540260936850075,0.1868291850939369,1.8032726002063206,0.6590622173210404,1.91993621689758,46.540260936850075,0.0,10.234630018213396,0.9221482064344672
5.37,537,move,7.021711761205967,-0.45931280434768945,0.18743494801875907,1.7669539202460787,0.5747481446881428,1.8580800806465387,45.931280434768944,0.0,12.528824795406067,0.9037151828846819
5.38,538,move,7.03953933013565,-0.45328430879571546,0.18756009753373268,1.791284960550541,0.6158366006021863,1.8941902038960634,45.32843087957155,0.0,11.824936797634228,0.8853063792290812
5.39,539,move,7.057328381020632,-0.44733529380585496,0.18736730686099318,1.7758177353519111,0.5807853950850556,1.8683790579897042,44.733529380585495,0.0,12.951462393936913,0.8669892052549338
5.4,540,move,7.075288631105953,-0.4411171690942696,0.18660629538079873,1.8113989136012298,0.6560263507038756,1.9265348678426664,44.11171690942696,0.0,11.419379571034957,0.8484050928238881
5.41,541,move,7.093342473313356,-0.4349698477471218,0.18522619428901949,1.8093706199021222,0.5952644320230199,1.9047734206977687,43.496984774712175,0.0,13.402915232021556,0.8297975042385514
5.42,542,move,7.11134202852054,-0.4287929066890087,0.18338202631557654,1.7938464093341728,0.6326611133416495,1.9021422198710065,42.87929066890087,0.0,12.48151548789507,0.8112419005519981
5.43,543,move,7.129120123364236,-0.4228905996954527,0.1816234584084519,1.769403475773404,0.5636488355937326,1.8570106811607665,42.28905996954527,0.0,14.555928020033814,0.7930425739555207
5.44,544,move,7.1468777104374,-0.4167503334658069,0.18028873205735238,1.7800331573901769,0.6487575110483924,1.8945723394872382,41.67503334658069,0.0,12.51654017864844,0.7747579071644064
5.45,545,move,7.164710402968989,-0.41048560533873235,0.17969162923596996,1.7890798160173067,0.6127709549517708,1.8911094181228714,41.048560533873236,0.0,13.961434323414858,0.7563673357766811
5.46,546,move,7.182441507032007,-0.4041775174280818,0.1790996098827353,1.7630310889601186,0.6408634258948355,1.8758956664189954,40.41775174280818,0.0,13.227543767107512,0.7380638139152544
5.47,547,move,7.20014633486093,-0.3980289011812122,0.17904605248770086,1.7790134840767517,0.5997758610087032,1.8773971503056124,39.80289011812122,0.0,14.934991477671913,0.7198969749779119
5.48,548,move,7.2177588554751715,-0.3919210159843431,0.1799060587137526,1.7554241151760048,0.6336383911028515,1.8662827853304733,39.192101598434306,0.0,14.097901102835767,0.7018597119476147
5.49,549,move,7.235387450663535,-0.3857925922411474,0.1812706344084327,1.7709092484631368,0.5976274536703626,1.8690313372634482,38.57925922411474,0.0,15.696332768906858,0.6838300011545247
5.5,550,move,7.252891740616549,-0.37965142314999556,0.18262635920181716,1.7376691188641986,0.6251327906193492,1.846695690297082,37.965142314999554,0.0,14.971311026725656,0.6659300708713194
5.51,551,move,7.270450022948354,-0.37360639610957674,0.1841176083169474,1.7719946430334337,0.5928056915477863,1.8685244453500294,37.360639610957676,0.0,16.70637574986778,0.6480780195444885
5.5200000000000005,552,move,7.28794918584264,-0.3674308941486256,0.1852862061917994,1.7408251101401024,0.6365546437010565,1.8535570880098835,36.74308941486256,0.0,15.576396795562335,0.6302393938702927
5.53,553,move,7.305609828454711,-0.3612526764329379,0.1858394267834573,1.78299701236079,0.6065201922716735,1.8833335046456245,36.12526764329379,0.0,17.369014407555547,0.6123114620399176
5.54,554,move,7.3232000014962875,-0.35500429577973436,0.18595644315776907,1.7427291084450969,0.6364752483095254,1.8553181633166087,35.500429577973435,0.0,16.606656012322325,0.5944463562677517
5.55,555,move,7.340799570025918,-0.34889538336239057,0.18594864262054053,1.7740222831104855,0.5998120021278064,1.87267976409986,34.889538336239056,0.0,18.546322490310096,0.5767089374988655
5.5600000000000005,556,move,7.358292594468672,-0.34272808294257584,0.1858219332648669,1.733960967314965,0.6299892070250057,1.8448596253210825,34.27280829425759,0.0,17.841180699963964,0.5590779368180698
5.57,557,move,7.375868215579782,-0.3365993938189565,0.18544805672555406,1.7807236138377074,0.6022756015474553,1.8798171424632166,33.65993938189565,0.0,19.749656552469695,0.5414675283599556
5.58,558,move,7.393408548855726,-0.3303239857108453,0.18428972674919736,1.738424850564407,0.6434399591720091,1.8536817262192444,33.03239857108453,0.0,18.780234720931816,0.5238613354523038
5.59,559,move,7.411124750443863,-0.324008031375957,0.1824335375236555,1.7916868896489189,0.6217362759039788,1.8964962186397223,32.4008031375957,0.0,20.66343122116798,0.5061672771501954
5.6000000000000005,560,move,7.428751206797393,-0.31763210786223595,0.18036715831853162,1.7427578714737826,0.6459133870819653,1.8586040735443163,31.763210786223596,0.0,20.213463278580853,0.48858567725590507
5.61,561,move,7.446321294902936,-0.31142311519989146,0.17862309121959052,1.7681501891891915,0.6053578433250398,1.8689069559517717,31.142311519989146,0.0,22.465168728634,0.47124634538391497
5.62,562,move,7.463704103128737,-0.30527153341624375,0.17751091731187926,1.7204389100354696,0.6224252728941833,1.8295691469582211,30.527153341624373,0.0,22.342226243767982,0.4541869302979687
5.63,563,move,7.4811407530012195,-0.2992628809475674,0.177390712876267,1.7609742687607686,0.5861147272356662,1.8559528142493449,29.926288094756742,0.0,24.774866353492254,0.43729808248476615
5.64,564,move,7.498498558286655,-0.293202990408177,0.17825941766775333,1.7205862838917394,0.6193052874070865,1.8286487359049466,29.320299040817698,0.0,24.404775601039162,0.4205606115094852
5.65,565,move,7.515919483502348,-0.2871888354788284,0.17977948334834898,1.7566159028000705,0.5875981064305781,1.8522880350126185,28.71888354788284,0.0,26.816344063786154,0.4039545462615958
5.66,566,move,7.533295645370426,-0.28119965877019243,0.18153013235644344,1.745464684095885,0.5897744095534722,1.8424116851534822,28.119965877019244,0.0,27.84586102643817,0.3875623338387306
5.67,567,turn,7.550722973365204,-0.2752811728287202,0.18351921602736104,1.7387553602899362,0.5972828452149084,1.8384822545036985,27.52811728287202,0.0,28.879805614890387,0.3713742791491033
5.68,568,turn,7.568053840113599,-0.26929116837795125,0.18538119382527837,1.7315547287947974,0.6001210903250974,1.8326011846183579,26.929116837795124,0.0,30.145703339905545,0.35541080868888125
5.69,569,stop,7.585327266083105,-0.2632878430246108,0.18683436984877952,1.7254324647395025,0.6000752336201001,1.8268025280202709,0.0,0.0,0.0,0.339713044882135
5.7,570,stop,7.600921847588511,-0.25802641238730273,0.19031519342762412,1.432556406789398,0.4902159914490314,1.5141101600959253,0.0,0.0,0.0,0.3258984752946218
5.71,571,stop,7.616053977948811,-0.2530974056307089,0.19755412105885195,1.512606316435879,0.4331432516172902,1.5734010756775647,0.0,0.0,0.0,0.3128809772666394
5.72,572,stop,7.629452825091259,-0.24918548954465305,0.20895366488527353,1.217809836039367,0.350780979338395,1.267323199590315,0.0,0.0,0.0,0.3019599511981376
5.73,573,stop,7.641497601645058,-0.2455603349877078,0.22317670056295513,1.1617512567489763,0.35420956137563675,1.21454946211661,0.0,0.0,0.0,0.29227204599045525
5.74,574,stop,7.653186495860783,-0.24201240062036622,0.23716053960825895,1.1694271970571812,0.3570523949297215,1.2227208929032272,0.0,0.0,0.0,0.2830622953637804
5.75,575,stop,7.664887678931092,-0.23843480009049767,0.2501465764901772,1.1710497892720138,0.3595550234073607,1.2250050709329718,0.0,0.0,0.0,0.27405573290869106
5.76,576,stop,7.676621705914715,-0.23481845372614218,0.26213151101065746,1.1738999470106457,0.36270726062836744,1.2286568448936959,0.0,0.0,0.0,0.26525828305041094
5.7700000000000005,577,stop,7.688157755967331,-0.23112901418990472,0.2731137435096257,1.1657278277363545,0.3671286507971618,1.2221721706024338,0.0,0.0,0.0,0.2567671151357333
5.78,578,stop,7.699562993908835,-0.22755038991181073,0.2831092584506319,1.1212817702882836,0.351254863180122,1.1750118243185952,0.0,0.0,0.0,0.24873039712766817
5.79,579,stop,7.711153574715653,-0.22390708467781734,0.29210008175551905,1.1833504211219115,0.37207932937613286,1.2404681561887827,0.0,0.0,0.0,0.24089023173840865
5.8,580,stop,7.722674536643191,-0.22028166682060532,0.30012215170573314,1.1316563958317907,0.35549968039955826,1.1861813609188043,0.0,0.0,0.0,0.23345935303167692
5.8100000000000005,581,stop,7.7341927379360405,-0.21679848735902063,0.3071460950964013,1.138718612008718,0.33361610285106014,1.1865832383008748,0.0,0.0,0.0,0.22656611610086078
5.82,582,stop,7.745827131023072,-0.2131900073165348,0.31320028096516533,1.1817639091820324,0.37766738006801454,1.2406444240847727,0.0,0.0,0.0,0.2199652236562896
5.83,583,stop,7.757424397442975,-0.20964841812202875,0.3182836350860533,1.143661587635713,0.33859402076907347,1.1927312094239872,0.0,0.0,0.0,0.21392792570279975
5.84,584,stop,7.769186467974988,-0.20595837000081862,0.3223572837727516,1.1785746296564554,0.37107822129584417,1.2356120766607692,0.0,0.0,0.0,0.20825065590224814
5.8500000000000005,585,stop,7.780987754390727,-0.20224886229234157,0.3254425959147117,1.1794601007326126,0.37042294424912986,1.236260201918018,0.0,0.0,0.0,0.20314053025993206
5.86,586,stop,7.792803511917798,-0.19854806301654068,0.32753017844563703,1.1807087544271897,0.3697747703309322,1.237257670638699,0.0,0.0,0.0,0.1986784475317245
5.87,587,stop,7.804321290399271,-0.19487192909334008,0.3286262111479606,1.129100500958082,0.3663098458934231,1.187034474841508,0.0,0.0,0.0,0.19491983134322044
5.88,588,stop,7.816006394029243,-0.19119228096232746,0.32874566493643487,1.1923653761688793,0.3693210981875152,1.2482520834562165,0.0,0.0,0.0,0.19186111342186715
5.89,589,stop,7.8276041254457125,-0.1875146954738526,0.32790472006247856,1.1368025141733702,0.3665724970815357,1.1944435322975666,0.0,0.0,0.0,0.1895355856565529
5.9,590,stop,7.839345502237469,-0.18383679663982536,0.32608055075975495,1.1975360542305726,0.36913889101150826,1.2531385087209375,0.0,0.0,0.0,0.18800005674475098
5.91,591,stop,7.851244755513416,-0.18014268531122257,0.3232599210218096,1.1837059577862974,0.36903230985992713,1.2398970280710124,0.0,0.0,0.0,0.1872895952541983
5.92,592,stop,7.862812597512368,-0.17664716541371445,0.31946838099479274,1.1385725361149968,0.336291027261382,1.1871979931805188,0.0,0.0,0.0,0.1874823178165956
5.93,593,stop,7.874520483391661,-0.17302695018922265,0.3146921001002493,1.1894112082665267,0.3768096055686133,1.2476716319604342,0.0,0.0,0.0,0.1883921429079211
5.94,594,stop,7.886166566912358,-0.1694714041188249,0.30893431629477935,1.1460149822214547,0.3418639018487292,1.195918587054854,0.0,0.0,0.0,0.19011891330840186
5.95,595,stop,7.897938803601463,-0.16580435672784835,0.3021787946329481,1.195303022773525,0.3809371079829779,1.254536725843433,0.0,0.0,0.0,0.1925696149452691
5.96,596,stop,7.909830682342578,-0.1620580749422438,0.2944231412315639,1.183852220829774,0.3711328393718599,1.2406633972290013,0.0,0.0,0.0,0.19576914093078684
5.97,597,stop,7.921656459659049,-0.15835462668263878,0.2856874165050217,1.1811951192261858,0.3696277427020169,1.2376778974590892,0.0,0.0,0.0,0.19969084996652128
5.98,598,stop,7.933177698457567,-0.1546161707769744,0.27596772170660383,1.1294447767082723,0.37707048380419045,1.1907256835182172,0.0,0.0,0.0,0.2040647172564756
5.99,599,stop,7.944568612528478,-0.15102431391795323,0.2652743847542348,1.141966118307326,0.34930043144539435,1.1941932032840583,0.0,0.0,0.0,0.20906547293679315
6.0,600,stop,7.956083924449382,-0.14733900909698325,0.25379844016900044,1.16014147169311,0.38035078778145454,1.2208992407681432,0.0,0.0,0.0,0.21464136491353625
6.01,601,stop,7.967851280134359,-0.14368271920623069,0.24254084542248813,1.1436154335041535,0.3591017315829136,1.198670227116174,0.0,0.0,0.0,0.22094956893167722
6.0200000000000005,602,stop,7.979162566066176,-0.14005599198697535,0.23241984852187514,1.1133617006788228,0.3612265501765984,1.1704951503918875,0.0,0.0,0.0,0.22740896557922646
6.03,603,stop,7.989414553421829,-0.1366684556195659,0.22437980557972306,0.9582291956726541,0.3216021641452368,1.0107577075750456,0.0,0.0,0.0,0.23357240323622724
6.04,604,stop,7.9978659774139125,-0.13379141520082333,0.2194100953186182,0.7602179785797425,0.26159749186185216,0.8039680483105542,0.0,0.0,0.0,0.23885353738129586
6.05,605,stop,8.00496747809293,-0.1313367365723902,0.2164203118164829,0.6583577148146061,0.23058510885000075,0.697570335578626,0.0,0.0,0.0,0.24343567376292546
6.0600000000000005,606,stop,8.01107627776193,-0.1291740752756322,0.21431482286675393,0.5726930750165383,0.2046782451015225,0.6081698300555013,0.0,0.0,0.0,0.24746526268947835
6.07,607,stop,8.016483172337017,-0.12720138784024992,0.2125440918002942,0.5109790782135174,0.1894348739721708,0.5449634757016182,0.0,0.0,0.0,0.2510877822432704
6.08,608,stop,8.021430594976001,-0.1253266784826079,0.2107134291087156,0.470727607611886,0.18092487379756114,0.5042998022274777,0.0,0.0,0.0,0.2544370261221366
6.09,609,stop,8.025960118074243,-0.12355931588417847,0.20879963791211578,0.43031005012174645,0.17038467035435692,0.4628149469577909,0.0,0.0,0.0,0.2575360039003946
6.1000000000000005,610,stop,8.030062480323252,-0.1219158030918542,0.20701515528499967,0.38962431461536307,0.1576586469007744,0.42031340150187274,0.0,0.0,0.0,0.2603691996649825
6.11,611,stop,8.03377317004255,-0.12040455065238474,0.20552460508983597,0.35388350029225263,0.1450661940653994,0.3824627203267227,0.0,0.0,0.0,0.2629582888448188
6.12,612,stop,8.037152193098608,-0.11901480478887023,0.20444360286801908,0.3237072030235841,0.13395145170907163,0.35032748208543335,0.0,0.0,0.0,0.2653405283481332
6.13,613,stop,8.040255522076727,-0.1177289382591993,0.2038496947398297,0.29863787268605474,0.12427246159774216,0.32346286295959004,0.0,0.0,0.0,0.2675494854075168
6.140000000000001,614,stop,8.043139974540152,-0.11653215242735333,0.20369532415659686,0.28182318629962727,0.11685624161330177,0.30508964181050263,0.0,0.0,0.0,0.2696232501440377
6.15,615,stop,8.04589825939037,-0.11539151751897057,0.20382523159613516,0.2711935073415856,0.11206144310510299,0.2934342949537918,0.0,0.0,0.0,0.2716266969276752
6.16,616,stop,8.048544757720203,-0.1142719767704084,0.20399719862421137,0.25948339580293234,0.11175090307844797,0.28252415301398554,0.0,0.0,0.0,0.2735552712943888
6.17,617,stop,8.051080763734822,-0.11314928752443171,0.20401694658986969,0.24919297551053973,0.11252654253576626,0.27342158257688814,0.0,0.0,0.0,0.2753982850441775
6.18,618,stop,8.05352744964692,-0.11201591123259344,0.20381618162682827,0.2409313264607583,0.11386442233215344,0.2664826649956344,0.0,0.0,0.0,0.27717076934757945
6.19,619,stop,8.055889212473975,-0.11086642237021808,0.2033706066130272,0.2323164070666819,0.11570966941546225,0.25953735875323963,0.0,0.0,0.0,0.2788737260047478
