time_s,phase,core_height_cm,vertical_speed_cm_s,ground_contact,x_cm,vx_cm_s
1.000000000000000021e-02,0.000000000000000000e+00,1.991688715253405917e+01,3.793786355002062738e+00,1.000000000000000000e+00,2.455312440099069460e-01,3.565997972428007046e+01
2.000000000000000042e-02,0.000000000000000000e+00,1.992807045297680801e+01,-1.530364131052508458e+00,1.000000000000000000e+00,4.200379027559063561e-01,6.870064846279221982e+00
2.999999999999999889e-02,0.000000000000000000e+00,1.997909138029154619e+01,7.856495826422636775e+00,1.000000000000000000e+00,6.119059885863260551e-01,2.739582339066810590e+01
4.000000000000000083e-02,0.000000000000000000e+00,2.002738632733191793e+01,3.167262449180075490e-01,1.000000000000000000e+00,8.186470338242928246e-01,1.562221777089687436e+01
5.000000000000000278e-02,0.000000000000000000e+00,2.003320215468206555e+01,5.000190560501428100e-02,1.000000000000000000e+00,1.042400364988630646e+00,2.652392929360962626e+01
6.000000000000000472e-02,0.000000000000000000e+00,2.002808599110509746e+01,-3.070432737507536203e+00,1.000000000000000000e+00,1.269644265762261748e+00,2.359864771733620969e+01
6.999999999999999278e-02,0.000000000000000000e+00,2.002239147919055995e+01,8.257975619827556679e-01,1.000000000000000000e+00,1.530116033799932440e+00,2.776353030306983172e+01
8.000000000000000167e-02,0.000000000000000000e+00,2.004941546442836398e+01,2.880159418073199085e+00,1.000000000000000000e+00,1.887869901697929897e+00,3.803358259320132362e+01
8.999999999999999667e-02,0.000000000000000000e+00,2.009866823534486358e+01,5.887364392123385137e+00,1.000000000000000000e+00,2.306373647276285244e+00,4.480529951186931470e+01
9.999999999999999167e-02,0.000000000000000000e+00,2.016684825617658205e+01,6.660539425862720186e+00,1.000000000000000000e+00,2.799280036291693641e+00,5.186527856459266417e+01
1.100000000000000006e-01,0.000000000000000000e+00,2.024997467238950577e+01,8.644642695538431454e+00,1.000000000000000000e+00,3.334804246331664945e+00,5.430778953104289286e+01
1.199999999999999956e-01,0.000000000000000000e+00,2.035996616044522511e+01,1.141586502347264087e+01,1.000000000000000000e+00,3.971270118575862540e+00,6.932238365775519640e+01
1.300000000000000044e-01,0.000000000000000000e+00,2.045085405762491249e+01,6.320368156762270928e+00,0.000000000000000000e+00,4.649282813921385760e+00,6.610915381007340841e+01
1.400000000000000133e-01,0.000000000000000000e+00,2.045292221964859181e+01,-4.566482227592805643e+00,1.000000000000000000e+00,5.350150949867348515e+00,7.237249255757073740e+01
1.500000000000000222e-01,0.000000000000000000e+00,2.038756932382140619e+01,-8.601985668207840163e+00,1.000000000000000000e+00,6.037033638534299307e+00,6.825950041577915783e+01
1.600000000000000033e-01,0.000000000000000000e+00,2.027495183769329046e+01,-1.462591602762182141e+01,0.000000000000000000e+00,6.783330966763309711e+00,7.785874104617924729e+01
1.700000000000000122e-01,0.000000000000000000e+00,2.008441930249581020e+01,-2.223875588622914279e+01,1.000000000000000000e+00,7.531488553900092420e+00,7.271056003785557209e+01
1.800000000000000211e-01,0.000000000000000000e+00,1.983216509899661872e+01,-2.712431691850573046e+01,1.000000000000000000e+00,8.291946657831752887e+00,7.535186332837182022e+01
1.900000000000000022e-01,0.000000000000000000e+00,1.951817006276922228e+01,-3.476245387510719809e+01,1.000000000000000000e+00,9.083442033333396282e+00,8.147645372972300493e+01
2.000000000000000111e-01,0.000000000000000000e+00,1.915038886016189323e+01,-3.807381930346481624e+01,1.000000000000000000e+00,9.868267290003341685e+00,7.730316914742071788e+01
2.100000000000000200e-01,0.000000000000000000e+00,1.879653864127774554e+01,-3.385941823281029173e+01,1.000000000000000000e+00,1.070029433325688828e+01,8.697259158567469228e+01
2.200000000000000011e-01,0.000000000000000000e+00,1.852250423570102456e+01,-2.349586834456394158e+01,1.000000000000000000e+00,1.157308929180433132e+01,8.744155027765808086e+01
2.300000000000000100e-01,0.000000000000000000e+00,1.836937109654406441e+01,-1.073691337927493983e+01,1.000000000000000000e+00,1.252061216637187258e+01,9.941557070153604059e+01
2.400000000000000189e-01,0.000000000000000000e+00,1.835264046942682725e+01,2.652874254703088130e+00,1.000000000000000000e+00,1.349572454272257360e+01,9.537341445730312728e+01
2.500000000000000000e-01,0.000000000000000000e+00,1.840139789810573490e+01,4.706430761550320696e+00,1.000000000000000000e+00,1.453704600748124065e+01,1.064732830357319102e+02
2.600000000000000089e-01,0.000000000000000000e+00,1.844787830906447113e+01,4.561515038781192466e+00,1.000000000000000000e+00,1.557425042033942297e+01,1.021688943753160004e+02
2.700000000000000178e-01,0.000000000000000000e+00,1.850727812908421299e+01,4.566320292188638774e+00,1.000000000000000000e+00,1.664563589519195475e+01,1.098548575052443113e+02
2.800000000000000266e-01,0.000000000000000000e+00,1.857015720011481363e+01,6.937187730887845127e+00,1.000000000000000000e+00,1.770225874055561732e+01,1.024733202444191704e+02
2.900000000000000355e-01,0.000000000000000000e+00,1.862146296999470252e+01,2.956918898754508085e+00,1.000000000000000000e+00,1.880877361474556508e+01,1.124658587138658987e+02
2.999999999999999889e-01,0.000000000000000000e+00,1.865484896118733360e+01,3.163500807570270190e+00,1.000000000000000000e+00,1.990721634062961698e+01,1.080612269053418117e+02
3.099999999999999978e-01,0.000000000000000000e+00,1.866856541354306387e+01,5.645524458889610298e-01,1.000000000000000000e+00,2.102537206459674834e+01,1.116508107777355292e+02
3.200000000000000067e-01,0.000000000000000000e+00,1.867318337870597489e+01,-4.237244511971600125e-01,1.000000000000000000e+00,2.212092595157946207e+01,1.077713602591122424e+02
3.300000000000000155e-01,0.000000000000000000e+00,1.865774194002524311e+01,-3.357851990630809080e+00,1.000000000000000000e+00,2.324448605820795777e+01,1.149534281358975534e+02
3.400000000000000244e-01,0.000000000000000000e+00,1.860882347145574300e+01,-6.048692506215864739e+00,1.000000000000000000e+00,2.436013293613610742e+01,1.095843831075211199e+02
3.500000000000000333e-01,0.000000000000000000e+00,1.856041442711511991e+01,-5.055104533016232082e+00,1.000000000000000000e+00,2.547370482679673387e+01,1.120313203218805853e+02
3.600000000000000422e-01,0.000000000000000000e+00,1.851691724109483772e+01,-4.410862845450838954e+00,1.000000000000000000e+00,2.659602974564934641e+01,1.123813988577885539e+02
3.699999999999999956e-01,0.000000000000000000e+00,1.846555563745114625e+01,-7.132677304637984328e+00,1.000000000000000000e+00,2.774993588149705559e+01,1.172984170068565675e+02
3.800000000000000044e-01,0.000000000000000000e+00,1.840626089576971225e+01,-6.605089491571039417e+00,1.000000000000000000e+00,2.887362396188891722e+01,1.112137755595418867e+02
3.900000000000000133e-01,0.000000000000000000e+00,1.835894417435797976e+01,-4.345702219127198340e+00,1.000000000000000000e+00,3.002982303127681973e+01,1.180858026944051886e+02
4.000000000000000222e-01,0.000000000000000000e+00,1.830958854743659359e+01,-6.545881434464482673e+00,1.000000000000000000e+00,3.120381599399426520e+01,1.172812190120011451e+02
4.100000000000000311e-01,0.000000000000000000e+00,1.824436331366230135e+01,-6.853663423255689224e+00,1.000000000000000000e+00,3.237040072766547638e+01,1.162039979606213365e+02
4.200000000000000400e-01,0.000000000000000000e+00,1.819309351947572395e+01,-4.411167666986778535e+00,1.000000000000000000e+00,3.352660847089871510e+01,1.152742259951188970e+02
4.299999999999999933e-01,0.000000000000000000e+00,1.818524213567188852e+01,1.223186832013778869e+00,1.000000000000000000e+00,3.465631466184523646e+01,1.113251372072784591e+02
4.400000000000000022e-01,0.000000000000000000e+00,1.823446005188598207e+01,6.332005900814771771e+00,1.000000000000000000e+00,3.580958958674816728e+01,1.177451970882255239e+02
4.500000000000000111e-01,0.000000000000000000e+00,1.833194240325218516e+01,9.733498668933648901e+00,1.000000000000000000e+00,3.698383982705732365e+01,1.185022743330756754e+02
4.600000000000000200e-01,0.000000000000000000e+00,1.841424007712817001e+01,6.769839118875397688e+00,1.000000000000000000e+00,3.815938223033199250e+01,1.175432588220539429e+02
4.700000000000000289e-01,0.000000000000000000e+00,1.845389943966268831e+01,9.979430158261514139e-01,1.000000000000000000e+00,3.931506758392885104e+01,1.137977815310218261e+02
4.800000000000000377e-01,0.000000000000000000e+00,1.843079347258463230e+01,-5.342424358548798935e+00,1.000000000000000000e+00,4.049519808329917225e+01,1.201006388336795823e+02
4.899999999999999911e-01,0.000000000000000000e+00,1.836900696073710293e+01,-6.638968619570054130e+00,1.000000000000000000e+00,4.166364278745195548e+01,1.147818642900329706e+02
5.000000000000000000e-01,0.000000000000000000e+00,1.830538889332528996e+01,-6.957281173128385454e+00,1.000000000000000000e+00,4.283691482465739853e+01,1.189863472341731239e+02
5.100000000000000089e-01,0.000000000000000000e+00,1.825890664559511833e+01,-3.813859971669992355e+00,1.000000000000000000e+00,4.401584673572906325e+01,1.175537176196723550e+02
5.200000000000000178e-01,0.000000000000000000e+00,1.825143666703032252e+01,6.534971596586224285e-01,1.000000000000000000e+00,4.518981935627068935e+01,1.172756893771321955e+02
5.300000000000000266e-01,0.000000000000000000e+00,1.827547565122575790e+01,1.993057415411308986e+00,1.000000000000000000e+00,4.636081494517447510e+01,1.167710896207772464e+02
5.400000000000000355e-01,0.000000000000000000e+00,1.830098585832780955e+01,2.501891600646386493e+00,1.000000000000000000e+00,4.750365885284219303e+01,1.123344345591967794e+02
5.500000000000000444e-01,0.000000000000000000e+00,1.831679678771503816e+01,-1.201143189842861947e+00,1.000000000000000000e+00,4.866023829497683550e+01,1.179221520345614636e+02
5.600000000000000533e-01,0.000000000000000000e+00,1.828603744107260809e+01,-4.545670069080244957e+00,1.000000000000000000e+00,4.981018193276364769e+01,1.132116496488606572e+02
5.700000000000000622e-01,0.000000000000000000e+00,1.821784291276197365e+01,-9.105809572663186913e+00,1.000000000000000000e+00,5.097863130922688413e+01,1.188419139296593983e+02
5.800000000000000711e-01,0.000000000000000000e+00,1.813834079603092775e+01,-7.499153653410717268e+00,1.000000000000000000e+00,5.216196687562225520e+01,1.185381581199191885e+02
5.899999999999999689e-01,0.000000000000000000e+00,1.810010613900467646e+01,-1.679312286644854879e+00,1.000000000000000000e+00,5.332687462095316988e+01,1.150367056939894468e+02
5.999999999999999778e-01,0.000000000000000000e+00,1.812205170420737943e+01,3.354178847305291811e+00,1.000000000000000000e+00,5.451467678639158976e+01,1.211072519004409003e+02
6.099999999999999867e-01,0.000000000000000000e+00,1.818421210729933435e+01,6.058198583777938850e+00,1.000000000000000000e+00,5.570539828849631192e+01,1.205481043094852822e+02
6.199999999999999956e-01,0.000000000000000000e+00,1.824326159514670564e+01,5.544655145396388818e+00,1.000000000000000000e+00,5.690052591918417590e+01,1.188048507473030639e+02
6.300000000000000044e-01,0.000000000000000000e+00,1.829862167299200593e+01,4.595752289059927165e+00,1.000000000000000000e+00,5.808399820912663358e+01,1.179372552133613112e+02
6.400000000000000133e-01,0.000000000000000000e+00,1.834060873913345091e+01,3.377655608115649688e+00,1.000000000000000000e+00,5.926065321892295401e+01,1.173766251516522630e+02
6.500000000000000222e-01,0.000000000000000000e+00,1.837215855418187616e+01,2.547793605745969803e+00,1.000000000000000000e+00,6.043281011049265317e+01,1.171701377762684189e+02
6.600000000000000311e-01,0.000000000000000000e+00,1.839525030473215494e+01,3.444665221962360802e-01,1.000000000000000000e+00,6.156437135750154255e+01,1.121189745112702241e+02
6.700000000000000400e-01,0.000000000000000000e+00,1.837290509828093832e+01,-4.792340159522400000e+00,1.000000000000000000e+00,6.272967118516533702e+01,1.186730778466052385e+02
6.800000000000000488e-01,0.000000000000000000e+00,1.832376467462113823e+01,-5.294756251398351488e+00,1.000000000000000000e+00,6.388708810448976294e+01,1.138764489727660703e+02
6.900000000000000577e-01,0.000000000000000000e+00,1.828402306623189588e+01,-4.429973982847959846e+00,1.000000000000000000e+00,6.506413868357505237e+01,1.197847545888678980e+02
7.000000000000000666e-01,0.000000000000000000e+00,1.826618644740379693e+01,-5.194117681123456842e-01,1.000000000000000000e+00,6.625710824088025674e+01,1.192892320188445439e+02
7.100000000000000755e-01,0.000000000000000000e+00,1.829935375090479965e+01,4.677893862241262468e+00,1.000000000000000000e+00,6.744914708900358846e+01,1.191978293148403907e+02
7.199999999999999734e-01,0.000000000000000000e+00,1.836693835663161423e+01,6.566643729700078147e+00,1.000000000000000000e+00,6.861646270674273751e+01,1.146681511667546118e+02
7.299999999999999822e-01,0.000000000000000000e+00,1.842282995192179129e+01,3.658407662985181830e+00,1.000000000000000000e+00,6.979272966735332773e+01,1.198279674494675788e+02
7.399999999999999911e-01,0.000000000000000000e+00,1.844848587345870783e+01,1.688670745037156751e+00,1.000000000000000000e+00,7.095975973505369438e+01,1.147198547914428843e+02
7.500000000000000000e-01,0.000000000000000000e+00,1.844719600779973945e+01,-2.134200410766914580e+00,1.000000000000000000e+00,7.214015528641492381e+01,1.197486247982511003e+02
7.600000000000000089e-01,0.000000000000000000e+00,1.842398852161480249e+01,-3.660284129603684988e+00,1.000000000000000000e+00,7.331422674055595223e+01,1.183260717109408660e+02
7.700000000000000178e-01,0.000000000000000000e+00,1.839238820632552063e+01,-3.986077281237184078e+00,1.000000000000000000e+00,7.449907726326505042e+01,1.182706631386160296e+02
7.800000000000000266e-01,0.000000000000000000e+00,1.835183043801621849e+01,-5.199599126138576999e+00,1.000000000000000000e+00,7.568489340024295586e+01,1.188066055780719950e+02
7.900000000000000355e-01,0.000000000000000000e+00,1.828055536001152959e+01,-8.640231501449713747e+00,1.000000000000000000e+00,7.687084077743018895e+01,1.185528628966197289e+02
8.000000000000000444e-01,0.000000000000000000e+00,1.819697541438145905e+01,-8.295115395542811854e+00,1.000000000000000000e+00,7.803050373159469189e+01,1.141593011175836523e+02
8.100000000000000533e-01,0.000000000000000000e+00,1.812996665974311838e+01,-6.396513202462354997e+00,1.000000000000000000e+00,7.920274984660572670e+01,1.190779230970961748e+02
8.200000000000000622e-01,0.000000000000000000e+00,1.810907889080893440e+01,5.441913045680639716e-01,1.000000000000000000e+00,8.034380060598913076e+01,1.105509607435545263e+02
8.300000000000000711e-01,0.000000000000000000e+00,1.814307072073164306e+01,4.441485151046502544e+00,1.000000000000000000e+00,8.154081060509538759e+01,1.221506626241031199e+02
8.400000000000000799e-01,0.000000000000000000e+00,1.822210372330920336e+01,8.328250194803580087e+00,1.000000000000000000e+00,8.275416298973965468e+01,1.220158485871690033e+02
8.499999999999999778e-01,0.000000000000000000e+00,1.831071073514251069e+01,8.769921690927507285e+00,1.000000000000000000e+00,8.396811667162648973e+01,1.209642317167555916e+02
8.599999999999999867e-01,0.000000000000000000e+00,1.838878308928301308e+01,5.464540803895760135e+00,1.000000000000000000e+00,8.517693717978558254e+01,1.207029659683016547e+02
8.699999999999999956e-01,0.000000000000000000e+00,1.842284196268446905e+01,1.268467946866895790e+00,1.000000000000000000e+00,8.636845093819627550e+01,1.201496447015878033e+02
8.800000000000000044e-01,0.000000000000000000e+00,1.842547413465048933e+01,-7.901900212811899804e-01,1.000000000000000000e+00,8.757116636522582098e+01,1.200608379610486764e+02
8.900000000000000133e-01,0.000000000000000000e+00,1.841617506380383062e+01,-2.307027950256778315e+00,1.000000000000000000e+00,8.877090611932369768e+01,1.199114851739867760e+02
9.000000000000000222e-01,0.000000000000000000e+00,1.840102232329299170e+01,-1.427304339990619342e+00,1.000000000000000000e+00,8.994775512950870677e+01,1.160283348328689357e+02
9.100000000000000311e-01,0.000000000000000000e+00,1.841232768350753801e+01,1.580422861207936291e+00,1.000000000000000000e+00,9.114597075747705901e+01,1.219937842602645048e+02
9.200000000000000400e-01,0.000000000000000000e+00,1.844918661014891725e+01,4.513482188164432252e+00,1.000000000000000000e+00,9.233828483033644829e+01,1.173823944774465105e+02
9.300000000000000488e-01,0.000000000000000000e+00,1.849891341633572139e+01,4.056534851219863569e+00,1.000000000000000000e+00,9.352357165164434605e+01,1.216190906492271324e+02
9.400000000000000577e-01,0.000000000000000000e+00,1.852251766500677022e+01,3.846580398620146335e-01,1.000000000000000000e+00,9.473309524736836806e+01,1.206297521244371467e+02
9.500000000000000666e-01,0.000000000000000000e+00,1.850831230237457348e+01,-3.523962559714247877e+00,1.000000000000000000e+00,9.593713484539814829e+01,1.200145105928280600e+02
9.600000000000000755e-01,0.000000000000000000e+00,1.846192198413574559e+01,-5.524635441395052027e+00,1.000000000000000000e+00,9.713424061259878783e+01,1.195255965667985976e+02
9.699999999999999734e-01,0.000000000000000000e+00,1.841360417442051300e+01,-4.733070864143494205e+00,1.000000000000000000e+00,9.832803130087184229e+01,1.192838589767053890e+02
9.799999999999999822e-01,0.000000000000000000e+00,1.839114534641279519e+01,-1.143860085492230283e+00,1.000000000000000000e+00,9.949843885819586831e+01,1.152769846875827398e+02
9.899999999999999911e-01,0.000000000000000000e+00,1.836509544958390094e+01,-4.591364884293074766e+00,1.000000000000000000e+00,1.006752022117224357e+02,1.198118573622823533e+02
1.000000000000000000e+00,0.000000000000000000e+00,1.832103329407120285e+01,-4.563515314532160083e+00,1.000000000000000000e+00,1.018461695776111924e+02,1.151885362642590422e+02
1.010000000000000009e+00,0.000000000000000000e+00,1.828170078178147762e+01,-3.606691171078704183e+00,1.000000000000000000e+00,1.030365873268730468e+02,1.196384726472379754e+02
1.020000000000000018e+00,0.000000000000000000e+00,1.826777727241617910e+01,-6.081431802525882890e-02,1.000000000000000000e+00,1.042354920166864929e+02,1.199385343736621508e+02
1.030000000000000027e+00,0.000000000000000000e+00,1.830711490413055742e+01,5.914574937625008744e+00,1.000000000000000000e+00,1.054416229850866955e+02,1.210111950407328294e+02
1.040000000000000036e+00,0.000000000000000000e+00,1.838618843869517860e+01,7.019042990054398246e+00,1.000000000000000000e+00,1.066381643554185246e+02,1.179046701697846515e+02
1.050000000000000044e+00,0.000000000000000000e+00,1.843330686988790390e+01,1.945129670718479087e+00,1.000000000000000000e+00,1.078504023501721747e+02,1.233679480459887117e+02
1.060000000000000053e+00,0.000000000000000000e+00,1.844331191543994208e+01,-8.652248316998746303e-01,1.000000000000000000e+00,1.090592093169559860e+02,1.218931750347682197e+02
1.070000000000000062e+00,0.000000000000000000e+00,1.843161980762456054e+01,-2.008726849779029155e+00,1.000000000000000000e+00,1.102752881242345069e+02,1.211251701776713219e+02
1.080000000000000071e+00,0.000000000000000000e+00,1.842032399418991417e+01,-1.267948363638118137e+00,1.000000000000000000e+00,1.114603527017981008e+02,1.166099310890480183e+02
1.090000000000000080e+00,0.000000000000000000e+00,1.842065568727151259e+01,-5.618189491164132798e-01,1.000000000000000000e+00,1.126600393016382640e+02,1.218257176732522709e+02
1.100000000000000089e+00,0.000000000000000000e+00,1.842218482114335387e+01,-3.784235220297378910e-01,1.000000000000000000e+00,1.138649942772097035e+02,1.211950311677493914e+02
1.110000000000000098e+00,0.000000000000000000e+00,1.839939242536699737e+01,-5.008883507766478616e+00,1.000000000000000000e+00,1.150761694503990640e+02,1.208553617610990614e+02
1.120000000000000107e+00,0.000000000000000000e+00,1.833840751420916604e+01,-7.717880030903150335e+00,1.000000000000000000e+00,1.162575032395965167e+02,1.161252659110120931e+02
1.130000000000000115e+00,0.000000000000000000e+00,1.824887054475215109e+01,-9.672926024970680103e+00,1.000000000000000000e+00,1.174719104343711251e+02,1.215073816604612631e+02
1.140000000000000124e+00,0.000000000000000000e+00,1.816928392130597203e+01,-7.101176084931813293e+00,1.000000000000000000e+00,1.186889342182926583e+02,1.218728932879359377e+02
1.150000000000000133e+00,0.000000000000000000e+00,1.813298851065314565e+01,-2.316183934498697194e+00,1.000000000000000000e+00,1.199128280908573316e+02,1.226450027590093868e+02
1.160000000000000142e+00,0.000000000000000000e+00,1.811931282338964522e+01,-6.863612124460914954e-01,1.000000000000000000e+00,1.211154773305568284e+02,1.185962775075705338e+02
1.169999999999999929e+00,0.000000000000000000e+00,1.813356918886361413e+01,1.273359877202020041e+00,1.000000000000000000e+00,1.223386965403147713e+02,1.244247826310208609e+02
1.179999999999999938e+00,0.000000000000000000e+00,1.816466864465905573e+01,4.087350071542738661e+00,1.000000000000000000e+00,1.235532829501811278e+02,1.194879668024969419e+02
1.189999999999999947e+00,0.000000000000000000e+00,1.821298637949569610e+01,5.506023934525591912e+00,1.000000000000000000e+00,1.247889645775255332e+02,1.230361808926003562e+02
1.199999999999999956e+00,0.000000000000000000e+00,1.826059838493976528e+01,3.346274413409640935e+00,1.000000000000000000e+00,1.259968952075253128e+02,1.217717290986400656e+02
1.209999999999999964e+00,0.000000000000000000e+00,1.829486236035083735e+01,2.673445352024095278e+00,1.000000000000000000e+00,1.272041716015843917e+02,1.209997295040699470e+02
1.219999999999999973e+00,0.000000000000000000e+00,1.832568960933791402e+01,2.761227442903031903e+00,1.000000000000000000e+00,1.284093605819225843e+02,1.201674256092063189e+02
1.229999999999999982e+00,0.000000000000000000e+00,1.836757622000425982e+01,4.489993104283876768e+00,1.000000000000000000e+00,1.296117893191372445e+02,1.202326036104435474e+02
1.239999999999999991e+00,0.000000000000000000e+00,1.841612811602041688e+01,3.539759977088051457e+00,1.000000000000000000e+00,1.307928514649205738e+02,1.164343472960241570e+02
1.250000000000000000e+00,0.000000000000000000e+00,1.842396302333875013e+01,-1.911858387123010594e+00,1.000000000000000000e+00,1.319949143694672955e+02,1.221585990083162443e+02
1.260000000000000009e+00,0.000000000000000000e+00,1.839802917697656426e+01,-3.239488132142199994e+00,1.000000000000000000e+00,1.331856792465285935e+02,1.170273209676617228e+02
1.270000000000000018e+00,0.000000000000000000e+00,1.836051466250949815e+01,-4.779261456794547946e+00,1.000000000000000000e+00,1.343870232129697229e+02,1.219594855111212297e+02
1.280000000000000027e+00,0.000000000000000000e+00,1.833189140802140216e+01,-2.283841727051567183e+00,1.000000000000000000e+00,1.355992293402742916e+02,1.211630775316300515e+02
1.290000000000000036e+00,0.000000000000000000e+00,1.833798474571310066e+01,2.123701833030983810e+00,1.000000000000000000e+00,1.368122622719216963e+02,1.214898648177253619e+02
1.300000000000000044e+00,0.000000000000000000e+00,1.838621559230241687e+01,4.866079361018719851e+00,1.000000000000000000e+00,1.380051405536369202e+02,1.174402341649719546e+02
1.310000000000000053e+00,0.000000000000000000e+00,1.842804552786216377e+01,3.227777761330444140e+00,1.000000000000000000e+00,1.391987283051560382e+02,1.181843865104158056e+02
1.320000000000000062e+00,0.000000000000000000e+00,1.844962405493464530e+01,2.818453553254534616e-01,1.000000000000000000e+00,1.404196511605274793e+02,1.240114663541023106e+02
1.330000000000000071e+00,0.000000000000000000e+00,1.844715585692541993e+01,-1.457700774343593686e+00,1.000000000000000000e+00,1.416450252803129217e+02,1.230807937175456743e+02
1.340000000000000080e+00,0.000000000000000000e+00,1.841904499172348864e+01,-4.234038910267614142e+00,1.000000000000000000e+00,1.428705505373184792e+02,1.219767247072559968e+02
1.350000000000000089e+00,0.000000000000000000e+00,1.837734491985155216e+01,-4.883388150052839549e+00,1.000000000000000000e+00,1.440878972241313818e+02,1.214094199732185473e+02
1.360000000000000098e+00,0.000000000000000000e+00,1.832711296149107127e+01,-5.289047129721773821e+00,1.000000000000000000e+00,1.452963890796334567e+02,1.206025623531677127e+02
1.370000000000000107e+00,0.000000000000000000e+00,1.828989986534935852e+01,-2.885836849574110907e+00,1.000000000000000000e+00,1.464765694801949678e+02,1.162471953405862450e+02
1.380000000000000115e+00,0.000000000000000000e+00,1.827580686759865358e+01,-2.315052501987219014e+00,1.000000000000000000e+00,1.476503174363731716e+02,1.177801837176005932e+02
1.390000000000000124e+00,0.000000000000000000e+00,1.825136080312110920e+01,-3.559509557014089332e+00,1.000000000000000000e+00,1.488462233540516593e+02,1.223308174349160709e+02
1.400000000000000133e+00,0.000000000000000000e+00,1.823196133851496370e+01,-1.673495765061603802e+00,1.000000000000000000e+00,1.500543216815371750e+02,1.213417618641747140e+02
1.410000000000000142e+00,0.000000000000000000e+00,1.823852460569849043e+01,1.781066641340917522e+00,1.000000000000000000e+00,1.512650694564752598e+02,1.208962022479798151e+02
1.419999999999999929e+00,0.000000000000000000e+00,1.829211766984316156e+01,7.080757141130078480e+00,1.000000000000000000e+00,1.524779031710587276e+02,1.215084707585389907e+02
1.429999999999999938e+00,0.000000000000000000e+00,1.838865095230138991e+01,9.492867400291489233e+00,1.000000000000000000e+00,1.536772279901670686e+02,1.183089353756337658e+02
1.439999999999999947e+00,0.000000000000000000e+00,1.846676635710602454e+01,5.787021427038720134e+00,1.000000000000000000e+00,1.548971104386027662e+02,1.223189758242988034e+02
1.449999999999999956e+00,0.000000000000000000e+00,1.850167068643782997e+01,1.906266687192431197e+00,1.000000000000000000e+00,1.560947817638082995e+02,1.177121657254888305e+02
1.459999999999999964e+00,0.000000000000000000e+00,1.849795686231925274e+01,-2.536184348187350057e+00,1.000000000000000000e+00,1.573066886330452405e+02,1.229655353635415054e+02
1.469999999999999973e+00,0.000000000000000000e+00,1.846288582886986163e+01,-4.879408981511793364e+00,1.000000000000000000e+00,1.585173695583406470e+02,1.213878016515625973e+02
1.479999999999999982e+00,0.000000000000000000e+00,1.840681510625313422e+01,-6.530657233991435717e+00,1.000000000000000000e+00,1.597248159299145698e+02,1.201287476595034320e+02
1.489999999999999991e+00,0.000000000000000000e+00,1.833827810125114155e+01,-7.618714402362505744e+00,1.000000000000000000e+00,1.609215157719516753e+02,1.193049967924964250e+02
1.500000000000000000e+00,0.000000000000000000e+00,1.826905446455855397e+01,-6.514575766340454877e+00,1.000000000000000000e+00,1.621140498591561823e+02,1.193305187505993246e+02
1.510000000000000009e+00,0.000000000000000000e+00,1.822087717450011013e+01,-5.311262597103205252e+00,1.000000000000000000e+00,1.632847646830464043e+02,1.152788704857678113e+02
1.520000000000000018e+00,0.000000000000000000e+00,1.816943858509560883e+01,-5.986315584090277753e+00,1.000000000000000000e+00,1.644645441883175181e+02,1.199286886285101872e+02
1.530000000000000027e+00,0.000000000000000000e+00,1.813402004625755737e+01,-2.057764641735897460e+00,1.000000000000000000e+00,1.656343398981089194e+02,1.150194236927902836e+02
1.540000000000000036e+00,0.000000000000000000e+00,1.813032920191264807e+01,9.654475455902410408e-01,1.000000000000000000e+00,1.668287938559816723e+02,1.193004296929948111e+02
1.550000000000000044e+00,0.000000000000000000e+00,1.816969254295736746e+01,5.018434458559791977e+00,1.000000000000000000e+00,1.680218628009607755e+02,1.194434960395709879e+02
1.560000000000000053e+00,0.000000000000000000e+00,1.825131149517638462e+01,9.573114327751227393e+00,1.000000000000000000e+00,1.692215975742988974e+02,1.202598319099485167e+02
1.570000000000000062e+00,0.000000000000000000e+00,1.837243349172863560e+01,1.259804091086105160e+01,1.000000000000000000e+00,1.704035205743800248e+02,1.163218103879512455e+02
1.580000000000000071e+00,0.000000000000000000e+00,1.848564436753366991e+01,8.309520241480255365e+00,1.000000000000000000e+00,1.716040769022991981e+02,1.221502784087394673e+02
1.590000000000000080e+00,0.000000000000000000e+00,1.855547130953382506e+01,5.099406287376403668e+00,1.000000000000000000e+00,1.727775361975031672e+02,1.165523076935244546e+02
1.600000000000000089e+00,0.000000000000000000e+00,1.858150697623148062e+01,6.391093353176493519e-01,1.000000000000000000e+00,1.739953077937105377e+02,1.215286622492088640e+02
1.610000000000000098e+00,0.000000000000000000e+00,1.857234671893742473e+01,-2.169421558434335928e+00,1.000000000000000000e+00,1.752101142896025010e+02,1.215955280832529297e+02
1.620000000000000107e+00,0.000000000000000000e+00,1.854405714320592580e+01,-4.524771678313056711e+00,1.000000000000000000e+00,1.764243610695288282e+02,1.225861501381705523e+02
1.630000000000000115e+00,0.000000000000000000e+00,1.848442910668336125e+01,-8.199309891259590088e+00,1.000000000000000000e+00,1.776541715056959561e+02,1.229724391109565431e+02
1.640000000000000124e+00,0.000000000000000000e+00,1.840023387817689482e+01,-9.047863471887678699e+00,1.000000000000000000e+00,1.788614551935577310e+02,1.188163875586184588e+02
1.650000000000000133e+00,0.000000000000000000e+00,1.831795871589432068e+01,-9.019558444842088463e+00,1.000000000000000000e+00,1.800936487678424953e+02,1.255889655249664116e+02
1.660000000000000142e+00,0.000000000000000000e+00,1.824131476939919239e+01,-8.239472333199904241e+00,1.000000000000000000e+00,1.813261462215164102e+02,1.242491325046183732e+02
1.670000000000000151e+00,0.000000000000000000e+00,1.816149641233887380e+01,-8.079921614749776992e+00,1.000000000000000000e+00,1.825628021388290563e+02,1.230048821654842612e+02
1.679999999999999938e+00,0.000000000000000000e+00,1.809769094952751800e+01,-5.785481498749930118e+00,1.000000000000000000e+00,1.837871022912874537e+02,1.221960395206103982e+02
1.689999999999999947e+00,0.000000000000000000e+00,1.806486117200949693e+01,-1.588992697879072713e+00,1.000000000000000000e+00,1.849849442396112238e+02,1.181618999151964999e+02
1.699999999999999956e+00,0.000000000000000000e+00,1.807722367188091184e+01,7.726640599087640782e-01,1.000000000000000000e+00,1.862015114185281845e+02,1.235871523098689835e+02
1.709999999999999964e+00,0.000000000000000000e+00,1.810141811540800916e+01,2.170311064012196312e+00,1.000000000000000000e+00,1.874012052495226044e+02,1.224722130163631277e+02
1.719999999999999973e+00,0.000000000000000000e+00,1.814071258068107539e+01,4.796700437859588106e+00,1.000000000000000000e+00,1.886317063081216645e+02,1.226096894539054745e+02
1.729999999999999982e+00,0.000000000000000000e+00,1.821594301163554519e+01,8.727278790153075505e+00,1.000000000000000000e+00,1.898563788903921079e+02,1.222323219758978325e+02
1.739999999999999991e+00,0.000000000000000000e+00,1.832912175211872352e+01,1.149908347785054730e+01,1.000000000000000000e+00,1.910795605045364312e+02,1.224203733211470819e+02
1.750000000000000000e+00,0.000000000000000000e+00,1.841234475495690504e+01,5.963016970418121510e+00,1.000000000000000000e+00,1.922986985230480741e+02,1.217333991547589420e+02
1.760000000000000009e+00,0.000000000000000000e+00,1.846059484845795140e+01,4.051864340133268350e+00,1.000000000000000000e+00,1.934653771755240541e+02,1.129211157946741366e+02
1.770000000000000018e+00,0.000000000000000000e+00,1.848827035191643020e+01,1.005865607197718781e+00,1.000000000000000000e+00,1.946639376688094387e+02,1.222587365401796689e+02
1.780000000000000027e+00,0.000000000000000000e+00,1.849169528528210193e+01,-8.597398605978354702e-01,1.000000000000000000e+00,1.958646402260051502e+02,1.209463091021887351e+02
1.790000000000000036e+00,0.000000000000000000e+00,1.848132035813059204e+01,-1.961093388877672927e+00,1.000000000000000000e+00,1.970738379496122548e+02,1.204160255870847891e+02
1.800000000000000044e+00,0.000000000000000000e+00,1.846071788780284706e+01,-2.616927115143764304e+00,1.000000000000000000e+00,1.982755747634235775e+02,1.199165158483330487e+02
1.810000000000000053e+00,0.000000000000000000e+00,1.841220293464691338e+01,-7.716764657606107747e+00,1.000000000000000000e+00,1.994700939740118883e+02,1.192862404682094990e+02
1.820000000000000062e+00,0.000000000000000000e+00,1.831771599440618559e+01,-1.081230324978790591e+01,1.000000000000000000e+00,2.006608482543288687e+02,1.188847634390177035e+02
1.830000000000000071e+00,0.000000000000000000e+00,1.821417848090394642e+01,-1.029254613083877423e+01,1.000000000000000000e+00,2.018479451354758680e+02,1.186076491446040677e+02
1.840000000000000080e+00,0.000000000000000000e+00,1.814714240551183266e+01,-4.201580882390694605e+00,1.000000000000000000e+00,2.029894787414592656e+02,1.109441271376115878e+02
1.850000000000000089e+00,0.000000000000000000e+00,1.816589132251387184e+01,4.788130874756514999e+00,1.000000000000000000e+00,2.041693412440938573e+02,1.224273609263988760e+02
1.860000000000000098e+00,0.000000000000000000e+00,1.826001057938243832e+01,1.131249453999483912e+01,1.000000000000000000e+00,2.053599831966471356e+02,1.182159970521166343e+02
1.870000000000000107e+00,0.000000000000000000e+00,1.837898553626819620e+01,1.127833512206123245e+01,1.000000000000000000e+00,2.065682776229342039e+02,1.224342402471859259e+02
1.880000000000000115e+00,0.000000000000000000e+00,1.849992495667315495e+01,1.087328448761350153e+01,1.000000000000000000e+00,2.077803767819720520e+02,1.208140312912342438e+02
1.890000000000000124e+00,0.000000000000000000e+00,1.859118995544515940e+01,7.032420880178863243e+00,1.000000000000000000e+00,2.089795503315505698e+02,1.195878328492541414e+02
1.900000000000000133e+00,0.000000000000000000e+00,1.863947515504807129e+01,2.795666712489851768e+00,1.000000000000000000e+00,2.101742031825002357e+02,1.191379895989668682e+02
1.910000000000000142e+00,0.000000000000000000e+00,1.864502362432907034e+01,-1.467480648613920247e+00,1.000000000000000000e+00,2.113657153061258214e+02,1.189469372549711608e+02
1.920000000000000151e+00,0.000000000000000000e+00,1.859103599800805284e+01,-9.161747964442696457e+00,1.000000000000000000e+00,2.125522931971420064e+02,1.185415889989848637e+02
1.929999999999999938e+00,0.000000000000000000e+00,1.847135392228614492e+01,-1.385469464385063176e+01,1.000000000000000000e+00,2.137380246908425931e+02,1.186268783215205644e+02
1.939999999999999947e+00,0.000000000000000000e+00,1.833709256295622581e+01,-1.317803721197273781e+01,1.000000000000000000e+00,2.149028059652249283e+02,1.149237932563663946e+02
1.949999999999999956e+00,0.000000000000000000e+00,1.823205592637215489e+01,-9.181091546969422978e+00,1.000000000000000000e+00,2.160605004899477137e+02,1.160962689252237539e+02
1.959999999999999964e+00,0.000000000000000000e+00,1.818016554827347164e+01,-3.028300389655717684e+00,1.000000000000000000e+00,2.172341139009008941e+02,1.180506843314486929e+02
1.969999999999999973e+00,0.000000000000000000e+00,1.819217010138167012e+01,3.772736545940782893e+00,1.000000000000000000e+00,2.184356556314356226e+02,1.184809159631346631e+02
1.979999999999999982e+00,0.000000000000000000e+00,1.821527062874652003e+01,1.492172275225755351e+00,1.000000000000000000e+00,2.196592882620227840e+02,1.218101775739768300e+02
1.989999999999999991e+00,0.000000000000000000e+00,1.823614762669875233e+01,1.886547691197013821e+00,1.000000000000000000e+00,2.208747651304823592e+02,1.212977506505547751e+02
2.000000000000000000e+00,0.000000000000000000e+00,1.827300074747999759e+01,4.024086331678009110e+00,1.000000000000000000e+00,2.220901899767825967e+02,1.214264675159223827e+02
2.009999999999999787e+00,1.000000000000000000e+00,1.820178575474399807e+01,-1.277227310935863436e+01,0.000000000000000000e+00,2.231344086097528248e+02,9.433205898730781769e+01
2.020000000000000018e+00,1.000000000000000000e+00,1.809516536445693902e+01,-1.286800850071321811e+01,0.000000000000000000e+00,2.242898697954145462e+02,1.271138576716034549e+02
2.029999999999999805e+00,1.000000000000000000e+00,1.789263554829156888e+01,-2.352908974957906096e+01,0.000000000000000000e+00,2.254237734881823201e+02,1.087876037968095631e+02
2.040000000000000036e+00,1.000000000000000000e+00,1.760045259144017038e+01,-3.351296531118546795e+01,0.000000000000000000e+00,2.266154326392910718e+02,1.260431374893681493e+02
2.049999999999999822e+00,1.000000000000000000e+00,1.721451042023374356e+01,-4.146247126421299356e+01,0.000000000000000000e+00,2.277779737644698059e+02,1.097926801771038470e+02
2.059999999999999609e+00,1.000000000000000000e+00,1.672380376084124620e+01,-5.276665810831585901e+01,1.000000000000000000e+00,2.289884967780051568e+02,1.252240776243150435e+02
2.069999999999999840e+00,1.000000000000000000e+00,1.621408954424248350e+01,-4.196587122637953371e+01,1.000000000000000000e+00,2.301807815875866083e+02,1.162009501182065634e+02
2.079999999999999627e+00,2.000000000000000000e+00,1.645492987424440656e+01,6.992628789578168380e+01,1.000000000000000000e+00,2.316817164965467555e+02,1.711424871404825581e+02
2.089999999999999858e+00,2.000000000000000000e+00,1.773896438860745661e+01,1.696752266109530751e+02,1.000000000000000000e+00,2.332261100277965795e+02,1.507795875075263154e+02
2.099999999999999645e+00,2.000000000000000000e+00,2.014480406633366982e+01,2.714322707136047939e+02,1.000000000000000000e+00,2.350826465275106898e+02,1.990175360925838390e+02
2.109999999999999876e+00,2.000000000000000000e+00,2.312379123754241661e+01,3.097030751963906141e+02,1.000000000000000000e+00,2.368995886863478120e+02,1.729002268670679712e+02
2.119999999999999662e+00,2.000000000000000000e+00,2.618734326027790260e+01,2.997252847493667787e+02,0.000000000000000000e+00,2.386583430942899895e+02,1.740221569559596730e+02
2.129999999999999893e+00,2.000000000000000000e+00,2.917183281051275046e+01,2.969703650698842807e+02,0.000000000000000000e+00,2.404079499424248922e+02,1.772371127228623209e+02
2.139999999999999680e+00,2.000000000000000000e+00,3.200088259312936856e+01,2.725912704768779236e+02,0.000000000000000000e+00,2.421860041802788430e+02,1.803731763980804033e+02
2.149999999999999911e+00,2.000000000000000000e+00,3.478667335361453894e+01,2.829571688944781727e+02,0.000000000000000000e+00,2.439288737671545562e+02,1.707958090004865142e+02
2.159999999999999698e+00,2.000000000000000000e+00,3.740217701632166580e+01,2.488669611592563626e+02,0.000000000000000000e+00,2.456993012755908978e+02,1.809604426036780467e+02
2.169999999999999929e+00,2.000000000000000000e+00,3.995116003731306620e+01,2.576128992804884206e+02,0.000000000000000000e+00,2.474308287731885514e+02,1.701547828502385755e+02
2.179999999999999716e+00,2.000000000000000000e+00,4.235856424510684093e+01,2.292330691391589994e+02,0.000000000000000000e+00,2.491868307217826555e+02,1.787635167555461919e+02
2.189999999999999947e+00,2.000000000000000000e+00,4.470534936924939728e+01,2.378948465408571451e+02,0.000000000000000000e+00,2.508994578069398926e+02,1.664695585795994361e+02
2.199999999999999734e+00,2.000000000000000000e+00,4.699323110205048692e+01,2.226711859748519942e+02,0.000000000000000000e+00,2.526033088299900271e+02,1.727277659612461207e+02
2.209999999999999964e+00,3.000000000000000000e+00,4.883073741757088015e+01,1.730111208198462975e+02,0.000000000000000000e+00,2.540050226043997270e+02,1.195475725678974754e+02
2.219999999999999751e+00,3.000000000000000000e+00,5.073156607762150117e+01,1.963159069228268834e+02,0.000000000000000000e+00,2.555745093173738951e+02,1.812996584525781714e+02
2.229999999999999982e+00,3.000000000000000000e+00,5.254659750518112560e+01,1.739919538342796841e+02,0.000000000000000000e+00,2.570810394397105938e+02,1.287133356813439207e+02
2.239999999999999769e+00,3.000000000000000000e+00,5.433378061812768323e+01,1.814297875825476751e+02,0.000000000000000000e+00,2.587395246077686011e+02,1.890391215426287772e+02
2.250000000000000000e+00,3.000000000000000000e+00,5.603420917221310305e+01,1.642828094878671266e+02,0.000000000000000000e+00,2.603104144659458257e+02,1.353881025602730972e+02
2.259999999999999787e+00,3.000000000000000000e+00,5.768575064679981779e+01,1.654144375063346786e+02,0.000000000000000000e+00,2.620125619689106315e+02,1.919294526089841781e+02
2.270000000000000018e+00,3.000000000000000000e+00,5.923449968123354381e+01,1.512874285028290160e+02,0.000000000000000000e+00,2.636444675402120197e+02,1.443739198882547328e+02
2.279999999999999805e+00,3.000000000000000000e+00,6.069358721131835921e+01,1.409824316385181930e+02,0.000000000000000000e+00,2.654087186799382039e+02,1.886404546083707885e+02
2.290000000000000036e+00,3.000000000000000000e+00,6.205443129366076960e+01,1.307013480034352995e+02,0.000000000000000000e+00,2.671293771277784685e+02,1.665356086467435830e+02
2.299999999999999822e+00,3.000000000000000000e+00,6.331857606624284074e+01,1.232339433653244782e+02,0.000000000000000000e+00,2.688988180231195884e+02,1.780114596844451000e+02
2.310000000000000053e+00,3.000000000000000000e+00,6.447831353994246228e+01,1.113372931515446993e+02,0.000000000000000000e+00,2.706432760205719887e+02,1.720445512765394938e+02
2.319999999999999840e+00,3.000000000000000000e+00,6.554223508207726923e+01,1.029064619517150874e+02,0.000000000000000000e+00,2.723934465723968970e+02,1.770681661844752455e+02
2.329999999999999627e+00,3.000000000000000000e+00,6.650491209571941909e+01,9.224332414883186004e+01,0.000000000000000000e+00,2.741243302691610779e+02,1.727639416168310049e+02
2.339999999999999858e+00,3.000000000000000000e+00,6.737163845266577766e+01,8.295420212264741622e+01,0.000000000000000000e+00,2.758510507631748965e+02,1.727808387514108688e+02
2.349999999999999645e+00,3.000000000000000000e+00,6.814091262991438214e+01,7.290684007628343011e+01,0.000000000000000000e+00,2.775787273965451618e+02,1.727371285383089230e+02
2.359999999999999876e+00,3.000000000000000000e+00,6.881357972333556461e+01,6.349754138449434748e+01,0.000000000000000000e+00,2.793073417508792318e+02,1.729538872571222896e+02
2.369999999999999662e+00,3.000000000000000000e+00,6.938800892914900942e+01,5.341051035245109802e+01,0.000000000000000000e+00,2.810359851592489235e+02,1.727901851700447367e+02
2.379999999999999893e+00,3.000000000000000000e+00,6.986527968652734444e+01,4.392882209590469955e+01,0.000000000000000000e+00,2.827653504652416245e+02,1.730452978819488408e+02
2.389999999999999680e+00,3.000000000000000000e+00,7.024408025286071222e+01,3.385534811408687261e+01,0.000000000000000000e+00,2.844944366684031252e+02,1.728053595319692590e+02
2.399999999999999911e+00,3.000000000000000000e+00,7.052544591840215560e+01,2.431324366229523193e+01,0.000000000000000000e+00,2.862242452629797071e+02,1.731084676801068554e+02
2.409999999999999698e+00,3.000000000000000000e+00,7.070831701519870194e+01,1.428021265789988981e+01,0.000000000000000000e+00,2.879535774617234551e+02,1.728061866931174677e+02
2.419999999999999929e+00,3.000000000000000000e+00,7.079357627246515960e+01,4.677954160831387043e+00,0.000000000000000000e+00,2.896836677512829965e+02,1.731526404988436241e+02
2.429999999999999716e+00,3.000000000000000000e+00,7.078040991745065469e+01,-5.300905352301861662e+00,0.000000000000000000e+00,2.914131456503793629e+02,1.728035035608296823e+02
2.439999999999999947e+00,3.000000000000000000e+00,7.066948342603511435e+01,-1.496684796040860199e+01,0.000000000000000000e+00,2.931434343236935547e+02,1.731854861424385490e+02
2.449999999999999734e+00,3.000000000000000000e+00,7.046023773582123795e+01,-2.488301083168768812e+01,0.000000000000000000e+00,2.948730244548165729e+02,1.728026697884407668e+02
2.459999999999999964e+00,3.000000000000000000e+00,7.015308424353612793e+01,-3.461756040493032316e+01,0.000000000000000000e+00,2.966034721863608752e+02,1.732102375804124392e+02
2.469999999999999751e+00,3.000000000000000000e+00,6.974773578241459404e+01,-4.446553577918751898e+01,0.000000000000000000e+00,2.983331689787422079e+02,1.728064316691585987e+02
2.479999999999999982e+00,3.000000000000000000e+00,6.924432735178957898e+01,-5.427224712400084883e+01,0.000000000000000000e+00,3.000637525520543818e+02,1.732278724264104142e+02
2.489999999999999769e+00,3.000000000000000000e+00,6.864285678192814544e+01,-6.404909090657145043e+01,0.000000000000000000e+00,3.017935614299160534e+02,1.728159246557760582e+02
2.500000000000000000e+00,3.000000000000000000e+00,6.794317104147680197e+01,-7.392952973339930622e+01,0.000000000000000000e+00,3.035242628028423724e+02,1.732385935329683377e+02
2.509999999999999787e+00,3.000000000000000000e+00,6.714555863331351304e+01,-8.363466495250307275e+01,0.000000000000000000e+00,3.052541920667433715e+02,1.728314268936033216e+02
2.520000000000000018e+00,3.000000000000000000e+00,6.624957664913542033e+01,-9.358816328422558684e+01,0.000000000000000000e+00,3.069849935228115214e+02,1.732423608439595171e+02
2.529999999999999805e+00,3.000000000000000000e+00,6.525580123607824135e+01,-1.032233233892635269e+02,0.000000000000000000e+00,3.087150504421094865e+02,1.728527181626140816e+02
2.540000000000000036e+00,3.000000000000000000e+00,6.416350718517965390e+01,-1.132469244802023667e+02,0.000000000000000000e+00,3.104459327040233347e+02,1.732391472369588996e+02
2.549999999999999822e+00,3.000000000000000000e+00,6.297354631006057701e+01,-1.228160805912517048e+02,0.000000000000000000e+00,3.121761216506981214e+02,1.728792563040248069e+02
2.560000000000000053e+00,3.000000000000000000e+00,6.168492775884644175e+01,-1.329045936394753085e+02,0.000000000000000000e+00,3.139070634083172990e+02,1.732290568444597625e+02
2.569999999999999840e+00,3.000000000000000000e+00,6.029875828632317081e+01,-1.424138332654216015e+02,0.000000000000000000e+00,3.156373850057514119e+02,1.729102718631282301e+02
2.579999999999999627e+00,3.000000000000000000e+00,5.881380660861509568e+01,-1.525599743300032003e+02,0.000000000000000000e+00,3.173683631420754523e+02,1.732123769807201370e+02
2.589999999999999858e+00,3.000000000000000000e+00,5.723140549531682097e+01,-1.620173213607519926e+02,0.000000000000000000e+00,3.190988139584577539e+02,1.729448275018235961e+02
2.599999999999999645e+00,3.000000000000000000e+00,5.555011623267771625e+01,-1.722119276192264579e+02,0.000000000000000000e+00,3.208298041252157304e+02,1.731895949553670562e+02
2.609999999999999876e+00,3.000000000000000000e+00,5.377146131628730785e+01,-1.816271030808466094e+02,0.000000000000000000e+00,3.225603766854894729e+02,1.729818625411357402e+02
2.619999999999999662e+00,3.000000000000000000e+00,5.189383439972679923e+01,-1.918594102033912066e+02,0.000000000000000000e+00,3.242913540458134776e+02,1.731613943096422474e+02
2.629999999999999893e+00,3.000000000000000000e+00,4.991890514397612577e+01,-2.012435383376904099e+02,0.000000000000000000e+00,3.260220370481125087e+02,1.730202317802887251e+02
2.639999999999999680e+00,3.000000000000000000e+00,4.784494495128065239e+01,-2.115015109333446333e+02,0.000000000000000000e+00,3.277529770839813636e+02,1.731286379708282652e+02
2.649999999999999911e+00,3.000000000000000000e+00,4.567372311804236062e+01,-2.208667784893760029e+02,0.000000000000000000e+00,3.294837557610258045e+02,1.730587427091253687e+02
2.659999999999999698e+00,3.000000000000000000e+00,4.340343836637554631e+01,-2.311374829454236703e+02,0.000000000000000000e+00,3.312146350846534801e+02,1.730923426197398101e+02
2.669999999999999929e+00,3.000000000000000000e+00,4.103590859948064917e+01,-2.404967618847851156e+02,0.000000000000000000e+00,3.329454916771401827e+02,1.730961926607002113e+02
2.679999999999999716e+00,3.000000000000000000e+00,3.856931208334594885e+01,-2.507667700100715251e+02,0.000000000000000000e+00,3.346762888071055499e+02,1.730536469257721137e+02
2.689999999999999947e+00,3.000000000000000000e+00,3.600546239277814209e+01,-2.601332153782714158e+02,0.000000000000000000e+00,3.364072031275050563e+02,1.731314060069360892e+02
2.699999999999999734e+00,3.000000000000000000e+00,3.334257058151546005e+01,-2.703890263679271015e+02,0.000000000000000000e+00,3.381378992012320737e+02,1.730137754414452615e+02
2.709999999999999964e+00,3.000000000000000000e+00,3.058239271773684465e+01,-2.797756620295205607e+02,0.000000000000000000e+00,3.398688492696004460e+02,1.731632707175745338e+02
2.719999999999999751e+00,4.000000000000000000e+00,2.802726212222054158e+01,-2.519570264590198576e+02,0.000000000000000000e+00,3.418227347423379570e+02,2.162413444870960006e+02
2.729999999999999982e+00,4.000000000000000000e+00,2.519801698917938992e+01,-2.908010485573772144e+02,0.000000000000000000e+00,3.436347304393570994e+02,1.795241447716059326e+02
2.739999999999999769e+00,4.000000000000000000e+00,2.220631550394557507e+01,-3.044485199151617962e+02,0.000000000000000000e+00,3.453890399915010789e+02,1.736080536534768157e+02
2.750000000000000000e+00,4.000000000000000000e+00,1.916183414580452649e+01,-2.966341237948342950e+02,1.000000000000000000e+00,3.471058154208868700e+02,1.703539987856474909e+02
2.759999999999999787e+00,5.000000000000000000e+00,1.624902265470513640e+01,-2.433031406226282911e+02,1.000000000000000000e+00,3.487673032759219609e+02,1.662114700512875629e+02
2.770000000000000018e+00,5.000000000000000000e+00,1.472452907999461047e+01,-8.629625172554436574e+01,1.000000000000000000e+00,3.505855022379704451e+02,1.883654073630047208e+02
2.779999999999999805e+00,5.000000000000000000e+00,1.452683166074063337e+01,2.055363432916562516e+01,1.000000000000000000e+00,3.524100641365208730e+02,1.781771425137201845e+02
2.790000000000000036e+00,5.000000000000000000e+00,1.530689357116911076e+01,1.125101347928074631e+02,1.000000000000000000e+00,3.541806273824807931e+02,1.773930655905871845e+02
2.799999999999999822e+00,5.000000000000000000e+00,1.681872016869167297e+01,1.751682534454498352e+02,1.000000000000000000e+00,3.559123780512146027e+02,1.699634287161332225e+02
2.810000000000000053e+00,5.000000000000000000e+00,1.858620271017827363e+01,1.728921305733019551e+02,0.000000000000000000e+00,3.576773284365432914e+02,1.776464506532896621e+02
2.819999999999999840e+00,5.000000000000000000e+00,2.024475829931751036e+01,1.612492653017688724e+02,0.000000000000000000e+00,3.594209414139471050e+02,1.735743625520443345e+02
2.829999999999999627e+00,5.000000000000000000e+00,2.180870468865220246e+01,1.525318750566763981e+02,0.000000000000000000e+00,3.611828219445307013e+02,1.774637223630485607e+02
2.839999999999999858e+00,5.000000000000000000e+00,2.326917085979799538e+01,1.416703341523246138e+02,0.000000000000000000e+00,3.629290551431013228e+02,1.736489239510760854e+02
2.849999999999999645e+00,5.000000000000000000e+00,2.463409906702573693e+01,1.324061645775931879e+02,0.000000000000000000e+00,3.646929594468874143e+02,1.776861198984858845e+02
2.859999999999999876e+00,5.000000000000000000e+00,2.589643719881168948e+01,1.221349016986125662e+02,0.000000000000000000e+00,3.664432349255854433e+02,1.739254052607125516e+02
2.869999999999999662e+00,5.000000000000000000e+00,2.706249778825733188e+01,1.122760745186310629e+02,0.000000000000000000e+00,3.682100550991518162e+02,1.779250645617784130e+02
2.879999999999999893e+00,5.000000000000000000e+00,2.812804598615797858e+01,1.027077670206495412e+02,0.000000000000000000e+00,3.699616901304063390e+02,1.740675472204073344e+02
2.889999999999999680e+00,5.000000000000000000e+00,2.909609820624240584e+01,9.224081056007918278e+01,0.000000000000000000e+00,3.717283224663500505e+02,1.778608393932952936e+02
2.899999999999999911e+00,5.000000000000000000e+00,2.996559250641359640e+01,8.335153858724102349e+01,0.000000000000000000e+00,3.734789029291220004e+02,1.740576652449742880e+02
2.909999999999999698e+00,5.000000000000000000e+00,3.073583901960727616e+01,7.226011570933442840e+01,0.000000000000000000e+00,3.752430644688194548e+02,1.775532524522351991e+02
2.919999999999999929e+00,5.000000000000000000e+00,3.140856310689780884e+01,6.392958228379951180e+01,0.000000000000000000e+00,3.769931578385697435e+02,1.741182428902072843e+02
2.929999999999999716e+00,5.000000000000000000e+00,3.198198075719237465e+01,5.235506477643669143e+01,0.000000000000000000e+00,3.787573559946591217e+02,1.773967109285644597e+02
2.939999999999999947e+00,5.000000000000000000e+00,3.245882430440051536e+01,4.450165895688319040e+01,0.000000000000000000e+00,3.805128923145286421e+02,1.746963182972361039e+02
2.949999999999999734e+00,5.000000000000000000e+00,3.283686146707525211e+01,3.266195794985153356e+01,0.000000000000000000e+00,3.822671574121927733e+02,1.764916067176867216e+02
2.959999999999999964e+00,5.000000000000000000e+00,3.311963231025764287e+01,2.528097046342380594e+01,0.000000000000000000e+00,3.840182604886184663e+02,1.745114845730958564e+02
2.969999999999999751e+00,5.000000000000000000e+00,3.329998159530208568e+01,1.275506678117397996e+01,0.000000000000000000e+00,3.857790698592405079e+02,1.767246441144840787e+02
2.979999999999999982e+00,5.000000000000000000e+00,3.338603415118358697e+01,5.698397487991282873e+00,0.000000000000000000e+00,3.875352201244105572e+02,1.751734421445802639e+02
2.989999999999999769e+00,5.000000000000000000e+00,3.336881564063813244e+01,-7.101685396256598892e+00,0.000000000000000000e+00,3.892972811776069193e+02,1.765831879142146192e+02
3.000000000000000000e+00,5.000000000000000000e+00,3.325898449077573815e+01,-1.380246750367863839e+01,0.000000000000000000e+00,3.910501034142409367e+02,1.751810867404304588e+02
3.009999999999999787e+00,5.000000000000000000e+00,3.304679335003999796e+01,-2.660762155349803848e+01,0.000000000000000000e+00,3.928032259261593140e+02,1.756121380181623977e+02
3.020000000000000018e+00,5.000000000000000000e+00,3.274245682458138873e+01,-3.326699138721102855e+01,0.000000000000000000e+00,3.945601673043473738e+02,1.757193570847019259e+02
3.029999999999999805e+00,5.000000000000000000e+00,3.233314326584247311e+01,-4.633538294725424578e+01,0.000000000000000000e+00,3.963196333680382395e+02,1.758455410373082373e+02
3.040000000000000036e+00,5.000000000000000000e+00,3.183249569756383579e+01,-5.291673397861963224e+01,0.000000000000000000e+00,3.980744479247065897e+02,1.758678124179627105e+02
3.049999999999999822e+00,5.000000000000000000e+00,3.122717868299377386e+01,-6.585368237944582859e+01,0.000000000000000000e+00,3.998304901686706216e+02,1.752950789444760460e+02
3.060000000000000053e+00,5.000000000000000000e+00,3.053004545381441304e+01,-7.267386494918065409e+01,0.000000000000000000e+00,4.015919562075691829e+02,1.766086485957303864e+02
3.069999999999999840e+00,5.000000000000000000e+00,2.972843759691261667e+01,-8.536629698977610303e+01,0.000000000000000000e+00,4.033452940206835819e+02,1.748782270243122809e+02
3.080000000000000071e+00,5.000000000000000000e+00,2.883550399607663195e+01,-9.237132505017953576e+01,0.000000000000000000e+00,4.051046819915579249e+02,1.766712455397334907e+02
3.089999999999999858e+00,5.000000000000000000e+00,2.783930160995608105e+01,-1.046575609058249370e+02,0.000000000000000000e+00,4.068532783082271180e+02,1.742875464194736708e+02
3.099999999999999645e+00,5.000000000000000000e+00,2.675169336406786158e+01,-1.120378597444982205e+02,0.000000000000000000e+00,4.086148757343459010e+02,1.770323850361876623e+02
3.109999999999999876e+00,5.000000000000000000e+00,2.555901328073011314e+01,-1.241357382479964429e+02,0.000000000000000000e+00,4.103695991357287767e+02,1.745809180544191577e+02
3.119999999999999662e+00,5.000000000000000000e+00,2.427287763915313334e+01,-1.320773285653334312e+02,0.000000000000000000e+00,4.121341347818772078e+02,1.774567341155918427e+02
3.129999999999999893e+00,5.000000000000000000e+00,2.288480193017394626e+01,-1.434010807318371690e+02,0.000000000000000000e+00,4.138783439576586147e+02,1.736542907452045483e+02
3.139999999999999680e+00,5.000000000000000000e+00,2.140472437457604116e+01,-1.517140574206226802e+02,0.000000000000000000e+00,4.156403299051253271e+02,1.773349800934664131e+02
3.149999999999999911e+00,5.000000000000000000e+00,1.982163366102449942e+01,-1.627125322154544733e+02,0.000000000000000000e+00,4.173933044294948900e+02,1.742201423818224271e+02
3.159999999999999698e+00,5.000000000000000000e+00,1.815185040940946237e+01,-1.692392609127612104e+02,1.000000000000000000e+00,4.191614718166445073e+02,1.785880972079671949e+02
3.169999999999999929e+00,5.000000000000000000e+00,1.653075250546943664e+01,-1.519162210747606707e+02,1.000000000000000000e+00,4.209243970596096460e+02,1.753557271463534732e+02
3.179999999999999716e+00,5.000000000000000000e+00,1.534350077925024713e+01,-9.300009887224358351e+01,1.000000000000000000e+00,4.226872383413070224e+02,1.767335930201967926e+02
3.189999999999999947e+00,5.000000000000000000e+00,1.486668996159457556e+01,-1.754939411418352790e+01,1.000000000000000000e+00,4.244281243512991750e+02,1.720321733756091191e+02
3.199999999999999734e+00,5.000000000000000000e+00,1.510857905342655805e+01,4.963861502837976758e+01,1.000000000000000000e+00,4.261768688723648779e+02,1.751436737727161983e+02
3.209999999999999964e+00,5.000000000000000000e+00,1.590424931226258032e+01,9.727550038603671112e+01,1.000000000000000000e+00,4.279274884619304089e+02,1.755086090927409828e+02
3.219999999999999751e+00,5.000000000000000000e+00,1.704906500506241329e+01,1.209309516809918392e+02,1.000000000000000000e+00,4.296859565609352671e+02,1.752455027132710370e+02
3.229999999999999982e+00,5.000000000000000000e+00,1.827044719603876644e+01,1.201527993291242353e+02,1.000000000000000000e+00,4.314335210823497277e+02,1.747164390461218773e+02
3.239999999999999769e+00,5.000000000000000000e+00,1.942995368911989118e+01,1.119797681521248478e+02,0.000000000000000000e+00,4.331790131634829208e+02,1.744469928270959826e+02
3.250000000000000000e+00,5.000000000000000000e+00,2.048895177804367762e+01,1.014805512255288562e+02,0.000000000000000000e+00,4.349264010997591754e+02,1.748927387141362431e+02
3.259999999999999787e+00,5.000000000000000000e+00,2.144806514272216802e+01,9.186544462128877342e+01,0.000000000000000000e+00,4.366688229200492515e+02,1.742505261063835178e+02
3.270000000000000018e+00,5.000000000000000000e+00,2.230739970693041485e+01,8.154689024771298023e+01,0.000000000000000000e+00,4.384148304156237828e+02,1.747289151917512413e+02
3.279999999999999805e+00,5.000000000000000000e+00,2.306625605863581185e+01,7.188798194949232823e+01,0.000000000000000000e+00,4.401615361749970248e+02,1.745759692864930912e+02
3.290000000000000036e+00,5.000000000000000000e+00,2.372730822522906635e+01,6.176071052252415683e+01,0.000000000000000000e+00,4.419022963205804899e+02,1.743264157072425178e+02
3.299999999999999822e+00,5.000000000000000000e+00,2.429044924909137038e+01,5.230045567271546503e+01,0.000000000000000000e+00,4.436489705827376042e+02,1.745706003372998509e+02
3.310000000000000053e+00,5.000000000000000000e+00,2.475441034939121465e+01,4.208533781672194607e+01,0.000000000000000000e+00,4.453878796216923206e+02,1.741584954837313148e+02
3.319999999999999840e+00,5.000000000000000000e+00,2.512039075115824360e+01,3.261015411393501040e+01,0.000000000000000000e+00,4.471332786030201873e+02,1.744892200597730607e+02
3.330000000000000071e+00,5.000000000000000000e+00,2.538768092162166923e+01,2.241996760438914293e+01,0.000000000000000000e+00,4.488727247543134240e+02,1.741619252700928087e+02
3.339999999999999858e+00,5.000000000000000000e+00,2.555634411306324694e+01,1.287694820985314159e+01,0.000000000000000000e+00,4.506200226414720760e+02,1.746614345790774792e+02
3.349999999999999645e+00,5.000000000000000000e+00,2.562676968518322695e+01,2.771259766366381161e+00,0.000000000000000000e+00,4.523555458783017684e+02,1.738413862245722044e+02
3.359999999999999876e+00,5.000000000000000000e+00,2.560025800705402688e+01,-6.642816091299994952e+00,0.000000000000000000e+00,4.540987176873026669e+02,1.743550026128599768e+02
3.369999999999999662e+00,5.000000000000000000e+00,2.547423241861872967e+01,-1.690998163156600853e+01,0.000000000000000000e+00,4.558436691416292774e+02,1.745031384292327914e+02
3.379999999999999893e+00,5.000000000000000000e+00,2.524972513190657963e+01,-2.647513135857314381e+01,0.000000000000000000e+00,4.575912959032477829e+02,1.747689833974924341e+02
3.389999999999999680e+00,5.000000000000000000e+00,2.492747761441993504e+01,-3.647192243706484760e+01,0.000000000000000000e+00,4.593271898004030049e+02,1.738188112264778908e+02
3.399999999999999911e+00,5.000000000000000000e+00,2.450875459184337046e+01,-4.591712505993550053e+01,0.000000000000000000e+00,4.610704535609119716e+02,1.744079269998744905e+02
3.409999999999999698e+00,5.000000000000000000e+00,2.398988454683374627e+01,-5.612988182810535420e+01,0.000000000000000000e+00,4.628124182968662126e+02,1.742316178482785745e+02
3.419999999999999929e+00,5.000000000000000000e+00,2.337269385613046779e+01,-6.578687437899056079e+01,0.000000000000000000e+00,4.645601168227685207e+02,1.747876038010529385e+02
3.429999999999999716e+00,5.000000000000000000e+00,2.265775883120791789e+01,-7.571569641230638581e+01,0.000000000000000000e+00,4.662984950867268026e+02,1.739666677454721366e+02
3.439999999999999947e+00,5.000000000000000000e+00,2.184560365341199173e+01,-8.529493787627023949e+01,0.000000000000000000e+00,4.680408923921146425e+02,1.743755524616268815e+02
3.449999999999999734e+00,5.000000000000000000e+00,2.093517232684520479e+01,-9.523701124366051829e+01,0.000000000000000000e+00,4.697790140521544799e+02,1.739123917544815754e+02
3.459999999999999964e+00,5.000000000000000000e+00,1.992648484437502177e+01,-1.049816997812924626e+02,0.000000000000000000e+00,4.715240751516070077e+02,1.745790992868427907e+02
3.469999999999999751e+00,5.000000000000000000e+00,1.881877573223610867e+01,-1.147925705248964476e+02,1.000000000000000000e+00,4.732673207592406470e+02,1.742954164009123303e+02
3.479999999999999982e+00,5.000000000000000000e+00,1.766364435193998617e+01,-1.133149433631204062e+02,1.000000000000000000e+00,4.750082466010782696e+02,1.742106453791790841e+02
3.489999999999999769e+00,5.000000000000000000e+00,1.669153091767524799e+01,-8.432906570330418106e+01,1.000000000000000000e+00,4.767615588202133381e+02,1.759825896276807669e+02
3.500000000000000000e+00,5.000000000000000000e+00,1.610220055340070289e+01,-4.112176570587908486e+01,1.000000000000000000e+00,4.785319236343820535e+02,1.776533228993716023e+02
3.509999999999999787e+00,5.000000000000000000e+00,1.596916352684424290e+01,4.308561766081473010e+00,1.000000000000000000e+00,4.803130217635605277e+02,1.782352168158286361e+02
3.520000000000000018e+00,5.000000000000000000e+00,1.623376833522364038e+01,4.030651809974803257e+01,1.000000000000000000e+00,4.820840912950581583e+02,1.767430726987531671e+02
3.529999999999999805e+00,5.000000000000000000e+00,1.682518963477938101e+01,6.875289617763236549e+01,1.000000000000000000e+00,4.838503490426093663e+02,1.763812495754874590e+02
3.540000000000000036e+00,5.000000000000000000e+00,1.758152937517172987e+01,7.929835256489965900e+01,1.000000000000000000e+00,4.856086203057396915e+02,1.757439449548343475e+02
3.549999999999999822e+00,5.000000000000000000e+00,1.836817956579654521e+01,7.561222033661626085e+01,1.000000000000000000e+00,4.873640566763344850e+02,1.756043727925130327e+02
3.560000000000000053e+00,5.000000000000000000e+00,1.907371014027049583e+01,6.667254773383221789e+01,0.000000000000000000e+00,4.891246767758427154e+02,1.761092885871211138e+02
3.569999999999999840e+00,5.000000000000000000e+00,1.968231890289000674e+01,5.668021256538207098e+01,0.000000000000000000e+00,4.908847623540605696e+02,1.760193418668710876e+02
3.580000000000000071e+00,5.000000000000000000e+00,2.019120598423466717e+01,4.664196918996289298e+01,0.000000000000000000e+00,4.926477009520276624e+02,1.762847060166413371e+02
3.589999999999999858e+00,5.000000000000000000e+00,2.060184426395746371e+01,3.697669727880860790e+01,0.000000000000000000e+00,4.943963364464783581e+02,1.751742222718490609e+02
3.599999999999999645e+00,5.000000000000000000e+00,2.091354525096809169e+01,2.701309123723493144e+01,0.000000000000000000e+00,4.961533245651458515e+02,1.757417571837036689e+02
3.609999999999999876e+00,5.000000000000000000e+00,2.112670010760337291e+01,1.720363539809978448e+01,0.000000000000000000e+00,4.979109538919404372e+02,1.758261373372575633e+02
3.619999999999999662e+00,5.000000000000000000e+00,2.124069860573182567e+01,7.232620114349474605e+00,0.000000000000000000e+00,4.996723800191928717e+02,1.761217094015482303e+02
3.629999999999999893e+00,5.000000000000000000e+00,2.125789676871814393e+01,-2.363567840183856461e+00,0.000000000000000000e+00,5.014223026969942794e+02,1.752829389574568495e+02
3.639999999999999680e+00,5.000000000000000000e+00,2.117718684469533130e+01,-1.219940927693590815e+01,0.000000000000000000e+00,5.031781966546074614e+02,1.756457564911316922e+02
3.649999999999999911e+00,5.000000000000000000e+00,2.099871154087249181e+01,-2.196984187138276567e+01,0.000000000000000000e+00,5.049345198735464919e+02,1.757520023814606702e+02
3.659999999999999698e+00,5.000000000000000000e+00,2.072132850746018917e+01,-3.189280818524425953e+01,0.000000000000000000e+00,5.066962700722913837e+02,1.761281792645860662e+02
3.669999999999999929e+00,5.000000000000000000e+00,2.034515280197259202e+01,-4.177398237960623817e+01,0.000000000000000000e+00,5.084583351438876662e+02,1.762257013597677542e+02
3.679999999999999716e+00,5.000000000000000000e+00,1.987135852136366765e+01,-5.147289717593667291e+01,0.000000000000000000e+00,5.102109698496128090e+02,1.754644593369862946e+02
3.689999999999999947e+00,5.000000000000000000e+00,1.930206942163203010e+01,-6.059252642929291710e+01,1.000000000000000000e+00,5.119704567880771151e+02,1.761185809712952164e+02
3.699999999999999734e+00,5.000000000000000000e+00,1.865852750447902864e+01,-6.680462833332701678e+01,1.000000000000000000e+00,5.137357777770390612e+02,1.767144693447135637e+02
3.709999999999999964e+00,5.000000000000000000e+00,1.798719796002438898e+01,-6.600582112686788605e+01,1.000000000000000000e+00,5.155039233301897639e+02,1.771319728034558523e+02
3.719999999999999751e+00,5.000000000000000000e+00,1.739573358022763472e+01,-5.361515226905422082e+01,1.000000000000000000e+00,5.172737610918126165e+02,1.769164983929125867e+02
3.729999999999999982e+00,5.000000000000000000e+00,1.698774533394304953e+01,-3.105601325298328774e+01,1.000000000000000000e+00,5.190430637922203232e+02,1.770608226634656148e+02
3.739999999999999769e+00,5.000000000000000000e+00,1.685678513988961669e+01,-1.456521649335270396e+00,1.000000000000000000e+00,5.208195020330202851e+02,1.780549154810057928e+02
3.750000000000000000e+00,5.000000000000000000e+00,1.698365952450596694e+01,2.018485243299670628e+01,1.000000000000000000e+00,5.226003038928333808e+02,1.778686342147564972e+02
3.759999999999999787e+00,5.000000000000000000e+00,1.727932189793859763e+01,3.394912908089614234e+01,1.000000000000000000e+00,5.243772573687815566e+02,1.776187411835382477e+02
3.770000000000000018e+00,5.000000000000000000e+00,1.768180574167795172e+01,4.382029997733712179e+01,1.000000000000000000e+00,5.261579327626577651e+02,1.786413376209291073e+02
3.779999999999999805e+00,5.000000000000000000e+00,1.811620549011755799e+01,4.230520639677914829e+01,1.000000000000000000e+00,5.279478511090472921e+02,1.790717222673617925e+02
3.790000000000000036e+00,5.000000000000000000e+00,1.850611221782617477e+01,3.662316045110642193e+01,1.000000000000000000e+00,5.297395880438766653e+02,1.791012724539938858e+02
3.799999999999999822e+00,5.000000000000000000e+00,1.884753873351575848e+01,3.191492435088758484e+01,1.000000000000000000e+00,5.315214713271737992e+02,1.781984462823168087e+02
3.810000000000000053e+00,5.000000000000000000e+00,1.913458624877284464e+01,2.622356185587923960e+01,1.000000000000000000e+00,5.333027531144784916e+02,1.780729379510951560e+02
3.819999999999999840e+00,5.000000000000000000e+00,1.934236111142086401e+01,1.677874519269515829e+01,0.000000000000000000e+00,5.350854749912487023e+02,1.783102617020663843e+02
3.830000000000000071e+00,5.000000000000000000e+00,1.944986074267502829e+01,6.400691194034087594e+00,0.000000000000000000e+00,5.368721006339080759e+02,1.786080752248029455e+02
3.839999999999999858e+00,5.000000000000000000e+00,1.945938101263306663e+01,-2.960944331085124670e+00,0.000000000000000000e+00,5.386510532770014379e+02,1.780892583075129210e+02
3.849999999999999645e+00,5.000000000000000000e+00,1.937041400020590132e+01,-1.323302880153197947e+01,0.000000000000000000e+00,5.404310414714178705e+02,1.780506567567084062e+02
3.859999999999999876e+00,5.000000000000000000e+00,1.918925511325025468e+01,-2.136578752942234161e+01,1.000000000000000000e+00,5.422117051554605496e+02,1.782002327443490231e+02
3.869999999999999662e+00,5.000000000000000000e+00,1.892923606764638933e+01,-2.910734007989670857e+01,1.000000000000000000e+00,5.439953252447409113e+02,1.781859875544960232e+02
3.879999999999999893e+00,5.000000000000000000e+00,1.862156151954830108e+01,-3.169577965548845455e+01,1.000000000000000000e+00,5.457778686920726159e+02,1.783327562554378858e+02
3.889999999999999680e+00,5.000000000000000000e+00,1.831099684141661754e+01,-3.017693785808708995e+01,1.000000000000000000e+00,5.475578658262180625e+02,1.782084052805176100e+02
3.899999999999999911e+00,5.000000000000000000e+00,1.803409494340953501e+01,-2.660506008764407326e+01,1.000000000000000000e+00,5.493405878900658763e+02,1.782087449253528177e+02
3.909999999999999698e+00,5.000000000000000000e+00,1.779557662299228937e+01,-2.188504706197721816e+01,1.000000000000000000e+00,5.511164504934898787e+02,1.772028050100946643e+02
3.919999999999999929e+00,5.000000000000000000e+00,1.763401406791258097e+01,-1.149923592746849366e+01,1.000000000000000000e+00,5.528885043988514099e+02,1.774187801607283745e+02
3.929999999999999716e+00,5.000000000000000000e+00,1.760258860197609465e+01,9.757478933622871775e-01,1.000000000000000000e+00,5.546638937425668701e+02,1.772749509898732185e+02
3.939999999999999947e+00,5.000000000000000000e+00,1.768087978113883452e+01,1.219512960996086548e+01,1.000000000000000000e+00,5.564332776229359752e+02,1.769158711190248994e+02
3.949999999999999734e+00,5.000000000000000000e+00,1.785804298809843615e+01,1.916177429765343021e+01,1.000000000000000000e+00,5.581984090075347922e+02,1.760635013567210478e+02
3.959999999999999964e+00,5.000000000000000000e+00,1.806255082336489082e+01,2.077966199586575158e+01,1.000000000000000000e+00,5.599555028076207464e+02,1.756235415954663495e+02
3.969999999999999751e+00,5.000000000000000000e+00,1.826135720929580231e+01,1.908604578045591893e+01,1.000000000000000000e+00,5.617064759897389195e+02,1.747072194986367037e+02
3.979999999999999982e+00,5.000000000000000000e+00,1.845116288659712467e+01,1.850248029628818358e+01,1.000000000000000000e+00,5.634567081839804814e+02,1.753241647831903833e+02
3.989999999999999769e+00,5.000000000000000000e+00,1.859613630682162722e+01,1.058440083113701569e+01,1.000000000000000000e+00,5.652103805763243827e+02,1.752287624506848829e+02
4.000000000000000000e+00,5.000000000000000000e+00,1.866493072370487738e+01,4.192384127396691085e+00,1.000000000000000000e+00,5.669678327586527757e+02,1.761959497101375973e+02
4.009999999999999787e+00,5.000000000000000000e+00,1.867586003928917293e+01,-1.208027564222660555e+00,1.000000000000000000e+00,5.687159166382077728e+02,1.747729024251685530e+02
4.019999999999999574e+00,5.000000000000000000e+00,1.864513769069134597e+01,-4.526533808959797511e+00,1.000000000000000000e+00,5.704665600100800020e+02,1.750949095854827817e+02
4.030000000000000249e+00,5.000000000000000000e+00,1.858135149344568759e+01,-7.718631679066572993e+00,1.000000000000000000e+00,5.722123561073550491e+02,1.741210282484086633e+02
4.040000000000000036e+00,5.000000000000000000e+00,1.850523875218125980e+01,-7.504564428549119093e+00,1.000000000000000000e+00,5.739568670040338247e+02,1.747973685461576281e+02
4.049999999999999822e+00,5.000000000000000000e+00,1.840908609131218654e+01,-1.221581119825442130e+01,1.000000000000000000e+00,5.757039264394683187e+02,1.744873316029348587e+02
4.059999999999999609e+00,5.000000000000000000e+00,1.827271996150134825e+01,-1.463392893512783566e+01,1.000000000000000000e+00,5.774457810151195645e+02,1.741647363500927099e+02
4.070000000000000284e+00,5.000000000000000000e+00,1.812711493748697222e+01,-1.462379625141957895e+01,1.000000000000000000e+00,5.791788285424962623e+02,1.726091376175334346e+02
4.080000000000000071e+00,5.000000000000000000e+00,1.800930012448619522e+01,-9.231692561258537211e+00,1.000000000000000000e+00,5.809046571076980854e+02,1.727735855759083847e+02
4.089999999999999858e+00,5.000000000000000000e+00,1.797379974923918766e+01,1.295243448118311158e-01,1.000000000000000000e+00,5.826280740168302827e+02,1.721234196028570977e+02
4.099999999999999645e+00,5.000000000000000000e+00,1.801563399764009432e+01,4.763465431756094048e+00,1.000000000000000000e+00,5.843516224831950012e+02,1.722700069146494286e+02
4.109999999999999432e+00,5.000000000000000000e+00,1.807518847289472674e+01,6.707217598548045778e+00,1.000000000000000000e+00,5.860647218424170433e+02,1.705875630358854949e+02
4.120000000000000107e+00,5.000000000000000000e+00,1.816541038733132041e+01,1.005210970248322688e+01,1.000000000000000000e+00,5.877693710878335196e+02,1.706723825900621136e+02
4.129999999999999893e+00,5.000000000000000000e+00,1.828154193746443568e+01,1.158814764439917511e+01,1.000000000000000000e+00,5.894758112374605616e+02,1.705842810362027535e+02
4.139999999999999680e+00,5.000000000000000000e+00,1.835899315969300005e+01,4.409158546704004422e+00,1.000000000000000000e+00,5.911813448897814851e+02,1.711740115610733142e+02
4.149999999999999467e+00,5.000000000000000000e+00,1.837035449320053004e+01,-8.933403759492564156e-01,1.000000000000000000e+00,5.928907404659069016e+02,1.705938511949833867e+02
4.160000000000000142e+00,5.000000000000000000e+00,1.834510550722021804e+01,-3.710329285172552449e+00,1.000000000000000000e+00,5.945990547670999149e+02,1.709134776848420927e+02
4.169999999999999929e+00,5.000000000000000000e+00,1.831197695224139466e+01,-3.062213790774252598e+00,1.000000000000000000e+00,5.963017863598023496e+02,1.699618308940175098e+02
4.179999999999999716e+00,5.000000000000000000e+00,1.829437158508203609e+01,-2.836892407079047551e+00,1.000000000000000000e+00,5.980068901478374528e+02,1.709180297340424772e+02
4.189999999999999503e+00,5.000000000000000000e+00,1.824350489764121619e+01,-6.560820111494232165e+00,1.000000000000000000e+00,5.997096445904794564e+02,1.698721918406146756e+02
4.200000000000000178e+00,5.000000000000000000e+00,1.817384996352034321e+01,-7.364702156167350466e+00,1.000000000000000000e+00,6.014028798897885508e+02,1.692986296626071407e+02
4.209999999999999964e+00,5.000000000000000000e+00,1.811323772714569813e+01,-5.330442880118957838e+00,1.000000000000000000e+00,6.030912694317884188e+02,1.682231388288558094e+02
4.219999999999999751e+00,5.000000000000000000e+00,1.808454501997378117e+01,-9.259374873541271755e-01,1.000000000000000000e+00,6.047744205332304546e+02,1.687068763913985947e+02
4.229999999999999538e+00,5.000000000000000000e+00,1.811536447092440483e+01,3.769235832329186575e+00,1.000000000000000000e+00,6.064615551191436680e+02,1.685743350969345613e+02
4.240000000000000213e+00,5.000000000000000000e+00,1.814196370707129802e+01,1.591951898773075857e+00,1.000000000000000000e+00,6.081493132237221744e+02,1.687755236147530979e+02
4.250000000000000000e+00,5.000000000000000000e+00,1.815950217333062611e+01,1.586218146334364754e+00,1.000000000000000000e+00,6.098273122001205593e+02,1.672041686526658850e+02
4.259999999999999787e+00,5.000000000000000000e+00,1.818922022915628744e+01,2.953782350645252297e+00,1.000000000000000000e+00,6.114978155170047103e+02,1.670011821518817214e+02
4.269999999999999574e+00,5.000000000000000000e+00,1.823693840435565505e+01,5.770857968769034230e+00,1.000000000000000000e+00,6.131593902466518102e+02,1.658908608375822382e+02
4.280000000000000249e+00,5.000000000000000000e+00,1.831149723904473703e+01,7.448831526285748517e+00,1.000000000000000000e+00,6.148180175030159944e+02,1.659929939808586994e+02
4.290000000000000036e+00,5.000000000000000000e+00,1.836408771403185369e+01,3.727096995783327760e+00,1.000000000000000000e+00,6.164758700231581088e+02,1.653900445271194428e+02
4.299999999999999822e+00,5.000000000000000000e+00,1.838543494579221260e+01,6.573843369602755393e-01,1.000000000000000000e+00,6.181282365909279406e+02,1.652323985795642329e+02
4.309999999999999609e+00,5.000000000000000000e+00,1.839106955351298112e+01,4.733930182556755351e-01,1.000000000000000000e+00,6.197765013584981943e+02,1.648961824339379518e+02
4.320000000000000284e+00,5.000000000000000000e+00,1.839090654143341297e+01,-2.290650603781494432e+00,1.000000000000000000e+00,6.214296184898743149e+02,1.657306937962257507e+02
4.330000000000000071e+00,5.000000000000000000e+00,1.834810268280870105e+01,-5.855456456955853817e+00,1.000000000000000000e+00,6.230816568758149288e+02,1.650506618749758445e+02
4.339999999999999858e+00,5.000000000000000000e+00,1.827745342002925355e+01,-8.270413137735129538e+00,1.000000000000000000e+00,6.247294550008828082e+02,1.645977449804722994e+02
4.349999999999999645e+00,5.000000000000000000e+00,1.819751500889870854e+01,-7.644899960262867111e+00,1.000000000000000000e+00,6.263749767349366948e+02,1.642226597848662664e+02
4.360000000000000320e+00,5.000000000000000000e+00,1.813910183076597349e+01,-4.582445933493726642e+00,1.000000000000000000e+00,6.280126365343506905e+02,1.637395149520119730e+02
4.370000000000000107e+00,5.000000000000000000e+00,1.812555416439482059e+01,-6.570623359693111842e-01,1.000000000000000000e+00,6.296465565311654018e+02,1.633802309590542450e+02
4.379999999999999893e+00,5.000000000000000000e+00,1.810911328270762510e+01,-2.111643243431551742e+00,1.000000000000000000e+00,6.312765635541348956e+02,1.627814381399506942e+02
4.389999999999999680e+00,5.000000000000000000e+00,1.810712829154673287e+01,7.136672053496221357e-01,1.000000000000000000e+00,6.329034543808138551e+02,1.622267355913731990e+02
4.399999999999999467e+00,5.000000000000000000e+00,1.813693879000521747e+01,4.488847380619225724e+00,1.000000000000000000e+00,6.345200766368133145e+02,1.614201340499985804e+02
4.410000000000000142e+00,5.000000000000000000e+00,1.822734692668368339e+01,1.071195913526697119e+01,1.000000000000000000e+00,6.361301224491546691e+02,1.610086313231874442e+02
4.419999999999999929e+00,5.000000000000000000e+00,1.833197754673695812e+01,1.020117891296691504e+01,1.000000000000000000e+00,6.377352474230924599e+02,1.603129280330974211e+02
4.429999999999999716e+00,5.000000000000000000e+00,1.843710768936409394e+01,9.254355302838114028e+00,1.000000000000000000e+00,6.393375638309871647e+02,1.600922338455116005e+02
4.439999999999999503e+00,5.000000000000000000e+00,1.851075695856834002e+01,5.939362162560190228e+00,1.000000000000000000e+00,6.409336430580436854e+02,1.594274716549720381e+02
4.450000000000000178e+00,5.000000000000000000e+00,1.856758595952834767e+01,5.188332412437914876e+00,1.000000000000000000e+00,6.425194222686550347e+02,1.592767760071554619e+02
4.459999999999999964e+00,5.000000000000000000e+00,1.862209012919042550e+01,5.307854263426246888e+00,1.000000000000000000e+00,6.441077599643920166e+02,1.587640771496026844e+02
4.469999999999999751e+00,5.000000000000000000e+00,1.864401300287501684e+01,-5.359060827761974455e-01,1.000000000000000000e+00,6.456963995825282154e+02,1.587931704754402915e+02
4.479999999999999538e+00,5.000000000000000000e+00,1.861021374702373521e+01,-5.779594240119694248e+00,1.000000000000000000e+00,6.472831044433395391e+02,1.585794866145016613e+02
4.490000000000000213e+00,5.000000000000000000e+00,1.851672389766593696e+01,-1.272477498308716903e+01,1.000000000000000000e+00,6.488750071739157192e+02,1.594164165603917525e+02
4.500000000000000000e+00,5.000000000000000000e+00,1.835795637904852384e+01,-1.793221912672274954e+01,1.000000000000000000e+00,6.504615739231156795e+02,1.590096657824402939e+02
4.509999999999999787e+00,5.000000000000000000e+00,1.817036536997396468e+01,-1.921958023065681331e+01,1.000000000000000000e+00,6.520466149731082623e+02,1.581685418674777566e+02
4.519999999999999574e+00,5.000000000000000000e+00,1.799701727698359122e+01,-1.612322368692294106e+01,1.000000000000000000e+00,6.536182434983959411e+02,1.564793548052042524e+02
4.530000000000000249e+00,5.000000000000000000e+00,1.786874940745484253e+01,-1.051050229606503095e+01,1.000000000000000000e+00,6.551793380880092172e+02,1.556821826092452170e+02
4.540000000000000036e+00,5.000000000000000000e+00,1.783663486924724495e+01,1.389967458471772055e+00,1.000000000000000000e+00,6.567342051284075524e+02,1.555269797620310612e+02
4.549999999999999822e+00,5.000000000000000000e+00,1.792700291791653555e+01,1.284256984964412851e+01,1.000000000000000000e+00,6.582802078832512507e+02,1.561477487861480995e+02
4.559999999999999609e+00,5.000000000000000000e+00,1.804574738052538052e+01,1.080392409440894319e+01,1.000000000000000000e+00,6.598372905872109868e+02,1.555759466258140549e+02
4.570000000000000284e+00,5.000000000000000000e+00,1.814574194038479504e+01,9.204332193565804232e+00,1.000000000000000000e+00,6.613919687723480365e+02,1.550507788034863665e+02
4.580000000000000071e+00,5.000000000000000000e+00,1.824079900398762888e+01,9.508603148831911156e+00,1.000000000000000000e+00,6.629378592770702880e+02,1.545143083594506379e+02
4.589999999999999858e+00,5.000000000000000000e+00,1.834167256178101724e+01,1.015104850547907134e+01,1.000000000000000000e+00,6.644865477026556846e+02,1.546217225401751421e+02
4.599999999999999645e+00,5.000000000000000000e+00,1.843020386500377583e+01,7.295686467114717466e+00,1.000000000000000000e+00,6.660116482504701025e+02,1.538090426886793125e+02
4.610000000000000320e+00,5.000000000000000000e+00,1.849640502051380508e+01,5.690980312449414491e+00,1.000000000000000000e+00,6.675433570925432605e+02,1.542201246849798224e+02
4.620000000000000107e+00,5.000000000000000000e+00,1.855621287710281919e+01,6.088631605729449170e+00,1.000000000000000000e+00,6.690791152233882713e+02,1.533313587976952590e+02
4.629999999999999893e+00,5.000000000000000000e+00,1.861553808763036955e+01,4.226999879317598463e+00,1.000000000000000000e+00,6.706079722282889861e+02,1.525691883760715370e+02
4.639999999999999680e+00,5.000000000000000000e+00,1.863756019996518987e+01,4.708423337347748538e-01,1.000000000000000000e+00,6.721312669591255826e+02,1.522870381780852540e+02
4.649999999999999467e+00,5.000000000000000000e+00,1.861772108982734508e+01,-3.939720066882809846e+00,1.000000000000000000e+00,6.736542833850750185e+02,1.518939879104710826e+02
4.660000000000000142e+00,5.000000000000000000e+00,1.856896180688444176e+01,-6.053412485626238571e+00,1.000000000000000000e+00,6.751734004932969810e+02,1.521530061709755444e+02
4.669999999999999929e+00,5.000000000000000000e+00,1.847610929444476824e+01,-1.149689250119385520e+01,1.000000000000000000e+00,6.766893267051440262e+02,1.517514149018740852e+02
4.679999999999999716e+00,5.000000000000000000e+00,1.836538417995371475e+01,-1.126719046420356563e+01,1.000000000000000000e+00,6.782040599791920386e+02,1.516844277221205743e+02
4.689999999999999503e+00,5.000000000000000000e+00,1.826381275602176402e+01,-9.823772568690952056e+00,1.000000000000000000e+00,6.797176263960350298e+02,1.509886920392738432e+02
4.700000000000000178e+00,5.000000000000000000e+00,1.818281982644380790e+01,-7.735645514556761526e+00,1.000000000000000000e+00,6.812274565193920353e+02,1.508945118433266543e+02
4.709999999999999964e+00,5.000000000000000000e+00,1.810745848536638292e+01,-8.118554914642002629e+00,1.000000000000000000e+00,6.827320429782255360e+02,1.500001541833740362e+02
4.719999999999999751e+00,5.000000000000000000e+00,1.803718091294089376e+01,-6.146836000889679852e+00,1.000000000000000000e+00,6.842341910774139251e+02,1.506105892874309973e+02
4.729999999999999538e+00,5.000000000000000000e+00,1.800900647597741511e+01,-6.783856527567713179e-01,1.000000000000000000e+00,6.857415366310059426e+02,1.506979328252415087e+02
4.740000000000000213e+00,5.000000000000000000e+00,1.801124350509635619e+01,2.183832451887215698e-01,1.000000000000000000e+00,6.872435298856200916e+02,1.503500403848427425e+02
4.750000000000000000e+00,5.000000000000000000e+00,1.803263694571340281e+01,2.435852508844661646e+00,1.000000000000000000e+00,6.887269600586145089e+02,1.487395580694199282e+02
4.759999999999999787e+00,5.000000000000000000e+00,1.807781999760056735e+01,4.163892520053573243e+00,1.000000000000000000e+00,6.902144301291174315e+02,1.487270576646918698e+02
4.769999999999999574e+00,5.000000000000000000e+00,1.811726182740108726e+01,3.536646302202727465e+00,1.000000000000000000e+00,6.916974230327168698e+02,1.476980057372777537e+02
4.780000000000000249e+00,5.000000000000000000e+00,1.816191152236063999e+01,4.874660791090039247e+00,1.000000000000000000e+00,6.931755680367225523e+02,1.480080165675267097e+02
4.790000000000000036e+00,5.000000000000000000e+00,1.823126896469778302e+01,7.169191258203741590e+00,1.000000000000000000e+00,6.946531866377645201e+02,1.475734662000113246e+02
4.799999999999999822e+00,5.000000000000000000e+00,1.829009989275704484e+01,5.111180306140552076e+00,1.000000000000000000e+00,6.961061495984523617e+02,1.437736018015208401e+02
4.809999999999999609e+00,5.000000000000000000e+00,1.834045425165536614e+01,4.658500623489466363e+00,1.000000000000000000e+00,6.975845877709066372e+02,1.477600917187413927e+02
4.820000000000000284e+00,5.000000000000000000e+00,1.839381613830125062e+01,5.209814849484336818e+00,1.000000000000000000e+00,6.990419632168268436e+02,1.468468878095062280e+02
4.830000000000000071e+00,5.000000000000000000e+00,1.845424029751032791e+01,6.183232552014485961e+00,1.000000000000000000e+00,7.005072026932787139e+02,1.458381107901283542e+02
4.839999999999999858e+00,5.000000000000000000e+00,1.850500775802791509e+01,1.884278239695904134e+00,1.000000000000000000e+00,7.019650253048994273e+02,1.463898500774863578e+02
4.849999999999999645e+00,5.000000000000000000e+00,1.848967371515380265e+01,-4.039377731617799228e+00,1.000000000000000000e+00,7.034301768097039940e+02,1.462028672087551797e+02
4.860000000000000320e+00,5.000000000000000000e+00,1.844030003114668759e+01,-5.792489841233686043e+00,1.000000000000000000e+00,7.048901042919284237e+02,1.459534113074020070e+02
4.870000000000000107e+00,5.000000000000000000e+00,1.839004184519431817e+01,-4.991553293183025986e+00,1.000000000000000000e+00,7.063457271618015056e+02,1.448064972408957942e+02
4.879999999999999893e+00,5.000000000000000000e+00,1.835229076956172989e+01,-3.767390451342693236e+00,1.000000000000000000e+00,7.077730241855888380e+02,1.441625123615045254e+02
4.889999999999999680e+00,5.000000000000000000e+00,1.833111472376015882e+01,-1.522235033845640739e+00,1.000000000000000000e+00,7.092152979292748114e+02,1.437476511843323408e+02
4.899999999999999467e+00,5.000000000000000000e+00,1.832801006671972033e+01,-1.542813277660860072e+00,1.000000000000000000e+00,7.106411430456547578e+02,1.442494170840320464e+02
4.910000000000000142e+00,5.000000000000000000e+00,1.827908308622100009e+01,-7.415549466866663941e+00,1.000000000000000000e+00,7.120908181959138119e+02,1.447532108368569936e+02
4.919999999999999929e+00,5.000000000000000000e+00,1.817631483527755876e+01,-1.219295876629140274e+01,1.000000000000000000e+00,7.135356404594857622e+02,1.445453015843158084e+02
4.929999999999999716e+00,5.000000000000000000e+00,1.806362568133548763e+01,-1.115819807558177956e+01,1.000000000000000000e+00,7.149783865479764700e+02,1.436986326463515695e+02
4.939999999999999503e+00,5.000000000000000000e+00,1.798666118301758132e+01,-6.543642793829987703e+00,1.000000000000000000e+00,7.164009591547102218e+02,1.437125190995085404e+02
4.950000000000000178e+00,5.000000000000000000e+00,1.796155316757612042e+01,-8.052818771100977990e-04,1.000000000000000000e+00,7.178351876271950687e+02,1.428446096643992291e+02
4.959999999999999964e+00,5.000000000000000000e+00,1.801110292207537711e+01,5.716795169663507536e+00,1.000000000000000000e+00,7.192620253528185685e+02,1.427735741638940397e+02
4.969999999999999751e+00,5.000000000000000000e+00,1.806763439847168939e+01,5.951552077168713595e+00,1.000000000000000000e+00,7.206650281648559258e+02,1.380364891886774501e+02
4.979999999999999538e+00,5.000000000000000000e+00,1.813489133159295008e+01,6.490148047976679102e+00,1.000000000000000000e+00,7.220781607578956027e+02,1.430594517759851385e+02
4.990000000000000213e+00,5.000000000000000000e+00,1.822286704605786767e+01,9.880709976318257759e+00,1.000000000000000000e+00,7.234934026442181221e+02,1.407294752672312086e+02
5.000000000000000000e+00,5.000000000000000000e+00,1.834130158304423830e+01,1.244685738923286600e+01,1.000000000000000000e+00,7.248951816048504497e+02,1.400504050727774654e+02
5.009999999999999787e+00,5.000000000000000000e+00,1.844135180033912746e+01,7.122021092637707440e+00,1.000000000000000000e+00,7.262914241858038622e+02,1.397018599058463622e+02
5.019999999999999574e+00,5.000000000000000000e+00,1.848589604248846996e+01,2.171093549212507856e+00,1.000000000000000000e+00,7.276888992481275409e+02,1.400015560899574893e+02
5.030000000000000249e+00,5.000000000000000000e+00,1.849534602379869597e+01,-4.687842256992434398e-01,1.000000000000000000e+00,7.290936492059929606e+02,1.401862076263245740e+02
5.040000000000000036e+00,5.000000000000000000e+00,1.848461851137373202e+01,-2.729038924410488232e+00,1.000000000000000000e+00,7.304796052072733801e+02,1.393801693517276021e+02
5.049999999999999822e+00,5.000000000000000000e+00,1.844662908975018567e+01,-4.756701437329454940e+00,1.000000000000000000e+00,7.318748910500171405e+02,1.389336180633036690e+02
5.059999999999999609e+00,5.000000000000000000e+00,1.841756438844882027e+01,-2.289602259227183190e+00,1.000000000000000000e+00,7.332316877681085998e+02,1.338952566880013251e+02
5.070000000000000284e+00,5.000000000000000000e+00,1.840981455483689899e+01,-1.579125265416981172e+00,1.000000000000000000e+00,7.346082350010901791e+02,1.399818284670545836e+02
5.080000000000000071e+00,5.000000000000000000e+00,1.837630946683787414e+01,-4.955565068029883946e+00,1.000000000000000000e+00,7.359864603418888009e+02,1.378713451788448481e+02
5.089999999999999858e+00,5.000000000000000000e+00,1.831793767369225989e+01,-6.995164641454419296e+00,1.000000000000000000e+00,7.373681813009949337e+02,1.376777132701554649e+02
5.099999999999999645e+00,5.000000000000000000e+00,1.824207060731074037e+01,-8.569394523186876000e+00,1.000000000000000000e+00,7.387360587404225498e+02,1.364855086403981943e+02
5.110000000000000320e+00,5.000000000000000000e+00,1.816474075285671930e+01,-7.568527974937771852e+00,1.000000000000000000e+00,7.401035451538697316e+02,1.364942338515251379e+02
5.120000000000000107e+00,5.000000000000000000e+00,1.811781062124894603e+01,-2.988352255299677740e+00,1.000000000000000000e+00,7.414395163763925893e+02,1.321139678403637561e+02
5.129999999999999893e+00,5.000000000000000000e+00,1.811377733513731059e+01,-1.141295215470401914e+00,1.000000000000000000e+00,7.427996654090910624e+02,1.379640309666812357e+02
5.139999999999999680e+00,5.000000000000000000e+00,1.810522232794544450e+01,-1.321661972553312081e+00,1.000000000000000000e+00,7.441613202638269513e+02,1.367796849213454493e+02
5.149999999999999467e+00,5.000000000000000000e+00,1.811246688093206103e+01,1.230831514978238506e+00,1.000000000000000000e+00,7.455173442566574522e+02,1.362436940864552071e+02
5.160000000000000142e+00,5.000000000000000000e+00,1.816596535500307752e+01,7.487496216121197534e+00,1.000000000000000000e+00,7.468775387114278601e+02,1.357891315265658250e+02
5.169999999999999929e+00,5.000000000000000000e+00,1.827261810327871672e+01,1.133264610474936873e+01,1.000000000000000000e+00,7.482398521800128037e+02,1.359614507057585229e+02
5.179999999999999716e+00,5.000000000000000000e+00,1.838585485734559199e+01,9.351005122172843187e+00,1.000000000000000000e+00,7.495892451216542440e+02,1.349671554209375302e+02
5.189999999999999503e+00,5.000000000000000000e+00,1.846190325168988267e+01,6.286614029124821812e+00,1.000000000000000000e+00,7.509188464613112046e+02,1.309612495577304117e+02
5.200000000000000178e+00,5.000000000000000000e+00,1.850727928250914545e+01,3.185246464834821989e+00,1.000000000000000000e+00,7.522660652204363032e+02,1.348879824755610173e+02
5.209999999999999964e+00,5.000000000000000000e+00,1.852559155372781774e+01,8.781999344340796210e-01,1.000000000000000000e+00,7.536156627893999485e+02,1.343141643410972108e+02
5.219999999999999751e+00,5.000000000000000000e+00,1.853298623588636929e+01,8.734407337125872639e-02,1.000000000000000000e+00,7.549483497930442581e+02,1.329837475009671834e+02
5.229999999999999538e+00,5.000000000000000000e+00,1.852006106392270723e+01,-3.967927550761199296e+00,1.000000000000000000e+00,7.562843970992635150e+02,1.333182655621858999e+02
5.240000000000000213e+00,5.000000000000000000e+00,1.846888851839391421e+01,-5.856815151519934481e+00,1.000000000000000000e+00,7.575857888254848831e+02,1.284051244541553842e+02
5.250000000000000000e+00,5.000000000000000000e+00,1.841839129053645507e+01,-4.570883798844096013e+00,1.000000000000000000e+00,7.589019328110583729e+02,1.307050134537255985e+02
5.259999999999999787e+00,5.000000000000000000e+00,1.838099859456482932e+01,-2.736428789390288330e+00,1.000000000000000000e+00,7.602243831601151669e+02,1.332781983083067985e+02
5.269999999999999574e+00,5.000000000000000000e+00,1.836446178185900280e+01,-1.509396304047170734e+00,1.000000000000000000e+00,7.615666521906467779e+02,1.339555896417629413e+02
5.280000000000000249e+00,5.000000000000000000e+00,1.834545693454319704e+01,-2.584541411063397742e+00,1.000000000000000000e+00,7.628936539870318256e+02,1.322724395645111031e+02
5.290000000000000036e+00,5.000000000000000000e+00,1.831827434865271087e+01,-2.913598807950385616e+00,1.000000000000000000e+00,7.642164159587974837e+02,1.317262382013193758e+02
5.299999999999999822e+00,5.000000000000000000e+00,1.831251582722915572e+01,6.117602674115886208e-01,1.000000000000000000e+00,7.655034927804313156e+02,1.270307297320245823e+02
5.309999999999999609e+00,5.000000000000000000e+00,1.831200015426634664e+01,-2.751042511798545309e+00,1.000000000000000000e+00,7.668099872882033878e+02,1.326840105293428849e+02
5.320000000000000284e+00,5.000000000000000000e+00,1.826863223270975922e+01,-6.023081802561599751e+00,1.000000000000000000e+00,7.681197981970243518e+02,1.310428835979987809e+02
5.330000000000000071e+00,5.000000000000000000e+00,1.819652845398773877e+01,-8.446963222325306830e+00,1.000000000000000000e+00,7.694317363740997280e+02,1.312092949685410588e+02
5.339999999999999858e+00,5.000000000000000000e+00,1.812435521935440974e+01,-7.284257874898453444e+00,1.000000000000000000e+00,7.707431294932994206e+02,1.316289501682086893e+02
5.349999999999999645e+00,5.000000000000000000e+00,1.806983326852579452e+01,-4.271797999817856351e+00,1.000000000000000000e+00,7.720444349390082834e+02,1.287905214565489302e+02
5.360000000000000320e+00,5.000000000000000000e+00,1.806327473247381477e+01,5.446555715996945768e-01,1.000000000000000000e+00,7.733352804281859108e+02,1.287269914920049132e+02
5.370000000000000107e+00,5.000000000000000000e+00,1.808383913926439135e+01,2.904408386036559264e+00,1.000000000000000000e+00,7.746552651670535852e+02,1.317833597147063074e+02
5.379999999999999893e+00,5.000000000000000000e+00,1.814754100692643846e+01,8.440811685440309020e+00,1.000000000000000000e+00,7.759585371525009805e+02,1.296924727765641592e+02
5.389999999999999680e+00,5.000000000000000000e+00,1.826640472643135027e+01,1.364868931274545183e+01,1.000000000000000000e+00,7.772536421523857371e+02,1.291098316955462053e+02
5.399999999999999467e+00,5.000000000000000000e+00,1.840740637952934122e+01,1.270389416302231389e+01,1.000000000000000000e+00,7.785401242583244539e+02,1.288659892471926867e+02
5.410000000000000142e+00,5.000000000000000000e+00,1.850377477906571855e+01,6.860768779760251235e+00,1.000000000000000000e+00,7.798353445392240246e+02,1.292620049764234409e+02
5.419999999999999929e+00,5.000000000000000000e+00,1.856527837031840278e+01,5.246754104256097229e+00,1.000000000000000000e+00,7.810969709390108164e+02,1.248629766450343226e+02
5.429999999999999716e+00,5.000000000000000000e+00,1.860125312525859798e+01,1.265194607431932461e+00,1.000000000000000000e+00,7.823854831890423611e+02,1.307650881907854341e+02
5.439999999999999503e+00,5.000000000000000000e+00,1.859954612415198483e+01,-1.923101679072284798e+00,1.000000000000000000e+00,7.836697307139836539e+02,1.293091553379036327e+02
5.450000000000000178e+00,5.000000000000000000e+00,1.856164043127243701e+01,-5.252184673153526440e+00,1.000000000000000000e+00,7.849669851638103637e+02,1.290405863072223838e+02
5.459999999999999964e+00,5.000000000000000000e+00,1.850167492829679716e+01,-7.922732363432452907e+00,1.000000000000000000e+00,7.862526149748656508e+02,1.288223016124311187e+02
5.469999999999999751e+00,5.000000000000000000e+00,1.840476018826699445e+01,-1.122604398192202879e+01,1.000000000000000000e+00,7.875471154291717539e+02,1.287688731872940764e+02
5.479999999999999538e+00,5.000000000000000000e+00,1.830776573641637839e+01,-8.673425563362890500e+00,1.000000000000000000e+00,7.888022059715839305e+02,1.239452553329547584e+02
5.490000000000000213e+00,5.000000000000000000e+00,1.824907143232071860e+01,-3.543451450855904294e+00,1.000000000000000000e+00,7.900699380963421845e+02,1.247973688180814378e+02
5.500000000000000000e+00,5.000000000000000000e+00,1.826531092158613490e+01,4.491018568196359695e+00,1.000000000000000000e+00,7.913430272097552916e+02,1.304665746734082177e+02
5.509999999999999787e+00,5.000000000000000000e+00,1.834774619843062027e+01,9.199689472279487745e+00,1.000000000000000000e+00,7.926288490583823432e+02,1.293499087176114415e+02
5.519999999999999574e+00,5.000000000000000000e+00,1.843788147679306633e+01,7.135827930711766243e+00,1.000000000000000000e+00,7.939204172989612971e+02,1.290217024856722219e+02
5.530000000000000249e+00,5.000000000000000000e+00,1.848642701293137947e+01,2.867618995615709654e+00,1.000000000000000000e+00,7.952107398141640715e+02,1.282826671010168695e+02
5.540000000000000036e+00,5.000000000000000000e+00,1.850156294752552810e+01,-9.985320071279825127e-01,1.000000000000000000e+00,7.964907768273295687e+02,1.282461950029540674e+02
5.549999999999999822e+00,5.000000000000000000e+00,1.847354443839837757e+01,-4.873615044697732657e+00,1.000000000000000000e+00,7.977532474258875936e+02,1.269218635633371690e+02
5.559999999999999609e+00,5.000000000000000000e+00,1.843742671299706970e+01,-3.038369015343791446e+00,1.000000000000000000e+00,7.989997889656883672e+02,1.234812509282669168e+02
5.570000000000000284e+00,5.000000000000000000e+00,1.842328073411733058e+01,-9.602589626375138687e-01,1.000000000000000000e+00,8.002686584485521735e+02,1.283562618023910034e+02
5.580000000000000071e+00,5.000000000000000000e+00,1.844120281094393832e+01,2.097271477471679191e+00,1.000000000000000000e+00,8.015478892284224912e+02,1.278968713213322559e+02
5.589999999999999858e+00,5.000000000000000000e+00,1.847271453414062847e+01,2.163332369609474615e+00,1.000000000000000000e+00,8.028196899632162058e+02,1.266113590903272552e+02
5.599999999999999645e+00,5.000000000000000000e+00,1.847946972372506735e+01,-8.959668885291695029e-01,1.000000000000000000e+00,8.040887811253475093e+02,1.268591083121782361e+02
5.610000000000000320e+00,5.000000000000000000e+00,1.845960817496979800e+01,-3.233472009577969430e+00,1.000000000000000000e+00,8.053563274408936650e+02,1.261454582423785666e+02
5.620000000000000107e+00,5.000000000000000000e+00,1.841882249665222204e+01,-5.275079680292345863e+00,1.000000000000000000e+00,8.066180474262802136e+02,1.264276997097534689e+02
5.629999999999999893e+00,5.000000000000000000e+00,1.835834373234967742e+01,-7.059710391382094663e+00,1.000000000000000000e+00,8.078666103322364052e+02,1.229255747044593079e+02
5.639999999999999680e+00,5.000000000000000000e+00,1.829759751060314343e+01,-4.637997997600005640e+00,1.000000000000000000e+00,8.090799439178508692e+02,1.225810138179295592e+02
5.649999999999999467e+00,5.000000000000000000e+00,1.828397316662413985e+01,-5.136972616124706181e-02,1.000000000000000000e+00,8.103391386119398021e+02,1.271876267558299105e+02
5.660000000000000142e+00,5.000000000000000000e+00,1.832902618599173650e+01,7.176242850192014799e+00,1.000000000000000000e+00,8.115841653262338014e+02,1.228895236169097274e+02
5.669999999999999929e+00,5.000000000000000000e+00,1.842006224429285410e+01,8.475348786694384629e+00,1.000000000000000000e+00,8.128511030308624186e+02,1.265909282437499570e+02
5.679999999999999716e+00,5.000000000000000000e+00,1.849516758063436228e+01,6.555141841739990483e+00,1.000000000000000000e+00,8.141140825914815196e+02,1.260104855954866423e+02
5.689999999999999503e+00,5.000000000000000000e+00,1.855761604775688767e+01,4.551834904098792656e+00,0.000000000000000000e+00,8.153721093390219039e+02,1.251993369521784700e+02
5.700000000000000178e+00,5.000000000000000000e+00,1.856133613296551133e+01,-2.817263897260928296e+00,1.000000000000000000e+00,8.166200875073532188e+02,1.250927475032772804e+02
5.709999999999999964e+00,5.000000000000000000e+00,1.851973638593669946e+01,-5.244622805394903331e+00,1.000000000000000000e+00,8.178341422321684604e+02,1.193994362782633942e+02
5.719999999999999751e+00,5.000000000000000000e+00,1.846476492722807805e+01,-6.405630411391903145e+00,1.000000000000000000e+00,8.190793709124998259e+02,1.266909157246622897e+02
5.729999999999999538e+00,5.000000000000000000e+00,1.844165585560783072e+01,-1.261149525222209078e-02,1.000000000000000000e+00,8.202941619307530345e+02,1.209469073241244246e+02
5.740000000000000213e+00,5.000000000000000000e+00,1.847778530364382732e+01,3.709126954810318288e+00,1.000000000000000000e+00,8.215230838868501451e+02,1.220185552784946736e+02
5.750000000000000000e+00,5.000000000000000000e+00,1.853849588945708149e+01,4.425679083964416449e+00,1.000000000000000000e+00,8.227798599581374219e+02,1.226512008760540340e+02
5.759999999999999787e+00,5.000000000000000000e+00,1.854276220013058207e+01,-2.081358718082264136e+00,1.000000000000000000e+00,8.240233402653750545e+02,1.254622872107107696e+02
5.769999999999999574e+00,5.000000000000000000e+00,1.850851979002053227e+01,-3.759828882325107369e+00,1.000000000000000000e+00,8.252816495550453055e+02,1.285393491558031371e+02
5.780000000000000249e+00,5.000000000000000000e+00,1.846827725616291005e+01,-3.912855976853061968e+00,1.000000000000000000e+00,8.265221040137962518e+02,1.237369396868598983e+02
5.790000000000000036e+00,5.000000000000000000e+00,1.844619190321954250e+01,-2.137048358793969260e+00,1.000000000000000000e+00,8.277774989867863269e+02,1.271942775552774805e+02
5.799999999999999822e+00,5.000000000000000000e+00,1.841361122738812028e+01,-3.603002307176115249e+00,1.000000000000000000e+00,8.289732749023067981e+02,1.175345085401352776e+02
5.809999999999999609e+00,5.000000000000000000e+00,1.838925868738014557e+01,-2.944614139969229161e+00,1.000000000000000000e+00,8.301949244684111591e+02,1.231749958547199526e+02
5.820000000000000284e+00,5.000000000000000000e+00,1.838010104892400420e+01,-1.391595501119389233e+00,0.000000000000000000e+00,8.313984527130154447e+02,1.183929434103503411e+02
5.830000000000000071e+00,5.000000000000000000e+00,1.833110215620282446e+01,-6.736137599232032258e+00,1.000000000000000000e+00,8.326175898722012789e+02,1.199135579928905884e+02
5.839999999999999858e+00,5.000000000000000000e+00,1.823571889637796417e+01,-1.101174013808368102e+01,1.000000000000000000e+00,8.338278934083936065e+02,1.237150960795425902e+02
5.849999999999999645e+00,5.000000000000000000e+00,1.814914502414800168e+01,-7.146515957377571837e+00,1.000000000000000000e+00,8.350698586239332144e+02,1.272103804530691207e+02
5.860000000000000320e+00,5.000000000000000000e+00,1.810224314593658690e+01,-2.557536930724972457e+00,1.000000000000000000e+00,8.362931966074054344e+02,1.223257144696006549e+02
5.870000000000000107e+00,5.000000000000000000e+00,1.812435867702846792e+01,3.800706151627535778e+00,1.000000000000000000e+00,8.375266145621307032e+02,1.234630786367034005e+02
5.879999999999999893e+00,5.000000000000000000e+00,1.818421115717681502e+01,6.703478830006837086e+00,1.000000000000000000e+00,8.387242173666386407e+02,1.183159385661268175e+02
5.889999999999999680e+00,5.000000000000000000e+00,1.823232280082785550e+01,2.362227072740662237e+00,1.000000000000000000e+00,8.399597397800088174e+02,1.258098000777590215e+02
5.899999999999999467e+00,5.000000000000000000e+00,1.824875878090825410e+01,6.493129806127890813e-01,1.000000000000000000e+00,8.411761498019661758e+02,1.197975729374350919e+02
5.910000000000000142e+00,5.000000000000000000e+00,1.823786511332318483e+01,-2.226778806203803640e+00,1.000000000000000000e+00,8.424237738489464391e+02,1.246831267390429616e+02
5.919999999999999929e+00,5.000000000000000000e+00,1.823329759918517112e+01,7.479193999506144053e-01,1.000000000000000000e+00,8.436297177246540286e+02,1.185225117654843814e+02
5.929999999999999716e+00,5.000000000000000000e+00,1.826335738711946632e+01,2.957796774039414434e+00,1.000000000000000000e+00,8.448465561333259757e+02,1.229833089663648025e+02
5.939999999999999503e+00,5.000000000000000000e+00,1.831985204026470626e+01,6.879245040586437376e+00,1.000000000000000000e+00,8.460410052175074043e+02,1.172749304193228141e+02
5.950000000000000178e+00,5.000000000000000000e+00,1.839537270662928847e+01,6.974624854807788488e+00,1.000000000000000000e+00,8.472505608801743620e+02,1.210458002027548901e+02
5.959999999999999964e+00,5.000000000000000000e+00,1.843014128500182736e+01,4.025481443384812397e-01,1.000000000000000000e+00,8.484234904860559254e+02,1.147940513045009965e+02
5.969999999999999751e+00,5.000000000000000000e+00,1.840275493549329155e+01,-5.765909920248544651e+00,1.000000000000000000e+00,8.496291172813083676e+02,1.221105592517248937e+02
5.979999999999999538e+00,5.000000000000000000e+00,1.834017736056352277e+01,-6.243185858987211567e+00,1.000000000000000000e+00,8.507898923142274725e+02,1.120333331078426937e+02
5.990000000000000213e+00,5.000000000000000000e+00,1.830046586284256094e+01,-3.675218533970557644e+00,1.000000000000000000e+00,8.520034813805661997e+02,1.230358438744593457e+02
6.000000000000000000e+00,5.000000000000000000e+00,1.830578564481864490e+01,2.781389398626824772e+00,1.000000000000000000e+00,8.531854279035172794e+02,1.163855480611367170e+02
6.009999999999999787e+00,5.000000000000000000e+00,1.837315074390452807e+01,7.308996935255761329e+00,1.000000000000000000e+00,8.544026206372819843e+02,1.212462766459011476e+02
6.019999999999999574e+00,5.000000000000000000e+00,1.846889755360637153e+01,9.035409825519574056e+00,1.000000000000000000e+00,8.556064615078801125e+02,1.196432187840518253e+02
6.030000000000000249e+00,5.000000000000000000e+00,1.854413168035583936e+01,5.828475688621240103e+00,1.000000000000000000e+00,8.567779446375365069e+02,1.156859067614347794e+02
6.040000000000000036e+00,5.000000000000000000e+00,1.858574359762916117e+01,2.746038001974560938e+00,1.000000000000000000e+00,8.579811199568556503e+02,1.237476893941434213e+02
6.049999999999999822e+00,5.000000000000000000e+00,1.860000419552183004e+01,1.007166745498646820e+00,1.000000000000000000e+00,8.591712115819556175e+02,1.162944420963060850e+02
6.059999999999999609e+00,5.000000000000000000e+00,1.859900971415773085e+01,-1.630109639011005696e+00,1.000000000000000000e+00,8.603393925314876469e+02,1.139294162743231169e+02
6.070000000000000284e+00,5.000000000000000000e+00,1.859114287827911483e+01,-1.061782326899850526e+00,1.000000000000000000e+00,8.615527031540131020e+02,1.209682789455784189e+02
6.080000000000000071e+00,5.000000000000000000e+00,1.857507392487629971e+01,-4.677045265225258319e+00,1.000000000000000000e+00,8.627223880037423669e+02,1.134188381675931794e+02
6.089999999999999858e+00,5.000000000000000000e+00,1.849316978546117340e+01,-1.158863609224509261e+01,1.000000000000000000e+00,8.639300922307938890e+02,1.203527587428988141e+02
6.099999999999999645e+00,5.000000000000000000e+00,1.835566151268581336e+01,-1.404109021675512636e+01,1.000000000000000000e+00,8.650637517596907173e+02,1.099668958448812788e+02
6.110000000000000320e+00,5.000000000000000000e+00,1.820432751376315039e+01,-1.643598873241723624e+01,1.000000000000000000e+00,8.662516788921313946e+02,1.219826113455020788e+02
6.120000000000000107e+00,5.000000000000000000e+00,1.809338609772742501e+01,-7.486317015773091832e+00,1.000000000000000000e+00,8.673968942941914975e+02,1.122882816718567796e+02
6.129999999999999893e+00,5.000000000000000000e+00,1.809863637227039845e+01,3.972261512461539024e+00,1.000000000000000000e+00,8.685784276676151876e+02,1.195002436711304341e+02
6.139999999999999680e+00,5.000000000000000000e+00,1.822253864973341919e+01,1.564064492507298354e+01,1.000000000000000000e+00,8.697323578217741442e+02,1.121399196155873312e+02
6.150000000000000355e+00,5.000000000000000000e+00,1.839169044561751676e+01,1.354632538511164697e+01,1.000000000000000000e+00,8.709125306566761537e+02,1.202273521846912985e+02
6.160000000000000142e+00,5.000000000000000000e+00,1.851094094224401942e+01,1.124469912175943165e+01,1.000000000000000000e+00,8.720645404531545637e+02,1.102668068027400778e+02
6.169999999999999929e+00,5.000000000000000000e+00,1.860493418629316409e+01,5.599178816825818750e+00,1.000000000000000000e+00,8.732504280787433117e+02,1.220606898629540638e+02
6.179999999999999716e+00,5.000000000000000000e+00,1.867810803252087126e+01,8.759586512089574839e+00,1.000000000000000000e+00,8.743947823303699352e+02,1.096148077577361306e+02
6.189999999999999503e+00,5.000000000000000000e+00,1.875533181033173946e+01,4.588314915611863221e+00,1.000000000000000000e+00,8.755594629356484120e+02,1.201768734702467896e+02
6.200000000000000178e+00,5.000000000000000000e+00,1.877107048264112521e+01,2.384433986957643192e+00,1.000000000000000000e+00,8.766828332691391097e+02,1.114764182482471000e+02
6.209999999999999964e+00,5.000000000000000000e+00,1.872105574947937967e+01,-9.023837707067599467e+00,1.000000000000000000e+00,8.778582520004670187e+02,1.236487570375056606e+02
6.219999999999999751e+00,5.000000000000000000e+00,1.863753153259093409e+01,-5.179915671418393153e+00,1.000000000000000000e+00,8.789732499759722941e+02,1.089920469231256561e+02
6.229999999999999538e+00,5.000000000000000000e+00,1.852609752196916659e+01,-1.424846258734964799e+01,1.000000000000000000e+00,8.801483784930153433e+02,1.221425291183295201e+02
6.240000000000000213e+00,5.000000000000000000e+00,1.841918996136852726e+01,-5.545430773033613647e+00,1.000000000000000000e+00,8.812365324117282626e+02,1.084871975088183405e+02
6.250000000000000000e+00,5.000000000000000000e+00,1.830723944786582180e+01,-1.500232091635340126e+01,1.000000000000000000e+00,8.823940406579703222e+02,1.208834728971746699e+02
6.259999999999999787e+00,5.000000000000000000e+00,1.822492325502929944e+01,-1.986876663572126223e+00,1.000000000000000000e+00,8.834572178914216920e+02,1.015682634629272627e+02
6.269999999999999574e+00,5.000000000000000000e+00,1.820977497846373794e+01,-2.774628000270963568e+00,1.000000000000000000e+00,8.845942680417339261e+02,1.203896424847253428e+02
6.280000000000000249e+00,5.000000000000000000e+00,1.828571307716611472e+01,1.360808802481610691e+01,1.000000000000000000e+00,8.856639135868451831e+02,9.994251748575331362e+01
6.290000000000000036e+00,5.000000000000000000e+00,1.839618531429548298e+01,5.943018963347820538e+00,1.000000000000000000e+00,8.868076813297683429e+02,1.208968402693880790e+02
6.299999999999999822e+00,5.000000000000000000e+00,1.848124926760142017e+01,1.019857558912144313e+01,1.000000000000000000e+00,8.878852246539900079e+02,1.054527997732769506e+02
6.309999999999999609e+00,5.000000000000000000e+00,1.854809462613492954e+01,2.313983956736361147e+00,1.000000000000000000e+00,8.890308275700539298e+02,1.159729773713878132e+02
6.320000000000000284e+00,5.000000000000000000e+00,1.858193971867169125e+01,4.363176949655146686e+00,1.000000000000000000e+00,8.900825248429924841e+02,1.022439536537635973e+02
6.330000000000000071e+00,5.000000000000000000e+00,1.856256041748290997e+01,-5.924925227375861247e+00,1.000000000000000000e+00,8.911881180251839396e+02,1.149026915937358666e+02
6.339999999999999858e+00,5.000000000000000000e+00,1.851336091899015912e+01,-2.053896906282420609e+00,1.000000000000000000e+00,8.922474367191915690e+02,1.033497587160001814e+02
6.349999999999999645e+00,5.000000000000000000e+00,1.844464473029096041e+01,-1.044847950258338187e+01,1.000000000000000000e+00,8.933664292082005431e+02,1.145301695677891161e+02
6.360000000000000320e+00,5.000000000000000000e+00,1.832364024610602371e+01,-1.115030232571044522e+01,1.000000000000000000e+00,8.944605685372139305e+02,1.118856208311070901e+02
6.370000000000000107e+00,5.000000000000000000e+00,1.819392735527664229e+01,-1.296383656799078210e+01,1.000000000000000000e+00,8.955813677083968969e+02,1.125180779526673689e+02
6.379999999999999893e+00,5.000000000000000000e+00,1.814658493826943797e+01,1.664378268966468233e-01,1.000000000000000000e+00,8.966919331348422020e+02,1.157414130280875213e+02
6.389999999999999680e+00,5.000000000000000000e+00,1.817811059695367248e+01,3.851770803954996492e+00,1.000000000000000000e+00,8.978171734713633896e+02,1.124840838306025148e+02
6.400000000000000355e+00,5.000000000000000000e+00,1.828782575949335154e+01,1.527509379192800232e+01,1.000000000000000000e+00,8.989421238992517829e+02,1.159776213220523999e+02
6.410000000000000142e+00,5.000000000000000000e+00,1.844378546635592997e+01,1.463541078802806439e+01,0.000000000000000000e+00,9.000610677767840571e+02,1.112984299164262438e+02
6.419999999999999929e+00,5.000000000000000000e+00,1.858167984834436481e+01,1.441358953841660551e+01,1.000000000000000000e+00,9.011778393985247249e+02,1.177461300630604342e+02
6.429999999999999716e+00,5.000000000000000000e+00,1.864709618505100153e+01,3.903220186202347008e+00,1.000000000000000000e+00,9.023012038867767615e+02,1.141126257969585112e+02
6.439999999999999503e+00,5.000000000000000000e+00,1.870761298233095005e+01,8.629273867713051160e+00,1.000000000000000000e+00,9.034328495565739559e+02,1.161460581869241793e+02
6.450000000000000178e+00,5.000000000000000000e+00,1.870895664391111168e+01,-3.856161227786137680e+00,1.000000000000000000e+00,9.045476837476321634e+02,1.120332782289417537e+02
6.459999999999999964e+00,5.000000000000000000e+00,1.868765087417486725e+01,-7.163888690073894061e-01,1.000000000000000000e+00,9.056550675495894893e+02,1.166257092308560743e+02
6.469999999999999751e+00,5.000000000000000000e+00,1.865825852320963918e+01,-4.162139281073208963e+00,1.000000000000000000e+00,9.067390903020389032e+02,1.066667612379485632e+02
6.479999999999999538e+00,5.000000000000000000e+00,1.864803245635223305e+01,-1.415994907398707259e+00,1.000000000000000000e+00,9.078286530922515567e+02,1.151829526892407927e+02
6.490000000000000213e+00,5.000000000000000000e+00,1.856600863221731146e+01,-1.276098800356742480e+01,1.000000000000000000e+00,9.089700905707925358e+02,1.126573695214506472e+02
6.500000000000000000e+00,5.000000000000000000e+00,1.848569801431583670e+01,-6.087892314023048534e+00,1.000000000000000000e+00,9.100720253501963271e+02,1.110174054461229787e+02
6.509999999999999787e+00,5.000000000000000000e+00,1.839725071550958546e+01,-1.050701685489027426e+01,1.000000000000000000e+00,9.112189120418867105e+02,1.136955179088881920e+02
6.519999999999999574e+00,5.000000000000000000e+00,1.836845979284251484e+01,1.394948215113066325e+00,1.000000000000000000e+00,9.123367916390659502e+02,1.147771102667005465e+02
6.530000000000000249e+00,5.000000000000000000e+00,1.833827962346355633e+01,-3.393599773793466667e+00,1.000000000000000000e+00,9.134546707632601965e+02,1.137217742330513488e+02
6.540000000000000036e+00,5.000000000000000000e+00,1.836015634375563366e+01,7.931543935257562516e+00,1.000000000000000000e+00,9.145559608207977362e+02,1.148219963060860493e+02
6.549999999999999822e+00,5.000000000000000000e+00,1.842877802951952049e+01,5.664908346034124520e+00,1.000000000000000000e+00,9.156729849046076879e+02,1.136351037600630036e+02
6.559999999999999609e+00,5.000000000000000000e+00,1.848092160598422851e+01,5.913481921453891843e+00,1.000000000000000000e+00,9.167685321936735363e+02,1.154718563163888945e+02
6.570000000000000284e+00,5.000000000000000000e+00,1.850158169031600863e+01,-2.319906060875270626e+00,1.000000000000000000e+00,9.178655693885041273e+02,1.086194930116732138e+02
6.580000000000000071e+00,5.000000000000000000e+00,1.847449794312396421e+01,-2.832313064147999881e+00,1.000000000000000000e+00,9.189780538907714345e+02,1.133868085523278779e+02
6.589999999999999858e+00,5.000000000000000000e+00,1.847010859227674473e+01,-1.397444934234121749e+00,1.000000000000000000e+00,9.200902727145919471e+02,1.113725893465635579e+02
6.599999999999999645e+00,5.000000000000000000e+00,1.846273430831116258e+01,-8.673994596568042059e-01,1.000000000000000000e+00,9.211997639859786204e+02,1.120445086789749780e+02
6.610000000000000320e+00,5.000000000000000000e+00,1.847845441601618788e+01,1.427550838961637591e+00,1.000000000000000000e+00,9.223089149471263681e+02,1.104307452686802407e+02
6.620000000000000107e+00,5.000000000000000000e+00,1.853371446924940358e+01,8.418289565417524045e+00,1.000000000000000000e+00,9.234175088815437675e+02,1.151209348465772990e+02
6.629999999999999893e+00,5.000000000000000000e+00,1.857080664153313521e+01,3.003950204510963840e+00,1.000000000000000000e+00,9.245375328855445787e+02,1.083547570007433904e+02
6.639999999999999680e+00,5.000000000000000000e+00,1.859589157294904282e+01,2.014226988648061045e+00,1.000000000000000000e+00,9.256479913262239734e+02,1.169119400110046740e+02
6.650000000000000355e+00,5.000000000000000000e+00,1.861569804539227846e+01,1.536361041260953630e+00,1.000000000000000000e+00,9.267275350923448514e+02,1.029432622994697226e+02
6.660000000000000142e+00,5.000000000000000000e+00,1.862725963375754290e+01,7.890388826421325108e-01,1.000000000000000000e+00,9.278269902645982938e+02,1.170754650650936242e+02
6.669999999999999929e+00,5.000000000000000000e+00,1.863168105284556830e+01,9.152846766222210162e-01,1.000000000000000000e+00,9.288968646807020377e+02,1.008548970070148840e+02
6.679999999999999716e+00,5.000000000000000000e+00,1.856636828284646512e+01,-9.446665438289445049e+00,1.000000000000000000e+00,9.299752627790850283e+02,1.077213251092070152e+02
6.689999999999999503e+00,5.000000000000000000e+00,1.852273337155735078e+01,-1.223900793726741876e+00,1.000000000000000000e+00,9.310608577665053645e+02,1.041039738966523629e+02
6.700000000000000178e+00,5.000000000000000000e+00,1.849983839898025550e+01,-3.320431938605332256e+00,1.000000000000000000e+00,9.321526429519989279e+02,1.075351282800627075e+02
6.709999999999999964e+00,5.000000000000000000e+00,1.849061260823980746e+01,7.177332650478831511e-01,1.000000000000000000e+00,9.332784555088380785e+02,1.109817588903699459e+02
6.719999999999999751e+00,5.000000000000000000e+00,1.852112943112898336e+01,2.899559887478436515e+00,1.000000000000000000e+00,9.343320524079821325e+02,1.022205286032839382e+02
6.729999999999999538e+00,5.000000000000000000e+00,1.858045733751318807e+01,7.550100852808341756e+00,1.000000000000000000e+00,9.354280825720915118e+02,1.131087253535428658e+02
6.740000000000000213e+00,5.000000000000000000e+00,1.864866851990509744e+01,5.014237165174904476e+00,1.000000000000000000e+00,9.365037803544715871e+02,1.058879398402124252e+02
6.750000000000000000e+00,5.000000000000000000e+00,1.869233845483676504e+01,1.392522165660167399e+00,1.000000000000000000e+00,9.375657445194611910e+02,1.037957165935661692e+02
6.759999999999999787e+00,5.000000000000000000e+00,1.868738695257693294e+01,-3.300076287715957069e+00,1.000000000000000000e+00,9.386511473866901270e+02,1.073409920025817144e+02
6.769999999999999574e+00,5.000000000000000000e+00,1.867606583990310654e+01,-1.787187407950407314e+00,1.000000000000000000e+00,9.397236612536490838e+02,1.049590699888652807e+02
6.780000000000000249e+00,5.000000000000000000e+00,1.865456407318774623e+01,-4.156354676319784502e+00,1.000000000000000000e+00,9.408113967437637939e+02,1.072883788800786675e+02
6.790000000000000036e+00,5.000000000000000000e+00,1.861410383240022881e+01,-5.324369499645365877e+00,1.000000000000000000e+00,9.418903290228364540e+02,1.050563652065420683e+02
6.799999999999999822e+00,5.000000000000000000e+00,1.858693386411301418e+01,-2.130865747308326341e+00,1.000000000000000000e+00,9.429514686321520003e+02,1.071631323427660050e+02
6.809999999999999609e+00,5.000000000000000000e+00,1.860613170570252350e+01,3.056122157332592515e-01,1.000000000000000000e+00,9.440229231419929192e+02,1.061535068452232053e+02
6.820000000000000284e+00,5.000000000000000000e+00,1.858333885819386921e+01,-5.362842868904779792e+00,1.000000000000000000e+00,9.450691306829045288e+02,1.047975339888817814e+02
6.830000000000000071e+00,5.000000000000000000e+00,1.852131739102993535e+01,-6.412112882623325127e+00,1.000000000000000000e+00,9.461707677004408197e+02,1.109901901098496495e+02
6.839999999999999858e+00,5.000000000000000000e+00,1.848047822777385463e+01,-2.403976620625956073e+00,1.000000000000000000e+00,9.472014755818067897e+02,9.946465380051628813e+01
6.849999999999999645e+00,5.000000000000000000e+00,1.848210876736097674e+01,-5.907267532211842864e-01,1.000000000000000000e+00,9.482688819949892149e+02,1.051644005229986760e+02
6.860000000000000320e+00,5.000000000000000000e+00,1.846776552157898976e+01,-2.462058689786271959e+00,1.000000000000000000e+00,9.493279688270870338e+02,1.062740588012580645e+02
6.870000000000000107e+00,5.000000000000000000e+00,1.847350262787342956e+01,-9.313604849389520712e-01,1.000000000000000000e+00,9.503840021944433829e+02,1.028353500613683735e+02
6.879999999999999893e+00,5.000000000000000000e+00,1.852450739069887575e+01,7.436090910511988561e+00,1.000000000000000000e+00,9.514488137166595152e+02,1.030552726095272504e+02
6.889999999999999680e+00,5.000000000000000000e+00,1.856872237589966446e+01,1.821790336409363054e+00,1.000000000000000000e+00,9.525080413581165431e+02,1.056399560924775187e+02
6.900000000000000355e+00,5.000000000000000000e+00,1.855623143222970839e+01,-2.150044700894981897e+00,1.000000000000000000e+00,9.535277798858883216e+02,9.867858108984231080e+01
6.910000000000000142e+00,5.000000000000000000e+00,1.857669051815291184e+01,1.593981716155342898e+00,1.000000000000000000e+00,9.546018886673584802e+02,1.065564921306044255e+02
6.919999999999999929e+00,5.000000000000000000e+00,1.859649246005908196e+01,5.818602706626569976e+00,1.000000000000000000e+00,9.556081928365097156e+02,9.758664153580751588e+01
6.929999999999999716e+00,5.000000000000000000e+00,1.859432217319850622e+01,-4.261596421628365050e+00,1.000000000000000000e+00,9.566663758638069339e+02,1.097927699845702136e+02
6.939999999999999503e+00,5.000000000000000000e+00,1.854301480221979048e+01,-9.831522020394362071e-01,1.000000000000000000e+00,9.576917731152301485e+02,1.003214184198727850e+02
6.950000000000000178e+00,5.000000000000000000e+00,1.846916872008474897e+01,-9.000859686838733609e+00,1.000000000000000000e+00,9.587560483367169581e+02,1.105748701792728923e+02
6.959999999999999964e+00,5.000000000000000000e+00,1.842394625375223427e+01,-1.276919697116934982e-01,1.000000000000000000e+00,9.597467858519109996e+02,9.406822661634971894e+01
6.969999999999999751e+00,5.000000000000000000e+00,1.837973537304308635e+01,-6.169295390668063206e+00,1.000000000000000000e+00,9.607835864360438336e+02,1.111226533737430913e+02
6.979999999999999538e+00,5.000000000000000000e+00,1.841270431012121023e+01,9.052075536814099266e+00,1.000000000000000000e+00,9.618071760184086543e+02,1.013974175871470607e+02
6.990000000000000213e+00,5.000000000000000000e+00,1.841298186881579824e+01,-1.178546181619002819e+00,1.000000000000000000e+00,9.628688995672971487e+02,1.121554620167068776e+02
7.000000000000000000e+00,5.000000000000000000e+00,1.841953181197969158e+01,7.826565978436139659e+00,1.000000000000000000e+00,9.638982348025327838e+02,1.077328319872848255e+02
