time_s,phase,requested_cm_s,measured_cm_s,forward_cm,sideways_cm
1.000000000000000021e-02,1.000000000000000000e+00,1.200000000000000000e+02,4.547916556848801406e+01,2.594507281886377914e-01,-1.146496657411981770e-02
2.000000000000000042e-02,1.000000000000000000e+00,1.200000000000000000e+02,3.422975144811434944e+01,6.282780580317971486e-01,-5.523543901429280728e-03
2.999999999999999889e-02,1.000000000000000000e+00,1.200000000000000000e+02,5.738605224461412746e+01,1.136177770897665029e+00,1.434164885535161617e-02
4.000000000000000083e-02,1.000000000000000000e+00,1.200000000000000000e+02,4.184904499388565569e+01,1.580387166390676779e+00,1.279629155342331369e-02
5.000000000000000278e-02,1.000000000000000000e+00,1.200000000000000000e+02,4.407264668753185077e+01,2.024657643543839480e+00,3.117794058134308599e-02
5.999999999999999778e-02,1.000000000000000000e+00,1.200000000000000000e+02,4.390662993129669900e+01,2.464600712249342074e+00,4.356976620446907644e-02
7.000000000000000666e-02,1.000000000000000000e+00,1.200000000000000000e+02,4.392625658391000343e+01,2.905485902489884253e+00,5.981763940000341812e-02
8.000000000000000167e-02,1.000000000000000000e+00,1.200000000000000000e+02,4.384528908912871259e+01,3.345383029700705002e+00,7.432141022365797156e-02
8.999999999999999667e-02,1.000000000000000000e+00,1.200000000000000000e+02,4.374974925789922509e+01,3.784168839866845158e+00,9.049557678773302583e-02
1.000000000000000056e-01,1.000000000000000000e+00,1.200000000000000000e+02,4.361598292219521511e+01,4.221367650375534630e+00,1.059826070181910385e-01
1.100000000000000006e-01,1.000000000000000000e+00,1.200000000000000000e+02,4.353918002541060162e+01,4.657660136947838758e+00,1.221170650683528064e-01
1.199999999999999956e-01,1.000000000000000000e+00,1.200000000000000000e+02,3.903085734747000402e+01,5.067411462189031823e+00,1.227549599337464936e-01
1.300000000000000044e-01,1.000000000000000000e+00,1.200000000000000000e+02,4.313314611171788471e+01,5.499875818425408625e+00,1.546567465533785213e-01
1.400000000000000133e-01,1.000000000000000000e+00,1.200000000000000000e+02,4.014004440077905400e+01,5.925239371424820156e+00,1.466852754673279302e-01
1.499999999999999944e-01,1.000000000000000000e+00,1.200000000000000000e+02,4.335652852283898540e+01,6.351297441627165696e+00,1.887568840383376245e-01
1.600000000000000033e-01,1.000000000000000000e+00,1.200000000000000000e+02,3.597831564930583426e+01,6.751585697702434885e+00,1.937769238423504292e-01
1.700000000000000122e-01,1.000000000000000000e+00,1.200000000000000000e+02,4.508399133255731783e+01,7.180716577209899754e+00,2.249898426972909149e-01
1.799999999999999933e-01,1.000000000000000000e+00,1.200000000000000000e+02,3.955527556421202462e+01,7.597579115128971772e+00,2.457147977321198495e-01
1.900000000000000022e-01,1.000000000000000000e+00,1.200000000000000000e+02,4.511172907393374487e+01,8.027439991139676323e+00,2.560333387588396570e-01
2.000000000000000111e-01,1.000000000000000000e+00,1.200000000000000000e+02,3.975360754580654543e+01,8.445795776679384304e+00,2.915835077248656870e-01
2.099999999999999922e-01,1.000000000000000000e+00,1.200000000000000000e+02,4.545885807345282359e+01,8.875021831853091570e+00,2.916617333794800371e-01
2.200000000000000011e-01,1.000000000000000000e+00,1.200000000000000000e+02,4.406486294514099455e+01,9.314449806381547958e+00,3.332277025813553117e-01
2.300000000000000100e-01,1.000000000000000000e+00,1.200000000000000000e+02,4.369903459460233819e+01,9.753507503114285271e+00,3.366044002419195658e-01
2.399999999999999911e-01,1.000000000000000000e+00,1.200000000000000000e+02,3.836633592848172469e+01,1.015896477041657953e+01,3.551859528404587851e-01
2.500000000000000000e-01,1.000000000000000000e+00,1.200000000000000000e+02,4.371487117404780065e+01,1.057627399665595469e+01,3.720253519478963211e-01
2.600000000000000089e-01,1.000000000000000000e+00,1.200000000000000000e+02,4.105459832201566428e+01,1.099611261607143575e+01,3.789519326597143301e-01
2.700000000000000178e-01,1.000000000000000000e+00,1.200000000000000000e+02,6.104778953359544147e+01,1.152490214632977050e+01,3.964758730439815193e-01
2.800000000000000266e-01,1.000000000000000000e+00,1.200000000000000000e+02,7.002943933889638117e+01,1.218688329258442060e+01,3.924651119885827488e-01
2.899999999999999800e-01,1.000000000000000000e+00,1.200000000000000000e+02,9.461956400760864483e+01,1.303574113406388335e+01,3.875429658012323753e-01
2.999999999999999889e-01,1.000000000000000000e+00,1.200000000000000000e+02,1.037236836320105198e+02,1.404017365558964414e+01,3.712812809095638600e-01
3.099999999999999978e-01,1.000000000000000000e+00,1.200000000000000000e+02,1.090810825749640713e+02,1.513213516886570709e+01,3.554858159616853808e-01
3.200000000000000067e-01,1.000000000000000000e+00,1.200000000000000000e+02,1.176407347087360620e+02,1.627353846254639791e+01,3.341885657895979911e-01
3.300000000000000155e-01,1.000000000000000000e+00,1.200000000000000000e+02,1.132544274658449979e+02,1.742502833452338962e+01,3.205979279024600004e-01
3.400000000000000244e-01,1.000000000000000000e+00,1.200000000000000000e+02,1.186062363687340451e+02,1.859236435758892370e+01,3.002145305446792256e-01
3.500000000000000333e-01,1.000000000000000000e+00,1.200000000000000000e+02,1.133625588227526748e+02,1.974549792589895958e+01,2.820257679652564131e-01
3.599999999999999867e-01,1.000000000000000000e+00,1.200000000000000000e+02,1.139631610823249588e+02,2.088452109008742497e+01,2.536261211180315112e-01
3.699999999999999956e-01,1.000000000000000000e+00,1.200000000000000000e+02,1.149669115934335792e+02,2.203011641367409723e+01,2.368209840391003462e-01
3.800000000000000044e-01,1.000000000000000000e+00,1.200000000000000000e+02,1.135738779059013410e+02,2.318652093467684949e+01,2.033267309383315069e-01
3.900000000000000133e-01,1.000000000000000000e+00,1.200000000000000000e+02,1.137770655188295592e+02,2.434539217818436185e+01,1.934981182064913485e-01
4.000000000000000222e-01,1.000000000000000000e+00,1.200000000000000000e+02,1.191728398409660912e+02,2.551740945810143657e+01,1.698869934734137943e-01
4.100000000000000311e-01,1.000000000000000000e+00,1.200000000000000000e+02,1.150222795319392048e+02,2.668440190792167854e+01,1.507784576597800130e-01
4.199999999999999845e-01,1.000000000000000000e+00,1.200000000000000000e+02,1.202296733316149329e+02,2.788413193215957264e+01,1.264636703097134773e-01
4.299999999999999933e-01,1.000000000000000000e+00,1.200000000000000000e+02,1.171948027683574338e+02,2.906833098612152710e+01,1.011982420527104548e-01
4.400000000000000022e-01,1.000000000000000000e+00,1.200000000000000000e+02,1.221616647563228355e+02,3.027348352399338793e+01,8.849919462159616668e-02
4.500000000000000111e-01,1.000000000000000000e+00,1.200000000000000000e+02,1.174758175784102150e+02,3.146698175581729728e+01,7.790701944441745519e-02
4.600000000000000200e-01,1.000000000000000000e+00,1.200000000000000000e+02,1.171304897369135176e+02,3.265484740493838700e+01,8.235516944519044591e-02
4.700000000000000289e-01,1.000000000000000000e+00,1.200000000000000000e+02,1.223163203040664087e+02,3.385979248725600854e+01,7.598080139237486930e-02
4.799999999999999822e-01,1.000000000000000000e+00,1.200000000000000000e+02,1.212601253796826768e+02,3.506075976980070408e+01,6.830096976724610303e-02
4.899999999999999911e-01,1.000000000000000000e+00,1.200000000000000000e+02,1.222000873183027352e+02,3.628143380210760682e+01,5.210742063142795311e-02
5.000000000000000000e-01,1.000000000000000000e+00,1.200000000000000000e+02,1.220802065210640563e+02,3.749485128140134549e+01,2.659937564042437821e-02
5.100000000000000089e-01,1.000000000000000000e+00,1.200000000000000000e+02,1.217453937420049641e+02,3.871384228819859885e+01,6.898028340541307452e-03
5.200000000000000178e-01,1.000000000000000000e+00,1.200000000000000000e+02,1.210275226521781349e+02,3.992700383256699581e+01,-1.347843499185551880e-02
5.300000000000000266e-01,1.000000000000000000e+00,1.200000000000000000e+02,1.168215296121147162e+02,4.111350531817290488e+01,-3.170328392193463157e-02
5.400000000000000355e-01,1.000000000000000000e+00,1.200000000000000000e+02,1.231048524520578269e+02,4.232153031103545970e+01,-5.557753260809298462e-02
5.500000000000000444e-01,1.000000000000000000e+00,1.200000000000000000e+02,1.215935757902859535e+02,4.352738757620303289e+01,-7.732157534495190387e-02
5.600000000000000533e-01,1.000000000000000000e+00,1.200000000000000000e+02,1.215320746642570668e+02,4.474653414330073531e+01,-1.004410595640644471e-01
5.700000000000000622e-01,1.000000000000000000e+00,1.200000000000000000e+02,1.213103620574698169e+02,4.596052560350917560e+01,-1.209474448394432522e-01
5.799999999999999600e-01,1.000000000000000000e+00,1.200000000000000000e+02,1.176263574491706692e+02,4.715289293780207203e+01,-1.429823069480628817e-01
5.899999999999999689e-01,1.000000000000000000e+00,1.200000000000000000e+02,1.220339102721117257e+02,4.835465659100168523e+01,-1.573596866229182989e-01
5.999999999999999778e-01,1.000000000000000000e+00,1.200000000000000000e+02,1.207200038640556414e+02,4.955210403375303230e+01,-1.694458589548271943e-01
6.099999999999999867e-01,1.000000000000000000e+00,1.200000000000000000e+02,1.202285166320891818e+02,5.075853837540865499e+01,-1.749333160340381110e-01
6.199999999999999956e-01,1.000000000000000000e+00,1.200000000000000000e+02,1.202027664357697461e+02,5.196056695706585771e+01,-1.780758135886585658e-01
6.300000000000000044e-01,1.000000000000000000e+00,1.200000000000000000e+02,1.207178767627726614e+02,5.316690749384730452e+01,-1.844279229137678611e-01
6.400000000000000133e-01,1.000000000000000000e+00,1.200000000000000000e+02,1.162382127492431323e+02,5.434793599279973364e+01,-1.954698250788023950e-01
6.500000000000000222e-01,1.000000000000000000e+00,1.200000000000000000e+02,1.224576550666486128e+02,5.555208252527377510e+01,-2.082200671091275213e-01
6.600000000000000311e-01,1.000000000000000000e+00,1.200000000000000000e+02,1.165913601766238799e+02,5.672755075125457580e+01,-2.305196836380576653e-01
6.700000000000000400e-01,1.000000000000000000e+00,1.200000000000000000e+02,1.212369446343788582e+02,5.793661589876869300e+01,-2.417651099127827163e-01
6.800000000000000488e-01,1.000000000000000000e+00,1.200000000000000000e+02,1.169425959037538405e+02,5.912509682082812645e+01,-2.410468218018878006e-01
6.900000000000000577e-01,1.000000000000000000e+00,1.200000000000000000e+02,1.213233786197530577e+02,6.034091633569997981e+01,-2.497669791010571072e-01
7.000000000000000666e-01,1.000000000000000000e+00,1.200000000000000000e+02,1.213931055140337065e+02,6.155488209097741503e+01,-2.459238746649304863e-01
7.099999999999999645e-01,1.000000000000000000e+00,1.200000000000000000e+02,1.176245517677506029e+02,6.274903233591611951e+01,-2.437368373081355288e-01
7.199999999999999734e-01,1.000000000000000000e+00,1.200000000000000000e+02,1.231570297558611742e+02,6.396266580305811544e+01,-2.367521476856702112e-01
7.299999999999999822e-01,1.000000000000000000e+00,1.200000000000000000e+02,1.185720139073179240e+02,6.516765505520432100e+01,-2.325955472471751551e-01
7.399999999999999911e-01,1.000000000000000000e+00,1.200000000000000000e+02,1.231284269466410564e+02,6.639129862906798962e+01,-2.215543582300059655e-01
7.500000000000000000e-01,1.000000000000000000e+00,1.200000000000000000e+02,1.229031284261325112e+02,6.762176447662675116e+01,-2.135966986684167401e-01
7.600000000000000089e-01,1.000000000000000000e+00,1.200000000000000000e+02,1.185552788945347373e+02,6.882638363398466197e+01,-2.086789455299369322e-01
7.700000000000000178e-01,1.000000000000000000e+00,1.200000000000000000e+02,1.238182051925379028e+02,7.004579608937154944e+01,-2.146218161783155221e-01
7.800000000000000266e-01,1.000000000000000000e+00,1.200000000000000000e+02,1.225876713949326700e+02,7.126052241353148986e+01,-2.206062148516991506e-01
7.900000000000000355e-01,1.000000000000000000e+00,1.200000000000000000e+02,1.185118103629766608e+02,7.246567472607291904e+01,-2.389763475744171028e-01
8.000000000000000444e-01,1.000000000000000000e+00,1.200000000000000000e+02,1.228455853617487605e+02,7.368940734896631284e+01,-2.465131472122654988e-01
8.100000000000000533e-01,1.000000000000000000e+00,1.200000000000000000e+02,1.227461306606639795e+02,7.491973621440439501e+01,-2.520295243037913302e-01
8.200000000000000622e-01,1.000000000000000000e+00,1.200000000000000000e+02,1.219660762246292478e+02,7.613993443380518045e+01,-2.510062278948718695e-01
8.300000000000000711e-01,1.000000000000000000e+00,1.200000000000000000e+02,1.214903779415522678e+02,7.735678332240743771e+01,-2.480705666736164605e-01
8.399999999999999689e-01,1.000000000000000000e+00,1.200000000000000000e+02,1.169693383012788672e+02,7.854597918714219418e+01,-2.478713020004659484e-01
8.499999999999999778e-01,1.000000000000000000e+00,1.200000000000000000e+02,1.227019942696383907e+02,7.975292946296306695e+01,-2.509438824772619037e-01
8.599999999999999867e-01,1.000000000000000000e+00,1.200000000000000000e+02,1.185320761628274653e+02,8.095405255571213843e+01,-2.619128634131778210e-01
8.699999999999999956e-01,1.000000000000000000e+00,1.200000000000000000e+02,1.236680489402229171e+02,8.218931145284828688e+01,-2.786579082763261939e-01
8.800000000000000044e-01,1.000000000000000000e+00,1.200000000000000000e+02,1.237563407475209800e+02,8.342756925686441605e+01,-3.007993283491646186e-01
8.900000000000000133e-01,1.000000000000000000e+00,1.200000000000000000e+02,1.192373132035952352e+02,8.463731400058202325e+01,-3.291307588592373712e-01
9.000000000000000222e-01,1.000000000000000000e+00,1.200000000000000000e+02,1.244128833471751960e+02,8.586334554137306441e+01,-3.460676093011837429e-01
9.100000000000000311e-01,1.000000000000000000e+00,1.200000000000000000e+02,1.193313622562491645e+02,8.706871538406149114e+01,-3.593288872439064363e-01
9.200000000000000400e-01,1.000000000000000000e+00,1.200000000000000000e+02,1.248491821881822403e+02,8.829891846434823321e+01,-3.734068789684304446e-01
9.300000000000000488e-01,1.000000000000000000e+00,1.200000000000000000e+02,1.234074400529880933e+02,8.952400333643444696e+01,-3.857362380535833690e-01
9.400000000000000577e-01,1.000000000000000000e+00,1.200000000000000000e+02,1.226215931118042022e+02,9.075567641303391042e+01,-4.015408661117208511e-01
9.500000000000000666e-01,1.000000000000000000e+00,1.200000000000000000e+02,1.220830621138197785e+02,9.197892154445258939e+01,-4.166108652544301405e-01
9.599999999999999645e-01,1.000000000000000000e+00,1.200000000000000000e+02,1.220445769047163083e+02,9.319938270387346790e+01,-4.347301798191181010e-01
9.699999999999999734e-01,1.000000000000000000e+00,1.200000000000000000e+02,1.180662702559966135e+02,9.439863574981318095e+01,-4.596507967782466619e-01
9.799999999999999822e-01,1.000000000000000000e+00,1.200000000000000000e+02,1.226475712513978067e+02,9.560768110086092975e+01,-4.839278089304019925e-01
9.899999999999999911e-01,1.000000000000000000e+00,1.200000000000000000e+02,1.214959120888328528e+02,9.681149678272552705e+01,-5.099103345805757748e-01
1.000000000000000000e+00,1.000000000000000000e+00,1.200000000000000000e+02,1.214326427118489704e+02,9.802728474662885105e+01,-5.316516915069748883e-01
1.010000000000000009e+00,1.000000000000000000e+00,1.200000000000000000e+02,1.216594592258800134e+02,9.924326551108211447e+01,-5.474966416233386646e-01
1.020000000000000018e+00,1.000000000000000000e+00,1.200000000000000000e+02,1.145637558910260765e+02,1.004221220710436882e+02,-5.630809703011913081e-01
1.030000000000000027e+00,1.000000000000000000e+00,1.200000000000000000e+02,1.262238865791971705e+02,1.016417841632399899e+02,-5.661956480437594363e-01
1.040000000000000036e+00,1.000000000000000000e+00,1.200000000000000000e+02,1.233904592272970575e+02,1.028655825938264741e+02,-5.707010819673432600e-01
1.050000000000000044e+00,1.000000000000000000e+00,1.200000000000000000e+02,1.223339347862055178e+02,1.040956950348236347e+02,-5.793692535626081552e-01
1.060000000000000053e+00,1.000000000000000000e+00,1.200000000000000000e+02,1.216899164393572477e+02,1.053161422735206401e+02,-5.915705777437173518e-01
1.070000000000000062e+00,1.000000000000000000e+00,1.200000000000000000e+02,1.217943859774482291e+02,1.065339977060481402e+02,-6.089563858143989261e-01
1.080000000000000071e+00,1.000000000000000000e+00,1.200000000000000000e+02,1.209706869182340512e+02,1.077451090839104211e+02,-6.289000242584344980e-01
1.090000000000000080e+00,1.000000000000000000e+00,1.200000000000000000e+02,1.167513901083511882e+02,1.089322392607916328e+02,-6.525948078797155771e-01
1.100000000000000089e+00,1.000000000000000000e+00,1.200000000000000000e+02,1.225129774527935638e+02,1.101378843380283854e+02,-6.712964513675796496e-01
1.110000000000000098e+00,1.000000000000000000e+00,1.200000000000000000e+02,1.141616050543013472e+02,1.113136233618041473e+02,-7.025680052810059362e-01
1.120000000000000107e+00,1.000000000000000000e+00,1.200000000000000000e+02,1.232957660390336230e+02,1.125457526657738470e+02,-7.103436727241378978e-01
1.130000000000000115e+00,1.000000000000000000e+00,1.200000000000000000e+02,1.225131823433894596e+02,1.137735688969434165e+02,-7.226269200595559772e-01
1.140000000000000124e+00,1.000000000000000000e+00,1.200000000000000000e+02,1.182951306642713689e+02,1.149755065893020429e+02,-7.358339141189196297e-01
1.150000000000000133e+00,1.000000000000000000e+00,1.200000000000000000e+02,1.237865853638200093e+02,1.161936376327573157e+02,-7.584397169175229880e-01
1.159999999999999920e+00,1.000000000000000000e+00,1.200000000000000000e+02,1.233359797800237061e+02,1.174198773571459640e+02,-7.803009293701060889e-01
1.169999999999999929e+00,1.000000000000000000e+00,1.200000000000000000e+02,1.188083938387019174e+02,1.186284118625566180e+02,-8.030773049844890377e-01
1.179999999999999938e+00,1.000000000000000000e+00,1.200000000000000000e+02,1.233684545090694371e+02,1.198464655704371040e+02,-8.158232968261464046e-01
1.189999999999999947e+00,1.000000000000000000e+00,1.200000000000000000e+02,1.217554420033828393e+02,1.210535970187916206e+02,-8.280373699422515221e-01
1.199999999999999956e+00,1.000000000000000000e+00,1.200000000000000000e+02,1.211731111026283543e+02,1.222693186053440400e+02,-8.357076147158224444e-01
1.209999999999999964e+00,1.000000000000000000e+00,1.200000000000000000e+02,1.205650514522799313e+02,1.234767882326947728e+02,-8.491980318315273113e-01
1.219999999999999973e+00,1.000000000000000000e+00,1.200000000000000000e+02,1.169083946215831986e+02,1.246616248604642436e+02,-8.664414543515278622e-01
1.229999999999999982e+00,1.000000000000000000e+00,1.200000000000000000e+02,1.234124763936194142e+02,1.258736041511142787e+02,-8.828273622445157454e-01
1.239999999999999991e+00,1.000000000000000000e+00,1.200000000000000000e+02,1.186455823310786428e+02,1.270795921930583745e+02,-8.993129165798410263e-01
1.250000000000000000e+00,1.000000000000000000e+00,1.200000000000000000e+02,1.232232847956317130e+02,1.282994694223223178e+02,-9.295423438400627347e-01
1.260000000000000009e+00,1.000000000000000000e+00,1.200000000000000000e+02,1.230507068616431070e+02,1.295197652317823156e+02,-9.515440245067918745e-01
1.270000000000000018e+00,1.000000000000000000e+00,1.200000000000000000e+02,1.225369275386653243e+02,1.307505731117410619e+02,-9.894886689721983375e-01
1.280000000000000027e+00,1.000000000000000000e+00,1.200000000000000000e+02,1.213321477233963321e+02,1.319683912349365187e+02,-1.035825549032696413e+00
1.290000000000000036e+00,1.000000000000000000e+00,1.200000000000000000e+02,1.166557773509976812e+02,1.331543150358069170e+02,-1.091521492274995841e+00
1.300000000000000044e+00,1.000000000000000000e+00,1.200000000000000000e+02,1.222037013166331008e+02,1.343559866402642058e+02,-1.145108136703059776e+00
1.310000000000000053e+00,1.000000000000000000e+00,1.200000000000000000e+02,1.168835752268015540e+02,1.355443117783944444e+02,-1.200583786139200360e+00
1.320000000000000062e+00,1.000000000000000000e+00,1.200000000000000000e+02,1.221023847518448662e+02,1.367468949039300412e+02,-1.244277558571981190e+00
1.330000000000000071e+00,1.000000000000000000e+00,1.200000000000000000e+02,1.210533312949548161e+02,1.379596129303911312e+02,-1.279277888226324489e+00
1.340000000000000080e+00,1.000000000000000000e+00,1.200000000000000000e+02,1.166451422220474115e+02,1.391462918415539036e+02,-1.302850057710913223e+00
1.350000000000000089e+00,1.000000000000000000e+00,1.200000000000000000e+02,1.222800143493185487e+02,1.403419668190418577e+02,-1.337386496015227078e+00
1.360000000000000098e+00,1.000000000000000000e+00,1.200000000000000000e+02,1.200901156657014468e+02,1.415482266207558268e+02,-1.364675474925150622e+00
1.370000000000000107e+00,1.000000000000000000e+00,1.200000000000000000e+02,1.189793200664452684e+02,1.427425630297294390e+02,-1.390159452762018466e+00
1.380000000000000115e+00,1.000000000000000000e+00,1.200000000000000000e+02,1.187357443400778294e+02,1.439312605432887437e+02,-1.413619939168748507e+00
1.390000000000000124e+00,1.000000000000000000e+00,1.200000000000000000e+02,1.153820352167260808e+02,1.451005355212630832e+02,-1.441052905909661286e+00
1.400000000000000133e+00,1.000000000000000000e+00,1.200000000000000000e+02,1.218543348779793689e+02,1.462974307001536545e+02,-1.461032902192916261e+00
1.409999999999999920e+00,1.000000000000000000e+00,1.200000000000000000e+02,1.172009316345752552e+02,1.474869443350560800e+02,-1.490813255695691453e+00
1.419999999999999929e+00,1.000000000000000000e+00,1.200000000000000000e+02,1.175573019835872657e+02,1.486756863554129779e+02,-1.504532067295684117e+00
1.429999999999999938e+00,1.000000000000000000e+00,1.200000000000000000e+02,1.217650819404710489e+02,1.498972501407219795e+02,-1.528381356478988318e+00
1.439999999999999947e+00,1.000000000000000000e+00,1.200000000000000000e+02,1.211885082472149406e+02,1.511107883074150209e+02,-1.548041869184833663e+00
1.449999999999999956e+00,1.000000000000000000e+00,1.200000000000000000e+02,1.216339730242884229e+02,1.523254950488390307e+02,-1.563049423974689489e+00
1.459999999999999964e+00,1.000000000000000000e+00,1.200000000000000000e+02,1.175972453957221546e+02,1.535194092377783477e+02,-1.577707214290381410e+00
1.469999999999999973e+00,1.000000000000000000e+00,1.200000000000000000e+02,1.228446632536389131e+02,1.547290475503381515e+02,-1.580187831164275858e+00
1.479999999999999982e+00,1.000000000000000000e+00,1.200000000000000000e+02,1.179088166622035629e+02,1.559277953454947294e+02,-1.582615070851420391e+00
1.489999999999999991e+00,1.000000000000000000e+00,1.200000000000000000e+02,1.174551407837303856e+02,1.571186378458385491e+02,-1.573468005546573734e+00
1.500000000000000000e+00,1.000000000000000000e+00,1.200000000000000000e+02,1.224890381369822592e+02,1.583254627002366419e+02,-1.575511076266864041e+00
1.510000000000000009e+00,1.000000000000000000e+00,1.200000000000000000e+02,1.218131034412763114e+02,1.595436457579910154e+02,-1.581862119633474117e+00
1.520000000000000018e+00,1.000000000000000000e+00,1.200000000000000000e+02,1.227031377020222180e+02,1.607673313249723321e+02,-1.593410140438343170e+00
1.530000000000000027e+00,1.000000000000000000e+00,1.200000000000000000e+02,1.228197755251015053e+02,1.619828928777194506e+02,-1.614156337083844761e+00
1.540000000000000036e+00,1.000000000000000000e+00,1.200000000000000000e+02,1.224363643047577739e+02,1.632103389916348135e+02,-1.627641022117308767e+00
1.550000000000000044e+00,1.000000000000000000e+00,1.200000000000000000e+02,1.223255848295108308e+02,1.644357565572423141e+02,-1.640582653820381598e+00
1.560000000000000053e+00,1.000000000000000000e+00,1.200000000000000000e+02,1.181272388787339338e+02,1.656353642235029611e+02,-1.652113332104259147e+00
1.570000000000000062e+00,1.000000000000000000e+00,1.200000000000000000e+02,1.243010798410506510e+02,1.668560212264228539e+02,-1.668703282536091903e+00
1.580000000000000071e+00,1.000000000000000000e+00,1.200000000000000000e+02,1.226042801587141611e+02,1.680852298905380167e+02,-1.683778908521533113e+00
1.590000000000000080e+00,1.000000000000000000e+00,1.200000000000000000e+02,1.221565409027335818e+02,1.693082571143582697e+02,-1.695619839465630330e+00
1.600000000000000089e+00,1.000000000000000000e+00,1.200000000000000000e+02,1.182895729334606330e+02,1.705078833041787618e+02,-1.706943123079220026e+00
1.610000000000000098e+00,1.000000000000000000e+00,1.200000000000000000e+02,1.235317488621299162e+02,1.717229203567665365e+02,-1.713197850835666225e+00
1.620000000000000107e+00,1.000000000000000000e+00,1.200000000000000000e+02,1.180840198461641961e+02,1.729239964603126509e+02,-1.717367674080495510e+00
1.630000000000000115e+00,1.000000000000000000e+00,1.200000000000000000e+02,1.223749088447826381e+02,1.741328915022592696e+02,-1.714256324845260249e+00
1.640000000000000124e+00,1.000000000000000000e+00,1.200000000000000000e+02,1.212203779761650537e+02,1.753474150259001192e+02,-1.705720419081547146e+00
1.650000000000000133e+00,1.000000000000000000e+00,1.200000000000000000e+02,1.212793527063699344e+02,1.765600255847545270e+02,-1.696163194612301695e+00
1.660000000000000142e+00,1.000000000000000000e+00,1.200000000000000000e+02,1.179534726586371534e+02,1.777555429939199030e+02,-1.688611311632173484e+00
1.669999999999999929e+00,1.000000000000000000e+00,1.200000000000000000e+02,1.232579182915608129e+02,1.789690576561793307e+02,-1.685606398157741381e+00
1.679999999999999938e+00,1.000000000000000000e+00,1.200000000000000000e+02,1.179360127822347550e+02,1.801687254109044432e+02,-1.681911136200991974e+00
1.689999999999999947e+00,1.000000000000000000e+00,1.200000000000000000e+02,1.227901222785418724e+02,1.813697730897529823e+02,-1.682425888795376467e+00
1.699999999999999956e+00,1.000000000000000000e+00,1.200000000000000000e+02,1.218686556103607472e+02,1.825822154319330650e+02,-1.673135466853457487e+00
1.709999999999999964e+00,1.000000000000000000e+00,1.200000000000000000e+02,1.217370380716647844e+02,1.837863524480469835e+02,-1.651468842232657552e+00
1.719999999999999973e+00,1.000000000000000000e+00,1.200000000000000000e+02,1.228572728468871844e+02,1.850126683064847555e+02,-1.628871113455786501e+00
1.729999999999999982e+00,1.000000000000000000e+00,1.200000000000000000e+02,1.225622317329197557e+02,1.862400074407989052e+02,-1.599702928365114962e+00
1.739999999999999991e+00,1.000000000000000000e+00,1.200000000000000000e+02,1.186581806979659461e+02,1.874449854155169533e+02,-1.573262908419199801e+00
1.750000000000000000e+00,1.000000000000000000e+00,1.200000000000000000e+02,1.246708419252110929e+02,1.886732253491460085e+02,-1.542160919796825125e+00
1.760000000000000009e+00,1.000000000000000000e+00,1.200000000000000000e+02,1.231566258892508472e+02,1.899067211284471455e+02,-1.508075010642191183e+00
1.770000000000000018e+00,1.000000000000000000e+00,1.200000000000000000e+02,1.220142729158855417e+02,1.911295617506320639e+02,-1.473911103391859934e+00
1.780000000000000027e+00,1.000000000000000000e+00,1.200000000000000000e+02,1.179367042926960778e+02,1.923267217771487765e+02,-1.439481124275564961e+00
1.790000000000000036e+00,1.000000000000000000e+00,1.200000000000000000e+02,1.234097110805941924e+02,1.935403844560838138e+02,-1.413306165570894501e+00
1.800000000000000044e+00,1.000000000000000000e+00,1.200000000000000000e+02,1.187747772904637031e+02,1.947473107706053099e+02,-1.386580567074124248e+00
1.810000000000000053e+00,1.000000000000000000e+00,1.200000000000000000e+02,1.196786934609598916e+02,1.959434954252394903e+02,-1.370607333019539853e+00
1.820000000000000062e+00,1.000000000000000000e+00,1.200000000000000000e+02,1.231474763839892859e+02,1.971772181464002358e+02,-1.336393888044870693e+00
1.830000000000000071e+00,1.000000000000000000e+00,1.200000000000000000e+02,1.227478006939283688e+02,1.984067905098211497e+02,-1.297614800713266181e+00
1.840000000000000080e+00,1.000000000000000000e+00,1.200000000000000000e+02,1.227919653410044560e+02,1.996346984369019140e+02,-1.252811375402298477e+00
1.850000000000000089e+00,1.000000000000000000e+00,1.200000000000000000e+02,1.196518414776936936e+02,2.008462194786941097e+02,-1.194758792483392229e+00
1.860000000000000098e+00,1.000000000000000000e+00,1.200000000000000000e+02,1.187136673216284919e+02,2.020547635303711047e+02,-1.154184867588847307e+00
1.870000000000000107e+00,1.000000000000000000e+00,1.200000000000000000e+02,1.239258446696721307e+02,2.032751655565188003e+02,-1.105924196295633655e+00
1.880000000000000115e+00,1.000000000000000000e+00,1.200000000000000000e+02,1.225003165820004511e+02,2.044901732884219427e+02,-1.061435675787746780e+00
1.890000000000000124e+00,1.000000000000000000e+00,1.200000000000000000e+02,1.221429455553588070e+02,2.057156850134793729e+02,-1.020794794203796263e+00
1.900000000000000133e+00,1.000000000000000000e+00,1.200000000000000000e+02,1.219934064578919788e+02,2.069368219556346844e+02,-9.855460890348620717e-01
1.910000000000000142e+00,1.000000000000000000e+00,1.200000000000000000e+02,1.224029040896689366e+02,2.081603891090597642e+02,-9.544089593339787347e-01
1.919999999999999929e+00,1.000000000000000000e+00,1.200000000000000000e+02,1.220789101502414411e+02,2.093741229090945808e+02,-9.299531673043676117e-01
1.929999999999999938e+00,1.000000000000000000e+00,1.200000000000000000e+02,1.213933029807049451e+02,2.105831163143108711e+02,-9.006351568183801337e-01
1.939999999999999947e+00,1.000000000000000000e+00,1.200000000000000000e+02,1.170940971522648368e+02,2.117727039776217453e+02,-8.752830781262925797e-01
1.949999999999999956e+00,1.000000000000000000e+00,1.200000000000000000e+02,1.235188551372679058e+02,2.129835190353604730e+02,-8.533701314121370229e-01
1.959999999999999964e+00,1.000000000000000000e+00,1.200000000000000000e+02,1.202736262946831403e+02,2.141982360749103407e+02,-8.338420154291463771e-01
1.969999999999999973e+00,1.000000000000000000e+00,1.200000000000000000e+02,1.242767232706207778e+02,2.154376550689904946e+02,-8.159536808975005329e-01
1.979999999999999982e+00,1.000000000000000000e+00,1.200000000000000000e+02,1.238167630898250735e+02,2.166785319637566545e+02,-7.982034975503633500e-01
1.989999999999999991e+00,1.000000000000000000e+00,1.200000000000000000e+02,1.198112190450303416e+02,2.178948563740955251e+02,-7.887635718717734834e-01
2.000000000000000000e+00,1.000000000000000000e+00,1.200000000000000000e+02,1.249694651880998890e+02,2.191275798346427166e+02,-7.770164058256219253e-01
2.010000000000000231e+00,1.000000000000000000e+00,1.200000000000000000e+02,1.238052585888061401e+02,2.203683239650279404e+02,-7.691097441060290585e-01
2.020000000000000018e+00,1.000000000000000000e+00,1.200000000000000000e+02,1.235445610407197847e+02,2.216054508281502535e+02,-7.617542140339146339e-01
2.030000000000000249e+00,1.000000000000000000e+00,1.200000000000000000e+02,1.234059234572834782e+02,2.228384639885953789e+02,-7.454610044515405098e-01
2.040000000000000036e+00,1.000000000000000000e+00,1.200000000000000000e+02,1.226810307509822167e+02,2.240679330956592423e+02,-7.224801791136896689e-01
2.049999999999999822e+00,1.000000000000000000e+00,1.200000000000000000e+02,1.182064872772176471e+02,2.252694321029838989e+02,-6.911021798262592108e-01
2.060000000000000053e+00,1.000000000000000000e+00,1.200000000000000000e+02,1.242025668932509603e+02,2.264909484412408744e+02,-6.606730751340790242e-01
2.069999999999999840e+00,1.000000000000000000e+00,1.200000000000000000e+02,1.187772611546213284e+02,2.276995168720733318e+02,-6.283210870131603620e-01
2.080000000000000071e+00,1.000000000000000000e+00,1.200000000000000000e+02,1.226809511639712582e+02,2.289307186541543899e+02,-6.004826486246801487e-01
2.089999999999999858e+00,1.000000000000000000e+00,1.200000000000000000e+02,1.220846607461742366e+02,2.301531095697173157e+02,-5.749118082268996899e-01
2.100000000000000089e+00,1.000000000000000000e+00,1.200000000000000000e+02,1.217209182932954974e+02,2.313722866790273258e+02,-5.539673239310124453e-01
2.109999999999999876e+00,1.000000000000000000e+00,1.200000000000000000e+02,1.179096793434986097e+02,2.325552985988931880e+02,-5.336752313907680012e-01
2.120000000000000107e+00,1.000000000000000000e+00,1.200000000000000000e+02,1.236007262773300681e+02,2.337747017378832766e+02,-5.163765918781891839e-01
2.129999999999999893e+00,1.000000000000000000e+00,1.200000000000000000e+02,1.221780534060117560e+02,2.349903996563706983e+02,-4.975776735669964479e-01
2.140000000000000124e+00,1.000000000000000000e+00,1.200000000000000000e+02,1.215043350697310132e+02,2.362082638316369980e+02,-4.762078190072432937e-01
2.149999999999999911e+00,1.000000000000000000e+00,1.200000000000000000e+02,1.217730527944314076e+02,2.374255697322836625e+02,-4.561748982730867152e-01
2.160000000000000142e+00,1.000000000000000000e+00,1.200000000000000000e+02,1.212838533910157679e+02,2.386396332421122963e+02,-4.422271650307928459e-01
2.169999999999999929e+00,1.000000000000000000e+00,1.200000000000000000e+02,1.171526487823703349e+02,2.398313455008023141e+02,-4.312145031253197813e-01
2.180000000000000160e+00,1.000000000000000000e+00,1.200000000000000000e+02,1.235897615272638603e+02,2.410462883017924582e+02,-4.254038728723860685e-01
2.189999999999999947e+00,1.000000000000000000e+00,1.200000000000000000e+02,1.221215853870646839e+02,2.422575224600167587e+02,-4.155219431893986681e-01
2.200000000000000178e+00,1.000000000000000000e+00,1.200000000000000000e+02,1.212224456680786489e+02,2.434614507898427576e+02,-4.109590676797175157e-01
2.209999999999999964e+00,1.000000000000000000e+00,1.200000000000000000e+02,1.208052360223152704e+02,2.446657255130852491e+02,-3.950440443753608921e-01
2.220000000000000195e+00,1.000000000000000000e+00,1.200000000000000000e+02,1.198403530441611906e+02,2.458679135020652495e+02,-3.815241927916299125e-01
2.229999999999999982e+00,1.000000000000000000e+00,1.200000000000000000e+02,1.194669495215212152e+02,2.470644436651122362e+02,-3.697793937067764269e-01
2.240000000000000213e+00,1.000000000000000000e+00,1.200000000000000000e+02,1.154552575866327544e+02,2.482370425665209837e+02,-3.654366148597388286e-01
2.250000000000000000e+00,1.000000000000000000e+00,1.200000000000000000e+02,1.219296051301320887e+02,2.494327745794814462e+02,-3.623766078783788869e-01
2.260000000000000231e+00,1.000000000000000000e+00,1.200000000000000000e+02,1.173789633948348268e+02,2.506240621652413552e+02,-3.576719070813687562e-01
2.270000000000000018e+00,1.000000000000000000e+00,1.200000000000000000e+02,1.232191926057884359e+02,2.518345416220076629e+02,-3.528695833361971124e-01
2.280000000000000249e+00,1.000000000000000000e+00,1.200000000000000000e+02,1.218640600779171024e+02,2.530402100327540893e+02,-3.591527873204626853e-01
2.290000000000000036e+00,1.000000000000000000e+00,1.200000000000000000e+02,1.187306355612234512e+02,2.542449554581156121e+02,-3.697191334062938650e-01
2.300000000000000266e+00,1.000000000000000000e+00,1.200000000000000000e+02,1.219849679323685336e+02,2.554711115864371038e+02,-4.024331870373374920e-01
2.310000000000000053e+00,1.000000000000000000e+00,1.200000000000000000e+02,1.203951736146672431e+02,2.566802700853473311e+02,-4.424212781998941857e-01
2.319999999999999840e+00,1.000000000000000000e+00,1.200000000000000000e+02,1.154956407342513813e+02,2.578563375331884231e+02,-4.937994003047688207e-01
2.330000000000000071e+00,1.000000000000000000e+00,1.200000000000000000e+02,1.207273515589242834e+02,2.590449692871105185e+02,-5.373236130415615097e-01
2.339999999999999858e+00,1.000000000000000000e+00,1.200000000000000000e+02,1.155693697615344888e+02,2.602209425180481617e+02,-5.844422249842718964e-01
2.350000000000000089e+00,1.000000000000000000e+00,1.200000000000000000e+02,1.197283464855170934e+02,2.614206914838837292e+02,-6.182371633408824119e-01
2.359999999999999876e+00,1.000000000000000000e+00,1.200000000000000000e+02,1.193456344391636605e+02,2.626157728526619053e+02,-6.503542368488323122e-01
2.370000000000000107e+00,1.000000000000000000e+00,1.200000000000000000e+02,1.146298163747838146e+02,2.637828584483544319e+02,-6.780583466220632127e-01
2.379999999999999893e+00,1.000000000000000000e+00,1.200000000000000000e+02,1.196019515901569150e+02,2.649609990392327177e+02,-7.085758258015102395e-01
2.390000000000000124e+00,1.000000000000000000e+00,1.200000000000000000e+02,1.177848834197213250e+02,2.661406728671298652e+02,-7.443617885181850191e-01
2.399999999999999911e+00,1.000000000000000000e+00,1.200000000000000000e+02,1.175674730625291033e+02,2.673169303342004355e+02,-7.822864427325699754e-01
2.410000000000000142e+00,1.000000000000000000e+00,1.200000000000000000e+02,1.183407878039770935e+02,2.684972492595933318e+02,-8.229174934795256968e-01
2.419999999999999929e+00,1.000000000000000000e+00,1.200000000000000000e+02,1.154850304274663131e+02,2.696667927010619792e+02,-8.734742332409438648e-01
2.430000000000000160e+00,1.000000000000000000e+00,1.200000000000000000e+02,1.222668622485987271e+02,2.708644912901067414e+02,-9.223983628206721130e-01
2.439999999999999947e+00,1.000000000000000000e+00,1.200000000000000000e+02,1.174182423288138182e+02,2.720431402717234732e+02,-9.750009157810978211e-01
2.450000000000000178e+00,1.000000000000000000e+00,1.200000000000000000e+02,1.227506618618742209e+02,2.732537619004075964e+02,-1.025886696863143710e+00
2.459999999999999964e+00,1.000000000000000000e+00,1.200000000000000000e+02,1.215641516285542565e+02,2.744729397294098590e+02,-1.077472603792615669e+00
2.470000000000000195e+00,1.000000000000000000e+00,1.200000000000000000e+02,1.206674581378910318e+02,2.756841130851915977e+02,-1.130845827474895149e+00
2.479999999999999982e+00,1.000000000000000000e+00,1.200000000000000000e+02,1.196356069962960760e+02,2.768843609372323158e+02,-1.181510506783749692e+00
2.490000000000000213e+00,1.000000000000000000e+00,1.200000000000000000e+02,1.155066679985186937e+02,2.780585486828563262e+02,-1.232098824021485628e+00
2.500000000000000000e+00,1.000000000000000000e+00,1.200000000000000000e+02,1.205860229904810694e+02,2.792435311902149806e+02,-1.277532022808104850e+00
2.510000000000000231e+00,1.000000000000000000e+00,1.200000000000000000e+02,1.164578192006677284e+02,2.804124830136538549e+02,-1.321464675907559894e+00
2.520000000000000018e+00,1.000000000000000000e+00,1.200000000000000000e+02,1.211724977131244430e+02,2.816094886166146125e+02,-1.369014872590502030e+00
2.530000000000000249e+00,1.000000000000000000e+00,1.200000000000000000e+02,1.199090840226150618e+02,2.828040308941219791e+02,-1.421040525653981312e+00
2.540000000000000036e+00,1.000000000000000000e+00,1.200000000000000000e+02,1.193118712937835824e+02,2.839992894500619514e+02,-1.474692025901960468e+00
2.550000000000000266e+00,1.000000000000000000e+00,1.200000000000000000e+02,1.198750903272257915e+02,2.851959424284288502e+02,-1.526905973008538364e+00
2.560000000000000053e+00,1.000000000000000000e+00,1.200000000000000000e+02,1.167812281615211845e+02,2.863788896752740243e+02,-1.580737214234331445e+00
2.569999999999999840e+00,1.000000000000000000e+00,1.200000000000000000e+02,1.217779446576505507e+02,2.875771252849334587e+02,-1.619425215200101187e+00
2.580000000000000071e+00,1.000000000000000000e+00,1.200000000000000000e+02,1.163403159071568496e+02,2.887475772216124597e+02,-1.665606931705647664e+00
2.589999999999999858e+00,1.000000000000000000e+00,1.200000000000000000e+02,1.203467362422855587e+02,2.899578447229273479e+02,-1.690471421857576262e+00
2.600000000000000089e+00,1.000000000000000000e+00,1.200000000000000000e+02,1.192172078280911478e+02,2.911543014461296366e+02,-1.721172530852863147e+00
2.609999999999999876e+00,1.000000000000000000e+00,1.200000000000000000e+02,1.184646874499512847e+02,2.923430915458461641e+02,-1.750689017026451078e+00
2.620000000000000107e+00,1.000000000000000000e+00,1.200000000000000000e+02,1.184106611682153414e+02,2.935275565613811750e+02,-1.781492651096744817e+00
2.629999999999999893e+00,1.000000000000000000e+00,1.200000000000000000e+02,1.184583553189191889e+02,2.947127383477930493e+02,-1.814887082366162918e+00
2.640000000000000124e+00,1.000000000000000000e+00,1.200000000000000000e+02,1.147101985314818933e+02,2.958767462131989987e+02,-1.847616019565113676e+00
2.649999999999999911e+00,1.000000000000000000e+00,1.200000000000000000e+02,1.167387288280052218e+02,2.970390998659275397e+02,-1.886254694068912885e+00
2.660000000000000142e+00,1.000000000000000000e+00,1.200000000000000000e+02,1.168001272093075755e+02,2.982243420704511436e+02,-1.902040705711623758e+00
2.669999999999999929e+00,1.000000000000000000e+00,1.200000000000000000e+02,1.210965556052409937e+02,2.994367030139304120e+02,-1.917391938174480392e+00
2.680000000000000160e+00,1.000000000000000000e+00,1.200000000000000000e+02,1.214300748225259241e+02,3.006493928296280842e+02,-1.933265709270288069e+00
2.689999999999999947e+00,1.000000000000000000e+00,1.200000000000000000e+02,1.167339415063942880e+02,3.018361018606224775e+02,-1.949096109591899495e+00
2.700000000000000178e+00,1.000000000000000000e+00,1.200000000000000000e+02,1.221457864080664422e+02,3.030384203930765921e+02,-1.972122630020905598e+00
2.709999999999999964e+00,1.000000000000000000e+00,1.200000000000000000e+02,1.210326900175139997e+02,3.042425818756240119e+02,-1.998516854577336188e+00
2.720000000000000195e+00,1.000000000000000000e+00,1.200000000000000000e+02,1.163679687263345244e+02,3.054275096403745806e+02,-2.034180445033171747e+00
2.729999999999999982e+00,1.000000000000000000e+00,1.200000000000000000e+02,1.214446150454138404e+02,3.066248414176446317e+02,-2.057529673249707702e+00
2.740000000000000213e+00,1.000000000000000000e+00,1.200000000000000000e+02,1.207144599063662014e+02,3.078222402621818219e+02,-2.081137185772198528e+00
2.750000000000000000e+00,1.000000000000000000e+00,1.200000000000000000e+02,1.209905082990128307e+02,3.090317612465258321e+02,-2.093308958813480114e+00
2.760000000000000231e+00,1.000000000000000000e+00,1.200000000000000000e+02,1.209159261296392884e+02,3.102414319038975918e+02,-2.096966929927513767e+00
2.770000000000000018e+00,1.000000000000000000e+00,1.200000000000000000e+02,1.169628152913879831e+02,3.114291201002463367e+02,-2.098676641816953570e+00
2.780000000000000249e+00,1.000000000000000000e+00,1.200000000000000000e+02,1.223302256851987835e+02,3.126335861402511114e+02,-2.095534118285669489e+00
2.790000000000000036e+00,1.000000000000000000e+00,1.200000000000000000e+02,1.178175700238729888e+02,3.138303502298056742e+02,-2.089112476543539820e+00
2.800000000000000266e+00,1.000000000000000000e+00,1.200000000000000000e+02,1.225131746707181861e+02,3.150540913328404145e+02,-2.078825920865835286e+00
2.810000000000000053e+00,1.000000000000000000e+00,1.200000000000000000e+02,1.216079017433007863e+02,3.162730681443206322e+02,-2.069931972144726018e+00
2.819999999999999840e+00,1.000000000000000000e+00,1.200000000000000000e+02,1.176936857597318209e+02,3.174679132865459223e+02,-2.053593980803746444e+00
2.830000000000000071e+00,1.000000000000000000e+00,1.200000000000000000e+02,1.218537050347604804e+02,3.186894339245015999e+02,-2.048456016028732840e+00
2.839999999999999858e+00,1.000000000000000000e+00,1.200000000000000000e+02,1.170850350227519385e+02,3.198805725602557004e+02,-2.041132799276191623e+00
2.850000000000000089e+00,1.000000000000000000e+00,1.200000000000000000e+02,1.226179379340022706e+02,3.210869257402009112e+02,-2.022645263683795491e+00
2.859999999999999876e+00,1.000000000000000000e+00,1.200000000000000000e+02,1.189711148583439240e+02,3.222917922380567006e+02,-1.999034186117534473e+00
2.870000000000000107e+00,1.000000000000000000e+00,1.200000000000000000e+02,1.242917300537759644e+02,3.235322530114389110e+02,-1.956643785324583051e+00
2.879999999999999893e+00,1.000000000000000000e+00,1.200000000000000000e+02,1.239579431448365057e+02,3.247739629060107518e+02,-1.909190646433058358e+00
2.890000000000000124e+00,1.000000000000000000e+00,1.200000000000000000e+02,1.183929788874922480e+02,3.259774934371777704e+02,-1.854002987639802313e+00
2.899999999999999911e+00,1.000000000000000000e+00,1.200000000000000000e+02,1.240566222864649717e+02,3.271987274957572822e+02,-1.800569670563524349e+00
2.910000000000000142e+00,1.000000000000000000e+00,1.200000000000000000e+02,1.187268009170782506e+02,3.284068675773414157e+02,-1.743044892071434537e+00
2.919999999999999929e+00,1.000000000000000000e+00,1.200000000000000000e+02,1.228495380760616200e+02,3.296340466011084231e+02,-1.687808236807521789e+00
2.930000000000000160e+00,1.000000000000000000e+00,1.200000000000000000e+02,1.218648161444041591e+02,3.308568281000959246e+02,-1.631178490648094170e+00
2.939999999999999947e+00,1.000000000000000000e+00,1.200000000000000000e+02,1.216529803070618385e+02,3.320597104021861696e+02,-1.578915762342814055e+00
2.950000000000000178e+00,1.000000000000000000e+00,1.200000000000000000e+02,1.215415062385293226e+02,3.332787398884161689e+02,-1.523460303800560078e+00
2.959999999999999964e+00,1.000000000000000000e+00,1.200000000000000000e+02,1.206823181122844062e+02,3.344892874418598581e+02,-1.471161673878221610e+00
2.970000000000000195e+00,1.000000000000000000e+00,1.200000000000000000e+02,1.161954451721588129e+02,3.356580942674149242e+02,-1.407695901527598270e+00
2.979999999999999982e+00,1.000000000000000000e+00,1.200000000000000000e+02,1.223874996159764521e+02,3.368598527176453672e+02,-1.358798760055876631e+00
2.990000000000000213e+00,1.000000000000000000e+00,1.200000000000000000e+02,1.186390829226979520e+02,3.380624299119381817e+02,-1.305086484431049021e+00
3.000000000000000000e+00,1.000000000000000000e+00,1.200000000000000000e+02,1.240767409821778244e+02,3.392843909864307648e+02,-1.246190048299256725e+00
3.010000000000000231e+00,1.000000000000000000e+00,1.200000000000000000e+02,1.224896216995649638e+02,3.405049271946138560e+02,-1.182818976680632961e+00
3.020000000000000018e+00,1.000000000000000000e+00,1.200000000000000000e+02,1.213099297311415654e+02,3.417093394281526457e+02,-1.126620625887332805e+00
3.030000000000000249e+00,1.000000000000000000e+00,1.200000000000000000e+02,1.209073359231222895e+02,3.429230981624313017e+02,-1.069160387378506938e+00
3.040000000000000036e+00,1.000000000000000000e+00,1.200000000000000000e+02,1.203538760943223309e+02,3.441300966324611181e+02,-1.016682900498574238e+00
3.050000000000000266e+00,1.000000000000000000e+00,1.200000000000000000e+02,1.201526173140354103e+02,3.453334989522476803e+02,-9.685198896788180800e-01
3.060000000000000053e+00,1.000000000000000000e+00,1.200000000000000000e+02,1.202261434085091452e+02,3.465333968644068250e+02,-9.250126628249387695e-01
3.070000000000000284e+00,1.000000000000000000e+00,1.200000000000000000e+02,1.202067570583905649e+02,3.477354582718713800e+02,-8.855968592921129590e-01
3.080000000000000071e+00,1.000000000000000000e+00,1.200000000000000000e+02,1.118632665999237190e+02,3.488899197737043210e+02,-8.361526821464692061e-01
3.089999999999999858e+00,1.000000000000000000e+00,1.200000000000000000e+02,1.219416012260466715e+02,3.500883147217624014e+02,-8.075981689379538864e-01
3.100000000000000089e+00,1.000000000000000000e+00,1.200000000000000000e+02,1.179390381205052591e+02,3.512834912840536958e+02,-7.772430548091884273e-01
3.109999999999999876e+00,1.000000000000000000e+00,1.200000000000000000e+02,1.249022016473127366e+02,3.525061962011015453e+02,-7.515785526894784851e-01
3.120000000000000107e+00,1.000000000000000000e+00,1.200000000000000000e+02,1.235346634599321192e+02,3.537342812225398916e+02,-7.228410391523941714e-01
3.129999999999999893e+00,1.000000000000000000e+00,1.200000000000000000e+02,1.237326362797265915e+02,3.549725995913949532e+02,-6.905445572324453440e-01
3.140000000000000124e+00,1.000000000000000000e+00,1.200000000000000000e+02,1.192807437677750499e+02,3.561845753712131568e+02,-6.609658414950086991e-01
3.149999999999999911e+00,1.000000000000000000e+00,1.200000000000000000e+02,1.194185133371565826e+02,3.573977840919664573e+02,-6.136595350133096094e-01
3.160000000000000142e+00,1.000000000000000000e+00,1.200000000000000000e+02,1.239299193616350721e+02,3.586208692232393105e+02,-5.799034229951530728e-01
3.169999999999999929e+00,1.000000000000000000e+00,1.200000000000000000e+02,1.228756107139905396e+02,3.598523997393632499e+02,-5.481715101531434708e-01
3.180000000000000160e+00,1.000000000000000000e+00,1.200000000000000000e+02,1.228617950791448550e+02,3.610823013611469037e+02,-5.187713274548575448e-01
3.189999999999999947e+00,1.000000000000000000e+00,1.200000000000000000e+02,1.223665444519582763e+02,3.623086688247008169e+02,-4.934947671617674336e-01
3.200000000000000178e+00,1.000000000000000000e+00,1.200000000000000000e+02,1.184272692044946211e+02,3.635098716392381561e+02,-4.748535529771469865e-01
3.209999999999999964e+00,1.000000000000000000e+00,1.200000000000000000e+02,1.242518164155596878e+02,3.647314748048382285e+02,-4.573994048560997006e-01
3.220000000000000195e+00,1.000000000000000000e+00,1.200000000000000000e+02,1.187828300874676586e+02,3.659386432637975872e+02,-4.451605958773772187e-01
3.229999999999999982e+00,1.000000000000000000e+00,1.200000000000000000e+02,1.222725028776719256e+02,3.671664229931354271e+02,-4.365434298735989538e-01
3.240000000000000213e+00,1.000000000000000000e+00,1.200000000000000000e+02,1.179999054269692493e+02,3.683637028639006985e+02,-4.252126816320382918e-01
3.250000000000000000e+00,1.000000000000000000e+00,1.200000000000000000e+02,1.235787088795440951e+02,3.695805381118628929e+02,-4.248617972674919585e-01
3.260000000000000231e+00,1.000000000000000000e+00,1.200000000000000000e+02,1.229271671597167455e+02,3.708025513181140127e+02,-4.238094760707292741e-01
3.270000000000000018e+00,1.000000000000000000e+00,1.200000000000000000e+02,1.230175869174789085e+02,3.720339583319355938e+02,-4.319508134928172760e-01
3.280000000000000249e+00,1.000000000000000000e+00,1.200000000000000000e+02,1.186708551952638118e+02,3.732407451578826567e+02,-4.453651251674951017e-01
3.290000000000000036e+00,1.000000000000000000e+00,1.200000000000000000e+02,1.240289687121887852e+02,3.744614517458838350e+02,-4.498449528972715550e-01
3.300000000000000266e+00,1.000000000000000000e+00,1.200000000000000000e+02,1.231554983005095210e+02,3.756923456177744356e+02,-4.577849354348403343e-01
3.310000000000000053e+00,1.000000000000000000e+00,1.200000000000000000e+02,1.234194920409480147e+02,3.769257651790060777e+02,-4.744829914563641893e-01
3.320000000000000284e+00,1.000000000000000000e+00,1.200000000000000000e+02,1.203438873528512261e+02,3.781440402586015352e+02,-5.027494945020674066e-01
3.330000000000000071e+00,1.000000000000000000e+00,1.200000000000000000e+02,1.253024352271462618e+02,3.793795688404142652e+02,-5.447334102777805498e-01
3.339999999999999858e+00,1.000000000000000000e+00,1.200000000000000000e+02,1.244571164170820339e+02,3.806182348741468786e+02,-5.991319247939960180e-01
3.350000000000000089e+00,1.000000000000000000e+00,1.200000000000000000e+02,1.232784767183846952e+02,3.818560080606291081e+02,-6.632942056659326679e-01
3.359999999999999876e+00,1.000000000000000000e+00,1.200000000000000000e+02,1.185268701737055750e+02,3.830615933399328128e+02,-7.401077165763941812e-01
3.370000000000000107e+00,1.000000000000000000e+00,1.200000000000000000e+02,1.227412832487640060e+02,3.842721970118670924e+02,-8.069850854119717809e-01
3.379999999999999893e+00,1.000000000000000000e+00,1.200000000000000000e+02,1.214464906903133254e+02,3.854902339411979710e+02,-8.758349463386192468e-01
3.390000000000000124e+00,1.000000000000000000e+00,1.200000000000000000e+02,1.207698527704359321e+02,3.867002248227278187e+02,-9.453759734175284368e-01
3.399999999999999911e+00,1.000000000000000000e+00,1.200000000000000000e+02,1.164586146513471050e+02,3.878837569669501022e+02,-1.021075276874100712e+00
3.410000000000000142e+00,1.000000000000000000e+00,1.200000000000000000e+02,1.221350902607261588e+02,3.890852674684730914e+02,-1.099586107209114205e+00
3.419999999999999929e+00,1.000000000000000000e+00,1.200000000000000000e+02,1.210909815120429585e+02,3.902904503105402227e+02,-1.187174445834579872e+00
3.430000000000000160e+00,1.000000000000000000e+00,1.200000000000000000e+02,1.199654499429546348e+02,3.914947545838441556e+02,-1.282040615884161738e+00
3.439999999999999947e+00,1.000000000000000000e+00,1.200000000000000000e+02,1.195351500567008145e+02,3.926918142677542960e+02,-1.382917252402173558e+00
3.450000000000000178e+00,1.000000000000000000e+00,1.200000000000000000e+02,1.196487730525497710e+02,3.938815118329560505e+02,-1.491044831861607411e+00
3.459999999999999964e+00,1.000000000000000000e+00,1.200000000000000000e+02,1.151898848830503255e+02,3.950422094610553927e+02,-1.595215910331449605e+00
3.470000000000000195e+00,1.000000000000000000e+00,1.200000000000000000e+02,1.199230967144283824e+02,3.962244449509704509e+02,-1.683318327578954943e+00
3.479999999999999982e+00,1.000000000000000000e+00,1.200000000000000000e+02,1.151567437404389551e+02,3.973954457222267251e+02,-1.774402178695751120e+00
3.490000000000000213e+00,1.000000000000000000e+00,1.200000000000000000e+02,1.189117946313326399e+02,3.985814066200627508e+02,-1.852275757042360471e+00
3.500000000000000000e+00,1.000000000000000000e+00,1.200000000000000000e+02,1.182088279162277757e+02,3.997668431071412556e+02,-1.933997782550759714e+00
3.510000000000000231e+00,1.000000000000000000e+00,1.200000000000000000e+02,1.182606722775500145e+02,4.009493442104480323e+02,-2.019929814202044760e+00
3.520000000000000018e+00,1.000000000000000000e+00,1.200000000000000000e+02,1.191521250227871320e+02,4.021368862322217979e+02,-2.109174665132482751e+00
3.530000000000000249e+00,1.000000000000000000e+00,1.200000000000000000e+02,1.156506522086262976e+02,4.033050200692868543e+02,-2.202889177336025739e+00
3.540000000000000036e+00,1.000000000000000000e+00,1.200000000000000000e+02,1.225256096835873905e+02,4.045063612585703936e+02,-2.288636814798326036e+00
3.550000000000000266e+00,1.000000000000000000e+00,1.200000000000000000e+02,1.183332006313523976e+02,4.057066095259094709e+02,-2.380637825121468598e+00
3.560000000000000053e+00,1.000000000000000000e+00,1.200000000000000000e+02,1.232571747288841806e+02,4.069235173914781285e+02,-2.461268155842953220e+00
3.570000000000000284e+00,1.000000000000000000e+00,1.200000000000000000e+02,1.225528054131052897e+02,4.081446640996307451e+02,-2.537406936476209296e+00
3.580000000000000071e+00,1.000000000000000000e+00,1.200000000000000000e+02,1.215973331795156156e+02,4.093588814127860473e+02,-2.611190887655329362e+00
3.589999999999999858e+00,1.000000000000000000e+00,1.200000000000000000e+02,1.210382890684746542e+02,4.105713320149258152e+02,-2.673815316899326167e+00
3.600000000000000089e+00,1.000000000000000000e+00,1.200000000000000000e+02,1.209831455680937040e+02,4.117802863486493266e+02,-2.729774095258941102e+00
3.609999999999999876e+00,1.000000000000000000e+00,1.200000000000000000e+02,1.168203479019926476e+02,4.129668597148411209e+02,-2.794838206046741824e+00
3.620000000000000107e+00,1.000000000000000000e+00,1.200000000000000000e+02,1.223985925819095542e+02,4.141714627312297807e+02,-2.852311734320685410e+00
3.629999999999999893e+00,1.000000000000000000e+00,1.200000000000000000e+02,1.180804654419828097e+02,4.153702751019757216e+02,-2.923465866899532362e+00
3.640000000000000124e+00,1.000000000000000000e+00,1.200000000000000000e+02,1.217457907113574009e+02,4.165910185083538977e+02,-2.989271704235157312e+00
3.649999999999999911e+00,1.000000000000000000e+00,1.200000000000000000e+02,1.211328754763749629e+02,4.178045126942923844e+02,-3.067758220178602890e+00
3.660000000000000142e+00,1.000000000000000000e+00,1.200000000000000000e+02,1.170308245293242919e+02,4.189949021669635272e+02,-3.148895890393780483e+00
3.669999999999999929e+00,1.000000000000000000e+00,1.200000000000000000e+02,1.211208921757872332e+02,4.202110716072929222e+02,-3.230735887125361749e+00
3.680000000000000160e+00,1.000000000000000000e+00,1.200000000000000000e+02,1.200196521831551593e+02,4.214144953310769210e+02,-3.309507620619271506e+00
3.689999999999999947e+00,1.000000000000000000e+00,1.200000000000000000e+02,1.155738690627654819e+02,4.225876718941030958e+02,-3.396604487587975285e+00
3.700000000000000178e+00,1.000000000000000000e+00,1.200000000000000000e+02,1.209903130380581615e+02,4.237773657511436340e+02,-3.471266181262722128e+00
3.709999999999999964e+00,1.000000000000000000e+00,1.200000000000000000e+02,1.166164910736200824e+02,4.249616174941562008e+02,-3.551520386130212703e+00
3.720000000000000195e+00,1.000000000000000000e+00,1.200000000000000000e+02,1.207147938421393860e+02,4.261529751516304714e+02,-3.628111556570714935e+00
3.729999999999999982e+00,1.000000000000000000e+00,1.200000000000000000e+02,1.197370864876680798e+02,4.273524662790842967e+02,-3.704937072878079274e+00
3.740000000000000213e+00,1.000000000000000000e+00,1.200000000000000000e+02,1.197641097433844521e+02,4.285495365717862910e+02,-3.784711798038474573e+00
3.750000000000000000e+00,1.000000000000000000e+00,1.200000000000000000e+02,1.162161455918281376e+02,4.297286971705502197e+02,-3.862956120675963501e+00
3.760000000000000231e+00,1.000000000000000000e+00,1.200000000000000000e+02,1.218009970815106016e+02,4.309270685640381657e+02,-3.935246281256724821e+00
3.770000000000000018e+00,1.000000000000000000e+00,1.200000000000000000e+02,1.215140310482541395e+02,4.321325150619461510e+02,-4.005847435990075311e+00
3.780000000000000249e+00,1.000000000000000000e+00,1.200000000000000000e+02,1.179655574140140288e+02,4.333288112104687571e+02,-4.090507885080771011e+00
3.790000000000000036e+00,1.000000000000000000e+00,1.200000000000000000e+02,1.212778007539962175e+02,4.345376869125756230e+02,-4.153023609205506617e+00
3.800000000000000266e+00,1.000000000000000000e+00,1.200000000000000000e+02,1.205182498349328881e+02,4.357467896493384956e+02,-4.215100126036841921e+00
3.810000000000000053e+00,1.000000000000000000e+00,1.200000000000000000e+02,1.202371278813412232e+02,4.369501129027322577e+02,-4.279356503557583125e+00
3.820000000000000284e+00,1.000000000000000000e+00,1.200000000000000000e+02,1.206744301694605781e+02,4.381548541977339823e+02,-4.345473964623516316e+00
3.830000000000000071e+00,1.000000000000000000e+00,1.200000000000000000e+02,1.183845966070307725e+02,4.393489756937296420e+02,-4.417489868676931941e+00
3.839999999999999858e+00,1.000000000000000000e+00,1.200000000000000000e+02,1.239049800024186538e+02,4.405693087617736410e+02,-4.480920678802044144e+00
3.850000000000000089e+00,1.000000000000000000e+00,1.200000000000000000e+02,1.195367333136440067e+02,4.417827835732571202e+02,-4.551745205112717407e+00
3.859999999999999876e+00,1.000000000000000000e+00,1.200000000000000000e+02,1.234731599847173129e+02,4.430215866534451834e+02,-4.604361951297701872e+00
3.870000000000000107e+00,1.000000000000000000e+00,1.200000000000000000e+02,1.225454994222081666e+02,4.442345423909928286e+02,-4.659964303673985953e+00
3.879999999999999893e+00,1.000000000000000000e+00,1.200000000000000000e+02,1.226550262081051130e+02,4.454630415723192414e+02,-4.707776979238945003e+00
3.890000000000000124e+00,1.000000000000000000e+00,1.200000000000000000e+02,1.227378113167876705e+02,4.466896829892688743e+02,-4.750158505174534085e+00
3.899999999999999911e+00,1.000000000000000000e+00,1.200000000000000000e+02,1.227867561639988310e+02,4.479190183119092126e+02,-4.790123411282752208e+00
3.910000000000000142e+00,1.000000000000000000e+00,1.200000000000000000e+02,1.220035164500395553e+02,4.491422144312721798e+02,-4.829417718157618999e+00
3.919999999999999929e+00,1.000000000000000000e+00,1.200000000000000000e+02,1.178258639394214242e+02,4.503383449102290683e+02,-4.874392298627458153e+00
3.930000000000000160e+00,1.000000000000000000e+00,1.200000000000000000e+02,1.236490836352936782e+02,4.515533506696251607e+02,-4.899594827081537929e+00
3.939999999999999947e+00,1.000000000000000000e+00,1.200000000000000000e+02,1.226260713659236501e+02,4.527725053198273599e+02,-4.921722786989762177e+00
3.950000000000000178e+00,1.000000000000000000e+00,1.200000000000000000e+02,1.219216421020594083e+02,4.539942365348262001e+02,-4.931877666218899670e+00
3.959999999999999964e+00,1.000000000000000000e+00,1.200000000000000000e+02,1.176746400392377723e+02,4.551890931878858737e+02,-4.938977776346184179e+00
3.970000000000000195e+00,1.000000000000000000e+00,1.200000000000000000e+02,1.231116612336277285e+02,4.564004386285110400e+02,-4.944717758556753218e+00
3.979999999999999982e+00,1.000000000000000000e+00,1.200000000000000000e+02,1.221283603360692211e+02,4.576094717330385038e+02,-4.954091067071257015e+00
3.990000000000000213e+00,1.000000000000000000e+00,1.200000000000000000e+02,1.225292610223317666e+02,4.588355765777878332e+02,-4.967107679490501582e+00
4.000000000000000000e+00,1.000000000000000000e+00,1.200000000000000000e+02,1.229548570219160837e+02,4.600492629930484441e+02,-4.993747055122852885e+00
4.009999999999999787e+00,1.000000000000000000e+00,1.200000000000000000e+02,1.239383243310047078e+02,4.612879251813599808e+02,-5.017710086511123713e+00
4.020000000000000462e+00,1.000000000000000000e+00,1.200000000000000000e+02,1.242848807733566616e+02,4.625306635314202026e+02,-5.043823229804290875e+00
4.030000000000000249e+00,1.000000000000000000e+00,1.200000000000000000e+02,1.241594675790030919e+02,4.637748314006182113e+02,-5.069366371461577536e+00
4.040000000000000036e+00,1.000000000000000000e+00,1.200000000000000000e+02,1.192257673417030048e+02,4.649881013558143650e+02,-5.094136620990992625e+00
4.049999999999999822e+00,1.000000000000000000e+00,1.200000000000000000e+02,1.237178379705555500e+02,4.662195326207328208e+02,-5.115372434440583760e+00
4.060000000000000497e+00,1.000000000000000000e+00,1.200000000000000000e+02,1.228109385820000909e+02,4.674506821960841876e+02,-5.132022325234181004e+00
4.070000000000000284e+00,1.000000000000000000e+00,1.200000000000000000e+02,1.186080339952407599e+02,4.686547235093734685e+02,-5.151809135825477171e+00
4.080000000000000071e+00,1.000000000000000000e+00,1.200000000000000000e+02,1.236385479087158643e+02,4.698720002276660352e+02,-5.161978869363513134e+00
4.089999999999999858e+00,1.000000000000000000e+00,1.200000000000000000e+02,1.231009790525965997e+02,4.710972384480504047e+02,-5.175918348670002445e+00
4.099999999999999645e+00,1.000000000000000000e+00,1.200000000000000000e+02,1.221195251443445926e+02,4.723225371628587936e+02,-5.193020722061208794e+00
4.110000000000000320e+00,1.000000000000000000e+00,1.200000000000000000e+02,1.176626404901816301e+02,4.735180067095491268e+02,-5.212587669107851873e+00
4.120000000000000107e+00,1.000000000000000000e+00,1.200000000000000000e+02,1.225217491838076995e+02,4.747437755943543038e+02,-5.238807643276196302e+00
4.129999999999999893e+00,1.000000000000000000e+00,1.200000000000000000e+02,1.225742511891991313e+02,4.759696344575666558e+02,-5.264523413068437740e+00
4.139999999999999680e+00,1.000000000000000000e+00,1.200000000000000000e+02,1.216179821608607057e+02,4.771775347681449944e+02,-5.299840996995444087e+00
4.150000000000000355e+00,1.000000000000000000e+00,1.200000000000000000e+02,1.183353688483007176e+02,4.783766838802991401e+02,-5.323741402862528282e+00
4.160000000000000142e+00,1.000000000000000000e+00,1.200000000000000000e+02,1.243740336215627593e+02,4.795998979634368311e+02,-5.337460627488215259e+00
4.169999999999999929e+00,1.000000000000000000e+00,1.200000000000000000e+02,1.194277110461678433e+02,4.808136417402895404e+02,-5.351319860315732591e+00
4.179999999999999716e+00,1.000000000000000000e+00,1.200000000000000000e+02,1.235190625716817294e+02,4.820458434829827752e+02,-5.348348582889843605e+00
4.190000000000000391e+00,1.000000000000000000e+00,1.200000000000000000e+02,1.224711684523057471e+02,4.832747561544538257e+02,-5.337104764385768085e+00
4.200000000000000178e+00,1.000000000000000000e+00,1.200000000000000000e+02,1.211751036949679161e+02,4.844910486499172748e+02,-5.326173026929343912e+00
4.209999999999999964e+00,1.000000000000000000e+00,1.200000000000000000e+02,1.213890344943023223e+02,4.857049035033639939e+02,-5.310870133149573569e+00
4.219999999999999751e+00,1.000000000000000000e+00,1.200000000000000000e+02,1.174140115980238477e+02,4.868974172276191439e+02,-5.292191292878852593e+00
4.230000000000000426e+00,1.000000000000000000e+00,1.200000000000000000e+02,1.228850840439746008e+02,4.881037609574251519e+02,-5.272622518721551188e+00
4.240000000000000213e+00,1.000000000000000000e+00,1.200000000000000000e+02,1.176623561717284048e+02,4.893006518942970047e+02,-5.253324587276427593e+00
4.250000000000000000e+00,1.000000000000000000e+00,1.200000000000000000e+02,1.216784226668132192e+02,4.905136184578137204e+02,-5.232669887407724651e+00
4.259999999999999787e+00,1.000000000000000000e+00,1.200000000000000000e+02,1.211656916060218663e+02,4.917274967312613967e+02,-5.213794067878962935e+00
4.270000000000000462e+00,1.000000000000000000e+00,1.200000000000000000e+02,1.174769851501813491e+02,4.929183822203133900e+02,-5.191712633745799721e+00
4.280000000000000249e+00,1.000000000000000000e+00,1.200000000000000000e+02,1.236174817477760257e+02,4.941448038890279122e+02,-5.177865690209978666e+00
4.290000000000000036e+00,1.000000000000000000e+00,1.200000000000000000e+02,1.191585895418553633e+02,4.953558357146811204e+02,-5.175986772573149430e+00
4.299999999999999822e+00,1.000000000000000000e+00,1.200000000000000000e+02,1.249255133829058906e+02,4.965873785902172699e+02,-5.161764450515015312e+00
4.310000000000000497e+00,1.000000000000000000e+00,1.200000000000000000e+02,1.237471494830988377e+02,4.978199021516662128e+02,-5.155150860584098105e+00
4.320000000000000284e+00,1.000000000000000000e+00,1.200000000000000000e+02,1.227900109183256632e+02,4.990512217693820389e+02,-5.153581859679741584e+00
4.330000000000000071e+00,1.000000000000000000e+00,1.200000000000000000e+02,1.224676628146196293e+02,5.002760828612678097e+02,-5.161397071631608213e+00
4.339999999999999858e+00,1.000000000000000000e+00,1.200000000000000000e+02,1.188853229353993726e+02,5.014807202085558515e+02,-5.180377091213276053e+00
4.350000000000000533e+00,1.000000000000000000e+00,1.200000000000000000e+02,1.245650039626856795e+02,5.027062041714455631e+02,-5.206397907581394868e+00
4.360000000000000320e+00,1.000000000000000000e+00,1.200000000000000000e+02,1.237351500659084564e+02,5.039306487067588591e+02,-5.243397263722862078e+00
4.370000000000000107e+00,1.000000000000000000e+00,1.200000000000000000e+02,1.198778123023366078e+02,5.051483655312589462e+02,-5.295666900381956310e+00
4.379999999999999893e+00,1.000000000000000000e+00,1.200000000000000000e+02,1.236319201639327900e+02,5.063709672956856593e+02,-5.335317929349155719e+00
4.389999999999999680e+00,1.000000000000000000e+00,1.200000000000000000e+02,1.221536147856135699e+02,5.075979121767443303e+02,-5.376818233973339467e+00
4.400000000000000355e+00,1.000000000000000000e+00,1.200000000000000000e+02,1.210750538719972127e+02,5.088107319011653544e+02,-5.422729006420139442e+00
4.410000000000000142e+00,1.000000000000000000e+00,1.200000000000000000e+02,1.204748104174220771e+02,5.100184367916456836e+02,-5.472197224203323884e+00
4.419999999999999929e+00,1.000000000000000000e+00,1.200000000000000000e+02,1.163030202793942038e+02,5.111990342863612682e+02,-5.529175837127930038e+00
4.429999999999999716e+00,1.000000000000000000e+00,1.200000000000000000e+02,1.221432425568028037e+02,5.124000449990486459e+02,-5.584122608330043036e+00
4.440000000000000391e+00,1.000000000000000000e+00,1.200000000000000000e+02,1.175397307798097302e+02,5.135943563797262641e+02,-5.649668956278549814e+00
4.450000000000000178e+00,1.000000000000000000e+00,1.200000000000000000e+02,1.212874450282888574e+02,5.148030715046792238e+02,-5.714907674804958759e+00
4.459999999999999964e+00,1.000000000000000000e+00,1.200000000000000000e+02,1.204536680043604520e+02,5.160109853679184653e+02,-5.784731096660779670e+00
4.469999999999999751e+00,1.000000000000000000e+00,1.200000000000000000e+02,1.200711270591362023e+02,5.172136362857236236e+02,-5.850112783700945229e+00
4.480000000000000426e+00,1.000000000000000000e+00,1.200000000000000000e+02,1.197421743689705238e+02,5.184123716107001201e+02,-5.913051655193930500e+00
4.490000000000000213e+00,1.000000000000000000e+00,1.200000000000000000e+02,1.114840647164879499e+02,5.195628360030779049e+02,-5.983322018022033895e+00
4.500000000000000000e+00,1.000000000000000000e+00,1.200000000000000000e+02,1.210568800608112525e+02,5.207580482127320920e+02,-6.031512554224619294e+00
4.509999999999999787e+00,1.000000000000000000e+00,1.200000000000000000e+02,1.200868599826985417e+02,5.219497156700585947e+02,-6.084583067604463658e+00
4.520000000000000462e+00,1.000000000000000000e+00,1.200000000000000000e+02,1.193720690772626085e+02,5.231480823813905090e+02,-6.131474896239294203e+00
4.530000000000000249e+00,1.000000000000000000e+00,1.200000000000000000e+02,1.190002843496496183e+02,5.243394519198093349e+02,-6.187302964738379707e+00
4.540000000000000036e+00,1.000000000000000000e+00,1.200000000000000000e+02,1.194250592821709915e+02,5.255321803592269134e+02,-6.251213119987632183e+00
4.549999999999999822e+00,1.000000000000000000e+00,1.200000000000000000e+02,1.199540616849324408e+02,5.267128521616377839e+02,-6.314438172938487526e+00
4.560000000000000497e+00,1.000000000000000000e+00,1.200000000000000000e+02,1.175077046987177454e+02,5.279009648028722950e+02,-6.383356928355348181e+00
4.570000000000000284e+00,1.000000000000000000e+00,1.200000000000000000e+02,1.227187419903281125e+02,5.291104665325260612e+02,-6.436879819812873826e+00
4.580000000000000071e+00,1.000000000000000000e+00,1.200000000000000000e+02,1.183320226352783493e+02,5.303125842946577677e+02,-6.490844412376831407e+00
4.589999999999999858e+00,1.000000000000000000e+00,1.200000000000000000e+02,1.231045541642289436e+02,5.315277721695357513e+02,-6.527486143217125836e+00
4.600000000000000533e+00,1.000000000000000000e+00,1.200000000000000000e+02,1.218379114275198987e+02,5.327381135976238511e+02,-6.568920431736986920e+00
4.610000000000000320e+00,1.000000000000000000e+00,1.200000000000000000e+02,1.214246508412296350e+02,5.339561086263533980e+02,-6.603020269230945871e+00
4.620000000000000107e+00,1.000000000000000000e+00,1.200000000000000000e+02,1.207771158429231946e+02,5.351620902393783581e+02,-6.642741657885842699e+00
4.629999999999999893e+00,1.000000000000000000e+00,1.200000000000000000e+02,1.217330235213003107e+02,5.363758517713507672e+02,-6.680534433147224505e+00
4.639999999999999680e+00,1.000000000000000000e+00,1.200000000000000000e+02,1.194314960608916891e+02,5.375803835196243199e+02,-6.724299694764693136e+00
4.650000000000000355e+00,1.000000000000000000e+00,1.200000000000000000e+02,1.248842305954407408e+02,5.388102884488887412e+02,-6.753439282509318353e+00
4.660000000000000142e+00,1.000000000000000000e+00,1.200000000000000000e+02,1.207032679369996799e+02,5.400350446088674516e+02,-6.786854719569840100e+00
4.669999999999999929e+00,1.000000000000000000e+00,1.200000000000000000e+02,1.255611897592885100e+02,5.412745272136072572e+02,-6.805305200573713797e+00
4.679999999999999716e+00,1.000000000000000000e+00,1.200000000000000000e+02,1.240489885547277709e+02,5.425187599083811847e+02,-6.821658323760944498e+00
4.690000000000000391e+00,1.000000000000000000e+00,1.200000000000000000e+02,1.189683352078085647e+02,5.437300949277257587e+02,-6.831925044136699654e+00
4.700000000000000178e+00,1.000000000000000000e+00,1.200000000000000000e+02,1.234734101484224169e+02,5.449675691352179001e+02,-6.838175614801436986e+00
4.709999999999999964e+00,1.000000000000000000e+00,1.200000000000000000e+02,1.227329148640191647e+02,5.461964350867561961e+02,-6.843717319114094089e+00
4.719999999999999751e+00,1.000000000000000000e+00,1.200000000000000000e+02,1.191089348735800968e+02,5.474035188186448977e+02,-6.858415964265784481e+00
4.730000000000000426e+00,1.000000000000000000e+00,1.200000000000000000e+02,1.245955478260558209e+02,5.486310747622941335e+02,-6.859749967459451092e+00
4.740000000000000213e+00,1.000000000000000000e+00,1.200000000000000000e+02,1.191491089775698100e+02,5.498422408946298674e+02,-6.873456424806113851e+00
4.750000000000000000e+00,1.000000000000000000e+00,1.200000000000000000e+02,1.222846755201945683e+02,5.510702415821758677e+02,-6.878192691645811152e+00
4.759999999999999787e+00,1.000000000000000000e+00,1.200000000000000000e+02,1.214085638841443853e+02,5.522868480948164915e+02,-6.893340157196700346e+00
4.770000000000000462e+00,1.000000000000000000e+00,1.200000000000000000e+02,1.175055865095517902e+02,5.534789670373201034e+02,-6.912469287795329542e+00
4.780000000000000249e+00,1.000000000000000000e+00,1.200000000000000000e+02,1.244755691206948001e+02,5.546994700112086321e+02,-6.930454448357608044e+00
4.790000000000000036e+00,1.000000000000000000e+00,1.200000000000000000e+02,1.194544253247131138e+02,5.559124634055111756e+02,-6.949590018098179556e+00
4.799999999999999822e+00,1.000000000000000000e+00,1.200000000000000000e+02,1.249382619836658392e+02,5.571652639466697110e+02,-6.961822048963830945e+00
4.810000000000000497e+00,1.000000000000000000e+00,1.200000000000000000e+02,1.203182684350398119e+02,5.583853179950377807e+02,-6.989244743073505184e+00
4.820000000000000284e+00,1.000000000000000000e+00,1.200000000000000000e+02,1.235200216796949064e+02,5.596198975010446475e+02,-6.997397885830880071e+00
4.830000000000000071e+00,1.000000000000000000e+00,1.200000000000000000e+02,1.224912197026972080e+02,5.608491865455956713e+02,-7.010489987658152344e+00
4.839999999999999858e+00,1.000000000000000000e+00,1.200000000000000000e+02,1.224006691852603979e+02,5.620731478869572584e+02,-7.027842408368442761e+00
4.850000000000000533e+00,1.000000000000000000e+00,1.200000000000000000e+02,1.194950892483500411e+02,5.632815759734925223e+02,-7.054219510323572528e+00
4.860000000000000320e+00,1.000000000000000000e+00,1.200000000000000000e+02,1.245420492092883791e+02,5.645084740201251634e+02,-7.078444355853904746e+00
4.870000000000000107e+00,1.000000000000000000e+00,1.200000000000000000e+02,1.198028846300232431e+02,5.657255645632592405e+02,-7.110651448159329924e+00
4.879999999999999893e+00,1.000000000000000000e+00,1.200000000000000000e+02,1.240421848092761792e+02,5.669644194449524548e+02,-7.129139283865202792e+00
4.889999999999999680e+00,1.000000000000000000e+00,1.200000000000000000e+02,1.231942509967431221e+02,5.681908559705982498e+02,-7.147784697549150579e+00
4.900000000000000355e+00,1.000000000000000000e+00,1.200000000000000000e+02,1.227254789723950807e+02,5.694202990541992904e+02,-7.159354921250288051e+00
4.910000000000000142e+00,1.000000000000000000e+00,1.200000000000000000e+02,1.232662252329552359e+02,5.706444310564012312e+02,-7.169686389215441658e+00
4.919999999999999929e+00,1.000000000000000000e+00,1.200000000000000000e+02,1.233923223733433900e+02,5.718788875495156390e+02,-7.175460890908031075e+00
4.929999999999999716e+00,1.000000000000000000e+00,1.200000000000000000e+02,1.226806664802223139e+02,5.731096707733505582e+02,-7.183303497763287915e+00
4.940000000000000391e+00,1.000000000000000000e+00,1.200000000000000000e+02,1.185308696775007036e+02,5.743120041954282442e+02,-7.196152898047239788e+00
4.950000000000000178e+00,1.000000000000000000e+00,1.200000000000000000e+02,1.247185952288878923e+02,5.755357371200121861e+02,-7.195194262502481841e+00
4.959999999999999964e+00,1.000000000000000000e+00,1.200000000000000000e+02,1.237077081742686175e+02,5.767659611622168541e+02,-7.190900509526635176e+00
4.969999999999999751e+00,1.000000000000000000e+00,1.200000000000000000e+02,1.227685871122906178e+02,5.779971457240671953e+02,-7.175345958326746931e+00
4.980000000000000426e+00,1.000000000000000000e+00,1.200000000000000000e+02,1.182025591030211302e+02,5.791987909876405638e+02,-7.154208335548757347e+00
4.990000000000000213e+00,1.000000000000000000e+00,1.200000000000000000e+02,1.236123224647871268e+02,5.804148440979574843e+02,-7.133031058640189492e+00
5.000000000000000000e+00,1.000000000000000000e+00,1.200000000000000000e+02,1.223197501630111930e+02,5.816323925678804017e+02,-7.113924778733202281e+00
5.009999999999999787e+00,2.000000000000000000e+00,2.000000000000000000e+02,1.348558957591196759e+02,5.829331234174161409e+02,-7.102111804631740632e+00
5.020000000000000462e+00,2.000000000000000000e+00,2.000000000000000000e+02,1.358900452058588542e+02,5.842919966865842980e+02,-7.025522645444358005e+00
5.030000000000000249e+00,2.000000000000000000e+00,2.000000000000000000e+02,1.334624778568557986e+02,5.856410444595993567e+02,-6.944340033369305054e+00
5.040000000000000036e+00,2.000000000000000000e+00,2.000000000000000000e+02,1.485758649532870379e+02,5.870720038791117759e+02,-6.876772708493672503e+00
5.049999999999999822e+00,2.000000000000000000e+00,2.000000000000000000e+02,1.457715835713453032e+02,5.885547468785742922e+02,-6.793571444363812439e+00
5.060000000000000497e+00,2.000000000000000000e+00,2.000000000000000000e+02,1.602705033803458718e+02,5.901014372825769669e+02,-6.713575240162546365e+00
5.070000000000000284e+00,2.000000000000000000e+00,2.000000000000000000e+02,1.503800880982756212e+02,5.916480658585655874e+02,-6.618913531486227519e+00
5.080000000000000071e+00,2.000000000000000000e+00,2.000000000000000000e+02,1.570592240955873820e+02,5.931961270328256433e+02,-6.547000243600089142e+00
5.089999999999999858e+00,2.000000000000000000e+00,2.000000000000000000e+02,1.537480524759712637e+02,5.947524000618375339e+02,-6.449119398720448260e+00
5.100000000000000533e+00,2.000000000000000000e+00,2.000000000000000000e+02,1.629764093947595143e+02,5.963453630105929051e+02,-6.382118602290024256e+00
5.110000000000000320e+00,2.000000000000000000e+00,2.000000000000000000e+02,1.618755820314706000e+02,5.979782219965248942e+02,-6.290444114567553591e+00
5.120000000000000107e+00,2.000000000000000000e+00,2.000000000000000000e+02,1.667603399782234135e+02,5.996361827463233567e+02,-6.237694734209061842e+00
5.129999999999999893e+00,2.000000000000000000e+00,2.000000000000000000e+02,1.687193551059359322e+02,6.013147416408646677e+02,-6.136447626333203509e+00
5.139999999999999680e+00,2.000000000000000000e+00,2.000000000000000000e+02,1.645163702014798446e+02,6.029918163581645558e+02,-6.098209306709248878e+00
5.150000000000000355e+00,2.000000000000000000e+00,2.000000000000000000e+02,1.635595395435433375e+02,6.046626286351170165e+02,-5.981024320237140479e+00
5.160000000000000142e+00,2.000000000000000000e+00,2.000000000000000000e+02,1.707445022079124328e+02,6.063586107689773144e+02,-5.937012293097890137e+00
5.169999999999999929e+00,2.000000000000000000e+00,2.000000000000000000e+02,1.771427367250644238e+02,6.081259578905588796e+02,-5.834466532420277574e+00
5.179999999999999716e+00,2.000000000000000000e+00,2.000000000000000000e+02,1.878429822433017478e+02,6.099994641975574723e+02,-5.774762450741289577e+00
5.190000000000000391e+00,2.000000000000000000e+00,2.000000000000000000e+02,1.899407730808637211e+02,6.119073600364158665e+02,-5.682869795109604105e+00
5.200000000000000178e+00,2.000000000000000000e+00,2.000000000000000000e+02,1.918143585946879455e+02,6.138381548882280185e+02,-5.630901475067378037e+00
5.209999999999999964e+00,2.000000000000000000e+00,2.000000000000000000e+02,1.993408967177392412e+02,6.157972404831579070e+02,-5.576588324931430307e+00
5.219999999999999751e+00,2.000000000000000000e+00,2.000000000000000000e+02,1.900210045616405239e+02,6.177329775126986533e+02,-5.512202699623413693e+00
5.230000000000000426e+00,2.000000000000000000e+00,2.000000000000000000e+02,1.934614771045646364e+02,6.196579578305018003e+02,-5.452979201990941327e+00
5.240000000000000213e+00,2.000000000000000000e+00,2.000000000000000000e+02,1.877149901316383875e+02,6.215671088834894817e+02,-5.396071726946175318e+00
5.250000000000000000e+00,2.000000000000000000e+00,2.000000000000000000e+02,1.995171418430273036e+02,6.235247082948709476e+02,-5.329848925819992367e+00
5.259999999999999787e+00,2.000000000000000000e+00,2.000000000000000000e+02,1.924335687678660065e+02,6.254755106844374950e+02,-5.268448030848952079e+00
5.270000000000000462e+00,2.000000000000000000e+00,2.000000000000000000e+02,1.941268322160923674e+02,6.274316011931591675e+02,-5.188577108844158126e+00
5.280000000000000249e+00,2.000000000000000000e+00,2.000000000000000000e+02,1.962835442682531379e+02,6.293869557989700070e+02,-5.131706819413494713e+00
5.290000000000000036e+00,2.000000000000000000e+00,2.000000000000000000e+02,1.976859098184381480e+02,6.313648154762352078e+02,-5.074551105385144645e+00
5.299999999999999822e+00,2.000000000000000000e+00,2.000000000000000000e+02,1.999714809364717780e+02,6.333630009101077576e+02,-5.037890368221501269e+00
5.310000000000000497e+00,2.000000000000000000e+00,2.000000000000000000e+02,1.939201514220081890e+02,6.353320685748582264e+02,-4.976414406858147288e+00
5.320000000000000284e+00,2.000000000000000000e+00,2.000000000000000000e+02,1.982164711934651109e+02,6.373040087883545084e+02,-4.955879595431667894e+00
5.330000000000000071e+00,2.000000000000000000e+00,2.000000000000000000e+02,2.009691438067041531e+02,6.392987283484447971e+02,-4.905658109688350699e+00
5.339999999999999858e+00,2.000000000000000000e+00,2.000000000000000000e+02,2.006559347495764882e+02,6.413040430059852497e+02,-4.889630502022545677e+00
5.350000000000000533e+00,2.000000000000000000e+00,2.000000000000000000e+02,1.983592820185749019e+02,6.433005033118513438e+02,-4.841144039233006957e+00
5.360000000000000320e+00,2.000000000000000000e+00,2.000000000000000000e+02,2.033989674647972947e+02,6.453193622912264118e+02,-4.812630702061196253e+00
5.370000000000000107e+00,2.000000000000000000e+00,2.000000000000000000e+02,1.971467030415162185e+02,6.473172502362307341e+02,-4.767681954829535940e+00
5.379999999999999893e+00,2.000000000000000000e+00,2.000000000000000000e+02,2.056268387008649370e+02,6.493459118218070216e+02,-4.738406933272438337e+00
5.389999999999999680e+00,2.000000000000000000e+00,2.000000000000000000e+02,2.000592810391822809e+02,6.513731792646098029e+02,-4.691939174029757353e+00
5.400000000000000355e+00,2.000000000000000000e+00,2.000000000000000000e+02,2.025309095217705817e+02,6.533944032650575764e+02,-4.668799882620380259e+00
5.410000000000000142e+00,2.000000000000000000e+00,2.000000000000000000e+02,1.950147289901413217e+02,6.553679663046267478e+02,-4.620051643619449422e+00
5.419999999999999929e+00,2.000000000000000000e+00,2.000000000000000000e+02,2.061555663255923321e+02,6.573969942121299255e+02,-4.586379673473358842e+00
5.429999999999999716e+00,2.000000000000000000e+00,2.000000000000000000e+02,2.016569905089104111e+02,6.594141602352767677e+02,-4.516644635373777028e+00
5.440000000000000391e+00,2.000000000000000000e+00,2.000000000000000000e+02,2.001512100980249045e+02,6.614174581857394060e+02,-4.486174741627413809e+00
5.450000000000000178e+00,2.000000000000000000e+00,2.000000000000000000e+02,2.015261797059614537e+02,6.634362752226592193e+02,-4.403427841101720475e+00
5.459999999999999964e+00,2.000000000000000000e+00,2.000000000000000000e+02,2.018397860467688929e+02,6.654573809741779087e+02,-4.392331589849702844e+00
5.469999999999999751e+00,2.000000000000000000e+00,2.000000000000000000e+02,2.119300086176014304e+02,6.675134275741907004e+02,-4.313819015040362359e+00
5.480000000000000426e+00,2.000000000000000000e+00,2.000000000000000000e+02,1.940089709981037345e+02,6.695034211221260421e+02,-4.320646494178716601e+00
5.490000000000000213e+00,2.000000000000000000e+00,2.000000000000000000e+02,2.156066328015397460e+02,6.715672391539449109e+02,-4.232110294426610686e+00
5.500000000000000000e+00,2.000000000000000000e+00,2.000000000000000000e+02,1.963234772755002098e+02,6.735940227858096705e+02,-4.248661112682574625e+00
5.509999999999999787e+00,2.000000000000000000e+00,2.000000000000000000e+02,2.159353727149878353e+02,6.756628840729481453e+02,-4.138317663924298451e+00
5.520000000000000462e+00,2.000000000000000000e+00,2.000000000000000000e+02,1.971813525750148983e+02,6.776944146586968145e+02,-4.124512553581811680e+00
5.530000000000000249e+00,2.000000000000000000e+00,2.000000000000000000e+02,2.158970714139399547e+02,6.797670350918180020e+02,-4.009034951451940110e+00
5.540000000000000036e+00,2.000000000000000000e+00,2.000000000000000000e+02,1.949226037307810202e+02,6.817703969877896952e+02,-3.977056910880269580e+00
5.549999999999999822e+00,2.000000000000000000e+00,2.000000000000000000e+02,2.205031680641778848e+02,6.838674728878236238e+02,-3.853671808800882115e+00
5.560000000000000497e+00,2.000000000000000000e+00,2.000000000000000000e+02,1.887567305790509522e+02,6.858413458035424810e+02,-3.833430681979984378e+00
5.570000000000000284e+00,2.000000000000000000e+00,2.000000000000000000e+02,2.132453481247655418e+02,6.878985780617815635e+02,-3.716542796074353561e+00
5.580000000000000071e+00,2.000000000000000000e+00,2.000000000000000000e+02,1.939265192983234840e+02,6.899095037315581749e+02,-3.672843736436449458e+00
5.589999999999999858e+00,2.000000000000000000e+00,2.000000000000000000e+02,2.075597567668453678e+02,6.919371332533913801e+02,-3.572471464987613032e+00
5.600000000000000533e+00,2.000000000000000000e+00,2.000000000000000000e+02,1.977081180545000336e+02,6.939496146949388731e+02,-3.525104627582289929e+00
5.610000000000000320e+00,2.000000000000000000e+00,2.000000000000000000e+02,2.042409765061152882e+02,6.959939684046706816e+02,-3.430824474999355722e+00
5.620000000000000107e+00,2.000000000000000000e+00,2.000000000000000000e+02,2.023595133995196989e+02,6.980212193088526647e+02,-3.376549757352370840e+00
5.629999999999999893e+00,2.000000000000000000e+00,2.000000000000000000e+02,2.021052268671851095e+02,7.000681127366715373e+02,-3.295318295422275501e+00
5.639999999999999680e+00,2.000000000000000000e+00,2.000000000000000000e+02,1.989304035042430598e+02,7.020684689301734807e+02,-3.255010089252266425e+00
5.650000000000000355e+00,2.000000000000000000e+00,2.000000000000000000e+02,1.975423573698168127e+02,7.040666765604756847e+02,-3.187725583249174210e+00
5.660000000000000142e+00,2.000000000000000000e+00,2.000000000000000000e+02,2.003234572608402857e+02,7.060660157389141887e+02,-3.170373212519943973e+00
5.669999999999999929e+00,2.000000000000000000e+00,2.000000000000000000e+02,1.912829863771535202e+02,7.080474733744116520e+02,-3.097468225872286762e+00
5.679999999999999716e+00,2.000000000000000000e+00,2.000000000000000000e+02,2.065237500403324304e+02,7.100724857783967536e+02,-3.097651230509812503e+00
5.690000000000000391e+00,2.000000000000000000e+00,2.000000000000000000e+02,1.911536071667248962e+02,7.120333251156991992e+02,-3.017709111049051263e+00
5.700000000000000178e+00,2.000000000000000000e+00,2.000000000000000000e+02,2.053827816314290544e+02,7.140228742340434565e+02,-3.021699824430407411e+00
5.709999999999999964e+00,2.000000000000000000e+00,2.000000000000000000e+02,1.947826254546349105e+02,7.160032652567250580e+02,-2.944149187763151154e+00
5.719999999999999751e+00,2.000000000000000000e+00,2.000000000000000000e+02,2.013079755200284353e+02,7.180053657523407082e+02,-2.953383242294700395e+00
5.730000000000000426e+00,2.000000000000000000e+00,2.000000000000000000e+02,1.974329492891048403e+02,7.199947131712859800e+02,-2.896502119226917138e+00
5.740000000000000213e+00,2.000000000000000000e+00,2.000000000000000000e+02,2.008756723997040865e+02,7.219768138938845823e+02,-2.903221468712629427e+00
5.750000000000000000e+00,2.000000000000000000e+00,2.000000000000000000e+02,1.953521085756616742e+02,7.239616726850636041e+02,-2.838617671797322828e+00
5.759999999999999787e+00,2.000000000000000000e+00,2.000000000000000000e+02,1.952418456866884355e+02,7.259414569229126073e+02,-2.862226818917686710e+00
5.770000000000000462e+00,2.000000000000000000e+00,2.000000000000000000e+02,1.897425894890343727e+02,7.278799533167237996e+02,-2.781616031572657022e+00
5.780000000000000249e+00,2.000000000000000000e+00,2.000000000000000000e+02,1.914555406964480540e+02,7.298269006091780966e+02,-2.804788519523839785e+00
5.790000000000000036e+00,2.000000000000000000e+00,2.000000000000000000e+02,1.904302487856149071e+02,7.317541107032203627e+02,-2.731607152446589026e+00
5.799999999999999822e+00,2.000000000000000000e+00,2.000000000000000000e+02,1.960712524793833325e+02,7.337089440326270733e+02,-2.752456703864676335e+00
5.810000000000000497e+00,2.000000000000000000e+00,2.000000000000000000e+02,1.936020913258571170e+02,7.356550194994562162e+02,-2.692208269255011110e+00
5.820000000000000284e+00,2.000000000000000000e+00,2.000000000000000000e+02,1.935034092950542117e+02,7.376009499636238615e+02,-2.704687380762681670e+00
5.830000000000000071e+00,2.000000000000000000e+00,2.000000000000000000e+02,1.914193599626179036e+02,7.395531634775119301e+02,-2.621221133244600932e+00
5.839999999999999858e+00,2.000000000000000000e+00,2.000000000000000000e+02,1.888989002078104420e+02,7.414667166209469542e+02,-2.645477169416128316e+00
5.850000000000000533e+00,2.000000000000000000e+00,2.000000000000000000e+02,1.947834866928794213e+02,7.434249582146460398e+02,-2.585917515122450716e+00
5.860000000000000320e+00,2.000000000000000000e+00,2.000000000000000000e+02,2.020748577177865855e+02,7.454046209457943633e+02,-2.600687247020731174e+00
5.870000000000000107e+00,2.000000000000000000e+00,2.000000000000000000e+02,1.947092541446247083e+02,7.473785329158981767e+02,-2.530950182290764072e+00
5.879999999999999893e+00,2.000000000000000000e+00,2.000000000000000000e+02,1.914995895020265095e+02,7.492920511131662806e+02,-2.564495144521100833e+00
5.889999999999999680e+00,2.000000000000000000e+00,2.000000000000000000e+02,1.957362105393575860e+02,7.512158275679489634e+02,-2.494572481426731603e+00
5.900000000000000355e+00,2.000000000000000000e+00,2.000000000000000000e+02,1.923045148039038850e+02,7.531536555430402586e+02,-2.513691054883164355e+00
5.910000000000000142e+00,2.000000000000000000e+00,2.000000000000000000e+02,1.909444826206745063e+02,7.550617734673477344e+02,-2.423547990838565980e+00
5.919999999999999929e+00,2.000000000000000000e+00,2.000000000000000000e+02,1.889605874686400284e+02,7.569459150211498581e+02,-2.467025796511753466e+00
5.929999999999999716e+00,2.000000000000000000e+00,2.000000000000000000e+02,1.961233971876457929e+02,7.588816133951331722e+02,-2.365216630486083105e+00
5.940000000000000391e+00,2.000000000000000000e+00,2.000000000000000000e+02,1.931184886926504305e+02,7.607959353883823042e+02,-2.405650366546361330e+00
5.950000000000000178e+00,2.000000000000000000e+00,2.000000000000000000e+02,1.919687270677979427e+02,7.627333871871252313e+02,-2.317404347979858947e+00
5.959999999999999964e+00,2.000000000000000000e+00,2.000000000000000000e+02,1.878233211143688095e+02,7.646141830296742228e+02,-2.346683979856968083e+00
5.969999999999999751e+00,2.000000000000000000e+00,2.000000000000000000e+02,1.958431970228012062e+02,7.665554833724901300e+02,-2.253088780067555863e+00
5.980000000000000426e+00,2.000000000000000000e+00,2.000000000000000000e+02,1.892409484639974835e+02,7.684569345239375480e+02,-2.296221781317340227e+00
5.990000000000000213e+00,2.000000000000000000e+00,2.000000000000000000e+02,1.959301041777065109e+02,7.703713712075765443e+02,-2.216546383448398050e+00
6.000000000000000000e+00,2.000000000000000000e+00,2.000000000000000000e+02,1.863714434836038265e+02,7.722596085130104484e+02,-2.264284216509731884e+00
6.009999999999999787e+00,2.000000000000000000e+00,2.000000000000000000e+02,1.969735862361304157e+02,7.741720636324314455e+02,-2.166035769786310183e+00
6.020000000000000462e+00,2.000000000000000000e+00,2.000000000000000000e+02,1.848241193270461906e+02,7.760436579540107687e+02,-2.225414075454544616e+00
6.030000000000000249e+00,2.000000000000000000e+00,2.000000000000000000e+02,1.976810513700079355e+02,7.779667729735776902e+02,-2.141537897260793688e+00
6.040000000000000036e+00,2.000000000000000000e+00,2.000000000000000000e+02,1.885451838076861577e+02,7.798680006860289495e+02,-2.207201414799953465e+00
6.049999999999999822e+00,2.000000000000000000e+00,2.000000000000000000e+02,2.033525356794753236e+02,7.818147571249143084e+02,-2.135092539791740851e+00
6.060000000000000497e+00,2.000000000000000000e+00,2.000000000000000000e+02,1.765437686900664573e+02,7.836517950378895421e+02,-2.204656924263682427e+00
6.070000000000000284e+00,2.000000000000000000e+00,2.000000000000000000e+02,1.977405146805554352e+02,7.855413554543104055e+02,-2.149701592617780488e+00
6.080000000000000071e+00,2.000000000000000000e+00,2.000000000000000000e+02,1.792842656112612474e+02,7.874008551661452202e+02,-2.201778803489840897e+00
6.089999999999999858e+00,2.000000000000000000e+00,2.000000000000000000e+02,1.972774248447817627e+02,7.893133771182849614e+02,-2.122739844849324875e+00
6.100000000000000533e+00,2.000000000000000000e+00,2.000000000000000000e+02,1.785618914319256874e+02,7.911748451461478453e+02,-2.179457105120589322e+00
6.110000000000000320e+00,2.000000000000000000e+00,2.000000000000000000e+02,1.974660622144459978e+02,7.930984417970715867e+02,-2.097427885384612001e+00
6.120000000000000107e+00,2.000000000000000000e+00,2.000000000000000000e+02,1.817943365432137171e+02,7.949712328137768509e+02,-2.158669128116707192e+00
6.129999999999999893e+00,2.000000000000000000e+00,2.000000000000000000e+02,1.925678492402707604e+02,7.968743839561043387e+02,-2.075314743896439662e+00
6.140000000000000568e+00,2.000000000000000000e+00,2.000000000000000000e+02,1.842120797363114377e+02,7.987520218092458890e+02,-2.112336183337496287e+00
6.150000000000000355e+00,2.000000000000000000e+00,2.000000000000000000e+02,1.967504729177564116e+02,8.006840745630108813e+02,-2.003988559941415115e+00
6.160000000000000142e+00,2.000000000000000000e+00,2.000000000000000000e+02,1.919976503042535114e+02,8.026155008222287961e+02,-2.027041436843850075e+00
6.169999999999999929e+00,2.000000000000000000e+00,2.000000000000000000e+02,1.869298998732064376e+02,8.045216582504261851e+02,-1.914434045942647211e+00
6.179999999999999716e+00,2.000000000000000000e+00,2.000000000000000000e+02,1.961849738638810834e+02,8.064658074438085578e+02,-1.918600981454824828e+00
6.190000000000000391e+00,2.000000000000000000e+00,2.000000000000000000e+02,1.860500307444656585e+02,8.083769415650849623e+02,-1.795713994040521566e+00
6.200000000000000178e+00,2.000000000000000000e+00,2.000000000000000000e+02,1.965451375099140989e+02,8.102951335066421734e+02,-1.826735231162934348e+00
6.209999999999999964e+00,2.000000000000000000e+00,2.000000000000000000e+02,1.914691765248391846e+02,8.122050767082896527e+02,-1.692457690548133664e+00
6.219999999999999751e+00,2.000000000000000000e+00,2.000000000000000000e+02,1.901344166402483609e+02,8.140767412736424831e+02,-1.746191734912663440e+00
6.230000000000000426e+00,2.000000000000000000e+00,2.000000000000000000e+02,1.977673861439645009e+02,8.159849363014470782e+02,-1.611200601830113266e+00
6.240000000000000213e+00,2.000000000000000000e+00,2.000000000000000000e+02,2.002971880347776903e+02,8.179166808877935182e+02,-1.675878925896478355e+00
6.250000000000000000e+00,2.000000000000000000e+00,2.000000000000000000e+02,1.968285056016973442e+02,8.198483498571429209e+02,-1.535298846744257428e+00
6.259999999999999787e+00,2.000000000000000000e+00,2.000000000000000000e+02,2.005806735891884500e+02,8.217774840261254212e+02,-1.605161213245164031e+00
6.270000000000000462e+00,2.000000000000000000e+00,2.000000000000000000e+02,1.978956640326613581e+02,8.236935417440652145e+02,-1.473481833840934785e+00
6.280000000000000249e+00,2.000000000000000000e+00,2.000000000000000000e+02,1.951349373330405967e+02,8.255958001478184087e+02,-1.556201467302508634e+00
6.290000000000000036e+00,2.000000000000000000e+00,2.000000000000000000e+02,2.047857525017080036e+02,8.275379090485081406e+02,-1.416295982329700109e+00
6.299999999999999822e+00,2.000000000000000000e+00,2.000000000000000000e+02,2.011988708536549950e+02,8.294793319615928340e+02,-1.501641282130414590e+00
6.310000000000000497e+00,2.000000000000000000e+00,2.000000000000000000e+02,1.969331711474866893e+02,8.314096004812306546e+02,-1.374049317182910457e+00
6.320000000000000284e+00,2.000000000000000000e+00,2.000000000000000000e+02,1.936505605713461193e+02,8.333032576895762986e+02,-1.410561013325143609e+00
6.330000000000000071e+00,2.000000000000000000e+00,2.000000000000000000e+02,1.939324416015166435e+02,8.352170846613556705e+02,-1.275355724045835082e+00
6.339999999999999858e+00,2.000000000000000000e+00,2.000000000000000000e+02,1.906425436957783859e+02,8.370994770741509683e+02,-1.312468080912028379e+00
6.350000000000000533e+00,2.000000000000000000e+00,2.000000000000000000e+02,1.952043023195033129e+02,8.390039004832823366e+02,-1.171894420904038503e+00
6.360000000000000320e+00,2.000000000000000000e+00,2.000000000000000000e+02,1.900245242010060451e+02,8.408915106450217536e+02,-1.199217859466155556e+00
6.370000000000000107e+00,2.000000000000000000e+00,2.000000000000000000e+02,1.941099122762513502e+02,8.427710451991794116e+02,-1.043336826141249674e+00
6.379999999999999893e+00,2.000000000000000000e+00,2.000000000000000000e+02,1.942983535308930527e+02,8.446921566525010121e+02,-1.061894009635723890e+00
6.390000000000000568e+00,2.000000000000000000e+00,2.000000000000000000e+02,2.013212399890520885e+02,8.466596328019670636e+02,-9.075531795504425681e-01
6.400000000000000355e+00,2.000000000000000000e+00,2.000000000000000000e+02,1.912202252629840018e+02,8.485826901383525183e+02,-9.127177549421818803e-01
6.410000000000000142e+00,2.000000000000000000e+00,2.000000000000000000e+02,2.035160309007686408e+02,8.505589986267132190e+02,-7.615051584744888524e-01
6.419999999999999929e+00,2.000000000000000000e+00,2.000000000000000000e+02,1.926693838074184839e+02,8.524933068822308542e+02,-7.658683498730102235e-01
6.429999999999999716e+00,2.000000000000000000e+00,2.000000000000000000e+02,2.049512346618778622e+02,8.544657372740875871e+02,-6.093873533169323897e-01
6.440000000000000391e+00,2.000000000000000000e+00,2.000000000000000000e+02,1.869498838176241691e+02,8.563649995285331897e+02,-5.986600404340476356e-01
6.450000000000000178e+00,2.000000000000000000e+00,2.000000000000000000e+02,1.980099931030501068e+02,8.582903578601275285e+02,-4.354335539278049172e-01
6.459999999999999964e+00,2.000000000000000000e+00,2.000000000000000000e+02,1.862372847482900511e+02,8.601548599447684182e+02,-4.271377243361315079e-01
6.469999999999999751e+00,2.000000000000000000e+00,2.000000000000000000e+02,2.000576523874027828e+02,8.620972496174857724e+02,-2.492781793122435252e-01
6.480000000000000426e+00,2.000000000000000000e+00,2.000000000000000000e+02,1.924422754544590362e+02,8.639803049966086519e+02,-2.549690942167877616e-01
6.490000000000000213e+00,2.000000000000000000e+00,2.000000000000000000e+02,1.938792879090343604e+02,8.658744308660430988e+02,-1.004448289812457928e-01
6.500000000000000000e+00,2.000000000000000000e+00,2.000000000000000000e+02,1.952320167441370700e+02,8.677831825559005665e+02,-8.796282823661363826e-02
6.509999999999999787e+00,2.000000000000000000e+00,2.000000000000000000e+02,1.944954809441169630e+02,8.696878918285500504e+02,8.158234816700626890e-02
6.520000000000000462e+00,2.000000000000000000e+00,2.000000000000000000e+02,2.006881248634466601e+02,8.716168485048818866e+02,7.526591307446428569e-02
6.530000000000000249e+00,2.000000000000000000e+00,2.000000000000000000e+02,1.994263955494418497e+02,8.735447930739647973e+02,2.739259656156415312e-01
6.540000000000000036e+00,2.000000000000000000e+00,2.000000000000000000e+02,2.023676784263280695e+02,8.754903269464660980e+02,2.884656219649134323e-01
6.549999999999999822e+00,2.000000000000000000e+00,2.000000000000000000e+02,1.972110403810505375e+02,8.774504261180491085e+02,4.461320051418375954e-01
6.560000000000000497e+00,2.000000000000000000e+00,2.000000000000000000e+02,1.979912899252800571e+02,8.793977043557542856e+02,4.753350599521530273e-01
6.570000000000000284e+00,2.000000000000000000e+00,2.000000000000000000e+02,1.960500087218537715e+02,8.813433191643804321e+02,6.378571080029002971e-01
6.580000000000000071e+00,2.000000000000000000e+00,2.000000000000000000e+02,2.029524606965097178e+02,8.832842539203120396e+02,6.653231821757241704e-01
6.589999999999999858e+00,2.000000000000000000e+00,2.000000000000000000e+02,1.894377912711677254e+02,8.852098956618444845e+02,8.305199905129768689e-01
6.600000000000000533e+00,2.000000000000000000e+00,2.000000000000000000e+02,2.052468541152706791e+02,8.871582756203101781e+02,8.630158954798590187e-01
6.610000000000000320e+00,2.000000000000000000e+00,2.000000000000000000e+02,1.886084792869335729e+02,8.890743190720730809e+02,1.014546602771261741e+00
6.620000000000000107e+00,2.000000000000000000e+00,2.000000000000000000e+02,2.041203104036809748e+02,8.910242992077425015e+02,1.014325220172921149e+00
6.629999999999999893e+00,2.000000000000000000e+00,2.000000000000000000e+02,1.884134201915123299e+02,8.929483705754919356e+02,1.165675550417198281e+00
6.640000000000000568e+00,2.000000000000000000e+00,2.000000000000000000e+02,1.980394944572157954e+02,8.948756957679690913e+02,1.148205464796823394e+00
6.650000000000000355e+00,2.000000000000000000e+00,2.000000000000000000e+02,2.015207862330584589e+02,8.968596699116142190e+02,1.226046322910794961e+00
6.660000000000000142e+00,2.000000000000000000e+00,2.000000000000000000e+02,2.013415536398650545e+02,8.988122229787528568e+02,1.180542448057604776e+00
6.669999999999999929e+00,2.000000000000000000e+00,2.000000000000000000e+02,1.937580201412454812e+02,9.007552543796679174e+02,1.242605146270001626e+00
6.679999999999999716e+00,2.000000000000000000e+00,2.000000000000000000e+02,1.981164154169274809e+02,9.027139415630987287e+02,1.215513770232656388e+00
6.690000000000000391e+00,2.000000000000000000e+00,2.000000000000000000e+02,1.927542421140450699e+02,9.046652461758171739e+02,1.261439798665361156e+00
6.700000000000000178e+00,2.000000000000000000e+00,2.000000000000000000e+02,1.942819803840930035e+02,9.065985991178525865e+02,1.223453003146628415e+00
6.709999999999999964e+00,2.000000000000000000e+00,2.000000000000000000e+02,1.921580893914423029e+02,9.085314018881524589e+02,1.254638919242735629e+00
6.719999999999999751e+00,2.000000000000000000e+00,2.000000000000000000e+02,1.997375234856037878e+02,9.105015789837058264e+02,1.189021795139203697e+00
6.730000000000000426e+00,2.000000000000000000e+00,2.000000000000000000e+02,1.906864701531587514e+02,9.124374204043025429e+02,1.214133276182686627e+00
6.740000000000000213e+00,2.000000000000000000e+00,2.000000000000000000e+02,1.982863805682446241e+02,9.143776943194584419e+02,1.161000068085130010e+00
6.750000000000000000e+00,2.000000000000000000e+00,2.000000000000000000e+02,1.920979931148420690e+02,9.163004870399289530e+02,1.204141513951055842e+00
6.759999999999999787e+00,2.000000000000000000e+00,2.000000000000000000e+02,2.039557111631115731e+02,9.182685901378413291e+02,1.138589756592400803e+00
6.770000000000000462e+00,2.000000000000000000e+00,2.000000000000000000e+02,1.951849581555117084e+02,9.202215009424865002e+02,1.191229542196227120e+00
6.780000000000000249e+00,2.000000000000000000e+00,2.000000000000000000e+02,1.991079407417240077e+02,9.221598672303890680e+02,1.136687384131867873e+00
6.790000000000000036e+00,2.000000000000000000e+00,2.000000000000000000e+02,1.965951297002063711e+02,9.241153513124986603e+02,1.181373046523370496e+00
6.799999999999999822e+00,2.000000000000000000e+00,2.000000000000000000e+02,1.959824529702591462e+02,9.260829777453851648e+02,1.139253404890059551e+00
6.810000000000000497e+00,2.000000000000000000e+00,2.000000000000000000e+02,2.052179733255606209e+02,9.280797404518722260e+02,1.176676764265266684e+00
6.820000000000000284e+00,2.000000000000000000e+00,2.000000000000000000e+02,1.880361088528354685e+02,9.300140576180180005e+02,1.139482986498609574e+00
6.830000000000000071e+00,2.000000000000000000e+00,2.000000000000000000e+02,2.063513816160477461e+02,9.320115824220415561e+02,1.163384363108201702e+00
6.839999999999999858e+00,2.000000000000000000e+00,2.000000000000000000e+02,1.939176639583970996e+02,9.339754965147280927e+02,1.139062797295385732e+00
6.850000000000000533e+00,2.000000000000000000e+00,2.000000000000000000e+02,1.981000044274069296e+02,9.359427003664760605e+02,1.172310277814111235e+00
6.860000000000000320e+00,2.000000000000000000e+00,2.000000000000000000e+02,1.999110135460632307e+02,9.379189943419333986e+02,1.133584817332490724e+00
6.870000000000000107e+00,2.000000000000000000e+00,2.000000000000000000e+02,2.021634204675422666e+02,9.399152361090967815e+02,1.185831218261185649e+00
6.879999999999999893e+00,2.000000000000000000e+00,2.000000000000000000e+02,1.932424590714118153e+02,9.418595269407031765e+02,1.137075809141365079e+00
6.890000000000000568e+00,2.000000000000000000e+00,2.000000000000000000e+02,2.102528653083259087e+02,9.438695193062958424e+02,1.196725259553932830e+00
6.900000000000000355e+00,2.000000000000000000e+00,2.000000000000000000e+02,1.972798263822264744e+02,9.458369016273504712e+02,1.118241691436584473e+00
6.910000000000000142e+00,2.000000000000000000e+00,2.000000000000000000e+02,2.023910503320298062e+02,9.478266965720058579e+02,1.170157400990979202e+00
6.919999999999999929e+00,2.000000000000000000e+00,2.000000000000000000e+02,1.949653830736781401e+02,9.498014039405367157e+02,1.107651646710476001e+00
6.929999999999999716e+00,2.000000000000000000e+00,2.000000000000000000e+02,1.992809899412185644e+02,9.517536037730103544e+02,1.159258883926267192e+00
6.940000000000000391e+00,2.000000000000000000e+00,2.000000000000000000e+02,1.959030365691911015e+02,9.536967060205221287e+02,1.089889333799389126e+00
6.950000000000000178e+00,2.000000000000000000e+00,2.000000000000000000e+02,1.973469388407870326e+02,9.556476533098422124e+02,1.135324544014678860e+00
6.959999999999999964e+00,2.000000000000000000e+00,2.000000000000000000e+02,1.957852441388353384e+02,9.576201136993303180e+02,1.084073947857268960e+00
6.969999999999999751e+00,2.000000000000000000e+00,2.000000000000000000e+02,1.991676806331369107e+02,9.596096743464948986e+02,1.126218549401989177e+00
6.980000000000000426e+00,2.000000000000000000e+00,2.000000000000000000e+02,1.955413524801092535e+02,9.615598746201214908e+02,1.076018596419610951e+00
6.990000000000000213e+00,2.000000000000000000e+00,2.000000000000000000e+02,1.999521472418495307e+02,9.635216703507968532e+02,1.113364530741371983e+00
7.000000000000000000e+00,2.000000000000000000e+00,2.000000000000000000e+02,1.989617477364347451e+02,9.654751661100998490e+02,1.058176915444586808e+00
7.009999999999999787e+00,2.000000000000000000e+00,2.000000000000000000e+02,1.957250805263404914e+02,9.674337394494430100e+02,1.092088175374225090e+00
7.020000000000000462e+00,2.000000000000000000e+00,2.000000000000000000e+02,2.042694462782114044e+02,9.694051936363210871e+02,1.024422056433804240e+00
7.030000000000000249e+00,2.000000000000000000e+00,2.000000000000000000e+02,1.874498054306955623e+02,9.713344279022819592e+02,1.052708050184933741e+00
7.040000000000000036e+00,2.000000000000000000e+00,2.000000000000000000e+02,2.042060743077959728e+02,9.733154644059570728e+02,9.693292099594925659e-01
7.049999999999999822e+00,2.000000000000000000e+00,2.000000000000000000e+02,1.906499589725042370e+02,9.752378631083350911e+02,1.006288015813967096e+00
7.060000000000000497e+00,2.000000000000000000e+00,2.000000000000000000e+02,1.978740417901850890e+02,9.771893504153583763e+02,8.934482883111494189e-01
7.070000000000000284e+00,2.000000000000000000e+00,2.000000000000000000e+02,1.941434897934185244e+02,9.791413477275092418e+02,9.454073409547590900e-01
7.080000000000000071e+00,2.000000000000000000e+00,2.000000000000000000e+02,1.954935052285964616e+02,9.810947928296382088e+02,8.342086077984103287e-01
7.089999999999999858e+00,2.000000000000000000e+00,2.000000000000000000e+02,1.989831861462205893e+02,9.830630759225003885e+02,8.907605269620147981e-01
7.100000000000000533e+00,2.000000000000000000e+00,2.000000000000000000e+02,1.957236288817578611e+02,9.850237805251763348e+02,7.977835502172675453e-01
7.110000000000000320e+00,2.000000000000000000e+00,2.000000000000000000e+02,1.965879261066002641e+02,9.869811397385524288e+02,8.697053585120009256e-01
7.120000000000000107e+00,2.000000000000000000e+00,2.000000000000000000e+02,1.954576836106971314e+02,9.889225102391709470e+02,7.679045459704418874e-01
7.129999999999999893e+00,2.000000000000000000e+00,2.000000000000000000e+02,1.957386540041200362e+02,9.908790362221992609e+02,8.176973021182724066e-01
7.140000000000000568e+00,2.000000000000000000e+00,2.000000000000000000e+02,1.970143211473095732e+02,9.928315043412849263e+02,7.557291929727412150e-01
7.150000000000000355e+00,2.000000000000000000e+00,2.000000000000000000e+02,1.968191289980402132e+02,9.947844504346028316e+02,8.104753539030405962e-01
7.160000000000000142e+00,2.000000000000000000e+00,2.000000000000000000e+02,1.937112383740488326e+02,9.967166593777120625e+02,7.554391530606929805e-01
7.169999999999999929e+00,2.000000000000000000e+00,2.000000000000000000e+02,1.968988699234114392e+02,9.986582595028334026e+02,8.007129938740371600e-01
7.179999999999999716e+00,2.000000000000000000e+00,2.000000000000000000e+02,1.882649376577966507e+02,1.000565719350468953e+03,7.305891113320357455e-01
7.190000000000000391e+00,2.000000000000000000e+00,2.000000000000000000e+02,1.972842897273071117e+02,1.002490342218345631e+03,7.917820761579329458e-01
7.200000000000000178e+00,2.000000000000000000e+00,2.000000000000000000e+02,1.881120152953610045e+02,1.004398037260951241e+03,7.352133234517246319e-01
7.209999999999999964e+00,2.000000000000000000e+00,2.000000000000000000e+02,1.929062328835259166e+02,1.006309750422962566e+03,7.973173620368837478e-01
7.219999999999999751e+00,2.000000000000000000e+00,2.000000000000000000e+02,1.946787858746310462e+02,1.008229277535803590e+03,7.420877615658942883e-01
7.230000000000000426e+00,2.000000000000000000e+00,2.000000000000000000e+02,1.876718679612830840e+02,1.010139340640343107e+03,7.870836432666068472e-01
7.240000000000000213e+00,2.000000000000000000e+00,2.000000000000000000e+02,1.930140266893587579e+02,1.012066295988047841e+03,7.483378860478222538e-01
7.250000000000000000e+00,2.000000000000000000e+00,2.000000000000000000e+02,1.918712967043100548e+02,1.013989349556053753e+03,8.116750248431006121e-01
7.259999999999999787e+00,2.000000000000000000e+00,2.000000000000000000e+02,2.002055914918232133e+02,1.015960647424309286e+03,7.555304390747551446e-01
7.270000000000000462e+00,2.000000000000000000e+00,2.000000000000000000e+02,1.976040506230813207e+02,1.017929929087594019e+03,8.144453909122665314e-01
7.280000000000000249e+00,2.000000000000000000e+00,2.000000000000000000e+02,2.055286415720615025e+02,1.019913222914400194e+03,7.428652587136913565e-01
7.290000000000000036e+00,2.000000000000000000e+00,2.000000000000000000e+02,1.867280791181392772e+02,1.021832853933096203e+03,8.057598580445715086e-01
7.299999999999999822e+00,2.000000000000000000e+00,2.000000000000000000e+02,2.071444622261561506e+02,1.023808811468535964e+03,6.916467509882381348e-01
7.310000000000000497e+00,2.000000000000000000e+00,2.000000000000000000e+02,1.875087374278019183e+02,1.025734717764125662e+03,7.287751069214295496e-01
7.320000000000000284e+00,2.000000000000000000e+00,2.000000000000000000e+02,2.057359044649924726e+02,1.027707736243227373e+03,5.853648949957758196e-01
7.330000000000000071e+00,2.000000000000000000e+00,2.000000000000000000e+02,1.948740891199705914e+02,1.029660050687991543e+03,6.272305600397813929e-01
7.339999999999999858e+00,2.000000000000000000e+00,2.000000000000000000e+02,2.066307954201887469e+02,1.031633193629928883e+03,5.022719109664516290e-01
7.350000000000000533e+00,2.000000000000000000e+00,2.000000000000000000e+02,1.949340482670127699e+02,1.033597481629750746e+03,5.505742111085976109e-01
7.360000000000000320e+00,2.000000000000000000e+00,2.000000000000000000e+02,2.061122324941442230e+02,1.035563511217733094e+03,4.048245618557855807e-01
7.370000000000000107e+00,2.000000000000000000e+00,2.000000000000000000e+02,1.906510617904608296e+02,1.037477486266755250e+03,4.421110194348334965e-01
7.379999999999999893e+00,2.000000000000000000e+00,2.000000000000000000e+02,2.088911677927106041e+02,1.039480906307624537e+03,2.803196848611202996e-01
7.390000000000000568e+00,2.000000000000000000e+00,2.000000000000000000e+02,1.931613063552314600e+02,1.041430070208849656e+03,2.974399812982045921e-01
7.400000000000000355e+00,2.000000000000000000e+00,2.000000000000000000e+02,2.161894943105159825e+02,1.043491407057084871e+03,1.267843864512241125e-01
7.410000000000000142e+00,2.000000000000000000e+00,2.000000000000000000e+02,1.857484161352229250e+02,1.045391171301198028e+03,1.386694598713093252e-01
7.419999999999999929e+00,2.000000000000000000e+00,2.000000000000000000e+02,2.135373267241045596e+02,1.047402948362637972e+03,-5.776244733322545739e-03
7.429999999999999716e+00,2.000000000000000000e+00,2.000000000000000000e+02,1.875489424633801434e+02,1.049327254808035150e+03,4.132297131331157808e-03
7.440000000000000391e+00,2.000000000000000000e+00,2.000000000000000000e+02,2.135549147107952592e+02,1.051335366826681820e+03,-1.350691578097931167e-01
7.450000000000000178e+00,2.000000000000000000e+00,2.000000000000000000e+02,1.882569803811158238e+02,1.053259433021429913e+03,-1.310769241247522476e-01
7.459999999999999964e+00,2.000000000000000000e+00,2.000000000000000000e+02,2.026779290090841812e+02,1.055237670786705621e+03,-2.543141552339198141e-01
7.469999999999999751e+00,2.000000000000000000e+00,2.000000000000000000e+02,1.844612641230600616e+02,1.057141671993561886e+03,-2.649732357186612708e-01
7.480000000000000426e+00,2.000000000000000000e+00,2.000000000000000000e+02,2.022494992714000830e+02,1.059100863397058220e+03,-3.866412842984550680e-01
7.490000000000000213e+00,2.000000000000000000e+00,2.000000000000000000e+02,1.866467959331708073e+02,1.061016980482204190e+03,-4.072852628969302335e-01
7.500000000000000000e+00,2.000000000000000000e+00,2.000000000000000000e+02,2.036934517979765360e+02,1.062982872262945875e+03,-5.353828180722013386e-01
7.509999999999999787e+00,2.000000000000000000e+00,2.000000000000000000e+02,1.909643233291677404e+02,1.064914919752608284e+03,-5.347275773150815814e-01
7.520000000000000462e+00,2.000000000000000000e+00,2.000000000000000000e+02,1.962566096276743508e+02,1.066849528159452802e+03,-6.852029563572041848e-01
7.530000000000000249e+00,2.000000000000000000e+00,2.000000000000000000e+02,1.898347230775657408e+02,1.068752514240370147e+03,-6.905877549336348897e-01
7.540000000000000036e+00,2.000000000000000000e+00,2.000000000000000000e+02,1.939243401457836740e+02,1.070679849963537890e+03,-8.367523709988722302e-01
7.549999999999999822e+00,2.000000000000000000e+00,2.000000000000000000e+02,1.950790327813521969e+02,1.072612127214562406e+03,-8.487923893047543134e-01
7.560000000000000497e+00,2.000000000000000000e+00,2.000000000000000000e+02,1.851037867897096305e+02,1.074501060761979033e+03,-1.000665522555362008e+00
7.570000000000000284e+00,2.000000000000000000e+00,2.000000000000000000e+02,1.929434616602270864e+02,1.076392257489177609e+03,-1.024128554451817719e+00
7.580000000000000071e+00,2.000000000000000000e+00,2.000000000000000000e+02,1.895482480225853692e+02,1.078311985169819081e+03,-1.181458782002709373e+00
7.589999999999999858e+00,2.000000000000000000e+00,2.000000000000000000e+02,1.970468981716015264e+02,1.080245650837308631e+03,-1.205052794818706641e+00
7.600000000000000533e+00,2.000000000000000000e+00,2.000000000000000000e+02,1.921577791353282123e+02,1.082184511929021028e+03,-1.350308374830444746e+00
7.610000000000000320e+00,2.000000000000000000e+00,2.000000000000000000e+02,1.918354909149284993e+02,1.084092288466835953e+03,-1.351831475430965490e+00
7.620000000000000107e+00,2.000000000000000000e+00,2.000000000000000000e+02,1.926182552718876764e+02,1.086018320336604347e+03,-1.484012400240168894e+00
7.629999999999999893e+00,2.000000000000000000e+00,2.000000000000000000e+02,1.897797279546554705e+02,1.087922710731206280e+03,-1.496103399402384682e+00
7.640000000000000568e+00,2.000000000000000000e+00,2.000000000000000000e+02,1.933336054704281537e+02,1.089835513261881033e+03,-1.611272941805020897e+00
7.650000000000000355e+00,2.000000000000000000e+00,2.000000000000000000e+02,1.983077579509198074e+02,1.091772917456436517e+03,-1.588150273503544874e+00
7.660000000000000142e+00,2.000000000000000000e+00,2.000000000000000000e+02,1.917591443925794295e+02,1.093692806394584295e+03,-1.714889517162149879e+00
7.669999999999999929e+00,2.000000000000000000e+00,2.000000000000000000e+02,1.990915772715523246e+02,1.095613537092674505e+03,-1.682589112850102486e+00
7.679999999999999716e+00,2.000000000000000000e+00,2.000000000000000000e+02,1.906771918657287870e+02,1.097547374585908301e+03,-1.812950931667722143e+00
7.690000000000000391e+00,2.000000000000000000e+00,2.000000000000000000e+02,2.005179590439435060e+02,1.099482820094315002e+03,-1.782961113039114087e+00
7.700000000000000178e+00,2.000000000000000000e+00,2.000000000000000000e+02,1.870404892930992560e+02,1.101365801839009464e+03,-1.920682444732715544e+00
7.709999999999999964e+00,2.000000000000000000e+00,2.000000000000000000e+02,2.012284799014668693e+02,1.103288998571570119e+03,-1.883810384655699055e+00
7.719999999999999751e+00,2.000000000000000000e+00,2.000000000000000000e+02,1.871526701061000040e+02,1.105167381481939174e+03,-2.063890206625443202e+00
7.730000000000000426e+00,2.000000000000000000e+00,2.000000000000000000e+02,1.936962493897858337e+02,1.107040705477392066e+03,-2.038087484292036677e+00
7.740000000000000213e+00,2.000000000000000000e+00,2.000000000000000000e+02,1.924430268286444345e+02,1.108925120874729600e+03,-2.205653443371582423e+00
7.750000000000000000e+00,2.000000000000000000e+00,2.000000000000000000e+02,1.935655861557070807e+02,1.110827741071260107e+03,-2.171616237982195052e+00
7.759999999999999787e+00,2.000000000000000000e+00,2.000000000000000000e+02,1.904050488210565675e+02,1.112704381002359241e+03,-2.336652360913228144e+00
7.770000000000000462e+00,2.000000000000000000e+00,2.000000000000000000e+02,2.064141136796726528e+02,1.114663567035799133e+03,-2.273547521348121769e+00
7.780000000000000249e+00,2.000000000000000000e+00,2.000000000000000000e+02,1.953927709335868883e+02,1.116591753061270538e+03,-2.415906148892052574e+00
7.790000000000000036e+00,2.000000000000000000e+00,2.000000000000000000e+02,2.041146781689324143e+02,1.118563848099156758e+03,-2.342075682881616494e+00
7.799999999999999822e+00,2.000000000000000000e+00,2.000000000000000000e+02,1.963805713783704334e+02,1.120511349929306107e+03,-2.460024310243645651e+00
7.810000000000000497e+00,2.000000000000000000e+00,2.000000000000000000e+02,2.005095736977060028e+02,1.122459534622136971e+03,-2.390498647217925487e+00
7.820000000000000284e+00,2.000000000000000000e+00,2.000000000000000000e+02,1.912339264231061406e+02,1.124381904656754841e+03,-2.500845142820352862e+00
7.830000000000000071e+00,2.000000000000000000e+00,2.000000000000000000e+02,2.051008691651846050e+02,1.126340171664155832e+03,-2.461251877588678472e+00
7.839999999999999858e+00,2.000000000000000000e+00,2.000000000000000000e+02,1.935818633132029731e+02,1.128273287404177836e+03,-2.581197284771331368e+00
7.850000000000000533e+00,2.000000000000000000e+00,2.000000000000000000e+02,2.039166356722784599e+02,1.130217157426929589e+03,-2.549193066100556404e+00
7.860000000000000320e+00,2.000000000000000000e+00,2.000000000000000000e+02,1.859493768113959504e+02,1.132111711078120834e+03,-2.631537454512717034e+00
7.870000000000000107e+00,2.000000000000000000e+00,2.000000000000000000e+02,2.052472431665678130e+02,1.134054715133317359e+03,-2.561221481091447760e+00
7.879999999999999893e+00,2.000000000000000000e+00,2.000000000000000000e+02,1.821032229660334281e+02,1.135942535213149768e+03,-2.661896256803124139e+00
7.890000000000000568e+00,2.000000000000000000e+00,2.000000000000000000e+02,2.034390501399163327e+02,1.137852355624901065e+03,-2.569787874796500837e+00
7.900000000000000355e+00,2.000000000000000000e+00,2.000000000000000000e+02,1.783680018431510632e+02,1.139723551977933539e+03,-2.646028318962365233e+00
7.910000000000000142e+00,2.000000000000000000e+00,2.000000000000000000e+02,2.086691116055391149e+02,1.141656587093915277e+03,-2.568689138376537340e+00
7.919999999999999929e+00,2.000000000000000000e+00,2.000000000000000000e+02,1.813035902160613375e+02,1.143571525367509366e+03,-2.596405901646247294e+00
7.930000000000000604e+00,2.000000000000000000e+00,2.000000000000000000e+02,2.191672468392368103e+02,1.145577966428874561e+03,-2.494361841705412974e+00
7.940000000000000391e+00,2.000000000000000000e+00,2.000000000000000000e+02,1.826814532637731645e+02,1.147483838558600837e+03,-2.503065931080545869e+00
7.950000000000000178e+00,2.000000000000000000e+00,2.000000000000000000e+02,2.102786203216540457e+02,1.149474969484756912e+03,-2.410822879201261593e+00
7.959999999999999964e+00,2.000000000000000000e+00,2.000000000000000000e+02,1.909823390611668685e+02,1.151428701228510135e+03,-2.414750126651065365e+00
7.969999999999999751e+00,2.000000000000000000e+00,2.000000000000000000e+02,2.076192955024402522e+02,1.153424089276837549e+03,-2.333667876379525552e+00
7.980000000000000426e+00,2.000000000000000000e+00,2.000000000000000000e+02,1.875907392866163832e+02,1.155346326102195235e+03,-2.315174358764218177e+00
7.990000000000000213e+00,2.000000000000000000e+00,2.000000000000000000e+02,2.066101049104290723e+02,1.157336174009346223e+03,-2.224952677721897754e+00
8.000000000000000000e+00,2.000000000000000000e+00,2.000000000000000000e+02,1.852988134828244711e+02,1.159246373472564073e+03,-2.190463132402085122e+00
8.009999999999999787e+00,2.000000000000000000e+00,2.000000000000000000e+02,2.153274159516539328e+02,1.161262226258874080e+03,-2.097378332454568284e+00
8.019999999999999574e+00,2.000000000000000000e+00,2.000000000000000000e+02,1.926178445027699411e+02,1.163258910376687254e+03,-2.039347121070212321e+00
8.029999999999999361e+00,2.000000000000000000e+00,2.000000000000000000e+02,2.065633430739575545e+02,1.165274765790483571e+03,-1.936224788525405360e+00
8.040000000000000924e+00,2.000000000000000000e+00,2.000000000000000000e+02,1.894242119118654273e+02,1.167242897461201210e+03,-1.858193336668940265e+00
8.050000000000000711e+00,2.000000000000000000e+00,2.000000000000000000e+02,2.077262134155525644e+02,1.169256973567107934e+03,-1.739070460242146066e+00
8.060000000000000497e+00,2.000000000000000000e+00,2.000000000000000000e+02,1.877711762723700986e+02,1.171206135910640569e+03,-1.644167284207493251e+00
8.070000000000000284e+00,2.000000000000000000e+00,2.000000000000000000e+02,2.107231440421539901e+02,1.173228628738859925e+03,-1.525948857306905770e+00
8.080000000000000071e+00,2.000000000000000000e+00,2.000000000000000000e+02,1.970312251093642715e+02,1.175217378155444067e+03,-1.434251050601651034e+00
8.089999999999999858e+00,2.000000000000000000e+00,2.000000000000000000e+02,2.092991166799408234e+02,1.177270053677663554e+03,-1.328760392106410615e+00
8.099999999999999645e+00,2.000000000000000000e+00,2.000000000000000000e+02,1.944866129890855291e+02,1.179268501968939290e+03,-1.218929302514438096e+00
8.109999999999999432e+00,2.000000000000000000e+00,2.000000000000000000e+02,2.057919122799822844e+02,1.181283766644993420e+03,-1.104323981794857801e+00
8.120000000000000995e+00,2.000000000000000000e+00,2.000000000000000000e+02,1.930476270702203294e+02,1.183269813003575109e+03,-9.973159354201177607e-01
8.130000000000000782e+00,2.000000000000000000e+00,2.000000000000000000e+02,2.091185138158533334e+02,1.185309141226228121e+03,-8.997727724440662822e-01
8.140000000000000568e+00,2.000000000000000000e+00,2.000000000000000000e+02,1.975257200180962514e+02,1.187333636919033552e+03,-8.023193828286704354e-01
8.150000000000000355e+00,2.000000000000000000e+00,2.000000000000000000e+02,2.042580704235664371e+02,1.189366207487116299e+03,-6.986951276658379673e-01
8.160000000000000142e+00,2.000000000000000000e+00,2.000000000000000000e+02,1.994959559182118198e+02,1.191376345804414768e+03,-6.103599744456243981e-01
8.169999999999999929e+00,2.000000000000000000e+00,2.000000000000000000e+02,2.031485780998679047e+02,1.193397880744186978e+03,-5.234102912678377795e-01
8.179999999999999716e+00,2.000000000000000000e+00,2.000000000000000000e+02,1.992748751638213776e+02,1.195406306862351357e+03,-4.533235920595688473e-01
8.189999999999999503e+00,2.000000000000000000e+00,2.000000000000000000e+02,1.989063087416858764e+02,1.197411175754093165e+03,-3.856374334010499449e-01
8.199999999999999289e+00,2.000000000000000000e+00,2.000000000000000000e+02,2.038181147681077050e+02,1.199432283345914811e+03,-3.327533809322045233e-01
8.210000000000000853e+00,2.000000000000000000e+00,2.000000000000000000e+02,1.956558336238651350e+02,1.201422458903317420e+03,-2.620592671101087956e-01
8.220000000000000639e+00,2.000000000000000000e+00,2.000000000000000000e+02,2.090020087370866975e+02,1.203460915453287953e+03,-2.157494937599655771e-01
8.230000000000000426e+00,2.000000000000000000e+00,2.000000000000000000e+02,1.922346292443536129e+02,1.205447831718596490e+03,-1.408272747504149824e-01
8.240000000000000213e+00,2.000000000000000000e+00,2.000000000000000000e+02,2.048424534568193565e+02,1.207453753411450180e+03,-9.788883442317471151e-02
8.250000000000000000e+00,2.000000000000000000e+00,2.000000000000000000e+02,1.966295635209924342e+02,1.209446671637409054e+03,-3.507982514709113292e-02
8.259999999999999787e+00,2.000000000000000000e+00,2.000000000000000000e+02,2.057536636799407290e+02,1.211480137672010869e+03,4.855205676098373925e-03
8.269999999999999574e+00,2.000000000000000000e+00,2.000000000000000000e+02,2.012448742492270810e+02,1.213511112064725012e+03,6.163941950894062660e-02
8.279999999999999361e+00,2.000000000000000000e+00,2.000000000000000000e+02,1.979598260720231053e+02,1.215513406977536079e+03,1.089292935624639608e-01
8.290000000000000924e+00,2.000000000000000000e+00,2.000000000000000000e+02,2.081164296259169930e+02,1.217559576441376748e+03,1.513279569542694547e-01
8.300000000000000711e+00,2.000000000000000000e+00,2.000000000000000000e+02,1.985824472305119741e+02,1.219582877356752988e+03,1.961900966596997753e-01
8.310000000000000497e+00,2.000000000000000000e+00,2.000000000000000000e+02,2.086398874451115546e+02,1.221628394351064344e+03,2.384856914817648499e-01
8.320000000000000284e+00,2.000000000000000000e+00,2.000000000000000000e+02,1.894278630341364646e+02,1.223602586465193554e+03,2.955624903532799164e-01
8.330000000000000071e+00,2.000000000000000000e+00,2.000000000000000000e+02,2.118088110713376295e+02,1.225630823830392046e+03,3.219599485800031524e-01
8.339999999999999858e+00,2.000000000000000000e+00,2.000000000000000000e+02,1.959680614636658902e+02,1.227645284044795289e+03,3.558884652313453190e-01
8.349999999999999645e+00,2.000000000000000000e+00,2.000000000000000000e+02,2.072881242194876847e+02,1.229679466578391612e+03,3.884879563660436075e-01
8.359999999999999432e+00,2.000000000000000000e+00,2.000000000000000000e+02,2.001552721903150314e+02,1.231705264796621805e+03,4.182727084779279125e-01
8.370000000000000995e+00,2.000000000000000000e+00,2.000000000000000000e+02,2.027525206620817642e+02,1.233725799608690977e+03,4.506299884803333100e-01
8.380000000000000782e+00,2.000000000000000000e+00,2.000000000000000000e+02,2.024826042431157589e+02,1.235753124907410665e+03,4.784895197175765280e-01
8.390000000000000568e+00,2.000000000000000000e+00,2.000000000000000000e+02,2.025803701640911925e+02,1.237787243742266583e+03,5.068969573728239197e-01
8.400000000000000355e+00,2.000000000000000000e+00,2.000000000000000000e+02,2.005276553884249324e+02,1.239799585867974884e+03,5.351667401315363115e-01
8.410000000000000142e+00,2.000000000000000000e+00,2.000000000000000000e+02,2.037536370320595722e+02,1.241827576316668228e+03,5.606404778576401515e-01
8.419999999999999929e+00,2.000000000000000000e+00,2.000000000000000000e+02,1.951882053888784014e+02,1.243814108904566183e+03,5.909449806152778928e-01
8.429999999999999716e+00,2.000000000000000000e+00,2.000000000000000000e+02,2.067675439863401721e+02,1.245844740314005321e+03,6.209937293595397811e-01
8.439999999999999503e+00,2.000000000000000000e+00,2.000000000000000000e+02,2.034202070381951444e+02,1.247879394716458592e+03,6.549744733359524895e-01
8.449999999999999289e+00,2.000000000000000000e+00,2.000000000000000000e+02,2.075422290004516128e+02,1.249943545691671943e+03,6.955899416862105777e-01
8.460000000000000853e+00,2.000000000000000000e+00,2.000000000000000000e+02,1.960357259090826858e+02,1.251948914751644452e+03,7.173906728462073890e-01
8.470000000000000639e+00,2.000000000000000000e+00,2.000000000000000000e+02,2.121660506160408204e+02,1.253999683249075133e+03,7.691989935937183498e-01
8.480000000000000426e+00,2.000000000000000000e+00,2.000000000000000000e+02,1.996825936427433135e+02,1.256027936449405388e+03,7.864157491898307040e-01
8.490000000000000213e+00,2.000000000000000000e+00,2.000000000000000000e+02,2.064305863448533955e+02,1.258068932384502432e+03,8.257429188153031507e-01
8.500000000000000000e+00,2.000000000000000000e+00,2.000000000000000000e+02,2.007272148075855398e+02,1.260099260393549457e+03,8.590012850232040531e-01
8.509999999999999787e+00,2.000000000000000000e+00,2.000000000000000000e+02,1.995362417678306599e+02,1.262107972528720211e+03,9.093355286088977696e-01
8.519999999999999574e+00,2.000000000000000000e+00,2.000000000000000000e+02,1.984526966129025993e+02,1.264095350219800139e+03,9.544158349484721526e-01
8.529999999999999361e+00,2.000000000000000000e+00,2.000000000000000000e+02,1.955368353366636995e+02,1.266068291428482553e+03,9.890022644741208735e-01
8.540000000000000924e+00,2.000000000000000000e+00,2.000000000000000000e+02,2.027185610279058778e+02,1.268068011013987643e+03,1.025732611614139866e+00
8.550000000000000711e+00,2.000000000000000000e+00,2.000000000000000000e+02,1.980858737503596103e+02,1.270067939585078875e+03,1.061316317303140799e+00
8.560000000000000497e+00,2.000000000000000000e+00,2.000000000000000000e+02,2.015590489003532753e+02,1.272071894278643413e+03,1.101604035124291281e+00
8.570000000000000284e+00,2.000000000000000000e+00,2.000000000000000000e+02,2.022189810232834475e+02,1.274085278948656196e+03,1.137976936727154831e+00
8.580000000000000071e+00,2.000000000000000000e+00,2.000000000000000000e+02,1.991808181907834125e+02,1.276091356535258001e+03,1.185572431916291025e+00
8.589999999999999858e+00,2.000000000000000000e+00,2.000000000000000000e+02,2.017255564072148672e+02,1.278102096606654413e+03,1.217178180745517091e+00
8.599999999999999645e+00,2.000000000000000000e+00,2.000000000000000000e+02,1.960173887877237746e+02,1.280085743420547715e+03,1.258687859388374797e+00
8.609999999999999432e+00,2.000000000000000000e+00,2.000000000000000000e+02,1.992127148043149418e+02,1.282074808179028651e+03,1.303768423030305490e+00
8.620000000000000995e+00,2.000000000000000000e+00,2.000000000000000000e+02,1.981453499008893857e+02,1.284062031045497406e+03,1.361865039154028345e+00
8.630000000000000782e+00,2.000000000000000000e+00,2.000000000000000000e+02,1.933609747375438985e+02,1.286021446141837714e+03,1.424418791129900885e+00
8.640000000000000568e+00,2.000000000000000000e+00,2.000000000000000000e+02,1.990708851681163196e+02,1.288004661727279199e+03,1.467054281764659907e+00
8.650000000000000355e+00,2.000000000000000000e+00,2.000000000000000000e+02,1.948846351435020381e+02,1.289974441003685115e+03,1.509450808283797629e+00
8.660000000000000142e+00,2.000000000000000000e+00,2.000000000000000000e+02,1.938302275600667031e+02,1.291925047781771582e+03,1.551482848572852458e+00
8.669999999999999929e+00,2.000000000000000000e+00,2.000000000000000000e+02,1.920859111773334007e+02,1.293866504452894333e+03,1.614987763365344664e+00
8.679999999999999716e+00,2.000000000000000000e+00,2.000000000000000000e+02,1.978988081804333206e+02,1.295823263566948299e+03,1.648100118606305342e+00
8.689999999999999503e+00,2.000000000000000000e+00,2.000000000000000000e+02,1.836623403756089772e+02,1.297728732729851345e+03,1.723740859802077141e+00
8.700000000000001066e+00,2.000000000000000000e+00,2.000000000000000000e+02,2.023879273708008668e+02,1.299692257749597275e+03,1.732225551361116667e+00
8.710000000000000853e+00,2.000000000000000000e+00,2.000000000000000000e+02,1.885185391534404005e+02,1.301632078905544404e+03,1.807332304652251365e+00
8.720000000000000639e+00,2.000000000000000000e+00,2.000000000000000000e+02,2.064202404449765424e+02,1.303621479572822864e+03,1.793497279214216755e+00
8.730000000000000426e+00,2.000000000000000000e+00,2.000000000000000000e+02,1.873229751666586651e+02,1.305560789563972321e+03,1.878084885910341617e+00
8.740000000000000213e+00,2.000000000000000000e+00,2.000000000000000000e+02,2.073718415430847415e+02,1.307526138676362052e+03,1.881457922231650759e+00
8.750000000000000000e+00,2.000000000000000000e+00,2.000000000000000000e+02,1.893535761085966271e+02,1.309473483136691812e+03,1.992934672447403299e+00
8.759999999999999787e+00,2.000000000000000000e+00,2.000000000000000000e+02,2.097690380587425238e+02,1.311456909992583860e+03,1.979500094895894291e+00
8.769999999999999574e+00,2.000000000000000000e+00,2.000000000000000000e+02,1.876362738278360496e+02,1.313383792844548452e+03,2.078493017638952889e+00
8.779999999999999361e+00,2.000000000000000000e+00,2.000000000000000000e+02,2.041738648422792437e+02,1.315342616353466610e+03,2.074941311789621157e+00
8.790000000000000924e+00,2.000000000000000000e+00,2.000000000000000000e+02,1.824463854890126981e+02,1.317246459570722664e+03,2.155833555839354876e+00
8.800000000000000711e+00,2.000000000000000000e+00,2.000000000000000000e+02,2.080133978693078234e+02,1.319243548789749411e+03,2.141167660587267818e+00
8.810000000000000497e+00,2.000000000000000000e+00,2.000000000000000000e+02,2.001157779250094393e+02,1.321248737999334708e+03,2.183823194619392893e+00
8.820000000000000284e+00,2.000000000000000000e+00,2.000000000000000000e+02,1.977986547253020433e+02,1.323224126625050076e+03,2.177630168446210490e+00
8.830000000000000071e+00,2.000000000000000000e+00,2.000000000000000000e+02,1.970569041531780385e+02,1.325201346782859673e+03,2.189757814290498317e+00
8.839999999999999858e+00,2.000000000000000000e+00,2.000000000000000000e+02,1.938139824397566429e+02,1.327161984079629519e+03,2.196716497062059403e+00
8.849999999999999645e+00,2.000000000000000000e+00,2.000000000000000000e+02,2.028622645394949870e+02,1.329149529662844088e+03,2.211307330231411683e+00
8.859999999999999432e+00,2.000000000000000000e+00,2.000000000000000000e+02,1.908309825987447823e+02,1.331111789844120267e+03,2.233130562733142366e+00
8.870000000000000995e+00,2.000000000000000000e+00,2.000000000000000000e+02,2.040711252809614109e+02,1.333108076393844840e+03,2.236417984900701761e+00
8.880000000000000782e+00,2.000000000000000000e+00,2.000000000000000000e+02,1.888761856049043217e+02,1.335054174011630948e+03,2.241450752062237317e+00
8.890000000000000568e+00,2.000000000000000000e+00,2.000000000000000000e+02,2.077338175379584868e+02,1.337067439864267271e+03,2.235683761785790313e+00
8.900000000000000355e+00,2.000000000000000000e+00,2.000000000000000000e+02,1.939165288385335941e+02,1.339057976404569445e+03,2.243792857205269442e+00
8.910000000000000142e+00,2.000000000000000000e+00,2.000000000000000000e+02,1.962454207233936927e+02,1.341031711197518916e+03,2.240835174664164597e+00
8.919999999999999929e+00,2.000000000000000000e+00,2.000000000000000000e+02,1.919192710462018567e+02,1.342961082047624359e+03,2.227042300077850090e+00
8.929999999999999716e+00,2.000000000000000000e+00,2.000000000000000000e+02,1.953689719102193010e+02,1.344901913827400904e+03,2.230959068616565233e+00
8.939999999999999503e+00,2.000000000000000000e+00,2.000000000000000000e+02,1.938810287007415525e+02,1.346847293074097024e+03,2.217444884765560342e+00
8.950000000000001066e+00,2.000000000000000000e+00,2.000000000000000000e+02,1.870873797976843207e+02,1.348743493528468662e+03,2.236095893053736017e+00
8.960000000000000853e+00,2.000000000000000000e+00,2.000000000000000000e+02,1.945625717167022231e+02,1.350668029255683223e+03,2.213055123977459182e+00
8.970000000000000639e+00,2.000000000000000000e+00,2.000000000000000000e+02,1.834523326507278114e+02,1.352564541105288072e+03,2.242046573515475760e+00
8.980000000000000426e+00,2.000000000000000000e+00,2.000000000000000000e+02,1.919086512520458427e+02,1.354489642080361364e+03,2.189573516927009411e+00
8.990000000000000213e+00,2.000000000000000000e+00,2.000000000000000000e+02,1.831142425719385471e+02,1.356364260129297918e+03,2.209089605610149221e+00
9.000000000000000000e+00,2.000000000000000000e+00,2.000000000000000000e+02,2.008378731510256330e+02,1.358315541987847155e+03,2.179353928841915700e+00
9.009999999999999787e+00,2.000000000000000000e+00,2.000000000000000000e+02,1.825673331567390392e+02,1.360217270017583360e+03,2.179718934905246375e+00
9.019999999999999574e+00,2.000000000000000000e+00,2.000000000000000000e+02,1.996187618009580831e+02,1.362161690577578383e+03,2.150981083980791020e+00
9.029999999999999361e+00,2.000000000000000000e+00,2.000000000000000000e+02,1.853713818444337562e+02,1.364070379394057682e+03,2.130560537212361272e+00
9.040000000000000924e+00,2.000000000000000000e+00,2.000000000000000000e+02,1.994599772912818878e+02,1.366015032564235980e+03,2.108626261017996661e+00
9.050000000000000711e+00,2.000000000000000000e+00,2.000000000000000000e+02,1.829306624628665361e+02,1.367912383099465387e+03,2.087105907343166145e+00
9.060000000000000497e+00,2.000000000000000000e+00,2.000000000000000000e+02,1.970529783790969987e+02,1.369839437409271795e+03,2.079053059197824016e+00
9.070000000000000284e+00,2.000000000000000000e+00,2.000000000000000000e+02,1.811774060567336164e+02,1.371728523499731637e+03,2.040277793701226194e+00
9.080000000000000071e+00,2.000000000000000000e+00,2.000000000000000000e+02,2.009853408130738615e+02,1.373668580125967082e+03,2.008113959660486447e+00
9.089999999999999858e+00,2.000000000000000000e+00,2.000000000000000000e+02,1.831513393636026592e+02,1.375567176132695977e+03,1.949426977756764323e+00
9.099999999999999645e+00,2.000000000000000000e+00,2.000000000000000000e+02,1.999371162588654443e+02,1.377528013039113603e+03,1.917328612064728599e+00
9.109999999999999432e+00,2.000000000000000000e+00,2.000000000000000000e+02,1.925093169777764786e+02,1.379488212031396870e+03,1.865141882726209399e+00
9.120000000000000995e+00,2.000000000000000000e+00,2.000000000000000000e+02,1.919271296608605155e+02,1.381413863302363552e+03,1.816055698080187852e+00
9.130000000000000782e+00,2.000000000000000000e+00,2.000000000000000000e+02,1.970511269349753434e+02,1.383367541635014277e+03,1.760695231091718549e+00
9.140000000000000568e+00,2.000000000000000000e+00,2.000000000000000000e+02,1.929394304846973682e+02,1.385323599134563437e+03,1.715298210369303300e+00
9.150000000000000355e+00,2.000000000000000000e+00,2.000000000000000000e+02,1.997422952266484799e+02,1.387295960885804334e+03,1.658978434484196685e+00
9.160000000000000142e+00,2.000000000000000000e+00,2.000000000000000000e+02,1.912436626223334883e+02,1.389242422217519788e+03,1.629167461896070757e+00
9.169999999999999929e+00,2.000000000000000000e+00,2.000000000000000000e+02,2.014327911783111347e+02,1.391230394699362023e+03,1.573293730099626586e+00
9.179999999999999716e+00,2.000000000000000000e+00,2.000000000000000000e+02,1.885445612362994439e+02,1.393163694966813637e+03,1.555156707468350330e+00
9.189999999999999503e+00,2.000000000000000000e+00,2.000000000000000000e+02,1.981847700291482113e+02,1.395131065001670549e+03,1.496221857860473126e+00
9.200000000000001066e+00,2.000000000000000000e+00,2.000000000000000000e+02,1.959789339597201945e+02,1.397103158089268618e+03,1.474245240833755188e+00
9.210000000000000853e+00,2.000000000000000000e+00,2.000000000000000000e+02,1.964708199152891268e+02,1.399088014054351106e+03,1.419430932316243954e+00
9.220000000000000639e+00,2.000000000000000000e+00,2.000000000000000000e+02,2.039004538571447824e+02,1.401092572945921802e+03,1.392469022903258802e+00
9.230000000000000426e+00,2.000000000000000000e+00,2.000000000000000000e+02,1.980734350882771082e+02,1.403094197366244771e+03,1.357746631174562291e+00
9.240000000000000213e+00,2.000000000000000000e+00,2.000000000000000000e+02,1.990941099131585474e+02,1.405069897742821922e+03,1.324472194100780431e+00
9.250000000000000000e+00,2.000000000000000000e+00,2.000000000000000000e+02,1.995036730012532757e+02,1.407068854090091463e+03,1.290961123781124709e+00
9.259999999999999787e+00,2.000000000000000000e+00,2.000000000000000000e+02,1.975838662604059550e+02,1.409057465288062531e+03,1.268104854019614258e+00
9.269999999999999574e+00,2.000000000000000000e+00,2.000000000000000000e+02,2.022765554089204443e+02,1.411068085655823552e+03,1.266353746310047379e+00
9.279999999999999361e+00,2.000000000000000000e+00,2.000000000000000000e+02,2.002297739041387956e+02,1.413081161274729311e+03,1.274874602216085284e+00
9.290000000000000924e+00,2.000000000000000000e+00,2.000000000000000000e+02,1.940894169710228709e+02,1.415050518478148661e+03,1.287787370791679598e+00
9.300000000000000711e+00,2.000000000000000000e+00,2.000000000000000000e+02,2.021145403470712267e+02,1.417043883801631637e+03,1.295080131357795095e+00
9.310000000000000497e+00,2.000000000000000000e+00,2.000000000000000000e+02,1.951973988174569286e+02,1.419022932876106779e+03,1.310986432673344027e+00
9.320000000000000284e+00,2.000000000000000000e+00,2.000000000000000000e+02,2.049708142655065046e+02,1.421037352818060526e+03,1.328065869445071767e+00
9.330000000000000071e+00,2.000000000000000000e+00,2.000000000000000000e+02,1.923830956430784624e+02,1.423012097686008929e+03,1.362228157559891351e+00
9.339999999999999858e+00,2.000000000000000000e+00,2.000000000000000000e+02,2.040033959250076521e+02,1.425023036982875738e+03,1.375774419666763837e+00
9.349999999999999645e+00,2.000000000000000000e+00,2.000000000000000000e+02,1.898382149281629836e+02,1.426983345643752727e+03,1.395426484727688932e+00
9.359999999999999432e+00,2.000000000000000000e+00,2.000000000000000000e+02,2.073484327972328174e+02,1.428999575499597540e+03,1.414670397933331714e+00
9.370000000000000995e+00,2.000000000000000000e+00,2.000000000000000000e+02,1.956166130660449767e+02,1.431002848728158369e+03,1.438647837085215819e+00
9.380000000000000782e+00,2.000000000000000000e+00,2.000000000000000000e+02,2.058954117394588366e+02,1.433032031042274866e+03,1.452333491459833370e+00
9.390000000000000568e+00,2.000000000000000000e+00,2.000000000000000000e+02,1.890470073479941675e+02,1.434990328113495025e+03,1.478693423807261542e+00
9.400000000000000355e+00,2.000000000000000000e+00,2.000000000000000000e+02,2.088061336749292707e+02,1.437014682923092323e+03,1.485960156548090438e+00
9.410000000000000142e+00,2.000000000000000000e+00,2.000000000000000000e+02,1.942822214627703659e+02,1.439008710865604371e+03,1.509637341117004761e+00
9.419999999999999929e+00,2.000000000000000000e+00,2.000000000000000000e+02,2.069283455011264152e+02,1.441037876545011159e+03,1.522068298555594446e+00
9.429999999999999716e+00,2.000000000000000000e+00,2.000000000000000000e+02,1.991628515161624478e+02,1.443052455354321410e+03,1.559307336703639191e+00
9.439999999999999503e+00,2.000000000000000000e+00,2.000000000000000000e+02,1.962363932529359829e+02,1.445035725095149701e+03,1.595171941146212191e+00
9.450000000000001066e+00,2.000000000000000000e+00,2.000000000000000000e+02,2.049887673397643084e+02,1.447055685532546477e+03,1.632172295802194029e+00
9.460000000000000853e+00,2.000000000000000000e+00,2.000000000000000000e+02,1.976945767089972605e+02,1.449070517745758934e+03,1.661375724434138057e+00
9.470000000000000639e+00,2.000000000000000000e+00,2.000000000000000000e+02,2.025100370236232834e+02,1.451076668532589110e+03,1.695171703507156513e+00
9.480000000000000426e+00,2.000000000000000000e+00,2.000000000000000000e+02,1.924608894053859842e+02,1.453054666548778414e+03,1.710151806742399971e+00
9.490000000000000213e+00,2.000000000000000000e+00,2.000000000000000000e+02,2.073964415756990718e+02,1.455088675019650964e+03,1.732744164146108101e+00
9.500000000000000000e+00,2.000000000000000000e+00,2.000000000000000000e+02,1.953182743691976384e+02,1.457093335566541327e+03,1.743096550316142634e+00
9.509999999999999787e+00,2.000000000000000000e+00,2.000000000000000000e+02,2.038951333491536104e+02,1.459104623300705953e+03,1.780889019446784127e+00
9.519999999999999574e+00,2.000000000000000000e+00,2.000000000000000000e+02,1.935310972420178359e+02,1.461078321640060267e+03,1.788611947305639882e+00
9.529999999999999361e+00,2.000000000000000000e+00,2.000000000000000000e+02,2.051078949024822293e+02,1.463089804279735745e+03,1.825614092582441339e+00
9.540000000000000924e+00,2.000000000000000000e+00,2.000000000000000000e+02,1.954225038986329253e+02,1.465077851145749037e+03,1.827042704217263891e+00
9.550000000000000711e+00,2.000000000000000000e+00,2.000000000000000000e+02,2.064181451874277968e+02,1.467110425455509130e+03,1.857404415621371596e+00
9.560000000000000497e+00,2.000000000000000000e+00,2.000000000000000000e+02,1.926557843365922054e+02,1.469082461005432378e+03,1.854286115009610603e+00
9.570000000000000284e+00,2.000000000000000000e+00,2.000000000000000000e+02,2.089515063210876065e+02,1.471137343965770469e+03,1.886237604306848059e+00
9.580000000000000071e+00,2.000000000000000000e+00,2.000000000000000000e+02,1.957130833409225659e+02,1.473153698272763449e+03,1.885538922171071219e+00
9.589999999999999858e+00,2.000000000000000000e+00,2.000000000000000000e+02,2.020043215836376476e+02,1.475180793983191961e+03,1.941400809662310767e+00
9.599999999999999645e+00,2.000000000000000000e+00,2.000000000000000000e+02,1.993166961473518199e+02,1.477203494087727222e+03,1.943689063199707467e+00
9.609999999999999432e+00,2.000000000000000000e+00,2.000000000000000000e+02,2.090709370842999419e+02,1.479244958565243678e+03,1.978325677916821901e+00
9.620000000000000995e+00,2.000000000000000000e+00,2.000000000000000000e+02,2.047726300630814080e+02,1.481292549118886200e+03,1.989403006116913231e+00
9.630000000000000782e+00,2.000000000000000000e+00,2.000000000000000000e+02,2.006763101508652767e+02,1.483318135425864511e+03,2.020177230263869195e+00
9.640000000000000568e+00,2.000000000000000000e+00,2.000000000000000000e+02,1.986801164552382772e+02,1.485312746868635713e+03,2.058492375775373251e+00
9.650000000000000355e+00,2.000000000000000000e+00,2.000000000000000000e+02,1.969038208251135984e+02,1.487294612776920530e+03,2.080418939908295073e+00
9.660000000000000142e+00,2.000000000000000000e+00,2.000000000000000000e+02,2.078356266434404063e+02,1.489317341623039965e+03,2.097959625146446516e+00
9.669999999999999929e+00,2.000000000000000000e+00,2.000000000000000000e+02,1.956752734805356795e+02,1.491330770277720148e+03,2.108494537555360537e+00
9.679999999999999716e+00,2.000000000000000000e+00,2.000000000000000000e+02,2.027898760615111371e+02,1.493351474831588121e+03,2.115995799797891319e+00
9.689999999999999503e+00,2.000000000000000000e+00,2.000000000000000000e+02,1.966639170385138584e+02,1.495340916608485259e+03,2.137634856002482486e+00
9.700000000000001066e+00,2.000000000000000000e+00,2.000000000000000000e+02,1.963987892528445798e+02,1.497316683593246808e+03,2.123831497051522632e+00
9.710000000000000853e+00,2.000000000000000000e+00,2.000000000000000000e+02,1.997208531823826547e+02,1.499299208778071943e+03,2.143025885552934273e+00
9.720000000000000639e+00,2.000000000000000000e+00,2.000000000000000000e+02,1.975357506095726592e+02,1.501287624557712888e+03,2.116699434703581684e+00
9.730000000000000426e+00,2.000000000000000000e+00,2.000000000000000000e+02,2.023552624858910463e+02,1.503295003581691162e+03,2.104057446023007039e+00
9.740000000000000213e+00,2.000000000000000000e+00,2.000000000000000000e+02,1.939422227411733388e+02,1.505273541534605556e+03,2.078887473628006521e+00
9.750000000000000000e+00,2.000000000000000000e+00,2.000000000000000000e+02,2.003887848409169692e+02,1.507254005834061445e+03,2.057839987053589947e+00
9.759999999999999787e+00,2.000000000000000000e+00,2.000000000000000000e+02,1.960439961732662368e+02,1.509237724572732304e+03,2.028909065979512594e+00
9.769999999999999574e+00,2.000000000000000000e+00,2.000000000000000000e+02,2.023732849478171261e+02,1.511240952279184739e+03,1.996684632099367862e+00
9.779999999999999361e+00,2.000000000000000000e+00,2.000000000000000000e+02,1.935705231600793184e+02,1.513214279360428009e+03,1.960194740193111240e+00
9.790000000000000924e+00,2.000000000000000000e+00,2.000000000000000000e+02,1.990943065836383710e+02,1.515188404747559616e+03,1.932990817150814777e+00
9.800000000000000711e+00,2.000000000000000000e+00,2.000000000000000000e+02,1.948096483035461119e+02,1.517149427056273225e+03,1.903769774532814152e+00
9.810000000000000497e+00,2.000000000000000000e+00,2.000000000000000000e+02,1.999832205992886998e+02,1.519134629363861222e+03,1.877174204129570478e+00
9.820000000000000284e+00,2.000000000000000000e+00,2.000000000000000000e+02,1.968384198030209404e+02,1.521109463688107780e+03,1.844261415724294695e+00
9.830000000000000071e+00,2.000000000000000000e+00,2.000000000000000000e+02,2.020981043011989868e+02,1.523117687213997669e+03,1.819793936292798175e+00
9.839999999999999858e+00,2.000000000000000000e+00,2.000000000000000000e+02,1.965709444844120242e+02,1.525106721106275018e+03,1.802932448997254689e+00
9.849999999999999645e+00,2.000000000000000000e+00,2.000000000000000000e+02,2.020679229997576556e+02,1.527107499022443562e+03,1.780195373663151504e+00
9.859999999999999432e+00,2.000000000000000000e+00,2.000000000000000000e+02,1.923370595708626354e+02,1.529072660530635176e+03,1.778348768462077345e+00
9.870000000000000995e+00,2.000000000000000000e+00,2.000000000000000000e+02,1.983408333481343107e+02,1.531051645843355573e+03,1.746958821608029622e+00
9.880000000000000782e+00,2.000000000000000000e+00,2.000000000000000000e+02,1.974148074513057622e+02,1.533032167698350577e+03,1.738378274339245966e+00
9.890000000000000568e+00,2.000000000000000000e+00,2.000000000000000000e+02,1.990817648441934580e+02,1.535021145169669353e+03,1.732290870910845326e+00
9.900000000000000355e+00,2.000000000000000000e+00,2.000000000000000000e+02,2.002013940885913144e+02,1.537021872337760897e+03,1.753637040058107388e+00
9.910000000000000142e+00,2.000000000000000000e+00,2.000000000000000000e+02,1.955636578844244866e+02,1.538999683233323594e+03,1.783818376410871487e+00
9.919999999999999929e+00,2.000000000000000000e+00,2.000000000000000000e+02,2.002476184769828365e+02,1.540986039444442213e+03,1.808735421039315838e+00
9.929999999999999716e+00,2.000000000000000000e+00,2.000000000000000000e+02,1.926722224452799423e+02,1.542943844786464524e+03,1.823927277343742270e+00
9.939999999999999503e+00,2.000000000000000000e+00,2.000000000000000000e+02,1.981134968309233102e+02,1.544901939888010475e+03,1.843549078473147418e+00
9.950000000000001066e+00,2.000000000000000000e+00,2.000000000000000000e+02,1.959671039994415764e+02,1.546876259242698097e+03,1.872902837198690218e+00
9.960000000000000853e+00,2.000000000000000000e+00,2.000000000000000000e+02,1.977030896569165179e+02,1.548842311962557005e+03,1.902807794363492011e+00
9.970000000000000639e+00,2.000000000000000000e+00,2.000000000000000000e+02,1.955675227690959161e+02,1.550806534828614076e+03,1.938651588612328336e+00
9.980000000000000426e+00,2.000000000000000000e+00,2.000000000000000000e+02,1.866532248419754012e+02,1.552714633899016462e+03,1.961557638354602062e+00
9.990000000000000213e+00,2.000000000000000000e+00,2.000000000000000000e+02,2.003229546789916640e+02,1.554665977989077646e+03,1.989988374961479733e+00
1.000000000000000000e+01,2.000000000000000000e+00,2.000000000000000000e+02,1.911833049640755746e+02,1.556622497983613130e+03,2.019032847246604589e+00
1.000999999999999979e+01,3.000000000000000000e+00,1.200000000000000000e+02,1.769934245375473836e+02,1.558448693550725466e+03,2.049257428741014131e+00
1.001999999999999957e+01,3.000000000000000000e+00,1.200000000000000000e+02,1.954350996544216628e+02,1.560361900122759153e+03,2.083479767236981139e+00
1.002999999999999936e+01,3.000000000000000000e+00,1.200000000000000000e+02,1.892829682875126309e+02,1.562281296575858732e+03,2.108563022849232027e+00
1.004000000000000092e+01,3.000000000000000000e+00,1.200000000000000000e+02,1.999967344043765536e+02,1.564237271849542367e+03,2.121077978334439340e+00
1.005000000000000071e+01,3.000000000000000000e+00,1.200000000000000000e+02,1.913969308462853860e+02,1.566186573756255484e+03,2.142193905116309693e+00
1.006000000000000050e+01,3.000000000000000000e+00,1.200000000000000000e+02,2.015620979738321807e+02,1.568163143252205373e+03,2.164389161993394151e+00
1.007000000000000028e+01,3.000000000000000000e+00,1.200000000000000000e+02,1.922243855830287202e+02,1.570126396496584221e+03,2.199450896758107898e+00
1.008000000000000007e+01,3.000000000000000000e+00,1.200000000000000000e+02,2.061978838944852157e+02,1.572122999283774334e+03,2.223187462412197668e+00
1.008999999999999986e+01,3.000000000000000000e+00,1.200000000000000000e+02,1.902031716158615779e+02,1.574089657607906929e+03,2.257503715643057074e+00
1.009999999999999964e+01,3.000000000000000000e+00,1.200000000000000000e+02,2.054046276767355153e+02,1.576083928142038758e+03,2.282577338000847167e+00
1.010999999999999943e+01,3.000000000000000000e+00,1.200000000000000000e+02,1.915218950288848987e+02,1.578045048806249042e+03,2.321160026900906281e+00
1.012000000000000099e+01,3.000000000000000000e+00,1.200000000000000000e+02,2.038268325514139576e+02,1.580037973960632144e+03,2.354997014863031701e+00
1.013000000000000078e+01,3.000000000000000000e+00,1.200000000000000000e+02,1.908059640589168282e+02,1.581997046121057565e+03,2.397217083983859354e+00
1.014000000000000057e+01,3.000000000000000000e+00,1.200000000000000000e+02,1.996418713428051888e+02,1.583960817247538216e+03,2.438932077245835384e+00
1.015000000000000036e+01,3.000000000000000000e+00,1.200000000000000000e+02,1.881450915391216654e+02,1.585883224838318483e+03,2.484073183343286750e+00
1.016000000000000014e+01,3.000000000000000000e+00,1.200000000000000000e+02,1.980647495134597307e+02,1.587822973478555696e+03,2.525583508838279201e+00
1.016999999999999993e+01,3.000000000000000000e+00,1.200000000000000000e+02,1.902835554629091064e+02,1.589755042888739581e+03,2.574243672130354987e+00
1.017999999999999972e+01,3.000000000000000000e+00,1.200000000000000000e+02,1.978692779497056335e+02,1.591708668445749481e+03,2.617642343171288744e+00
1.018999999999999950e+01,3.000000000000000000e+00,1.200000000000000000e+02,1.895238476295858732e+02,1.593633086892602023e+03,2.659190229588837884e+00
1.020000000000000107e+01,3.000000000000000000e+00,1.200000000000000000e+02,1.917140546722176566e+02,1.595544058037473860e+03,2.695049743422599953e+00
1.021000000000000085e+01,3.000000000000000000e+00,1.200000000000000000e+02,1.868819670257833536e+02,1.597428547190291965e+03,2.731567134265737273e+00
1.022000000000000064e+01,3.000000000000000000e+00,1.200000000000000000e+02,1.888336159803307908e+02,1.599310949902774155e+03,2.763706793323331024e+00
1.023000000000000043e+01,3.000000000000000000e+00,1.200000000000000000e+02,1.870526625004404764e+02,1.601183380765221273e+03,2.804096998203619240e+00
1.024000000000000021e+01,3.000000000000000000e+00,1.200000000000000000e+02,1.862335409014435754e+02,1.603052696943272394e+03,2.839449809574648320e+00
1.025000000000000000e+01,3.000000000000000000e+00,1.200000000000000000e+02,1.872831353001397474e+02,1.604918552841737892e+03,2.873591869588858483e+00
1.025999999999999979e+01,3.000000000000000000e+00,1.200000000000000000e+02,1.843196548342759229e+02,1.606776490433057688e+03,2.896736468581750934e+00
1.026999999999999957e+01,3.000000000000000000e+00,1.200000000000000000e+02,1.880621677819028719e+02,1.608638383100832016e+03,2.919123532391944220e+00
1.027999999999999936e+01,3.000000000000000000e+00,1.200000000000000000e+02,1.821614372271031073e+02,1.610485120769057858e+03,2.938199989572527926e+00
1.029000000000000092e+01,3.000000000000000000e+00,1.200000000000000000e+02,1.876992944783824839e+02,1.612336707200705632e+03,2.965595964223708858e+00
1.030000000000000071e+01,3.000000000000000000e+00,1.200000000000000000e+02,1.834846365276601716e+02,1.614182279579629494e+03,2.992302901673938198e+00
1.031000000000000050e+01,3.000000000000000000e+00,1.200000000000000000e+02,1.876240034981555880e+02,1.616040399604206641e+03,3.021434897308534762e+00
1.032000000000000028e+01,3.000000000000000000e+00,1.200000000000000000e+02,1.816493265130667396e+02,1.617890133459227172e+03,3.041102031987435783e+00
1.033000000000000007e+01,3.000000000000000000e+00,1.200000000000000000e+02,1.910552168286005497e+02,1.619763882851286553e+03,3.070862330011529640e+00
1.033999999999999986e+01,3.000000000000000000e+00,1.200000000000000000e+02,1.806937469186304384e+02,1.621613032483058987e+03,3.095706806587553039e+00
1.034999999999999964e+01,3.000000000000000000e+00,1.200000000000000000e+02,1.886439035152471888e+02,1.623467314467926599e+03,3.129507541933730597e+00
1.035999999999999943e+01,3.000000000000000000e+00,1.200000000000000000e+02,1.786981717561470475e+02,1.625292768052320298e+03,3.157271877782084957e+00
1.037000000000000099e+01,3.000000000000000000e+00,1.200000000000000000e+02,1.884553996755915364e+02,1.627140015485046433e+03,3.184469477053335051e+00
1.038000000000000078e+01,3.000000000000000000e+00,1.200000000000000000e+02,1.825856879614210868e+02,1.628976250018966766e+03,3.206529640560400019e+00
1.039000000000000057e+01,3.000000000000000000e+00,1.200000000000000000e+02,1.841705449376040065e+02,1.630811907940181300e+03,3.236134182021608297e+00
1.040000000000000036e+01,3.000000000000000000e+00,1.200000000000000000e+02,1.803417956745900597e+02,1.632626795036107524e+03,3.264731980304504955e+00
1.041000000000000014e+01,3.000000000000000000e+00,1.200000000000000000e+02,1.789396105644378565e+02,1.634420154266266991e+03,3.291105591721316781e+00
1.041999999999999993e+01,3.000000000000000000e+00,1.200000000000000000e+02,1.784220636251371843e+02,1.636206347100863923e+03,3.313437204950147486e+00
1.042999999999999972e+01,3.000000000000000000e+00,1.200000000000000000e+02,1.784937148976896992e+02,1.637991111282247402e+03,3.330047847243973624e+00
1.043999999999999950e+01,3.000000000000000000e+00,1.200000000000000000e+02,1.779461103855275894e+02,1.639771654856112718e+03,3.343114787618307382e+00
1.045000000000000107e+01,3.000000000000000000e+00,1.200000000000000000e+02,1.770237603792334369e+02,1.641545498753187303e+03,3.359211845700000421e+00
1.046000000000000085e+01,3.000000000000000000e+00,1.200000000000000000e+02,1.763466183992719607e+02,1.643311975608158718e+03,3.380407417492598654e+00
1.047000000000000064e+01,3.000000000000000000e+00,1.200000000000000000e+02,1.756514329150101901e+02,1.645071117190154837e+03,3.406012582069298134e+00
1.048000000000000043e+01,3.000000000000000000e+00,1.200000000000000000e+02,1.753032490815789401e+02,1.646825235892451019e+03,3.437727643839968206e+00
1.049000000000000021e+01,3.000000000000000000e+00,1.200000000000000000e+02,1.743785878782439625e+02,1.648573287082997695e+03,3.472114492756401383e+00
1.050000000000000000e+01,3.000000000000000000e+00,1.200000000000000000e+02,1.732305047176062089e+02,1.650308902734599314e+03,3.508197072983510800e+00
1.050999999999999979e+01,3.000000000000000000e+00,1.200000000000000000e+02,1.731351611926693295e+02,1.652040374053940013e+03,3.545404071974329163e+00
1.051999999999999957e+01,3.000000000000000000e+00,1.200000000000000000e+02,1.735754895867057996e+02,1.653773895942285662e+03,3.582988795914678892e+00
1.052999999999999936e+01,3.000000000000000000e+00,1.200000000000000000e+02,1.731683015483066299e+02,1.655506855690921611e+03,3.618789880806976722e+00
1.054000000000000092e+01,3.000000000000000000e+00,1.200000000000000000e+02,1.724165667126997903e+02,1.657234544523284740e+03,3.659059000318931609e+00
1.055000000000000071e+01,3.000000000000000000e+00,1.200000000000000000e+02,1.716740992494869431e+02,1.658952794882032549e+03,3.708314989102041270e+00
1.056000000000000050e+01,3.000000000000000000e+00,1.200000000000000000e+02,1.713830118436944758e+02,1.660668089755369692e+03,3.773179796794118523e+00
1.057000000000000028e+01,3.000000000000000000e+00,1.200000000000000000e+02,1.709632569901347097e+02,1.662379131382545665e+03,3.850970153504462701e+00
1.058000000000000007e+01,3.000000000000000000e+00,1.200000000000000000e+02,1.695616187968535087e+02,1.664079650156773369e+03,3.933276345015580766e+00
1.058999999999999986e+01,3.000000000000000000e+00,1.200000000000000000e+02,1.681706189681484318e+02,1.665766846287296175e+03,4.014930001801481296e+00
1.059999999999999964e+01,3.000000000000000000e+00,1.200000000000000000e+02,1.676418166691077829e+02,1.667444873365690682e+03,4.098202350930828963e+00
1.060999999999999943e+01,3.000000000000000000e+00,1.200000000000000000e+02,1.679702377088288756e+02,1.669121929548471371e+03,4.183777661099129297e+00
1.062000000000000099e+01,3.000000000000000000e+00,1.200000000000000000e+02,1.682305823366335176e+02,1.670804187435777067e+03,4.270488930621932688e+00
1.063000000000000078e+01,3.000000000000000000e+00,1.200000000000000000e+02,1.675066398073714993e+02,1.672482675748498423e+03,4.359359022751332802e+00
1.064000000000000057e+01,3.000000000000000000e+00,1.200000000000000000e+02,1.665525058665814697e+02,1.674151281980414751e+03,4.452911785018962121e+00
1.065000000000000036e+01,3.000000000000000000e+00,1.200000000000000000e+02,1.664624846707554298e+02,1.675815360701299596e+03,4.548398093206971637e+00
1.066000000000000014e+01,3.000000000000000000e+00,1.200000000000000000e+02,1.665972856881928692e+02,1.677478692978289928e+03,4.653749665577770145e+00
1.066999999999999993e+01,3.000000000000000000e+00,1.200000000000000000e+02,1.664951081967114987e+02,1.679144298241146771e+03,4.761953447543361584e+00
1.067999999999999972e+01,3.000000000000000000e+00,1.200000000000000000e+02,1.659561284572041018e+02,1.680806269787050041e+03,4.870010181860831899e+00
1.068999999999999950e+01,3.000000000000000000e+00,1.200000000000000000e+02,1.654014593291276753e+02,1.682462721059299383e+03,4.976509082863398881e+00
1.070000000000000107e+01,3.000000000000000000e+00,1.200000000000000000e+02,1.650741074401922788e+02,1.684113669211356410e+03,5.081376221843294516e+00
1.071000000000000085e+01,3.000000000000000000e+00,1.200000000000000000e+02,1.653360555231906801e+02,1.685764140211642825e+03,5.185878565954869401e+00
1.072000000000000064e+01,3.000000000000000000e+00,1.200000000000000000e+02,1.650551713162264491e+02,1.687416815891966962e+03,5.288492722643259647e+00
1.073000000000000043e+01,3.000000000000000000e+00,1.200000000000000000e+02,1.645824220879326845e+02,1.689064498965859002e+03,5.389863262775488550e+00
1.074000000000000021e+01,3.000000000000000000e+00,1.200000000000000000e+02,1.642398511331769271e+02,1.690707938910994926e+03,5.490915257381224102e+00
1.075000000000000000e+01,3.000000000000000000e+00,1.200000000000000000e+02,1.643426945200251339e+02,1.692350234764657671e+03,5.589536236225132626e+00
1.075999999999999979e+01,3.000000000000000000e+00,1.200000000000000000e+02,1.645378742856752012e+02,1.693987606610035073e+03,5.687847343143510592e+00
1.076999999999999957e+01,3.000000000000000000e+00,1.200000000000000000e+02,1.639504644103594160e+02,1.695629938266306908e+03,5.783929102169450331e+00
1.077999999999999936e+01,3.000000000000000000e+00,1.200000000000000000e+02,1.633441618645485107e+02,1.697265936518179842e+03,5.884037772055564552e+00
1.079000000000000092e+01,3.000000000000000000e+00,1.200000000000000000e+02,1.637844153797645390e+02,1.698901275986043402e+03,5.986279042329136324e+00
1.080000000000000071e+01,3.000000000000000000e+00,1.200000000000000000e+02,1.645214432374153262e+02,1.700542155040241596e+03,6.092788531932773033e+00
1.081000000000000050e+01,3.000000000000000000e+00,1.200000000000000000e+02,1.642740925012597586e+02,1.702186645095914173e+03,6.200660649938542157e+00
1.082000000000000028e+01,3.000000000000000000e+00,1.200000000000000000e+02,1.627211902836643276e+02,1.703819183299244514e+03,6.314699805746489147e+00
1.083000000000000007e+01,3.000000000000000000e+00,1.200000000000000000e+02,1.613105792867898174e+02,1.705437942727637619e+03,6.429590286350606476e+00
1.083999999999999986e+01,3.000000000000000000e+00,1.200000000000000000e+02,1.606941189798253617e+02,1.707046734896598991e+03,6.541449452903417949e+00
1.084999999999999964e+01,3.000000000000000000e+00,1.200000000000000000e+02,1.611014749183171944e+02,1.708654029768745659e+03,6.647530180835545366e+00
1.085999999999999943e+01,3.000000000000000000e+00,1.200000000000000000e+02,1.619076991386519069e+02,1.710270502052058873e+03,6.749428889104073903e+00
1.087000000000000099e+01,3.000000000000000000e+00,1.200000000000000000e+02,1.628654616185887107e+02,1.711895899692876355e+03,6.856888607333064378e+00
1.088000000000000078e+01,3.000000000000000000e+00,1.200000000000000000e+02,1.624919333516202755e+02,1.713522720330322727e+03,6.965854971845965693e+00
1.089000000000000057e+01,3.000000000000000000e+00,1.200000000000000000e+02,1.609668302913933360e+02,1.715138632407834848e+03,7.068871855586348119e+00
1.090000000000000036e+01,3.000000000000000000e+00,1.200000000000000000e+02,1.588137883192454751e+02,1.716733451993848576e+03,7.165214801456060378e+00
1.091000000000000014e+01,3.000000000000000000e+00,1.200000000000000000e+02,1.576163207139040878e+02,1.718313884521810678e+03,7.255375088275091144e+00
1.091999999999999993e+01,3.000000000000000000e+00,1.200000000000000000e+02,1.575854566199498095e+02,1.719889461203013525e+03,7.341697210568797871e+00
1.092999999999999972e+01,3.000000000000000000e+00,1.200000000000000000e+02,1.578360274548839755e+02,1.721467980541841371e+03,7.427876438107126944e+00
1.093999999999999950e+01,3.000000000000000000e+00,1.200000000000000000e+02,1.573287172070864131e+02,1.723041123134936470e+03,7.518442755266881328e+00
1.095000000000000107e+01,3.000000000000000000e+00,1.200000000000000000e+02,1.569258046093744099e+02,1.724612053462053836e+03,7.603065746105492906e+00
1.096000000000000085e+01,3.000000000000000000e+00,1.200000000000000000e+02,1.566456114028707987e+02,1.726177598521957634e+03,7.683763798906426246e+00
1.097000000000000064e+01,3.000000000000000000e+00,1.200000000000000000e+02,1.572081888321874601e+02,1.727747468543291006e+03,7.750630292415769063e+00
1.098000000000000043e+01,3.000000000000000000e+00,1.200000000000000000e+02,1.575004448554855117e+02,1.729322460855420104e+03,7.808626603742927941e+00
1.099000000000000021e+01,3.000000000000000000e+00,1.200000000000000000e+02,1.569126242324070972e+02,1.730879073013828702e+03,7.868736071074482474e+00
1.100000000000000000e+01,3.000000000000000000e+00,1.200000000000000000e+02,1.566115805066212943e+02,1.732448835137074184e+03,7.925040203228926217e+00
1.100999999999999979e+01,3.000000000000000000e+00,1.200000000000000000e+02,1.557642104807043779e+02,1.734009602919241615e+03,7.987746249023709666e+00
1.101999999999999957e+01,3.000000000000000000e+00,1.200000000000000000e+02,1.555397746381118793e+02,1.735565467026114220e+03,8.053569282878575208e+00
1.102999999999999936e+01,3.000000000000000000e+00,1.200000000000000000e+02,1.560512800185666720e+02,1.737124114325184792e+03,8.117723793829298984e+00
1.104000000000000092e+01,3.000000000000000000e+00,1.200000000000000000e+02,1.559101162697978395e+02,1.738682399428405688e+03,8.174649557687017065e+00
1.105000000000000071e+01,3.000000000000000000e+00,1.200000000000000000e+02,1.558071260665860223e+02,1.740232081698502043e+03,8.225711809734686852e+00
1.106000000000000050e+01,3.000000000000000000e+00,1.200000000000000000e+02,1.548900976103879259e+02,1.741785448951281523e+03,8.278174056841633544e+00
1.107000000000000028e+01,3.000000000000000000e+00,1.200000000000000000e+02,1.538939635967146842e+02,1.743328251190606125e+03,8.335972310817396647e+00
1.108000000000000007e+01,3.000000000000000000e+00,1.200000000000000000e+02,1.534354859730832743e+02,1.744863935091564599e+03,8.396503684797012923e+00
1.108999999999999986e+01,3.000000000000000000e+00,1.200000000000000000e+02,1.536591554686588950e+02,1.746399871195131254e+03,8.456026457220868764e+00
1.109999999999999964e+01,3.000000000000000000e+00,1.200000000000000000e+02,1.537043184583984043e+02,1.747924422295853446e+03,8.513622133008572845e+00
1.110999999999999943e+01,3.000000000000000000e+00,1.200000000000000000e+02,1.541525545024643691e+02,1.749467062348284799e+03,8.553645322723676614e+00
1.112000000000000099e+01,3.000000000000000000e+00,1.200000000000000000e+02,1.531909121840037926e+02,1.751000889126039510e+03,8.599258247109451858e+00
1.113000000000000078e+01,3.000000000000000000e+00,1.200000000000000000e+02,1.521396731231013746e+02,1.752526350959747333e+03,8.650732742052545277e+00
1.114000000000000057e+01,3.000000000000000000e+00,1.200000000000000000e+02,1.514085215281345427e+02,1.754043008527034544e+03,8.708614031868469496e+00
1.115000000000000036e+01,3.000000000000000000e+00,1.200000000000000000e+02,1.514310927933643143e+02,1.755556994489928229e+03,8.770237701105303429e+00
1.116000000000000014e+01,3.000000000000000000e+00,1.200000000000000000e+02,1.517412946849965749e+02,1.757073501933685748e+03,8.826205042753361596e+00
1.116999999999999993e+01,3.000000000000000000e+00,1.200000000000000000e+02,1.520191734161404327e+02,1.758592117966355090e+03,8.873752498611944262e+00
1.117999999999999972e+01,3.000000000000000000e+00,1.200000000000000000e+02,1.513276364774506533e+02,1.760093109119556857e+03,8.926528495415928077e+00
1.118999999999999950e+01,3.000000000000000000e+00,1.200000000000000000e+02,1.512182889121246205e+02,1.761607993575098590e+03,8.967309022790066919e+00
1.120000000000000107e+01,3.000000000000000000e+00,1.200000000000000000e+02,1.505956986204393502e+02,1.763116764329698981e+03,9.010441536145703978e+00
1.121000000000000085e+01,3.000000000000000000e+00,1.200000000000000000e+02,1.506028226577141140e+02,1.764622675199477044e+03,9.057670554223605563e+00
1.122000000000000064e+01,3.000000000000000000e+00,1.200000000000000000e+02,1.506495099497693673e+02,1.766128819758772352e+03,9.111342000979060884e+00
1.123000000000000043e+01,3.000000000000000000e+00,1.200000000000000000e+02,1.505445626397630576e+02,1.767634584656964307e+03,9.168930757093576744e+00
1.124000000000000021e+01,3.000000000000000000e+00,1.200000000000000000e+02,1.498119173999677969e+02,1.769135976898645595e+03,9.226688670762923650e+00
1.125000000000000000e+01,3.000000000000000000e+00,1.200000000000000000e+02,1.491089997451444731e+02,1.770621179044051587e+03,9.285227419801401538e+00
1.125999999999999979e+01,3.000000000000000000e+00,1.200000000000000000e+02,1.487182679928004916e+02,1.772098769975747928e+03,9.348608918076148910e+00
1.126999999999999957e+01,3.000000000000000000e+00,1.200000000000000000e+02,1.485553663059638438e+02,1.773586682744332393e+03,9.396142102432856191e+00
1.127999999999999936e+01,3.000000000000000000e+00,1.200000000000000000e+02,1.483915284358002680e+02,1.775070745823909874e+03,9.444087724753085666e+00
1.129000000000000092e+01,3.000000000000000000e+00,1.200000000000000000e+02,1.476254029071835703e+02,1.776549532118683601e+03,9.494079057141037836e+00
1.130000000000000071e+01,3.000000000000000000e+00,1.200000000000000000e+02,1.468762582180887932e+02,1.778021767192772586e+03,9.549812048094775463e+00
1.131000000000000050e+01,3.000000000000000000e+00,1.200000000000000000e+02,1.463882610432044942e+02,1.779472968674771892e+03,9.618992050807516847e+00
1.132000000000000028e+01,3.000000000000000000e+00,1.200000000000000000e+02,1.469066890631042952e+02,1.780942010463267479e+03,9.696279668705477306e+00
1.133000000000000007e+01,3.000000000000000000e+00,1.200000000000000000e+02,1.469617935748442221e+02,1.782411263765255171e+03,9.786582257839802068e+00
1.133999999999999986e+01,3.000000000000000000e+00,1.200000000000000000e+02,1.429616807116201755e+02,1.783858187351073639e+03,9.892852821517175599e+00
1.134999999999999964e+01,3.000000000000000000e+00,1.200000000000000000e+02,1.460086461906872444e+02,1.785318936698070729e+03,9.982668061087718314e+00
1.135999999999999943e+01,3.000000000000000000e+00,1.200000000000000000e+02,1.441403877501297757e+02,1.786767698724512229e+03,1.006989064618668017e+01
1.137000000000000099e+01,3.000000000000000000e+00,1.200000000000000000e+02,1.431142659171146363e+02,1.788202449067510770e+03,1.016230905748559543e+01
1.138000000000000078e+01,3.000000000000000000e+00,1.200000000000000000e+02,1.430190645395948650e+02,1.789630696641845816e+03,1.025756942642791891e+01
1.139000000000000057e+01,3.000000000000000000e+00,1.200000000000000000e+02,1.435453545270442248e+02,1.791064532305658759e+03,1.034732384610560274e+01
1.140000000000000036e+01,3.000000000000000000e+00,1.200000000000000000e+02,1.431006630503749761e+02,1.792497692385839400e+03,1.043869962249138261e+01
1.141000000000000014e+01,3.000000000000000000e+00,1.200000000000000000e+02,1.422721169914014467e+02,1.793924396740480688e+03,1.053204409719327828e+01
1.141999999999999993e+01,3.000000000000000000e+00,1.200000000000000000e+02,1.419045135597851299e+02,1.795334782712862761e+03,1.063872464893581515e+01
1.142999999999999972e+01,3.000000000000000000e+00,1.200000000000000000e+02,1.416881322313405462e+02,1.796753938053307138e+03,1.073191481890038013e+01
1.143999999999999950e+01,3.000000000000000000e+00,1.200000000000000000e+02,1.376907793135794407e+02,1.798148792368228442e+03,1.083419514663546934e+01
1.145000000000000107e+01,3.000000000000000000e+00,1.200000000000000000e+02,1.424099979119974364e+02,1.799574512298822128e+03,1.092152671222737581e+01
1.146000000000000085e+01,3.000000000000000000e+00,1.200000000000000000e+02,1.414288995621784579e+02,1.800991641345108746e+03,1.101112998917188968e+01
1.147000000000000064e+01,3.000000000000000000e+00,1.200000000000000000e+02,1.408095350759093094e+02,1.802402667034557680e+03,1.109951600432530938e+01
1.148000000000000043e+01,3.000000000000000000e+00,1.200000000000000000e+02,1.406308763126441477e+02,1.803810529856550147e+03,1.118688776852373223e+01
1.149000000000000021e+01,3.000000000000000000e+00,1.200000000000000000e+02,1.403272643601826530e+02,1.805213060280494119e+03,1.127871422708088645e+01
1.150000000000000000e+01,3.000000000000000000e+00,1.200000000000000000e+02,1.366305047620923006e+02,1.806596030129120891e+03,1.138595117295952086e+01
1.150999999999999979e+01,3.000000000000000000e+00,1.200000000000000000e+02,1.410688021792369966e+02,1.808001886449650556e+03,1.148154020200307457e+01
1.151999999999999957e+01,3.000000000000000000e+00,1.200000000000000000e+02,1.403916156918220963e+02,1.809409167775336755e+03,1.157120586670915330e+01
1.152999999999999936e+01,3.000000000000000000e+00,1.200000000000000000e+02,1.399436068908618154e+02,1.810810792308204100e+03,1.165812709158819693e+01
1.154000000000000092e+01,3.000000000000000000e+00,1.200000000000000000e+02,1.397793721963820701e+02,1.812209218296198515e+03,1.174025438815325195e+01
1.155000000000000071e+01,3.000000000000000000e+00,1.200000000000000000e+02,1.399834191018043725e+02,1.813598027459373043e+03,1.182846671643996395e+01
1.156000000000000050e+01,3.000000000000000000e+00,1.200000000000000000e+02,1.397043573482395686e+02,1.814997523463012385e+03,1.189986565184234024e+01
1.157000000000000028e+01,3.000000000000000000e+00,1.200000000000000000e+02,1.354618302142176276e+02,1.816370129773804820e+03,1.198353684065100566e+01
1.158000000000000007e+01,3.000000000000000000e+00,1.200000000000000000e+02,1.397992908955565099e+02,1.817763358693840928e+03,1.205738805386352830e+01
1.158999999999999986e+01,3.000000000000000000e+00,1.200000000000000000e+02,1.393227304952503118e+02,1.819158801310620447e+03,1.212927705703784831e+01
1.159999999999999964e+01,3.000000000000000000e+00,1.200000000000000000e+02,1.396685138154624042e+02,1.820553425804749168e+03,1.220014690555528070e+01
1.160999999999999943e+01,3.000000000000000000e+00,1.200000000000000000e+02,1.397773835616146414e+02,1.821946281238065467e+03,1.226903995518264168e+01
1.162000000000000099e+01,3.000000000000000000e+00,1.200000000000000000e+02,1.394539049863874709e+02,1.823342599184116580e+03,1.233596781101013384e+01
1.163000000000000078e+01,3.000000000000000000e+00,1.200000000000000000e+02,1.387314487181951961e+02,1.824733280708745269e+03,1.240103402229946106e+01
1.164000000000000057e+01,3.000000000000000000e+00,1.200000000000000000e+02,1.353447966774064923e+02,1.826101460481466802e+03,1.247681078034835345e+01
1.165000000000000036e+01,3.000000000000000000e+00,1.200000000000000000e+02,1.380230040085171197e+02,1.827486018379398729e+03,1.253098291887755700e+01
1.166000000000000014e+01,3.000000000000000000e+00,1.200000000000000000e+02,1.375071224205273950e+02,1.828861892511008591e+03,1.258602002851442236e+01
1.166999999999999993e+01,3.000000000000000000e+00,1.200000000000000000e+02,1.374297474338733025e+02,1.830224994890176049e+03,1.264181969664432614e+01
1.167999999999999972e+01,3.000000000000000000e+00,1.200000000000000000e+02,1.384610869962029653e+02,1.831607502913272356e+03,1.269168443169682270e+01
1.168999999999999950e+01,3.000000000000000000e+00,1.200000000000000000e+02,1.393372472055505398e+02,1.832997850392370083e+03,1.274358204602689426e+01
1.170000000000000107e+01,3.000000000000000000e+00,1.200000000000000000e+02,1.395207301188612234e+02,1.834393261584878246e+03,1.279448867649588450e+01
1.171000000000000085e+01,3.000000000000000000e+00,1.200000000000000000e+02,1.390140826067767534e+02,1.835785143790444408e+03,1.283705139627992153e+01
1.172000000000000064e+01,3.000000000000000000e+00,1.200000000000000000e+02,1.347325434840252569e+02,1.837151203825089397e+03,1.287728278335404397e+01
1.173000000000000043e+01,3.000000000000000000e+00,1.200000000000000000e+02,1.376438673276906854e+02,1.838527589048187792e+03,1.289766860264772141e+01
1.174000000000000021e+01,3.000000000000000000e+00,1.200000000000000000e+02,1.362975710108100316e+02,1.839896028747024957e+03,1.291367869245742206e+01
1.175000000000000000e+01,3.000000000000000000e+00,1.200000000000000000e+02,1.358772178655262337e+02,1.841256438022295242e+03,1.292905607773291976e+01
1.175999999999999979e+01,3.000000000000000000e+00,1.200000000000000000e+02,1.357874721744930469e+02,1.842614436920309345e+03,1.294814995718717476e+01
1.176999999999999957e+01,3.000000000000000000e+00,1.200000000000000000e+02,1.316481848091739835e+02,1.843950722792486658e+03,1.297041641443575699e+01
1.177999999999999936e+01,3.000000000000000000e+00,1.200000000000000000e+02,1.364231154501851222e+02,1.845318281391669643e+03,1.298127468814812602e+01
1.179000000000000092e+01,3.000000000000000000e+00,1.200000000000000000e+02,1.321541436222670995e+02,1.846656232654727546e+03,1.301119594446772076e+01
1.180000000000000071e+01,3.000000000000000000e+00,1.200000000000000000e+02,1.359416284041986671e+02,1.848010456803388024e+03,1.301096166808111754e+01
1.181000000000000050e+01,3.000000000000000000e+00,1.200000000000000000e+02,1.362106810107365789e+02,1.849374148259561252e+03,1.300985380415143844e+01
1.182000000000000028e+01,3.000000000000000000e+00,1.200000000000000000e+02,1.354567593501887472e+02,1.850731747032207068e+03,1.300232173428787164e+01
1.183000000000000007e+01,3.000000000000000000e+00,1.200000000000000000e+02,1.308976942470848144e+02,1.852059070588088844e+03,1.299646996293923351e+01
1.183999999999999986e+01,3.000000000000000000e+00,1.200000000000000000e+02,1.366581760695639218e+02,1.853404503804287287e+03,1.297577638767739572e+01
1.184999999999999964e+01,3.000000000000000000e+00,1.200000000000000000e+02,1.354508792435900375e+02,1.854761661067011573e+03,1.295077679655324054e+01
1.185999999999999943e+01,3.000000000000000000e+00,1.200000000000000000e+02,1.347319212830757351e+02,1.856112206040201272e+03,1.292622259695827047e+01
1.187000000000000099e+01,3.000000000000000000e+00,1.200000000000000000e+02,1.349738140672778286e+02,1.857453780010143191e+03,1.290934875725714193e+01
1.188000000000000078e+01,3.000000000000000000e+00,1.200000000000000000e+02,1.352254777039524640e+02,1.858805388322632552e+03,1.288126536083894536e+01
1.189000000000000057e+01,3.000000000000000000e+00,1.200000000000000000e+02,1.350903331497561624e+02,1.860157292277702027e+03,1.284959927420823966e+01
1.190000000000000036e+01,3.000000000000000000e+00,1.200000000000000000e+02,1.304988139879944242e+02,1.861479326378136875e+03,1.282372551861083743e+01
1.191000000000000014e+01,3.000000000000000000e+00,1.200000000000000000e+02,1.353155486587253336e+02,1.862827148103747277e+03,1.279305727052604169e+01
1.191999999999999993e+01,3.000000000000000000e+00,1.200000000000000000e+02,1.347346669584524363e+02,1.864178915609031492e+03,1.276582866046950215e+01
1.192999999999999972e+01,3.000000000000000000e+00,1.200000000000000000e+02,1.339045159235390656e+02,1.865521784514859974e+03,1.274061535367173548e+01
1.193999999999999950e+01,3.000000000000000000e+00,1.200000000000000000e+02,1.339512157671325951e+02,1.866861152972611308e+03,1.271475605058160951e+01
1.195000000000000107e+01,3.000000000000000000e+00,1.200000000000000000e+02,1.304662066364994644e+02,1.868181382933885743e+03,1.269959560011231225e+01
1.196000000000000085e+01,3.000000000000000000e+00,1.200000000000000000e+02,1.343519756009856962e+02,1.869526114129711914e+03,1.266178561396324653e+01
1.197000000000000064e+01,3.000000000000000000e+00,1.200000000000000000e+02,1.335977728427383227e+02,1.870864780831514508e+03,1.263193291015727837e+01
1.198000000000000043e+01,3.000000000000000000e+00,1.200000000000000000e+02,1.290300178216253641e+02,1.872174769806520771e+03,1.260941398663877422e+01
1.199000000000000021e+01,3.000000000000000000e+00,1.200000000000000000e+02,1.336887688280934583e+02,1.873508075647593159e+03,1.258496096612758208e+01
1.200000000000000000e+01,3.000000000000000000e+00,1.200000000000000000e+02,1.322955504131273585e+02,1.874835206454715944e+03,1.256612699887554108e+01
1.200999999999999979e+01,3.000000000000000000e+00,1.200000000000000000e+02,1.317643235343774109e+02,1.876154738857417669e+03,1.254993857506768151e+01
1.201999999999999957e+01,3.000000000000000000e+00,1.200000000000000000e+02,1.320357363460461215e+02,1.877474568436031632e+03,1.253290945290532221e+01
1.203000000000000114e+01,3.000000000000000000e+00,1.200000000000000000e+02,1.321603464274341206e+02,1.878796204548888909e+03,1.251107952064388051e+01
1.204000000000000092e+01,3.000000000000000000e+00,1.200000000000000000e+02,1.272241799757318290e+02,1.880078740153913486e+03,1.250089289254895952e+01
1.205000000000000071e+01,3.000000000000000000e+00,1.200000000000000000e+02,1.332575423004824700e+02,1.881390817794112991e+03,1.247240748164121982e+01
1.206000000000000050e+01,3.000000000000000000e+00,1.200000000000000000e+02,1.320121652062091187e+02,1.882707452175054641e+03,1.244276946574141718e+01
1.207000000000000028e+01,3.000000000000000000e+00,1.200000000000000000e+02,1.307133965281768155e+02,1.884019707756452135e+03,1.240942887082647417e+01
1.208000000000000007e+01,3.000000000000000000e+00,1.200000000000000000e+02,1.301249049309274710e+02,1.885323885301124164e+03,1.237645280665268466e+01
1.208999999999999986e+01,3.000000000000000000e+00,1.200000000000000000e+02,1.303040512860130491e+02,1.886626258505247506e+03,1.234017724406051641e+01
1.209999999999999964e+01,3.000000000000000000e+00,1.200000000000000000e+02,1.307181406259365701e+02,1.887932602878293665e+03,1.230230044304248871e+01
1.210999999999999943e+01,3.000000000000000000e+00,1.200000000000000000e+02,1.261003269575930972e+02,1.889212484840272054e+03,1.226253741983213352e+01
1.212000000000000099e+01,3.000000000000000000e+00,1.200000000000000000e+02,1.265519559111081236e+02,1.890496253721851645e+03,1.222790747716973492e+01
1.213000000000000078e+01,3.000000000000000000e+00,1.200000000000000000e+02,1.312089896015905879e+02,1.891789351305382979e+03,1.217968753276428728e+01
1.214000000000000057e+01,3.000000000000000000e+00,1.200000000000000000e+02,1.313257679801220092e+02,1.893093937028784921e+03,1.212170209014884925e+01
1.215000000000000036e+01,3.000000000000000000e+00,1.200000000000000000e+02,1.309085489432085012e+02,1.894406863348681100e+03,1.205312689679606919e+01
1.216000000000000014e+01,3.000000000000000000e+00,1.200000000000000000e+02,1.303206868889618022e+02,1.895711361593495440e+03,1.197961424276522457e+01
1.216999999999999993e+01,3.000000000000000000e+00,1.200000000000000000e+02,1.297051880299771369e+02,1.897011219479449892e+03,1.190322976633949814e+01
1.217999999999999972e+01,3.000000000000000000e+00,1.200000000000000000e+02,1.249482528431314421e+02,1.898281345952301990e+03,1.182576474351583329e+01
1.218999999999999950e+01,3.000000000000000000e+00,1.200000000000000000e+02,1.306063089894560107e+02,1.899567003735310436e+03,1.174961991688708274e+01
1.220000000000000107e+01,3.000000000000000000e+00,1.200000000000000000e+02,1.260827516000981348e+02,1.900835149252941846e+03,1.168618129053076693e+01
1.221000000000000085e+01,3.000000000000000000e+00,1.200000000000000000e+02,1.313235303275024251e+02,1.902129875637300984e+03,1.161674516418995040e+01
1.222000000000000064e+01,3.000000000000000000e+00,1.200000000000000000e+02,1.307894693583810977e+02,1.903436505560632895e+03,1.155168825099459440e+01
1.223000000000000043e+01,3.000000000000000000e+00,1.200000000000000000e+02,1.305519727237330585e+02,1.904743679935543469e+03,1.148846045401762872e+01
1.224000000000000021e+01,3.000000000000000000e+00,1.200000000000000000e+02,1.297764432858210739e+02,1.906044700584834573e+03,1.143085280632925915e+01
1.225000000000000000e+01,3.000000000000000000e+00,1.200000000000000000e+02,1.290496845310969718e+02,1.907337697143184187e+03,1.137752905611337262e+01
1.225999999999999979e+01,3.000000000000000000e+00,1.200000000000000000e+02,1.252050467448847684e+02,1.908606001203058895e+03,1.132777476714241693e+01
1.226999999999999957e+01,3.000000000000000000e+00,1.200000000000000000e+02,1.293584718642220821e+02,1.909895223362636671e+03,1.128162484137449084e+01
1.228000000000000114e+01,3.000000000000000000e+00,1.200000000000000000e+02,1.252338380930742261e+02,1.911164731077305078e+03,1.124570938480911408e+01
1.229000000000000092e+01,3.000000000000000000e+00,1.200000000000000000e+02,1.307712444631846154e+02,1.912452996957543292e+03,1.119478004418026629e+01
1.230000000000000071e+01,3.000000000000000000e+00,1.200000000000000000e+02,1.260569186079673756e+02,1.913730676910738339e+03,1.115380515577484033e+01
1.231000000000000050e+01,3.000000000000000000e+00,1.200000000000000000e+02,1.297344406917183335e+02,1.915033446281518081e+03,1.109626631940632713e+01
1.232000000000000028e+01,3.000000000000000000e+00,1.200000000000000000e+02,1.284111934829643928e+02,1.916322249984807058e+03,1.104516324470385591e+01
1.233000000000000007e+01,3.000000000000000000e+00,1.200000000000000000e+02,1.277824641104952264e+02,1.917601538787912659e+03,1.099490933979044804e+01
1.233999999999999986e+01,3.000000000000000000e+00,1.200000000000000000e+02,1.238385385530196032e+02,1.918857940077331705e+03,1.094720806786502010e+01
1.234999999999999964e+01,3.000000000000000000e+00,1.200000000000000000e+02,1.294901876831433185e+02,1.920118903189915500e+03,1.090180092499845621e+01
1.235999999999999943e+01,3.000000000000000000e+00,1.200000000000000000e+02,1.288624897457055738e+02,1.921395833491708117e+03,1.084565109553345863e+01
1.237000000000000099e+01,3.000000000000000000e+00,1.200000000000000000e+02,1.281112109217476700e+02,1.922682585011227729e+03,1.078748858972970837e+01
1.238000000000000078e+01,3.000000000000000000e+00,1.200000000000000000e+02,1.271640875658728476e+02,1.923957885678875300e+03,1.072932732261316602e+01
1.239000000000000057e+01,3.000000000000000000e+00,1.200000000000000000e+02,1.270335325312936163e+02,1.925228392574072359e+03,1.067021380170384326e+01
1.240000000000000036e+01,3.000000000000000000e+00,1.200000000000000000e+02,1.267245735156373030e+02,1.926496908090743091e+03,1.061635642130100443e+01
1.241000000000000014e+01,3.000000000000000000e+00,1.200000000000000000e+02,1.225126459296427868e+02,1.927739178046335837e+03,1.057185201919601880e+01
1.241999999999999993e+01,3.000000000000000000e+00,1.200000000000000000e+02,1.283945904220387035e+02,1.929003502757821934e+03,1.052718660810502449e+01
1.242999999999999972e+01,3.000000000000000000e+00,1.200000000000000000e+02,1.267097964477105165e+02,1.930253284063115871e+03,1.049636912985881310e+01
1.243999999999999950e+01,3.000000000000000000e+00,1.200000000000000000e+02,1.263174807740905976e+02,1.931520137419133562e+03,1.045127344647246126e+01
1.245000000000000107e+01,3.000000000000000000e+00,1.200000000000000000e+02,1.262649195448863964e+02,1.932783325549608207e+03,1.040517723845694142e+01
1.246000000000000085e+01,3.000000000000000000e+00,1.200000000000000000e+02,1.226724808231036405e+02,1.934026265665405163e+03,1.035347995638209184e+01
1.247000000000000064e+01,3.000000000000000000e+00,1.200000000000000000e+02,1.284765636274183862e+02,1.935289664489308279e+03,1.029557691045323686e+01
1.248000000000000043e+01,3.000000000000000000e+00,1.200000000000000000e+02,1.272325945615456817e+02,1.936556496331635117e+03,1.023497723870664444e+01
1.249000000000000021e+01,3.000000000000000000e+00,1.200000000000000000e+02,1.257709635483009265e+02,1.937820364341647974e+03,1.017307361875570670e+01
1.250000000000000000e+01,3.000000000000000000e+00,1.200000000000000000e+02,1.250425963573045891e+02,1.939061237721788075e+03,1.011862790085913488e+01
1.250999999999999979e+01,3.000000000000000000e+00,1.200000000000000000e+02,1.250072700363402305e+02,1.940314205859767753e+03,1.005386643626706089e+01
1.251999999999999957e+01,3.000000000000000000e+00,1.200000000000000000e+02,1.251980342880646475e+02,1.941566222577164353e+03,9.988736617494737402e+00
1.253000000000000114e+01,3.000000000000000000e+00,1.200000000000000000e+02,1.245871839870961821e+02,1.942799872893944894e+03,9.914603748640146819e+00
1.254000000000000092e+01,3.000000000000000000e+00,1.200000000000000000e+02,1.209911786156691704e+02,1.944027774203300851e+03,9.850546383886802815e+00
1.255000000000000071e+01,3.000000000000000000e+00,1.200000000000000000e+02,1.270000248845153408e+02,1.945276626507190031e+03,9.777177734267340270e+00
1.256000000000000050e+01,3.000000000000000000e+00,1.200000000000000000e+02,1.221326443295678104e+02,1.946518058840271806e+03,9.701511948429178744e+00
1.257000000000000028e+01,3.000000000000000000e+00,1.200000000000000000e+02,1.254776244845211153e+02,1.947779030871894747e+03,9.614920876902768754e+00
1.258000000000000007e+01,3.000000000000000000e+00,1.200000000000000000e+02,1.236573529966236435e+02,1.949022391170401988e+03,9.526612189808622233e+00
1.258999999999999986e+01,3.000000000000000000e+00,1.200000000000000000e+02,1.224451630590153997e+02,1.950250910216678221e+03,9.439264383804585989e+00
1.259999999999999964e+01,3.000000000000000000e+00,1.200000000000000000e+02,1.183034963240757094e+02,1.951451469059439205e+03,9.346750354543223338e+00
1.260999999999999943e+01,3.000000000000000000e+00,1.200000000000000000e+02,1.201039346131932035e+02,1.952649010346137402e+03,9.269714625139044983e+00
1.262000000000000099e+01,3.000000000000000000e+00,1.200000000000000000e+02,1.253035557933257991e+02,1.953877911535546446e+03,9.183806393813380708e+00
1.263000000000000078e+01,3.000000000000000000e+00,1.200000000000000000e+02,1.245963626194170217e+02,1.955123897768042752e+03,9.102604637619089445e+00
1.264000000000000057e+01,3.000000000000000000e+00,1.200000000000000000e+02,1.245229028944282419e+02,1.956369897223366706e+03,9.018275733341795330e+00
1.265000000000000036e+01,3.000000000000000000e+00,1.200000000000000000e+02,1.248545470222603910e+02,1.957617159905225890e+03,8.928032773224089169e+00
1.266000000000000014e+01,3.000000000000000000e+00,1.200000000000000000e+02,1.205021341127063579e+02,1.958843265302410373e+03,8.831638187838839471e+00
1.266999999999999993e+01,3.000000000000000000e+00,1.200000000000000000e+02,1.249328934872010279e+02,1.960075893034909541e+03,8.733655371306573656e+00
1.267999999999999972e+01,3.000000000000000000e+00,1.200000000000000000e+02,1.197550787015185989e+02,1.961294945282867729e+03,8.630685054509736887e+00
1.268999999999999950e+01,3.000000000000000000e+00,1.200000000000000000e+02,1.235122619754272364e+02,1.962534543820793715e+03,8.527568684351695794e+00
1.270000000000000107e+01,3.000000000000000000e+00,1.200000000000000000e+02,1.224559159385087099e+02,1.963762544001374863e+03,8.428623084467012916e+00
1.271000000000000085e+01,3.000000000000000000e+00,1.200000000000000000e+02,1.218611110313230483e+02,1.964983270669010608e+03,8.335546711626976801e+00
1.272000000000000064e+01,3.000000000000000000e+00,1.200000000000000000e+02,1.131319827314482183e+02,1.966153594047707884e+03,8.239427526365444621e+00
1.273000000000000043e+01,3.000000000000000000e+00,1.200000000000000000e+02,1.237316075898346526e+02,1.967371182989868657e+03,8.154022174692901359e+00
1.274000000000000021e+01,3.000000000000000000e+00,1.200000000000000000e+02,1.184947729481628613e+02,1.968576215204380787e+03,8.061772978466869688e+00
1.275000000000000000e+01,3.000000000000000000e+00,1.200000000000000000e+02,1.232974942158503637e+02,1.969810385516298084e+03,7.960595131887680864e+00
1.275999999999999979e+01,3.000000000000000000e+00,1.200000000000000000e+02,1.231445114841686461e+02,1.971041157332486819e+03,7.853253286464807914e+00
1.276999999999999957e+01,3.000000000000000000e+00,1.200000000000000000e+02,1.230284076757062621e+02,1.972272537827519272e+03,7.742241564934879250e+00
1.278000000000000114e+01,3.000000000000000000e+00,1.200000000000000000e+02,1.228443167894928649e+02,1.973502147292206701e+03,7.633474846416246962e+00
1.279000000000000092e+01,3.000000000000000000e+00,1.200000000000000000e+02,1.182837464159460836e+02,1.974691389418200515e+03,7.529514262245657896e+00
1.280000000000000071e+01,3.000000000000000000e+00,1.200000000000000000e+02,1.240111023322650254e+02,1.975911984205900808e+03,7.424602197587248931e+00
1.281000000000000050e+01,3.000000000000000000e+00,1.200000000000000000e+02,1.227338180585048946e+02,1.977129118785009723e+03,7.320506440218357724e+00
1.282000000000000028e+01,3.000000000000000000e+00,1.200000000000000000e+02,1.223616766305455741e+02,1.978357065472537670e+03,7.224198030953648875e+00
1.283000000000000007e+01,3.000000000000000000e+00,1.200000000000000000e+02,1.224777032852178138e+02,1.979573466564480441e+03,7.121294181651578903e+00
1.283999999999999986e+01,3.000000000000000000e+00,1.200000000000000000e+02,1.227907603785115782e+02,1.980801090712741143e+03,7.020089160416407736e+00
1.284999999999999964e+01,3.000000000000000000e+00,1.200000000000000000e+02,1.225462586013604209e+02,1.982027934654806359e+03,6.917461099423849902e+00
1.285999999999999943e+01,3.000000000000000000e+00,1.200000000000000000e+02,1.182114536694329985e+02,1.983228850670762085e+03,6.821881877076124923e+00
1.287000000000000099e+01,3.000000000000000000e+00,1.200000000000000000e+02,1.185535586526316791e+02,1.984432745507995833e+03,6.714689370816831371e+00
1.288000000000000078e+01,3.000000000000000000e+00,1.200000000000000000e+02,1.243198296045805904e+02,1.985654161282242285e+03,6.613889507508498689e+00
1.289000000000000057e+01,3.000000000000000000e+00,1.200000000000000000e+02,1.204277568047167364e+02,1.986873574061874933e+03,6.510942299879977746e+00
1.290000000000000036e+01,3.000000000000000000e+00,1.200000000000000000e+02,1.244587530974686729e+02,1.988123276822791695e+03,6.414776913575466644e+00
1.291000000000000014e+01,3.000000000000000000e+00,1.200000000000000000e+02,1.240191787217680144e+02,1.989363091348327089e+03,6.316978324220399621e+00
1.291999999999999993e+01,3.000000000000000000e+00,1.200000000000000000e+02,1.202072513841309984e+02,1.990581932185065398e+03,6.207836412791261083e+00
1.292999999999999972e+01,3.000000000000000000e+00,1.200000000000000000e+02,1.246402172003701452e+02,1.991831185536370413e+03,6.118664461821675005e+00
1.293999999999999950e+01,3.000000000000000000e+00,1.200000000000000000e+02,1.238684006927197601e+02,1.993073290008223012e+03,6.024720797521665006e+00
1.295000000000000107e+01,3.000000000000000000e+00,1.200000000000000000e+02,1.196042111387739908e+02,1.994287572982939537e+03,5.937995712210905275e+00
1.296000000000000085e+01,3.000000000000000000e+00,1.200000000000000000e+02,1.247438223485230111e+02,1.995534259382600794e+03,5.845027486864397659e+00
1.297000000000000064e+01,3.000000000000000000e+00,1.200000000000000000e+02,1.242982104895395565e+02,1.996779738348627916e+03,5.757520337615918748e+00
1.298000000000000043e+01,3.000000000000000000e+00,1.200000000000000000e+02,1.197210540251325170e+02,1.997996149838796100e+03,5.669816050238481786e+00
1.299000000000000021e+01,3.000000000000000000e+00,1.200000000000000000e+02,1.254811594902511160e+02,1.999226380013170228e+03,5.585344153173483761e+00
1.300000000000000000e+01,3.000000000000000000e+00,1.200000000000000000e+02,1.207049546466530217e+02,2.000451369721975652e+03,5.498419079935538356e+00
1.300999999999999979e+01,3.000000000000000000e+00,1.200000000000000000e+02,1.253682219716549184e+02,2.001706562690784722e+03,5.412773293756015569e+00
1.301999999999999957e+01,3.000000000000000000e+00,1.200000000000000000e+02,1.248747528814759136e+02,2.002942918371850283e+03,5.322515635368496589e+00
1.303000000000000114e+01,3.000000000000000000e+00,1.200000000000000000e+02,1.253454764112953796e+02,2.004197393793323954e+03,5.223911364711717908e+00
1.304000000000000092e+01,3.000000000000000000e+00,1.200000000000000000e+02,1.253796334255455065e+02,2.005451829072994087e+03,5.125852636232623993e+00
1.305000000000000071e+01,3.000000000000000000e+00,1.200000000000000000e+02,1.210983705159590613e+02,2.006682861398792284e+03,5.021899577320020569e+00
1.306000000000000050e+01,3.000000000000000000e+00,1.200000000000000000e+02,1.261838656605629012e+02,2.007926392564422258e+03,4.926139633428217479e+00
1.307000000000000028e+01,3.000000000000000000e+00,1.200000000000000000e+02,1.253826183274034349e+02,2.009172218764216950e+03,4.827002673181776338e+00
1.308000000000000007e+01,3.000000000000000000e+00,1.200000000000000000e+02,1.251815651560219464e+02,2.010424044031750100e+03,4.728069218079345326e+00
1.308999999999999986e+01,3.000000000000000000e+00,1.200000000000000000e+02,1.206180006537730378e+02,2.011649599316720469e+03,4.630044283557850804e+00
1.309999999999999964e+01,3.000000000000000000e+00,1.200000000000000000e+02,1.257116040023670251e+02,2.012886549881526207e+03,4.525284910529541627e+00
1.310999999999999943e+01,3.000000000000000000e+00,1.200000000000000000e+02,1.241644599158943123e+02,2.014130900224059360e+03,4.416943646860195472e+00
1.312000000000000099e+01,3.000000000000000000e+00,1.200000000000000000e+02,1.238360156419193743e+02,2.015371476253752917e+03,4.300417079760888939e+00
1.313000000000000078e+01,3.000000000000000000e+00,1.200000000000000000e+02,1.237163411540894202e+02,2.016609066641418167e+03,4.174428988414293329e+00
1.314000000000000057e+01,3.000000000000000000e+00,1.200000000000000000e+02,1.231692321951295810e+02,2.017843535484840231e+03,4.042955843303251307e+00
1.315000000000000036e+01,3.000000000000000000e+00,1.200000000000000000e+02,1.186473300366877908e+02,2.019049466658628489e+03,3.898664430242435586e+00
1.316000000000000014e+01,3.000000000000000000e+00,1.200000000000000000e+02,1.237992872339217314e+02,2.020267693188038947e+03,3.765961928463877673e+00
1.316999999999999993e+01,3.000000000000000000e+00,1.200000000000000000e+02,1.218640535318256610e+02,2.021464205671546551e+03,3.628669378451229832e+00
1.317999999999999972e+01,3.000000000000000000e+00,1.200000000000000000e+02,1.225035899891749693e+02,2.022691685049588159e+03,3.502778031833283290e+00
1.318999999999999950e+01,3.000000000000000000e+00,1.200000000000000000e+02,1.221412552387761536e+02,2.023915538960767890e+03,3.382644766880334775e+00
1.320000000000000107e+01,3.000000000000000000e+00,1.200000000000000000e+02,1.221919569072334752e+02,2.025138412061651707e+03,3.270353098823951754e+00
1.321000000000000085e+01,3.000000000000000000e+00,1.200000000000000000e+02,1.228136163568769490e+02,2.026364345022715042e+03,3.162559960924900437e+00
1.322000000000000064e+01,3.000000000000000000e+00,1.200000000000000000e+02,1.225875023354187903e+02,2.027589421904408709e+03,3.056614998021163654e+00
1.323000000000000043e+01,3.000000000000000000e+00,1.200000000000000000e+02,1.184910617207958836e+02,2.028791620970833947e+03,2.946599844748746921e+00
1.324000000000000021e+01,3.000000000000000000e+00,1.200000000000000000e+02,1.234041853711704420e+02,2.030007017369002369e+03,2.851279533422744539e+00
1.325000000000000000e+01,3.000000000000000000e+00,1.200000000000000000e+02,1.154352371427651178e+02,2.031194429207909025e+03,2.758749468608486577e+00
1.325999999999999979e+01,3.000000000000000000e+00,1.200000000000000000e+02,1.264569210257137257e+02,2.032445072846467156e+03,2.689684221578275913e+00
1.326999999999999957e+01,3.000000000000000000e+00,1.200000000000000000e+02,1.253656837309911793e+02,2.033703216567227400e+03,2.618927564246498196e+00
1.328000000000000114e+01,3.000000000000000000e+00,1.200000000000000000e+02,1.251556431010904618e+02,2.034954067295138429e+03,2.547390124297781000e+00
1.329000000000000092e+01,3.000000000000000000e+00,1.200000000000000000e+02,1.252976407725322758e+02,2.036207105087584068e+03,2.475675797312117066e+00
1.330000000000000071e+01,3.000000000000000000e+00,1.200000000000000000e+02,1.247869469255708879e+02,2.037457120126302470e+03,2.401529286733891322e+00
1.331000000000000050e+01,3.000000000000000000e+00,1.200000000000000000e+02,1.239865444323777268e+02,2.038700126275605726e+03,2.322460176252545416e+00
1.332000000000000028e+01,3.000000000000000000e+00,1.200000000000000000e+02,1.197593129396880443e+02,2.039915721451718582e+03,2.232854222765272123e+00
1.333000000000000007e+01,3.000000000000000000e+00,1.200000000000000000e+02,1.253743765603808384e+02,2.041148335438661206e+03,2.146130108993166363e+00
1.333999999999999986e+01,3.000000000000000000e+00,1.200000000000000000e+02,1.242230123204776788e+02,2.042356524293372559e+03,2.049429343703485173e+00
1.334999999999999964e+01,3.000000000000000000e+00,1.200000000000000000e+02,1.243066445204584340e+02,2.043603070286270849e+03,1.954078514514802078e+00
1.335999999999999943e+01,3.000000000000000000e+00,1.200000000000000000e+02,1.237783699859898121e+02,2.044843147398572000e+03,1.859028254745225039e+00
1.337000000000000099e+01,3.000000000000000000e+00,1.200000000000000000e+02,1.234505129745239884e+02,2.046079593042665920e+03,1.771548557031858318e+00
1.338000000000000078e+01,3.000000000000000000e+00,1.200000000000000000e+02,1.228705057193600396e+02,2.047310550722053449e+03,1.688483742488866568e+00
1.339000000000000057e+01,3.000000000000000000e+00,1.200000000000000000e+02,1.231799700237698971e+02,2.048542460247075724e+03,1.613723933209621375e+00
1.340000000000000036e+01,3.000000000000000000e+00,1.200000000000000000e+02,1.149254872618602690e+02,2.049726576393929918e+03,1.544357247462926130e+00
1.341000000000000014e+01,3.000000000000000000e+00,1.200000000000000000e+02,1.251239565649300971e+02,2.050960066932101199e+03,1.485002475202091832e+00
1.341999999999999993e+01,3.000000000000000000e+00,1.200000000000000000e+02,1.199314795845787529e+02,2.052179691960500350e+03,1.424604465660676222e+00
1.342999999999999972e+01,3.000000000000000000e+00,1.200000000000000000e+02,1.235037464284973083e+02,2.053419139509536308e+03,1.382128393715927217e+00
1.343999999999999950e+01,3.000000000000000000e+00,1.200000000000000000e+02,1.228178659456880411e+02,2.054649797750983907e+03,1.339617229194997261e+00
1.345000000000000107e+01,3.000000000000000000e+00,1.200000000000000000e+02,1.229617193800818882e+02,2.055878913513628504e+03,1.300126847227341731e+00
1.346000000000000085e+01,3.000000000000000000e+00,1.200000000000000000e+02,1.193714153494764219e+02,2.057088335028012352e+03,1.258805174254610693e+00
1.347000000000000064e+01,3.000000000000000000e+00,1.200000000000000000e+02,1.256590409850000043e+02,2.058322380628151677e+03,1.219448964761032261e+00
1.348000000000000043e+01,3.000000000000000000e+00,1.200000000000000000e+02,1.206785158244579463e+02,2.059549358515534095e+03,1.178692069792369068e+00
1.349000000000000021e+01,3.000000000000000000e+00,1.200000000000000000e+02,1.246872082608743568e+02,2.060794048636872958e+03,1.137952097353236214e+00
1.350000000000000000e+01,3.000000000000000000e+00,1.200000000000000000e+02,1.233820061278080118e+02,2.062033343681414408e+03,1.090811405551936897e+00
1.350999999999999979e+01,3.000000000000000000e+00,1.200000000000000000e+02,1.226201820025730029e+02,2.063261842452106976e+03,1.040028230971171919e+00
1.351999999999999957e+01,3.000000000000000000e+00,1.200000000000000000e+02,1.223056988085245962e+02,2.064487452737064359e+03,9.857841431599805304e-01
1.353000000000000114e+01,3.000000000000000000e+00,1.200000000000000000e+02,1.183634687224014215e+02,2.065688379366562003e+03,9.187991629105652924e-01
1.354000000000000092e+01,3.000000000000000000e+00,1.200000000000000000e+02,1.205444564792983044e+02,2.066889612597647556e+03,8.670603640720740968e-01
1.355000000000000071e+01,3.000000000000000000e+00,1.200000000000000000e+02,1.252534721032910312e+02,2.068113090636597008e+03,8.035850811921088077e-01
1.356000000000000050e+01,3.000000000000000000e+00,1.200000000000000000e+02,1.230872080040071666e+02,2.069349982113932128e+03,7.395409330486004684e-01
1.357000000000000028e+01,3.000000000000000000e+00,1.200000000000000000e+02,1.222379757442018331e+02,2.070575873459180912e+03,6.751316494242071142e-01
1.358000000000000007e+01,3.000000000000000000e+00,1.200000000000000000e+02,1.212509302791618921e+02,2.071792711349093224e+03,6.082285159335288904e-01
1.358999999999999986e+01,3.000000000000000000e+00,1.200000000000000000e+02,1.203098486442747799e+02,2.072998980932494305e+03,5.411423494069466100e-01
1.359999999999999964e+01,3.000000000000000000e+00,1.200000000000000000e+02,1.162299360027775492e+02,2.074178644997630272e+03,4.683853931634510137e-01
1.360999999999999943e+01,3.000000000000000000e+00,1.200000000000000000e+02,1.222479441193580669e+02,2.075368003951801256e+03,4.085192175671384929e-01
1.362000000000000099e+01,3.000000000000000000e+00,1.200000000000000000e+02,1.178011226556446616e+02,2.076563005468201482e+03,3.362855402094988011e-01
1.363000000000000078e+01,3.000000000000000000e+00,1.200000000000000000e+02,1.228175157063643184e+02,2.077783951663186599e+03,2.778811486940758746e-01
1.364000000000000057e+01,3.000000000000000000e+00,1.200000000000000000e+02,1.229478674971011571e+02,2.079014076306867537e+03,2.208349412298807601e-01
1.365000000000000036e+01,3.000000000000000000e+00,1.200000000000000000e+02,1.231878332621916030e+02,2.080243854318408921e+03,1.617382655422976434e-01
1.366000000000000014e+01,3.000000000000000000e+00,1.200000000000000000e+02,1.230392975957588675e+02,2.081475998264140344e+03,1.059066565244797392e-01
1.366999999999999993e+01,3.000000000000000000e+00,1.200000000000000000e+02,1.182565427123885655e+02,2.082679040560241447e+03,4.377035609221667511e-02
1.367999999999999972e+01,3.000000000000000000e+00,1.200000000000000000e+02,1.239074071608152252e+02,2.083899011518951738e+03,-1.387019420982746158e-02
1.368999999999999950e+01,3.000000000000000000e+00,1.200000000000000000e+02,1.227172258603107053e+02,2.085119691450787741e+03,-7.410438862513143987e-02
1.370000000000000107e+01,3.000000000000000000e+00,1.200000000000000000e+02,1.219041962634476874e+02,2.086341990802664441e+03,-1.312197656184736216e-01
1.371000000000000085e+01,3.000000000000000000e+00,1.200000000000000000e+02,1.212727650059029827e+02,2.087557302968997192e+03,-1.817529027779844208e-01
1.372000000000000064e+01,3.000000000000000000e+00,1.200000000000000000e+02,1.170913241516456509e+02,2.088747449681683975e+03,-2.382552871752048052e-01
1.373000000000000043e+01,3.000000000000000000e+00,1.200000000000000000e+02,1.181494762741455418e+02,2.089928472088282888e+03,-2.809400773789758610e-01
1.374000000000000021e+01,3.000000000000000000e+00,1.200000000000000000e+02,1.236392065280928989e+02,2.091135397475335594e+03,-3.350154131608881758e-01
1.375000000000000000e+01,3.000000000000000000e+00,1.200000000000000000e+02,1.221377456632368137e+02,2.092358983555526265e+03,-3.885165393452283400e-01
1.375999999999999979e+01,3.000000000000000000e+00,1.200000000000000000e+02,1.224945018048397571e+02,2.093582931980217381e+03,-4.473807486156324287e-01
1.376999999999999957e+01,3.000000000000000000e+00,1.200000000000000000e+02,1.234880747309548497e+02,2.094814477947109026e+03,-5.111796104473156355e-01
1.378000000000000114e+01,3.000000000000000000e+00,1.200000000000000000e+02,1.229385806430790069e+02,2.096045709156255270e+03,-5.794238089465089114e-01
1.379000000000000092e+01,3.000000000000000000e+00,1.200000000000000000e+02,1.189293362519573236e+02,2.097252505125088192e+03,-6.504012726244431386e-01
1.380000000000000071e+01,3.000000000000000000e+00,1.200000000000000000e+02,1.248474802074476031e+02,2.098478962918017260e+03,-7.078558602715555592e-01
1.381000000000000050e+01,3.000000000000000000e+00,1.200000000000000000e+02,1.196529619917780849e+02,2.099696048455063647e+03,-7.684451643189942338e-01
1.382000000000000028e+01,3.000000000000000000e+00,1.200000000000000000e+02,1.233033864830818089e+02,2.100934565073768226e+03,-8.135890820650477639e-01
1.383000000000000007e+01,3.000000000000000000e+00,1.200000000000000000e+02,1.224218456203685150e+02,2.102161618944115617e+03,-8.633355219263311175e-01
1.383999999999999986e+01,3.000000000000000000e+00,1.200000000000000000e+02,1.228695642598172526e+02,2.103380664641407293e+03,-9.226737090221882598e-01
1.384999999999999964e+01,3.000000000000000000e+00,1.200000000000000000e+02,1.229797345510085904e+02,2.104610526384552031e+03,-9.790533194722266241e-01
1.385999999999999943e+01,3.000000000000000000e+00,1.200000000000000000e+02,1.225158197224430268e+02,2.105837775049063112e+03,-1.035856382132615217e+00
1.387000000000000099e+01,3.000000000000000000e+00,1.200000000000000000e+02,1.179384594283885406e+02,2.107027619444460015e+03,-1.094347794040007482e+00
1.388000000000000078e+01,3.000000000000000000e+00,1.200000000000000000e+02,1.234733857275460309e+02,2.108242506204810979e+03,-1.148699674210391874e+00
1.389000000000000057e+01,3.000000000000000000e+00,1.200000000000000000e+02,1.193277794817593218e+02,2.109451732690683002e+03,-1.204935790546076024e+00
1.390000000000000036e+01,3.000000000000000000e+00,1.200000000000000000e+02,1.259126897137996934e+02,2.110686824151702240e+03,-1.255593393256492440e+00
1.391000000000000014e+01,3.000000000000000000e+00,1.200000000000000000e+02,1.241721914761553478e+02,2.111931006829146554e+03,-1.306302870340974254e+00
1.391999999999999993e+01,3.000000000000000000e+00,1.200000000000000000e+02,1.242163755643999536e+02,2.113172799855212816e+03,-1.357985038945604517e+00
1.392999999999999972e+01,3.000000000000000000e+00,1.200000000000000000e+02,1.205644658759712087e+02,2.114395043083779910e+03,-1.423716703613676637e+00
1.393999999999999950e+01,3.000000000000000000e+00,1.200000000000000000e+02,1.244886774975981325e+02,2.115643382780145203e+03,-1.468124627952592132e+00
1.395000000000000107e+01,3.000000000000000000e+00,1.200000000000000000e+02,1.233996711623250917e+02,2.116882300336646040e+03,-1.517662875314683468e+00
1.396000000000000085e+01,3.000000000000000000e+00,1.200000000000000000e+02,1.226687527330892777e+02,2.118097338291946471e+03,-1.562090722735766990e+00
1.397000000000000064e+01,3.000000000000000000e+00,1.200000000000000000e+02,1.229746332017159318e+02,2.119328176139676543e+03,-1.606808715731871784e+00
1.398000000000000043e+01,3.000000000000000000e+00,1.200000000000000000e+02,1.234318288244570709e+02,2.120560953390870964e+03,-1.647625239936708397e+00
1.399000000000000021e+01,3.000000000000000000e+00,1.200000000000000000e+02,1.199000246668979059e+02,2.121778107724596339e+03,-1.692439829451950040e+00
1.400000000000000000e+01,3.000000000000000000e+00,1.200000000000000000e+02,1.252112504978665868e+02,2.123007947969390443e+03,-1.735608413104760439e+00
1.400999999999999979e+01,3.000000000000000000e+00,1.200000000000000000e+02,1.246449910852394538e+02,2.124241351114067584e+03,-1.783080289779555017e+00
1.401999999999999957e+01,3.000000000000000000e+00,1.200000000000000000e+02,1.246325045303879051e+02,2.125490026530037994e+03,-1.833835418097772951e+00
1.403000000000000114e+01,3.000000000000000000e+00,1.200000000000000000e+02,1.236853945857295827e+02,2.126729424584182198e+03,-1.888045098609818284e+00
1.404000000000000092e+01,3.000000000000000000e+00,1.200000000000000000e+02,1.229436582042990267e+02,2.127962529484426341e+03,-1.943026361938018587e+00
1.405000000000000071e+01,3.000000000000000000e+00,1.200000000000000000e+02,1.226001312104208978e+02,2.129190316129314397e+03,-1.997407352179389806e+00
1.406000000000000050e+01,3.000000000000000000e+00,1.200000000000000000e+02,1.195011094948232824e+02,2.130399219008450928e+03,-2.057674047234535841e+00
1.407000000000000028e+01,3.000000000000000000e+00,1.200000000000000000e+02,1.248763324376218122e+02,2.131629031014569591e+03,-2.107482173604401154e+00
1.408000000000000007e+01,3.000000000000000000e+00,1.200000000000000000e+02,1.243720408655187839e+02,2.132863911700653262e+03,-2.161851845719042764e+00
1.408999999999999986e+01,3.000000000000000000e+00,1.200000000000000000e+02,1.241529870841143577e+02,2.134106239604277562e+03,-2.213379877652100092e+00
1.409999999999999964e+01,3.000000000000000000e+00,1.200000000000000000e+02,1.195231667679590686e+02,2.135321492488809326e+03,-2.265844139876546759e+00
1.410999999999999943e+01,3.000000000000000000e+00,1.200000000000000000e+02,1.235150553035905006e+02,2.136551306672879491e+03,-2.324322307077158811e+00
1.412000000000000099e+01,3.000000000000000000e+00,1.200000000000000000e+02,1.232204210982281438e+02,2.137786467223480940e+03,-2.386611698081917421e+00
1.413000000000000078e+01,3.000000000000000000e+00,1.200000000000000000e+02,1.230044069000464759e+02,2.139017948672058992e+03,-2.457551304935186476e+00
1.414000000000000057e+01,3.000000000000000000e+00,1.200000000000000000e+02,1.225794446817563426e+02,2.140245992752779330e+03,-2.537264787332505378e+00
1.415000000000000036e+01,3.000000000000000000e+00,1.200000000000000000e+02,1.218648190588020839e+02,2.141466543576348613e+03,-2.619805331219189792e+00
1.416000000000000014e+01,3.000000000000000000e+00,1.200000000000000000e+02,1.175340877770612877e+02,2.142660368016549910e+03,-2.716242506751702201e+00
1.416999999999999993e+01,3.000000000000000000e+00,1.200000000000000000e+02,1.225391663376466056e+02,2.143866754761147149e+03,-2.797170920225326540e+00
1.417999999999999972e+01,3.000000000000000000e+00,1.200000000000000000e+02,1.208842429931437294e+02,2.145053072480956871e+03,-2.880689358239920672e+00
1.418999999999999950e+01,3.000000000000000000e+00,1.200000000000000000e+02,1.214814073333730420e+02,2.146270514200727121e+03,-2.952012724973719582e+00
1.420000000000000107e+01,3.000000000000000000e+00,1.200000000000000000e+02,1.211464136436750039e+02,2.147484206859430287e+03,-3.015944400466195940e+00
1.421000000000000085e+01,3.000000000000000000e+00,1.200000000000000000e+02,1.213335531949574602e+02,2.148697551185259272e+03,-3.073537133328793747e+00
1.422000000000000064e+01,3.000000000000000000e+00,1.200000000000000000e+02,1.219301441066118201e+02,2.149914899133407289e+03,-3.125982201879832889e+00
1.423000000000000043e+01,3.000000000000000000e+00,1.200000000000000000e+02,1.217032598228613409e+02,2.151132889020969287e+03,-3.174656590105486842e+00
1.424000000000000021e+01,3.000000000000000000e+00,1.200000000000000000e+02,1.173526238855823181e+02,2.152323392278885422e+03,-3.231996647066280648e+00
1.425000000000000000e+01,3.000000000000000000e+00,1.200000000000000000e+02,1.220452092607507808e+02,2.153525858342185529e+03,-3.274567597663052165e+00
1.425999999999999979e+01,3.000000000000000000e+00,1.200000000000000000e+02,1.141129638842237881e+02,2.154699951284103918e+03,-3.316436312252944774e+00
1.426999999999999957e+01,3.000000000000000000e+00,1.200000000000000000e+02,1.250787970773846354e+02,2.155936924378351250e+03,-3.334049015867610599e+00
1.428000000000000114e+01,3.000000000000000000e+00,1.200000000000000000e+02,1.240317446890828847e+02,2.157181485494255412e+03,-3.357053104476650951e+00
1.429000000000000092e+01,3.000000000000000000e+00,1.200000000000000000e+02,1.237385936692531345e+02,2.158419016005195772e+03,-3.379896712825029237e+00
1.430000000000000071e+01,3.000000000000000000e+00,1.200000000000000000e+02,1.240092505374493754e+02,2.159659050220145673e+03,-3.402855591735320040e+00
1.431000000000000050e+01,3.000000000000000000e+00,1.200000000000000000e+02,1.235223878739970758e+02,2.160896248055162687e+03,-3.428214808303588157e+00
1.432000000000000028e+01,3.000000000000000000e+00,1.200000000000000000e+02,1.227410933152016241e+02,2.162126707711709969e+03,-3.457695264842258087e+00
1.433000000000000007e+01,3.000000000000000000e+00,1.200000000000000000e+02,1.186153888991881900e+02,2.163330467194011817e+03,-3.497807111405656144e+00
1.433999999999999986e+01,3.000000000000000000e+00,1.200000000000000000e+02,1.242193241336277936e+02,2.164551521037813927e+03,-3.534527819624362799e+00
1.434999999999999964e+01,3.000000000000000000e+00,1.200000000000000000e+02,1.231534108411099737e+02,2.165748857108200355e+03,-3.581596839345563055e+00
1.435999999999999943e+01,3.000000000000000000e+00,1.200000000000000000e+02,1.231310752613108406e+02,2.166984155539223593e+03,-3.622955464503024636e+00
1.437000000000000099e+01,3.000000000000000000e+00,1.200000000000000000e+02,1.225994751163348013e+02,2.168212413019541145e+03,-3.665566600175502288e+00
1.438000000000000078e+01,3.000000000000000000e+00,1.200000000000000000e+02,1.221034496664563846e+02,2.169436249094755112e+03,-3.701815989679219321e+00
1.439000000000000057e+01,3.000000000000000000e+00,1.200000000000000000e+02,1.217249340533221442e+02,2.170655703162910413e+03,-3.732335651587993741e+00
1.440000000000000036e+01,3.000000000000000000e+00,1.200000000000000000e+02,1.216337373362678989e+02,2.171872651070793381e+03,-3.757191586236045655e+00
1.441000000000000014e+01,3.000000000000000000e+00,1.200000000000000000e+02,1.175717533342657930e+02,2.173065661495147651e+03,-3.780166662910881215e+00
1.441999999999999993e+01,3.000000000000000000e+00,1.200000000000000000e+02,1.226410245847732341e+02,2.174258753006247389e+03,-3.782965492931499529e+00
1.442999999999999972e+01,3.000000000000000000e+00,1.200000000000000000e+02,1.182332061822847180e+02,2.175461199021970970e+03,-3.793735196697975542e+00
1.443999999999999950e+01,3.000000000000000000e+00,1.200000000000000000e+02,1.218443737377119334e+02,2.176676859150058135e+03,-3.787190545031728028e+00
1.445000000000000107e+01,3.000000000000000000e+00,1.200000000000000000e+02,1.212494538469207441e+02,2.177892453674067838e+03,-3.777365223638637470e+00
1.446000000000000085e+01,3.000000000000000000e+00,1.200000000000000000e+02,1.212735172545468032e+02,2.179104941457346285e+03,-3.763966202031383990e+00
1.447000000000000064e+01,3.000000000000000000e+00,1.200000000000000000e+02,1.178899243840307633e+02,2.180297969908018786e+03,-3.751287552500417455e+00
1.448000000000000043e+01,3.000000000000000000e+00,1.200000000000000000e+02,1.235946786245760478e+02,2.181513214282004355e+03,-3.736260524846474418e+00
1.449000000000000021e+01,3.000000000000000000e+00,1.200000000000000000e+02,1.188318910759325036e+02,2.182721018533393362e+03,-3.721744028202209620e+00
1.450000000000000000e+01,3.000000000000000000e+00,1.200000000000000000e+02,1.238804303805406875e+02,2.183943210200855901e+03,-3.706566980280593615e+00
1.450999999999999979e+01,3.000000000000000000e+00,1.200000000000000000e+02,1.223644190387546757e+02,2.185170703799582952e+03,-3.696856609546558037e+00
1.451999999999999957e+01,3.000000000000000000e+00,1.200000000000000000e+02,1.215566102401758144e+02,2.186388461025711422e+03,-3.690764186740436159e+00
1.453000000000000114e+01,3.000000000000000000e+00,1.200000000000000000e+02,1.216662601270573418e+02,2.187605643145088379e+03,-3.688427601234515407e+00
1.454000000000000092e+01,3.000000000000000000e+00,1.200000000000000000e+02,1.173960715532975456e+02,2.188797377122797570e+03,-3.699250332040638689e+00
1.455000000000000071e+01,3.000000000000000000e+00,1.200000000000000000e+02,1.234364756460006589e+02,2.190010962412516619e+03,-3.704165457097694070e+00
1.456000000000000050e+01,3.000000000000000000e+00,1.200000000000000000e+02,1.176679641841044770e+02,2.191204445653441326e+03,-3.714289865607011354e+00
1.457000000000000028e+01,3.000000000000000000e+00,1.200000000000000000e+02,1.221489134381297674e+02,2.192421607566998318e+03,-3.730809020889754635e+00
1.458000000000000007e+01,3.000000000000000000e+00,1.200000000000000000e+02,1.213803885710479591e+02,2.193639346538737755e+03,-3.754319076594409665e+00
1.458999999999999986e+01,3.000000000000000000e+00,1.200000000000000000e+02,1.204732153217314590e+02,2.194847993444010626e+03,-3.784302502823490233e+00
1.459999999999999964e+01,3.000000000000000000e+00,1.200000000000000000e+02,1.194202912905590210e+02,2.196045697380894580e+03,-3.815796413816097132e+00
1.460999999999999943e+01,3.000000000000000000e+00,1.200000000000000000e+02,1.153232359902580271e+02,2.197216218969633246e+03,-3.854390350728115866e+00
1.462000000000000099e+01,3.000000000000000000e+00,1.200000000000000000e+02,1.209042263273670414e+02,2.198403907685038121e+03,-3.883839324828068040e+00
1.463000000000000078e+01,3.000000000000000000e+00,1.200000000000000000e+02,1.162440050601377948e+02,2.199580390043528951e+03,-3.917675123941506854e+00
1.464000000000000057e+01,3.000000000000000000e+00,1.200000000000000000e+02,1.212765466979889908e+02,2.200785651858401252e+03,-3.936124102760388155e+00
1.465000000000000036e+01,3.000000000000000000e+00,1.200000000000000000e+02,1.215189467346931025e+02,2.202001378075417506e+03,-3.950534251933793151e+00
1.466000000000000014e+01,3.000000000000000000e+00,1.200000000000000000e+02,1.217059975568652845e+02,2.203217483429284584e+03,-3.965741805738815629e+00
1.466999999999999993e+01,3.000000000000000000e+00,1.200000000000000000e+02,1.220614780028266892e+02,2.204437662685391842e+03,-3.983355489950234141e+00
1.467999999999999972e+01,3.000000000000000000e+00,1.200000000000000000e+02,1.177895252443635172e+02,2.205635206273577751e+03,-4.011334457886564842e+00
1.468999999999999950e+01,3.000000000000000000e+00,1.200000000000000000e+02,1.230744815731602131e+02,2.206847793663801895e+03,-4.032632629300299421e+00
1.470000000000000107e+01,3.000000000000000000e+00,1.200000000000000000e+02,1.179531461318109109e+02,2.208046953935355759e+03,-4.060133739382039586e+00
1.471000000000000085e+01,3.000000000000000000e+00,1.200000000000000000e+02,1.218318418363038944e+02,2.209269316587443427e+03,-4.079917729850224717e+00
1.472000000000000064e+01,3.000000000000000000e+00,1.200000000000000000e+02,1.207395008739019460e+02,2.210480602276128138e+03,-4.097797543861111613e+00
1.473000000000000043e+01,3.000000000000000000e+00,1.200000000000000000e+02,1.201117117045082665e+02,2.211684137806107628e+03,-4.111889667057692321e+00
1.474000000000000021e+01,3.000000000000000000e+00,1.200000000000000000e+02,1.115465367895692737e+02,2.212836768200258120e+03,-4.137139091484747233e+00
1.475000000000000000e+01,3.000000000000000000e+00,1.200000000000000000e+02,1.221971431945826083e+02,2.214037371919981069e+03,-4.143716351207606508e+00
1.475999999999999979e+01,3.000000000000000000e+00,1.200000000000000000e+02,1.206856734529692545e+02,2.215232936972249263e+03,-4.164096849633748931e+00
1.476999999999999957e+01,3.000000000000000000e+00,1.200000000000000000e+02,1.211832575368730005e+02,2.216444981279739750e+03,-4.187790426248864328e+00
1.478000000000000114e+01,3.000000000000000000e+00,1.200000000000000000e+02,1.216999072500329504e+02,2.217660851322137205e+03,-4.216496035459750047e+00
1.479000000000000092e+01,3.000000000000000000e+00,1.200000000000000000e+02,1.219410343773390935e+02,2.218879586767470755e+03,-4.246855060513103908e+00
1.480000000000000071e+01,3.000000000000000000e+00,1.200000000000000000e+02,1.218119209150297877e+02,2.220098545586623004e+03,-4.275416054390327680e+00
1.481000000000000050e+01,3.000000000000000000e+00,1.200000000000000000e+02,1.179825612547101201e+02,2.221281960529173375e+03,-4.301916489493278206e+00
1.482000000000000028e+01,3.000000000000000000e+00,1.200000000000000000e+02,1.237426590397821826e+02,2.222499109544489784e+03,-4.322312194176933353e+00
1.483000000000000007e+01,3.000000000000000000e+00,1.200000000000000000e+02,1.224704691742523721e+02,2.223719118655650163e+03,-4.342388204332348067e+00
1.483999999999999986e+01,3.000000000000000000e+00,1.200000000000000000e+02,1.216610369780221106e+02,2.224939677879060582e+03,-4.355899155586095972e+00
1.484999999999999964e+01,3.000000000000000000e+00,1.200000000000000000e+02,1.217261924238279107e+02,2.226155530579924744e+03,-4.374267669496847866e+00
1.485999999999999943e+01,3.000000000000000000e+00,1.200000000000000000e+02,1.223962645018364270e+02,2.227377392962569957e+03,-4.393675425728656769e+00
1.487000000000000099e+01,3.000000000000000000e+00,1.200000000000000000e+02,1.221818351402952771e+02,2.228600485792419931e+03,-4.412785699252599336e+00
1.488000000000000078e+01,3.000000000000000000e+00,1.200000000000000000e+02,1.177700318487501079e+02,2.229797214654525305e+03,-4.427793758229529253e+00
1.489000000000000057e+01,3.000000000000000000e+00,1.200000000000000000e+02,1.182739804268852453e+02,2.230997894630652809e+03,-4.452953208329177848e+00
1.490000000000000036e+01,3.000000000000000000e+00,1.200000000000000000e+02,1.238178510485021633e+02,2.232214570523578459e+03,-4.469737928195076648e+00
1.491000000000000014e+01,3.000000000000000000e+00,1.200000000000000000e+02,1.200779764372278180e+02,2.233430379097598234e+03,-4.492077761098222766e+00
1.491999999999999993e+01,3.000000000000000000e+00,1.200000000000000000e+02,1.237011258821012092e+02,2.234671974219336334e+03,-4.501705634717565019e+00
1.492999999999999972e+01,3.000000000000000000e+00,1.200000000000000000e+02,1.234630306278233576e+02,2.235904888234626014e+03,-4.516552816888154354e+00
1.493999999999999950e+01,3.000000000000000000e+00,1.200000000000000000e+02,1.235005656975112203e+02,2.237140262735719261e+03,-4.531763789633407313e+00
1.495000000000000107e+01,3.000000000000000000e+00,1.200000000000000000e+02,1.231165240491955757e+02,2.238361325718568423e+03,-4.555529476377306430e+00
1.496000000000000085e+01,3.000000000000000000e+00,1.200000000000000000e+02,1.228596742573304823e+02,2.239593433387196910e+03,-4.569505951022470036e+00
1.497000000000000064e+01,3.000000000000000000e+00,1.200000000000000000e+02,1.185143852087482372e+02,2.240797011284381824e+03,-4.581884045011683781e+00
1.498000000000000043e+01,3.000000000000000000e+00,1.200000000000000000e+02,1.238917068247604902e+02,2.242027355924196399e+03,-4.598635007644727324e+00
1.499000000000000021e+01,3.000000000000000000e+00,1.200000000000000000e+02,1.242918746287514864e+02,2.243268537202449352e+03,-4.616650680672729656e+00
1.500000000000000000e+01,3.000000000000000000e+00,1.200000000000000000e+02,1.195704677249693333e+02,2.244483956527758892e+03,-4.640479511463664331e+00
1.500999999999999979e+01,4.000000000000000000e+00,6.000000000000000000e+01,1.112989491682684786e+02,2.245625471723964438e+03,-4.666791853063365636e+00
1.501999999999999957e+01,4.000000000000000000e+00,6.000000000000000000e+01,1.217998076803022798e+02,2.246811534461872270e+03,-4.697255507862619694e+00
1.503000000000000114e+01,4.000000000000000000e+00,6.000000000000000000e+01,1.216676858087939479e+02,2.248027672251037984e+03,-4.726026641055661059e+00
1.504000000000000092e+01,4.000000000000000000e+00,6.000000000000000000e+01,1.267047635179172005e+02,2.249276954058097544e+03,-4.747651092587230615e+00
1.505000000000000071e+01,4.000000000000000000e+00,6.000000000000000000e+01,1.247398779875520347e+02,2.250522924120601601e+03,-4.768205444986040931e+00
1.506000000000000050e+01,4.000000000000000000e+00,6.000000000000000000e+01,1.224722528440910452e+02,2.251756374735931331e+03,-4.784697612395413024e+00
1.507000000000000028e+01,4.000000000000000000e+00,6.000000000000000000e+01,1.208652858070333735e+02,2.252969915691819097e+03,-4.795813098146763487e+00
1.508000000000000007e+01,4.000000000000000000e+00,6.000000000000000000e+01,1.202863454415978595e+02,2.254174935371240281e+03,-4.802017164046378461e+00
1.508999999999999986e+01,4.000000000000000000e+00,6.000000000000000000e+01,1.203110156046664798e+02,2.255377571469664417e+03,-4.812342630770357843e+00
1.509999999999999964e+01,4.000000000000000000e+00,6.000000000000000000e+01,1.209007449831382957e+02,2.256584450109774480e+03,-4.825363941941946067e+00
1.510999999999999943e+01,4.000000000000000000e+00,6.000000000000000000e+01,1.209400956210291156e+02,2.257792890701733086e+03,-4.838037687642927409e+00
1.512000000000000099e+01,4.000000000000000000e+00,6.000000000000000000e+01,1.206230103991054534e+02,2.259000825707968943e+03,-4.851530458521971845e+00
1.513000000000000078e+01,4.000000000000000000e+00,6.000000000000000000e+01,1.194759661165363980e+02,2.260199726246343744e+03,-4.872108563199454956e+00
1.514000000000000057e+01,4.000000000000000000e+00,6.000000000000000000e+01,1.182657905338284365e+02,2.261386798061937043e+03,-4.898246141238707274e+00
1.515000000000000036e+01,4.000000000000000000e+00,6.000000000000000000e+01,1.172454790831724409e+02,2.262563260359915603e+03,-4.927856342736950168e+00
1.516000000000000014e+01,4.000000000000000000e+00,6.000000000000000000e+01,1.164716142161161372e+02,2.263730710042163082e+03,-4.956754202467902104e+00
1.516999999999999993e+01,4.000000000000000000e+00,6.000000000000000000e+01,1.161215761196560550e+02,2.264892471600904628e+03,-4.984042715631688658e+00
1.517999999999999972e+01,4.000000000000000000e+00,6.000000000000000000e+01,1.157630158770997610e+02,2.266051916979059570e+03,-5.013392540823093491e+00
1.518999999999999950e+01,4.000000000000000000e+00,6.000000000000000000e+01,1.152054822555032843e+02,2.267205598298454333e+03,-5.040462659017444835e+00
1.520000000000000107e+01,4.000000000000000000e+00,6.000000000000000000e+01,1.147357622000633626e+02,2.268354800015948058e+03,-5.063155321716063639e+00
1.521000000000000085e+01,4.000000000000000000e+00,6.000000000000000000e+01,1.144615060694705164e+02,2.269500334129148996e+03,-5.080621252986667002e+00
1.522000000000000064e+01,4.000000000000000000e+00,6.000000000000000000e+01,1.145159131289282186e+02,2.270645145187314938e+03,-5.091957040519055511e+00
1.523000000000000043e+01,4.000000000000000000e+00,6.000000000000000000e+01,1.150142131146525628e+02,2.271793093845202748e+03,-5.098154696311047118e+00
1.524000000000000021e+01,4.000000000000000000e+00,6.000000000000000000e+01,1.156237945672624363e+02,2.272947396786117224e+03,-5.100088834949271011e+00
1.525000000000000000e+01,4.000000000000000000e+00,6.000000000000000000e+01,1.154703857936668783e+02,2.274103058475703165e+03,-5.099845069891386196e+00
1.525999999999999979e+01,4.000000000000000000e+00,6.000000000000000000e+01,1.142769420807633054e+02,2.275250130336155053e+03,-5.098735376485691084e+00
1.526999999999999957e+01,4.000000000000000000e+00,6.000000000000000000e+01,1.129104301599305131e+02,2.276384872379402623e+03,-5.094674264794680774e+00
1.528000000000000114e+01,4.000000000000000000e+00,6.000000000000000000e+01,1.115493761628747222e+02,2.277505342739160824e+03,-5.085644728914827439e+00
1.529000000000000092e+01,4.000000000000000000e+00,6.000000000000000000e+01,1.108280386701308089e+02,2.278616319969700271e+03,-5.069104106008692767e+00
1.530000000000000071e+01,4.000000000000000000e+00,6.000000000000000000e+01,1.108960550200181956e+02,2.279724695839271590e+03,-5.044198384624034581e+00
1.531000000000000050e+01,4.000000000000000000e+00,6.000000000000000000e+01,1.107298801370570942e+02,2.280832530669045354e+03,-5.019502714157656698e+00
1.532000000000000028e+01,4.000000000000000000e+00,6.000000000000000000e+01,1.105056580358260874e+02,2.281938601002017094e+03,-5.000664467051320727e+00
1.533000000000000007e+01,4.000000000000000000e+00,6.000000000000000000e+01,1.098548375402638442e+02,2.283040041957798167e+03,-4.982992485121618742e+00
1.533999999999999986e+01,4.000000000000000000e+00,6.000000000000000000e+01,1.088919340740355182e+02,2.284132957017479384e+03,-4.966591464570034198e+00
1.534999999999999964e+01,4.000000000000000000e+00,6.000000000000000000e+01,1.078199815385736571e+02,2.285214376512338276e+03,-4.952548718301697406e+00
1.535999999999999943e+01,4.000000000000000000e+00,6.000000000000000000e+01,1.070625317567659494e+02,2.286287276368561834e+03,-4.942618068104692952e+00
1.537000000000000099e+01,4.000000000000000000e+00,6.000000000000000000e+01,1.065429886236816373e+02,2.287353579952377004e+03,-4.938573648471089150e+00
1.538000000000000078e+01,4.000000000000000000e+00,6.000000000000000000e+01,1.065684850276159779e+02,2.288418921774585215e+03,-4.943687393916273543e+00
1.539000000000000057e+01,4.000000000000000000e+00,6.000000000000000000e+01,1.068896210780456926e+02,2.289486540667210193e+03,-4.957424854674049364e+00
1.540000000000000036e+01,4.000000000000000000e+00,6.000000000000000000e+01,1.067723938446412575e+02,2.290554825741707191e+03,-4.973981725983231073e+00
1.541000000000000014e+01,4.000000000000000000e+00,6.000000000000000000e+01,1.064176077074253186e+02,2.291620636425427620e+03,-4.987615144758077435e+00
1.541999999999999993e+01,4.000000000000000000e+00,6.000000000000000000e+01,1.057311062730955200e+02,2.292680901025451931e+03,-4.994195104635600124e+00
1.542999999999999972e+01,4.000000000000000000e+00,6.000000000000000000e+01,1.051073267673858567e+02,2.293734383777401035e+03,-4.994767583814494039e+00
1.543999999999999950e+01,4.000000000000000000e+00,6.000000000000000000e+01,1.042367583766366010e+02,2.294779643814257724e+03,-4.991202126347973334e+00
1.545000000000000107e+01,4.000000000000000000e+00,6.000000000000000000e+01,1.035285410775595381e+02,2.295817197560787008e+03,-4.983813435989647544e+00
1.546000000000000085e+01,4.000000000000000000e+00,6.000000000000000000e+01,1.030510693423068176e+02,2.296849876616362963e+03,-4.975615067340576125e+00
1.547000000000000064e+01,4.000000000000000000e+00,6.000000000000000000e+01,1.027149737477512019e+02,2.297878518643153711e+03,-4.970981129196765380e+00
1.548000000000000043e+01,4.000000000000000000e+00,6.000000000000000000e+01,1.022192294647975359e+02,2.298903048452130861e+03,-4.964635723556276581e+00
1.549000000000000021e+01,4.000000000000000000e+00,6.000000000000000000e+01,1.016310339261546858e+02,2.299921834637881602e+03,-4.955717184968488453e+00
1.550000000000000000e+01,4.000000000000000000e+00,6.000000000000000000e+01,1.010344644247298334e+02,2.300933671976889855e+03,-4.944924797349361079e+00
1.550999999999999979e+01,4.000000000000000000e+00,6.000000000000000000e+01,1.008412027759982408e+02,2.301941318425579084e+03,-4.929939347267709771e+00
1.551999999999999957e+01,4.000000000000000000e+00,6.000000000000000000e+01,1.010979305462785760e+02,2.302951217064507546e+03,-4.909448052383138972e+00
1.553000000000000114e+01,4.000000000000000000e+00,6.000000000000000000e+01,1.011251270718512671e+02,2.303963172086773739e+03,-4.885640424386616942e+00
1.554000000000000092e+01,4.000000000000000000e+00,6.000000000000000000e+01,1.006222365813791697e+02,2.304971589219699126e+03,-4.861515556549660388e+00
1.555000000000000071e+01,4.000000000000000000e+00,6.000000000000000000e+01,9.991001562831694116e+01,2.305973588648098939e+03,-4.837886332771866194e+00
1.556000000000000050e+01,4.000000000000000000e+00,6.000000000000000000e+01,9.906627201995674170e+01,2.306967640022537580e+03,-4.816009426637549495e+00
1.557000000000000028e+01,4.000000000000000000e+00,6.000000000000000000e+01,9.819102827151445467e+01,2.307953118667048329e+03,-4.797544767450324876e+00
1.558000000000000007e+01,4.000000000000000000e+00,6.000000000000000000e+01,9.742341204008825173e+01,2.308930250866259939e+03,-4.783766111054944759e+00
1.558999999999999986e+01,4.000000000000000000e+00,6.000000000000000000e+01,9.692172675284849959e+01,2.309900632843000949e+03,-4.774311133201888602e+00
1.559999999999999964e+01,4.000000000000000000e+00,6.000000000000000000e+01,9.661566360493463890e+01,2.310867994508490938e+03,-4.766996549843225850e+00
1.561000000000000121e+01,4.000000000000000000e+00,6.000000000000000000e+01,9.654666759409370513e+01,2.311833236848968681e+03,-4.763829198586235769e+00
1.562000000000000099e+01,4.000000000000000000e+00,6.000000000000000000e+01,9.584574677101304019e+01,2.312793729701425491e+03,-4.764695005507121550e+00
1.563000000000000078e+01,4.000000000000000000e+00,6.000000000000000000e+01,9.513072260939659941e+01,2.313747841654474087e+03,-4.768421368029420293e+00
1.564000000000000057e+01,4.000000000000000000e+00,6.000000000000000000e+01,9.423420913507398211e+01,2.314694071344480108e+03,-4.774713982760447450e+00
1.565000000000000036e+01,4.000000000000000000e+00,6.000000000000000000e+01,9.304699267873495216e+01,2.315629412764051267e+03,-4.785245431887941159e+00
1.566000000000000014e+01,4.000000000000000000e+00,6.000000000000000000e+01,9.193240774461723674e+01,2.316552998091530299e+03,-4.798465772234603577e+00
1.566999999999999993e+01,4.000000000000000000e+00,6.000000000000000000e+01,9.118815449301754938e+01,2.317467570429922944e+03,-4.811696696650505700e+00
1.567999999999999972e+01,4.000000000000000000e+00,6.000000000000000000e+01,9.077256034837560605e+01,2.318375768784339471e+03,-4.823647240147512782e+00
1.568999999999999950e+01,4.000000000000000000e+00,6.000000000000000000e+01,9.095685134893891188e+01,2.319284527843434262e+03,-4.832362078193071397e+00
1.570000000000000107e+01,4.000000000000000000e+00,6.000000000000000000e+01,9.111048810253137731e+01,2.320195176875327434e+03,-4.837617295464777811e+00
1.571000000000000085e+01,4.000000000000000000e+00,6.000000000000000000e+01,9.155354181131207270e+01,2.321107436056564438e+03,-4.841060992034655897e+00
1.572000000000000064e+01,4.000000000000000000e+00,6.000000000000000000e+01,9.201386677773155043e+01,2.322025953425722946e+03,-4.841118207051302136e+00
1.573000000000000043e+01,4.000000000000000000e+00,6.000000000000000000e+01,9.168791354373276192e+01,2.322944608689465895e+03,-4.837638380526771975e+00
1.574000000000000021e+01,4.000000000000000000e+00,6.000000000000000000e+01,9.062209417444927340e+01,2.323855043795881556e+03,-4.832703228623143055e+00
1.575000000000000000e+01,4.000000000000000000e+00,6.000000000000000000e+01,8.970567676098443144e+01,2.324755879232526240e+03,-4.827467224593897654e+00
1.575999999999999979e+01,4.000000000000000000e+00,6.000000000000000000e+01,8.924398259306073555e+01,2.325650617585606597e+03,-4.824218324572129291e+00
1.576999999999999957e+01,4.000000000000000000e+00,6.000000000000000000e+01,8.808993796007068511e+01,2.326535654792347941e+03,-4.828546245710953144e+00
1.578000000000000114e+01,4.000000000000000000e+00,6.000000000000000000e+01,8.669329984337836947e+01,2.327408359080896389e+03,-4.837043730683792120e+00
1.579000000000000092e+01,4.000000000000000000e+00,6.000000000000000000e+01,8.544764446330236751e+01,2.328268115141517683e+03,-4.845158075803168707e+00
1.580000000000000071e+01,4.000000000000000000e+00,6.000000000000000000e+01,8.438331361152238230e+01,2.329115953302481557e+03,-4.849775220695126343e+00
1.581000000000000050e+01,4.000000000000000000e+00,6.000000000000000000e+01,8.366651361991139879e+01,2.329955540577484953e+03,-4.850080617546723261e+00
1.582000000000000028e+01,4.000000000000000000e+00,6.000000000000000000e+01,8.304760115579723845e+01,2.330788646110900117e+03,-4.844898119125577551e+00
1.583000000000000007e+01,4.000000000000000000e+00,6.000000000000000000e+01,8.253207054952478927e+01,2.331616321099056677e+03,-4.834310949732718576e+00
1.583999999999999986e+01,4.000000000000000000e+00,6.000000000000000000e+01,8.221554750905181663e+01,2.332439846607406253e+03,-4.821923942239284777e+00
1.584999999999999964e+01,4.000000000000000000e+00,6.000000000000000000e+01,8.162120094808381054e+01,2.333257222301645925e+03,-4.813440732859118221e+00
1.586000000000000121e+01,4.000000000000000000e+00,6.000000000000000000e+01,8.080509929537241476e+01,2.334066208459872087e+03,-4.807987239578033645e+00
1.587000000000000099e+01,4.000000000000000000e+00,6.000000000000000000e+01,8.026647495651405961e+01,2.334871040283770981e+03,-4.807755332335821308e+00
1.588000000000000078e+01,4.000000000000000000e+00,6.000000000000000000e+01,7.994389678289522294e+01,2.335671807658646685e+03,-4.813282789541419859e+00
1.589000000000000057e+01,4.000000000000000000e+00,6.000000000000000000e+01,7.998160765082852208e+01,2.336471593471667347e+03,-4.823954926705638968e+00
1.590000000000000036e+01,4.000000000000000000e+00,6.000000000000000000e+01,8.037459805056410289e+01,2.337273811842730083e+03,-4.838989320415716833e+00
1.591000000000000014e+01,4.000000000000000000e+00,6.000000000000000000e+01,8.120473162577621906e+01,2.338082510318461118e+03,-4.858146865310364326e+00
1.591999999999999993e+01,4.000000000000000000e+00,6.000000000000000000e+01,8.195359494898721664e+01,2.338899111420490044e+03,-4.881230161461741268e+00
1.592999999999999972e+01,4.000000000000000000e+00,6.000000000000000000e+01,8.198650099301995908e+01,2.339719972212930770e+03,-4.907854003184185743e+00
1.593999999999999950e+01,4.000000000000000000e+00,6.000000000000000000e+01,8.115699492668861126e+01,2.340534911961427497e+03,-4.935373421335810029e+00
1.595000000000000107e+01,4.000000000000000000e+00,6.000000000000000000e+01,8.016827960745273174e+01,2.341341007633454865e+03,-4.958367707265196600e+00
1.596000000000000085e+01,4.000000000000000000e+00,6.000000000000000000e+01,7.875800137449544991e+01,2.342132656769596906e+03,-4.974813517520853878e+00
1.597000000000000064e+01,4.000000000000000000e+00,6.000000000000000000e+01,7.783356156765027833e+01,2.342914636777279611e+03,-4.982299561877433725e+00
1.598000000000000043e+01,4.000000000000000000e+00,6.000000000000000000e+01,7.735073137156599898e+01,2.343690399477847677e+03,-4.981483554152219995e+00
1.599000000000000021e+01,4.000000000000000000e+00,6.000000000000000000e+01,7.689540409897726647e+01,2.344461528718869886e+03,-4.979181669873714355e+00
1.600000000000000000e+01,4.000000000000000000e+00,6.000000000000000000e+01,7.655120284669474984e+01,2.345228493949774020e+03,-4.976054050036108123e+00
1.601000000000000156e+01,4.000000000000000000e+00,6.000000000000000000e+01,7.645465986329888608e+01,2.345993491047420321e+03,-4.972900266837243066e+00
1.601999999999999957e+01,4.000000000000000000e+00,6.000000000000000000e+01,7.660089644827421296e+01,2.346758999188558391e+03,-4.969938483253469208e+00
1.603000000000000114e+01,4.000000000000000000e+00,6.000000000000000000e+01,7.717081880579893038e+01,2.347528542962964366e+03,-4.967209670957958068e+00
1.603999999999999915e+01,4.000000000000000000e+00,6.000000000000000000e+01,7.727619629135898549e+01,2.348299613725939253e+03,-4.965921620025211425e+00
1.605000000000000071e+01,4.000000000000000000e+00,6.000000000000000000e+01,7.698889123841617277e+01,2.349071054219053167e+03,-4.964160155178327649e+00
1.605999999999999872e+01,4.000000000000000000e+00,6.000000000000000000e+01,7.578399465501415477e+01,2.349834105199646729e+03,-4.963757295942535563e+00
1.607000000000000028e+01,4.000000000000000000e+00,6.000000000000000000e+01,7.402912734154570273e+01,2.350580780499818502e+03,-4.961770063257393559e+00
1.608000000000000185e+01,4.000000000000000000e+00,6.000000000000000000e+01,7.255002897891586144e+01,2.351312338166338577e+03,-4.955351614459852172e+00
1.608999999999999986e+01,4.000000000000000000e+00,6.000000000000000000e+01,7.183134852578257323e+01,2.352025149362761113e+03,-4.944985643922553464e+00
1.610000000000000142e+01,4.000000000000000000e+00,6.000000000000000000e+01,7.111582826041097860e+01,2.352739355014416105e+03,-4.925209033319050356e+00
1.610999999999999943e+01,4.000000000000000000e+00,6.000000000000000000e+01,7.103271834568978704e+01,2.353450315199817851e+03,-4.899314388391502462e+00
1.612000000000000099e+01,4.000000000000000000e+00,6.000000000000000000e+01,7.127968422685061967e+01,2.354162858649171540e+03,-4.870275834088156230e+00
1.612999999999999901e+01,4.000000000000000000e+00,6.000000000000000000e+01,7.153116127795634327e+01,2.354878514213419294e+03,-4.842382437234169501e+00
1.614000000000000057e+01,4.000000000000000000e+00,6.000000000000000000e+01,7.122731065503099046e+01,2.355592221489665462e+03,-4.814307369799513125e+00
1.614999999999999858e+01,4.000000000000000000e+00,6.000000000000000000e+01,7.099146132134754339e+01,2.356302364924838457e+03,-4.784865156283888865e+00
1.616000000000000014e+01,4.000000000000000000e+00,6.000000000000000000e+01,7.124071678396656182e+01,2.357013242908103621e+03,-4.756364419075737260e+00
1.617000000000000171e+01,4.000000000000000000e+00,6.000000000000000000e+01,7.178945471599811867e+01,2.357729296627111125e+03,-4.726264239825807678e+00
1.617999999999999972e+01,4.000000000000000000e+00,6.000000000000000000e+01,7.134690317617943833e+01,2.358444711714300411e+03,-4.695720124429122677e+00
1.619000000000000128e+01,4.000000000000000000e+00,6.000000000000000000e+01,6.999303746320691744e+01,2.359149573556879659e+03,-4.666843994221584246e+00
1.619999999999999929e+01,4.000000000000000000e+00,6.000000000000000000e+01,6.872060287766387887e+01,2.359841893762863492e+03,-4.635964059517943880e+00
1.621000000000000085e+01,4.000000000000000000e+00,6.000000000000000000e+01,6.801196767638153062e+01,2.360524875693671220e+03,-4.599952453847316214e+00
1.621999999999999886e+01,4.000000000000000000e+00,6.000000000000000000e+01,6.771058967716429322e+01,2.361203411427394713e+03,-4.558951142096351994e+00
1.623000000000000043e+01,4.000000000000000000e+00,6.000000000000000000e+01,6.792296782110550168e+01,2.361872205793397825e+03,-4.512196909274097223e+00
1.624000000000000199e+01,4.000000000000000000e+00,6.000000000000000000e+01,6.824996821318453044e+01,2.362553231294677062e+03,-4.462899082648148941e+00
1.625000000000000000e+01,4.000000000000000000e+00,6.000000000000000000e+01,6.847447869192021130e+01,2.363238839965428724e+03,-4.413836052493589790e+00
1.626000000000000156e+01,4.000000000000000000e+00,6.000000000000000000e+01,6.832139419963000648e+01,2.363923093265268562e+03,-4.363243428057791640e+00
1.626999999999999957e+01,4.000000000000000000e+00,6.000000000000000000e+01,6.831223163691879563e+01,2.364606246770899816e+03,-4.312494337299210834e+00
1.628000000000000114e+01,4.000000000000000000e+00,6.000000000000000000e+01,6.753862815892605909e+01,2.365279179040673171e+03,-4.263948773801181424e+00
1.628999999999999915e+01,4.000000000000000000e+00,6.000000000000000000e+01,6.788853774698645793e+01,2.365957852550883217e+03,-4.213041214303341775e+00
1.630000000000000071e+01,4.000000000000000000e+00,6.000000000000000000e+01,6.788069596510601400e+01,2.366637254358287464e+03,-4.162570899103006816e+00
1.630999999999999872e+01,4.000000000000000000e+00,6.000000000000000000e+01,6.771112372169179139e+01,2.367315507290242294e+03,-4.110442291577487417e+00
1.632000000000000028e+01,4.000000000000000000e+00,6.000000000000000000e+01,6.792319864814149355e+01,2.367994004889284042e+03,-4.056953005044921845e+00
1.633000000000000185e+01,4.000000000000000000e+00,6.000000000000000000e+01,6.765116239130549047e+01,2.368671750088918543e+03,-4.007547951503019235e+00
1.633999999999999986e+01,4.000000000000000000e+00,6.000000000000000000e+01,6.707271397596883844e+01,2.369345111366656965e+03,-3.964969143063988621e+00
1.635000000000000142e+01,4.000000000000000000e+00,6.000000000000000000e+01,6.689466229792108720e+01,2.370006280178442466e+03,-3.927065724285028203e+00
1.635999999999999943e+01,4.000000000000000000e+00,6.000000000000000000e+01,6.652220664182986809e+01,2.370672445082106606e+03,-3.895702948283805256e+00
1.637000000000000099e+01,4.000000000000000000e+00,6.000000000000000000e+01,6.688652161402409035e+01,2.371339904530149852e+03,-3.866253111574546875e+00
1.637999999999999901e+01,4.000000000000000000e+00,6.000000000000000000e+01,6.663353908341818510e+01,2.372009132503344972e+03,-3.833026646263231640e+00
1.639000000000000057e+01,4.000000000000000000e+00,6.000000000000000000e+01,6.583803565100765809e+01,2.372670280837980954e+03,-3.803161326745465587e+00
1.639999999999999858e+01,4.000000000000000000e+00,6.000000000000000000e+01,6.521361404419620555e+01,2.373321347228947616e+03,-3.777291884885414230e+00
1.641000000000000014e+01,4.000000000000000000e+00,6.000000000000000000e+01,6.543654392126083508e+01,2.373975549380838402e+03,-3.750970032003750454e+00
1.642000000000000171e+01,4.000000000000000000e+00,6.000000000000000000e+01,6.563625739534371917e+01,2.374631745081744612e+03,-3.725094150686105721e+00
1.642999999999999972e+01,4.000000000000000000e+00,6.000000000000000000e+01,6.580805953722835966e+01,2.375289831263282395e+03,-3.698949673604189137e+00
1.644000000000000128e+01,4.000000000000000000e+00,6.000000000000000000e+01,6.576495598261688258e+01,2.375947860725201735e+03,-3.672544473090308959e+00
1.644999999999999929e+01,4.000000000000000000e+00,6.000000000000000000e+01,6.556918553366288904e+01,2.376604623011477543e+03,-3.645654769100128423e+00
1.646000000000000085e+01,4.000000000000000000e+00,6.000000000000000000e+01,6.593228177572459003e+01,2.377262561273725623e+03,-3.618859247375360244e+00
1.646999999999999886e+01,4.000000000000000000e+00,6.000000000000000000e+01,6.566902098459097203e+01,2.377920653259051505e+03,-3.592854167665192389e+00
1.648000000000000043e+01,4.000000000000000000e+00,6.000000000000000000e+01,6.560400179958963918e+01,2.378567930009383417e+03,-3.567933416799721424e+00
1.649000000000000199e+01,4.000000000000000000e+00,6.000000000000000000e+01,6.526375044639966916e+01,2.379221430262741251e+03,-3.543535730948792928e+00
1.650000000000000000e+01,4.000000000000000000e+00,6.000000000000000000e+01,6.566382250303183810e+01,2.379876317959028256e+03,-3.516787282657066971e+00
1.651000000000000156e+01,4.000000000000000000e+00,6.000000000000000000e+01,6.647841779656974381e+01,2.380537376792535269e+03,-3.487694942609103954e+00
1.651999999999999957e+01,4.000000000000000000e+00,6.000000000000000000e+01,6.726850419127295311e+01,2.381206353068510907e+03,-3.464041036839051735e+00
1.653000000000000114e+01,4.000000000000000000e+00,6.000000000000000000e+01,6.758034131963209745e+01,2.381883202294724015e+03,-3.448606314131119621e+00
1.653999999999999915e+01,4.000000000000000000e+00,6.000000000000000000e+01,6.718972395950238763e+01,2.382555972330784698e+03,-3.438111268941042464e+00
1.655000000000000071e+01,4.000000000000000000e+00,6.000000000000000000e+01,6.736383236328651947e+01,2.383229572194811226e+03,-3.428397763502363915e+00
1.655999999999999872e+01,4.000000000000000000e+00,6.000000000000000000e+01,6.742439769285320494e+01,2.383903847325542301e+03,-3.420702873261523447e+00
1.657000000000000028e+01,4.000000000000000000e+00,6.000000000000000000e+01,6.774410428316245714e+01,2.384579999307731669e+03,-3.413706012849494709e+00
1.658000000000000185e+01,4.000000000000000000e+00,6.000000000000000000e+01,6.777373299323430444e+01,2.385247535758021968e+03,-3.414222584201870525e+00
1.658999999999999986e+01,4.000000000000000000e+00,6.000000000000000000e+01,6.771183555598595660e+01,2.385925171037181826e+03,-3.411923350395522192e+00
1.660000000000000142e+01,4.000000000000000000e+00,6.000000000000000000e+01,6.726319394575925514e+01,2.386599909215279695e+03,-3.407948660490761839e+00
1.660999999999999943e+01,4.000000000000000000e+00,6.000000000000000000e+01,6.667149250292955287e+01,2.387269372729948373e+03,-3.399592048490836849e+00
1.662000000000000099e+01,4.000000000000000000e+00,6.000000000000000000e+01,6.645441662423553453e+01,2.387925717331405849e+03,-3.385118988706282472e+00
1.662999999999999901e+01,4.000000000000000000e+00,6.000000000000000000e+01,6.628722259240846881e+01,2.388589037654294316e+03,-3.364603441728094335e+00
1.664000000000000057e+01,4.000000000000000000e+00,6.000000000000000000e+01,6.696118273978835589e+01,2.389255608345145447e+03,-3.336964806316278231e+00
1.664999999999999858e+01,4.000000000000000000e+00,6.000000000000000000e+01,6.838919055810245595e+01,2.389933360438553791e+03,-3.301282107473201499e+00
1.666000000000000014e+01,4.000000000000000000e+00,6.000000000000000000e+01,7.009769162288576183e+01,2.390625943233098951e+03,-3.255377424251010510e+00
1.667000000000000171e+01,4.000000000000000000e+00,6.000000000000000000e+01,7.184225975589514235e+01,2.391338454451596590e+03,-3.199899795260981339e+00
1.667999999999999972e+01,4.000000000000000000e+00,6.000000000000000000e+01,7.189719045538242881e+01,2.392056437675683355e+03,-3.139057903348926093e+00
1.669000000000000128e+01,4.000000000000000000e+00,6.000000000000000000e+01,7.205405059452698424e+01,2.392776585688577597e+03,-3.075674356263454090e+00
1.669999999999999929e+01,4.000000000000000000e+00,6.000000000000000000e+01,7.169477985490168237e+01,2.393495568639854355e+03,-3.012759880771529009e+00
1.671000000000000085e+01,4.000000000000000000e+00,6.000000000000000000e+01,7.074474278402045968e+01,2.394207354220370689e+03,-2.952315826283411493e+00
1.671999999999999886e+01,4.000000000000000000e+00,6.000000000000000000e+01,6.930221576209194723e+01,2.394905887679216903e+03,-2.897101509710865219e+00
1.673000000000000043e+01,4.000000000000000000e+00,6.000000000000000000e+01,6.791586396142147919e+01,2.395590880335112161e+03,-2.848208501870951981e+00
1.674000000000000199e+01,4.000000000000000000e+00,6.000000000000000000e+01,6.687648621714859587e+01,2.396263983016374368e+03,-2.805704633298945705e+00
1.675000000000000000e+01,4.000000000000000000e+00,6.000000000000000000e+01,6.616648968800508612e+01,2.396928729163772914e+03,-2.769160324218714386e+00
1.676000000000000156e+01,4.000000000000000000e+00,6.000000000000000000e+01,6.562044711029967914e+01,2.397577604175231045e+03,-2.736837572840864041e+00
1.676999999999999957e+01,4.000000000000000000e+00,6.000000000000000000e+01,6.512147572280781560e+01,2.398231429364360793e+03,-2.703405228758473555e+00
1.678000000000000114e+01,4.000000000000000000e+00,6.000000000000000000e+01,6.457162653981175993e+01,2.398880115014258990e+03,-2.670572532059390713e+00
1.678999999999999915e+01,4.000000000000000000e+00,6.000000000000000000e+01,6.420884377603208293e+01,2.399523955944981481e+03,-2.638620343934831691e+00
1.680000000000000071e+01,4.000000000000000000e+00,6.000000000000000000e+01,6.399322818149998682e+01,2.400164920234893088e+03,-2.607169701565543285e+00
1.680999999999999872e+01,4.000000000000000000e+00,6.000000000000000000e+01,6.394944027880712412e+01,2.400804522774142242e+03,-2.575917828124518305e+00
1.682000000000000028e+01,4.000000000000000000e+00,6.000000000000000000e+01,6.423276677157720371e+01,2.401445491863704319e+03,-2.543908255368157345e+00
1.683000000000000185e+01,4.000000000000000000e+00,6.000000000000000000e+01,6.402122916082107906e+01,2.402083775649451582e+03,-2.509202132112949180e+00
1.683999999999999986e+01,4.000000000000000000e+00,6.000000000000000000e+01,6.400082068879746089e+01,2.402723952818989346e+03,-2.475452854401853475e+00
1.685000000000000142e+01,4.000000000000000000e+00,6.000000000000000000e+01,6.391507523461010720e+01,2.403363598989239563e+03,-2.443662687189414484e+00
1.685999999999999943e+01,4.000000000000000000e+00,6.000000000000000000e+01,6.384433332794701244e+01,2.404002468902444889e+03,-2.414828138699046889e+00
1.687000000000000099e+01,4.000000000000000000e+00,6.000000000000000000e+01,6.387990836451287180e+01,2.404641263404734218e+03,-2.389528942328980055e+00
1.687999999999999901e+01,4.000000000000000000e+00,6.000000000000000000e+01,6.380898247119272071e+01,2.405278409086875854e+03,-2.369360392098888823e+00
1.689000000000000057e+01,4.000000000000000000e+00,6.000000000000000000e+01,6.410170728226373171e+01,2.405918349601090085e+03,-2.353293312412750637e+00
1.689999999999999858e+01,4.000000000000000000e+00,6.000000000000000000e+01,6.457628617770237156e+01,2.406562186377860598e+03,-2.342033329726734614e+00
1.691000000000000014e+01,4.000000000000000000e+00,6.000000000000000000e+01,6.428285922851145529e+01,2.407206254194777102e+03,-2.335283042497845241e+00
1.692000000000000171e+01,4.000000000000000000e+00,6.000000000000000000e+01,6.411089691223035913e+01,2.407848241353983667e+03,-2.333085699776267674e+00
1.692999999999999972e+01,4.000000000000000000e+00,6.000000000000000000e+01,6.371061739356144926e+01,2.408475968403538445e+03,-2.334833492668921373e+00
1.694000000000000128e+01,4.000000000000000000e+00,6.000000000000000000e+01,6.400632677140922056e+01,2.409115477303467742e+03,-2.341437048187371417e+00
1.694999999999999929e+01,4.000000000000000000e+00,6.000000000000000000e+01,6.449326173079484192e+01,2.409758565356475629e+03,-2.354312240019601710e+00
1.696000000000000085e+01,4.000000000000000000e+00,6.000000000000000000e+01,6.484611136339751170e+01,2.410405723355322607e+03,-2.373748179707031891e+00
1.696999999999999886e+01,4.000000000000000000e+00,6.000000000000000000e+01,6.497332264043710381e+01,2.411055172318232053e+03,-2.397591514026329751e+00
1.698000000000000043e+01,4.000000000000000000e+00,6.000000000000000000e+01,6.489713704442728215e+01,2.411704392277665647e+03,-2.422952632347450397e+00
1.699000000000000199e+01,4.000000000000000000e+00,6.000000000000000000e+01,6.486700986484044051e+01,2.412353214318414757e+03,-2.447819512338933468e+00
1.700000000000000000e+01,4.000000000000000000e+00,6.000000000000000000e+01,6.496983273387758118e+01,2.413002519433505313e+03,-2.472472805495069981e+00
1.701000000000000156e+01,4.000000000000000000e+00,6.000000000000000000e+01,6.522249670015642664e+01,2.413653729449251841e+03,-2.497269458702114253e+00
1.701999999999999957e+01,4.000000000000000000e+00,6.000000000000000000e+01,6.501357261773706853e+01,2.414305146608757241e+03,-2.520844387759497263e+00
1.703000000000000114e+01,4.000000000000000000e+00,6.000000000000000000e+01,6.462423359980955695e+01,2.414953114477863437e+03,-2.540716220680799609e+00
1.703999999999999915e+01,4.000000000000000000e+00,6.000000000000000000e+01,6.428320143887037830e+01,2.415597426637234094e+03,-2.556679317960952158e+00
1.705000000000000071e+01,4.000000000000000000e+00,6.000000000000000000e+01,6.409261043758149867e+01,2.416230951445296341e+03,-2.572722790778757762e+00
1.705999999999999872e+01,4.000000000000000000e+00,6.000000000000000000e+01,6.337589374150346089e+01,2.416865852115997768e+03,-2.580578180253085385e+00
1.707000000000000028e+01,4.000000000000000000e+00,6.000000000000000000e+01,6.282107934475988742e+01,2.417496683882910474e+03,-2.587833419212658637e+00
1.708000000000000185e+01,4.000000000000000000e+00,6.000000000000000000e+01,6.216274784402801856e+01,2.418121305091586692e+03,-2.594148625518438944e+00
1.708999999999999986e+01,4.000000000000000000e+00,6.000000000000000000e+01,6.140228878388532507e+01,2.418738831743424271e+03,-2.599942399961886252e+00
1.710000000000000142e+01,4.000000000000000000e+00,6.000000000000000000e+01,6.060944634406859421e+01,2.419348475491142835e+03,-2.604873275313548842e+00
1.710999999999999943e+01,4.000000000000000000e+00,6.000000000000000000e+01,5.987480460761786105e+01,2.419949992911461777e+03,-2.607805018039722533e+00
1.712000000000000099e+01,4.000000000000000000e+00,6.000000000000000000e+01,5.951414781858449743e+01,2.420546711840285752e+03,-2.608538392372691472e+00
1.712999999999999901e+01,4.000000000000000000e+00,6.000000000000000000e+01,5.957412350684577973e+01,2.421142358223980864e+03,-2.606651683894537719e+00
1.714000000000000057e+01,4.000000000000000000e+00,6.000000000000000000e+01,5.999540184213989846e+01,2.421740652369353484e+03,-2.602002990394775672e+00
1.715000000000000213e+01,4.000000000000000000e+00,6.000000000000000000e+01,6.066804917288308729e+01,2.422344608812225943e+03,-2.594541587893626655e+00
1.716000000000000014e+01,4.000000000000000000e+00,6.000000000000000000e+01,6.159490287834658062e+01,2.422956446666737065e+03,-2.584987662979764789e+00
1.717000000000000171e+01,4.000000000000000000e+00,6.000000000000000000e+01,6.220582810634746096e+01,2.423561357712082099e+03,-2.577724709008097914e+00
1.717999999999999972e+01,4.000000000000000000e+00,6.000000000000000000e+01,6.264137090544876685e+01,2.424187848263000888e+03,-2.564639776627241297e+00
1.719000000000000128e+01,4.000000000000000000e+00,6.000000000000000000e+01,6.263932835780921238e+01,2.424814190316949407e+03,-2.550424908942447111e+00
1.719999999999999929e+01,4.000000000000000000e+00,6.000000000000000000e+01,6.229703253885403313e+01,2.425439096865191004e+03,-2.537798776699551340e+00
1.721000000000000085e+01,4.000000000000000000e+00,6.000000000000000000e+01,6.155885043241116961e+01,2.426058248515774267e+03,-2.527647682090147452e+00
1.721999999999999886e+01,4.000000000000000000e+00,6.000000000000000000e+01,6.080935812997141454e+01,2.426669896009092099e+03,-2.519516226892758670e+00
1.723000000000000043e+01,4.000000000000000000e+00,6.000000000000000000e+01,6.006925736882094213e+01,2.427274689206546100e+03,-2.512902794431626674e+00
1.724000000000000199e+01,4.000000000000000000e+00,6.000000000000000000e+01,5.916313303393705780e+01,2.427869740205805101e+03,-2.509475524385617273e+00
1.725000000000000000e+01,4.000000000000000000e+00,6.000000000000000000e+01,5.852213505025899565e+01,2.428456701173388410e+03,-2.508035855361105071e+00
1.726000000000000156e+01,4.000000000000000000e+00,6.000000000000000000e+01,5.842158792414269186e+01,2.429041125055062366e+03,-2.509003354449737433e+00
1.726999999999999957e+01,4.000000000000000000e+00,6.000000000000000000e+01,5.898463603063282790e+01,2.429628670562210118e+03,-2.511334908751275297e+00
1.728000000000000114e+01,4.000000000000000000e+00,6.000000000000000000e+01,5.994492248078719854e+01,2.430224515072170561e+03,-2.513678313473362458e+00
1.728999999999999915e+01,4.000000000000000000e+00,6.000000000000000000e+01,6.062367545480780961e+01,2.430828765746822228e+03,-2.517674707256709610e+00
1.730000000000000071e+01,4.000000000000000000e+00,6.000000000000000000e+01,6.052644186160247841e+01,2.431433958662286841e+03,-2.522710800738242387e+00
1.730999999999999872e+01,4.000000000000000000e+00,6.000000000000000000e+01,5.999230285778244109e+01,2.432026044835787616e+03,-2.535557097411751837e+00
1.732000000000000028e+01,4.000000000000000000e+00,6.000000000000000000e+01,6.001516355898378663e+01,2.432626123412932884e+03,-2.543190451567514110e+00
1.733000000000000185e+01,4.000000000000000000e+00,6.000000000000000000e+01,6.091094614569006183e+01,2.433215336247544201e+03,-2.550823073418735820e+00
1.733999999999999986e+01,4.000000000000000000e+00,6.000000000000000000e+01,6.185702798069284825e+01,2.433832772446195122e+03,-2.557518306683341347e+00
1.735000000000000142e+01,4.000000000000000000e+00,6.000000000000000000e+01,6.213445606746300598e+01,2.434453566169271198e+03,-2.564704737848664262e+00
1.735999999999999943e+01,4.000000000000000000e+00,6.000000000000000000e+01,6.225169749450218859e+01,2.435076677559260588e+03,-2.572276907895394871e+00
1.737000000000000099e+01,4.000000000000000000e+00,6.000000000000000000e+01,6.235915818969120750e+01,2.435699875721930312e+03,-2.579073830509657217e+00
1.737999999999999901e+01,4.000000000000000000e+00,6.000000000000000000e+01,6.217991254432379122e+01,2.436323369456606088e+03,-2.583563317166160278e+00
1.739000000000000057e+01,4.000000000000000000e+00,6.000000000000000000e+01,6.106504177218480578e+01,2.436938190371375185e+03,-2.588990243262097923e+00
1.740000000000000213e+01,4.000000000000000000e+00,6.000000000000000000e+01,6.047966671899042979e+01,2.437544932767893442e+03,-2.594533370643731018e+00
1.741000000000000014e+01,4.000000000000000000e+00,6.000000000000000000e+01,6.031609614307297562e+01,2.438149137553438322e+03,-2.596953773722480818e+00
1.742000000000000171e+01,4.000000000000000000e+00,6.000000000000000000e+01,6.035949718730226010e+01,2.438752888677685860e+03,-2.599151861962911259e+00
1.742999999999999972e+01,4.000000000000000000e+00,6.000000000000000000e+01,6.033681386403188895e+01,2.439356176553889327e+03,-2.601568853920074087e+00
1.744000000000000128e+01,4.000000000000000000e+00,6.000000000000000000e+01,6.024073341952954763e+01,2.439958963461318490e+03,-2.603536252503295678e+00
1.744999999999999929e+01,4.000000000000000000e+00,6.000000000000000000e+01,5.956852249784332543e+01,2.440542488585202591e+03,-2.613450988169810696e+00
1.746000000000000085e+01,4.000000000000000000e+00,6.000000000000000000e+01,5.973023019186960170e+01,2.441130895445008264e+03,-2.613062517163126319e+00
1.746999999999999886e+01,4.000000000000000000e+00,6.000000000000000000e+01,5.995395437645942849e+01,2.441729443502927097e+03,-2.613739309463225524e+00
1.748000000000000043e+01,4.000000000000000000e+00,6.000000000000000000e+01,6.141517102659800287e+01,2.442337617435423908e+03,-2.613588582875970623e+00
1.749000000000000199e+01,4.000000000000000000e+00,6.000000000000000000e+01,6.369844141708719576e+01,2.442965830777303381e+03,-2.613913095753207738e+00
1.750000000000000000e+01,4.000000000000000000e+00,6.000000000000000000e+01,6.583813980620878681e+01,2.443616789078806505e+03,-2.617607265963389551e+00
1.751000000000000156e+01,4.000000000000000000e+00,6.000000000000000000e+01,6.750400557180159922e+01,2.444285058417820892e+03,-2.627808015775679795e+00
1.751999999999999957e+01,4.000000000000000000e+00,6.000000000000000000e+01,6.847864555604368775e+01,2.444967183776682305e+03,-2.640501486549219123e+00
1.753000000000000114e+01,4.000000000000000000e+00,6.000000000000000000e+01,6.880741269138962934e+01,2.445655219053831843e+03,-2.649954666332826836e+00
1.753999999999999915e+01,4.000000000000000000e+00,6.000000000000000000e+01,6.795622159458372380e+01,2.446337890387153948e+03,-2.665688511908050451e+00
1.755000000000000071e+01,4.000000000000000000e+00,6.000000000000000000e+01,6.711889019332504347e+01,2.447012348588132681e+03,-2.687651242637289162e+00
1.755999999999999872e+01,4.000000000000000000e+00,6.000000000000000000e+01,6.632544911832926005e+01,2.447678370672166238e+03,-2.715033717687475701e+00
1.757000000000000028e+01,4.000000000000000000e+00,6.000000000000000000e+01,6.595337913498286753e+01,2.448330250788633748e+03,-2.747129601131126808e+00
1.758000000000000185e+01,4.000000000000000000e+00,6.000000000000000000e+01,6.523153215110507119e+01,2.448984463633417818e+03,-2.779433630585832482e+00
1.758999999999999986e+01,4.000000000000000000e+00,6.000000000000000000e+01,6.487659697875581344e+01,2.449635133118999420e+03,-2.810124631932411354e+00
1.760000000000000142e+01,4.000000000000000000e+00,6.000000000000000000e+01,6.439872272208191362e+01,2.450281344649204129e+03,-2.839135611553053273e+00
1.760999999999999943e+01,4.000000000000000000e+00,6.000000000000000000e+01,6.380882638152603903e+01,2.450922239403442290e+03,-2.865085209545742195e+00
1.762000000000000099e+01,4.000000000000000000e+00,6.000000000000000000e+01,6.316897422857693556e+01,2.451556925170250452e+03,-2.887388587980176169e+00
1.762999999999999901e+01,4.000000000000000000e+00,6.000000000000000000e+01,6.262732471675268897e+01,2.452185741607220280e+03,-2.906148579360383621e+00
1.764000000000000057e+01,4.000000000000000000e+00,6.000000000000000000e+01,6.232145284997165646e+01,2.452810444618291058e+03,-2.921911241339566701e+00
1.765000000000000213e+01,4.000000000000000000e+00,6.000000000000000000e+01,6.227736394394353425e+01,2.453433547541184453e+03,-2.935312450951057528e+00
1.766000000000000014e+01,4.000000000000000000e+00,6.000000000000000000e+01,6.254523869813240111e+01,2.454057966601070348e+03,-2.947221124957327465e+00
1.767000000000000171e+01,4.000000000000000000e+00,6.000000000000000000e+01,6.286848987814688172e+01,2.454685415747136176e+03,-2.960260774029460418e+00
1.767999999999999972e+01,4.000000000000000000e+00,6.000000000000000000e+01,6.277824955110876459e+01,2.455312445454706904e+03,-2.974204176965942192e+00
1.769000000000000128e+01,4.000000000000000000e+00,6.000000000000000000e+01,6.254259841410556930e+01,2.455938333887840145e+03,-2.985614089769441204e+00
1.769999999999999929e+01,4.000000000000000000e+00,6.000000000000000000e+01,6.221717263598014824e+01,2.456553463564702724e+03,-3.001328932074351030e+00
1.771000000000000085e+01,4.000000000000000000e+00,6.000000000000000000e+01,6.161104988723861453e+01,2.457171923043739298e+03,-3.012337910837105781e+00
1.771999999999999886e+01,4.000000000000000000e+00,6.000000000000000000e+01,6.119604421888589485e+01,2.457785625209454338e+03,-3.023578713455771894e+00
1.773000000000000043e+01,4.000000000000000000e+00,6.000000000000000000e+01,6.081124683954780608e+01,2.458395470483811550e+03,-3.033570464319810700e+00
1.774000000000000199e+01,4.000000000000000000e+00,6.000000000000000000e+01,6.050321141508327827e+01,2.459001976493686925e+03,-3.041011002177011591e+00
1.775000000000000000e+01,4.000000000000000000e+00,6.000000000000000000e+01,6.013328012335632877e+01,2.459605137338347959e+03,-3.044258483737520393e+00
1.776000000000000156e+01,4.000000000000000000e+00,6.000000000000000000e+01,5.976142100349124320e+01,2.460204588258550302e+03,-3.042675169754111231e+00
1.776999999999999957e+01,4.000000000000000000e+00,6.000000000000000000e+01,5.941498344179007063e+01,2.460800496439918788e+03,-3.033573435325989553e+00
1.778000000000000114e+01,4.000000000000000000e+00,6.000000000000000000e+01,5.913257900731704098e+01,2.461393323404303374e+03,-3.015962529831952565e+00
1.778999999999999915e+01,4.000000000000000000e+00,6.000000000000000000e+01,5.891777588359777695e+01,2.461983780432035473e+03,-2.990762800349148431e+00
1.780000000000000071e+01,4.000000000000000000e+00,6.000000000000000000e+01,5.876358851392071614e+01,2.462563230374120394e+03,-2.959450440318319497e+00
1.780999999999999872e+01,4.000000000000000000e+00,6.000000000000000000e+01,5.841934107143040933e+01,2.463149057350603925e+03,-2.929576279245462267e+00
1.782000000000000028e+01,4.000000000000000000e+00,6.000000000000000000e+01,5.825714664803970066e+01,2.463723218594259833e+03,-2.903164237499548772e+00
1.783000000000000185e+01,4.000000000000000000e+00,6.000000000000000000e+01,5.770093010237747677e+01,2.464303414642796270e+03,-2.874763549328006818e+00
1.783999999999999986e+01,4.000000000000000000e+00,6.000000000000000000e+01,5.689249131802628057e+01,2.464875458080090993e+03,-2.848843095412314508e+00
1.785000000000000142e+01,4.000000000000000000e+00,6.000000000000000000e+01,5.639573291377931952e+01,2.465441419927242350e+03,-2.824890925296851485e+00
1.785999999999999943e+01,4.000000000000000000e+00,6.000000000000000000e+01,5.623174518234075236e+01,2.466004430485561898e+03,-2.802182707270059137e+00
1.787000000000000099e+01,4.000000000000000000e+00,6.000000000000000000e+01,5.636294787032552733e+01,2.466567521779546041e+03,-2.779984243467753746e+00
1.787999999999999901e+01,4.000000000000000000e+00,6.000000000000000000e+01,5.678237016322894704e+01,2.467133579715546148e+03,-2.757617382835503506e+00
1.789000000000000057e+01,4.000000000000000000e+00,6.000000000000000000e+01,5.746087759948604656e+01,2.467705396444755934e+03,-2.734760832718339252e+00
1.790000000000000213e+01,4.000000000000000000e+00,6.000000000000000000e+01,5.838136990739700849e+01,2.468285312911885740e+03,-2.711234524176927341e+00
1.791000000000000014e+01,4.000000000000000000e+00,6.000000000000000000e+01,5.954353788255326663e+01,2.468876101528317122e+03,-2.687671766327616396e+00
1.792000000000000171e+01,4.000000000000000000e+00,6.000000000000000000e+01,5.988815698078708039e+01,2.469473551860016414e+03,-2.667157201269977129e+00
1.792999999999999972e+01,4.000000000000000000e+00,6.000000000000000000e+01,5.995209710835007400e+01,2.470072330758235239e+03,-2.650044250520369626e+00
1.794000000000000128e+01,4.000000000000000000e+00,6.000000000000000000e+01,5.982757995164238451e+01,2.470670928153175737e+03,-2.635227072008209159e+00
1.794999999999999929e+01,4.000000000000000000e+00,6.000000000000000000e+01,5.992535947625189152e+01,2.471260864391820178e+03,-2.619219556925742154e+00
1.796000000000000085e+01,4.000000000000000000e+00,6.000000000000000000e+01,5.948315247982017695e+01,2.471858097718101817e+03,-2.605761842277078966e+00
1.796999999999999886e+01,4.000000000000000000e+00,6.000000000000000000e+01,5.889709754984788503e+01,2.472449839648566922e+03,-2.591640758769027553e+00
1.798000000000000043e+01,4.000000000000000000e+00,6.000000000000000000e+01,5.425936324260185728e+01,2.473012857705471561e+03,-2.581541071877323734e+00
1.799000000000000199e+01,4.000000000000000000e+00,6.000000000000000000e+01,5.864537841457941880e+01,2.473603306287272517e+03,-2.564282747986030397e+00
1.800000000000000000e+01,4.000000000000000000e+00,6.000000000000000000e+01,5.756575025446244354e+01,2.474182533487220098e+03,-2.551664793779876650e+00
1.801000000000000156e+01,4.000000000000000000e+00,6.000000000000000000e+01,5.692524340247796744e+01,2.474754675713593770e+03,-2.540466288674610329e+00
1.801999999999999957e+01,4.000000000000000000e+00,6.000000000000000000e+01,5.670628781964356335e+01,2.475323089365697342e+03,-2.529878584681196863e+00
1.803000000000000114e+01,4.000000000000000000e+00,6.000000000000000000e+01,5.687721886040060326e+01,2.475891651664177061e+03,-2.518787750818134441e+00
1.803999999999999915e+01,4.000000000000000000e+00,6.000000000000000000e+01,5.730734773332510912e+01,2.476463407042943345e+03,-2.507639870736373844e+00
1.805000000000000071e+01,4.000000000000000000e+00,6.000000000000000000e+01,5.794206182693606166e+01,2.477040571835431365e+03,-2.497748146209418429e+00
1.805999999999999872e+01,4.000000000000000000e+00,6.000000000000000000e+01,5.877742774734426945e+01,2.477625152509236614e+03,-2.488296257882964824e+00
1.807000000000000028e+01,4.000000000000000000e+00,6.000000000000000000e+01,5.982541890957555353e+01,2.478219528023744715e+03,-2.481646469809935418e+00
1.808000000000000185e+01,4.000000000000000000e+00,6.000000000000000000e+01,6.008120537850071230e+01,2.478819105767709061e+03,-2.476917371610753538e+00
1.808999999999999986e+01,4.000000000000000000e+00,6.000000000000000000e+01,6.025358659573536357e+01,2.479420913825043044e+03,-2.473509794648970583e+00
1.810000000000000142e+01,4.000000000000000000e+00,6.000000000000000000e+01,6.022134000409905497e+01,2.480014140943112125e+03,-2.474866314229574815e+00
1.810999999999999943e+01,4.000000000000000000e+00,6.000000000000000000e+01,6.004683536161882529e+01,2.480615358949909478e+03,-2.472688176553148764e+00
1.812000000000000099e+01,4.000000000000000000e+00,6.000000000000000000e+01,6.001232379831718333e+01,2.481215713146365943e+03,-2.470389533786765845e+00
1.812999999999999901e+01,4.000000000000000000e+00,6.000000000000000000e+01,6.005233621823665402e+01,2.481816255168550015e+03,-2.467197147320080219e+00
1.814000000000000057e+01,4.000000000000000000e+00,6.000000000000000000e+01,6.012893651550804464e+01,2.482417370297406706e+03,-2.462577286106497176e+00
1.815000000000000213e+01,4.000000000000000000e+00,6.000000000000000000e+01,5.993561586664680618e+01,2.483015697917873695e+03,-2.455132161030435967e+00
1.816000000000000014e+01,4.000000000000000000e+00,6.000000000000000000e+01,5.955126758753537075e+01,2.483613451310044184e+03,-2.445829080903791475e+00
1.817000000000000171e+01,4.000000000000000000e+00,6.000000000000000000e+01,5.918428650115748013e+01,2.484207270852728470e+03,-2.434348726808534646e+00
1.817999999999999972e+01,4.000000000000000000e+00,6.000000000000000000e+01,5.897280937167320758e+01,2.484798590859158594e+03,-2.420757421044793301e+00
1.819000000000000128e+01,4.000000000000000000e+00,6.000000000000000000e+01,5.884334783666006530e+01,2.485388072977598767e+03,-2.405067648168028871e+00
1.819999999999999929e+01,4.000000000000000000e+00,6.000000000000000000e+01,5.883030413547389514e+01,2.485976776838984733e+03,-2.387168366912223672e+00
1.821000000000000085e+01,4.000000000000000000e+00,6.000000000000000000e+01,5.463473313938518316e+01,2.486540564714119682e+03,-2.370061521726221088e+00
1.821999999999999886e+01,4.000000000000000000e+00,6.000000000000000000e+01,6.049451786326233105e+01,2.487143164667079873e+03,-2.346641578915326320e+00
1.823000000000000043e+01,4.000000000000000000e+00,6.000000000000000000e+01,6.026242151826172488e+01,2.487745154134652239e+03,-2.324662698520285176e+00
1.824000000000000199e+01,4.000000000000000000e+00,6.000000000000000000e+01,6.068708981596107321e+01,2.488350723029083838e+03,-2.303417229083181805e+00
1.825000000000000000e+01,4.000000000000000000e+00,6.000000000000000000e+01,6.104283662762858143e+01,2.488960427584716399e+03,-2.284558903240164529e+00
1.826000000000000156e+01,4.000000000000000000e+00,6.000000000000000000e+01,6.157804088269783449e+01,2.489574039564468421e+03,-2.269116361649128333e+00
1.826999999999999957e+01,4.000000000000000000e+00,6.000000000000000000e+01,6.215377428026342699e+01,2.490193358838963377e+03,-2.258850104517693413e+00
1.828000000000000114e+01,4.000000000000000000e+00,6.000000000000000000e+01,6.250255384457567942e+01,2.490817753413777154e+03,-2.254334007595057976e+00
1.828999999999999915e+01,4.000000000000000000e+00,6.000000000000000000e+01,6.230736350634009568e+01,2.491441733122373989e+03,-2.255644774708471356e+00
1.830000000000000071e+01,4.000000000000000000e+00,6.000000000000000000e+01,6.167584777677459584e+01,2.492059476702970642e+03,-2.258209440741326457e+00
1.830999999999999872e+01,4.000000000000000000e+00,6.000000000000000000e+01,6.108328563909718412e+01,2.492672662222910276e+03,-2.262516578023687330e+00
1.832000000000000028e+01,4.000000000000000000e+00,6.000000000000000000e+01,6.038691322725085797e+01,2.493279483220038856e+03,-2.267390685358475544e+00
1.833000000000000185e+01,4.000000000000000000e+00,6.000000000000000000e+01,5.972923676767013745e+01,2.493879622299642051e+03,-2.272065882125885672e+00
1.833999999999999986e+01,4.000000000000000000e+00,6.000000000000000000e+01,5.530978249085841725e+01,2.494451410627084442e+03,-2.283193639909200545e+00
1.835000000000000142e+01,4.000000000000000000e+00,6.000000000000000000e+01,6.028587016566643086e+01,2.495053933646703172e+03,-2.282772259806697512e+00
1.835999999999999943e+01,4.000000000000000000e+00,6.000000000000000000e+01,6.041884322278770014e+01,2.495657037824555118e+03,-2.286460890849417726e+00
1.837000000000000099e+01,4.000000000000000000e+00,6.000000000000000000e+01,6.114376847646663293e+01,2.496265904416450667e+03,-2.292227162453659872e+00
1.837999999999999901e+01,4.000000000000000000e+00,6.000000000000000000e+01,6.198991505050853590e+01,2.496882949910660955e+03,-2.298958821979613987e+00
1.839000000000000057e+01,4.000000000000000000e+00,6.000000000000000000e+01,6.271948807158656081e+01,2.497507397176700124e+03,-2.303852455304311153e+00
1.840000000000000213e+01,4.000000000000000000e+00,6.000000000000000000e+01,6.269387754956331804e+01,2.498134144837674739e+03,-2.307529990101149675e+00
1.841000000000000014e+01,4.000000000000000000e+00,6.000000000000000000e+01,6.264054064374337116e+01,2.498761015460891031e+03,-2.310555567745238736e+00
1.842000000000000171e+01,4.000000000000000000e+00,6.000000000000000000e+01,6.232867656276928869e+01,2.499384149403693755e+03,-2.315047337756763746e+00
1.842999999999999972e+01,4.000000000000000000e+00,6.000000000000000000e+01,6.183281703826071407e+01,2.499995066650671106e+03,-2.317941426475603528e+00
1.844000000000000128e+01,4.000000000000000000e+00,6.000000000000000000e+01,6.069853683659044208e+01,2.500607208116121001e+03,-2.320950329759967179e+00
1.844999999999999929e+01,4.000000000000000000e+00,6.000000000000000000e+01,5.955597233068854734e+01,2.501207762392105906e+03,-2.323204390978374168e+00
1.846000000000000085e+01,4.000000000000000000e+00,6.000000000000000000e+01,5.843114487710462157e+01,2.501796884966247490e+03,-2.324557264365580522e+00
1.846999999999999886e+01,4.000000000000000000e+00,6.000000000000000000e+01,5.757190308607121665e+01,2.502376113495318805e+03,-2.324816710322184399e+00
1.848000000000000043e+01,4.000000000000000000e+00,6.000000000000000000e+01,5.720092305838049640e+01,2.502949637213152982e+03,-2.323824625901302898e+00
1.849000000000000199e+01,4.000000000000000000e+00,6.000000000000000000e+01,5.725449425459265740e+01,2.503521413483718788e+03,-2.320862680173740866e+00
1.850000000000000000e+01,4.000000000000000000e+00,6.000000000000000000e+01,5.786530177401789388e+01,2.504097498515181087e+03,-2.316348784437071817e+00
1.851000000000000156e+01,4.000000000000000000e+00,6.000000000000000000e+01,5.885460923258116850e+01,2.504681771474202378e+03,-2.310416806697695336e+00
1.851999999999999957e+01,4.000000000000000000e+00,6.000000000000000000e+01,6.030560414499871769e+01,2.505279016384371516e+03,-2.303150659940490286e+00
1.853000000000000114e+01,4.000000000000000000e+00,6.000000000000000000e+01,6.098550950897985246e+01,2.505886985889726930e+03,-2.295155879269139110e+00
1.853999999999999915e+01,4.000000000000000000e+00,6.000000000000000000e+01,6.030971471363930902e+01,2.506481629761893146e+03,-2.292859518828382903e+00
1.855000000000000071e+01,4.000000000000000000e+00,6.000000000000000000e+01,6.089112710092553726e+01,2.507089728591993662e+03,-2.285312170925923425e+00
1.855999999999999872e+01,4.000000000000000000e+00,6.000000000000000000e+01,6.125652127036139660e+01,2.507701163381377228e+03,-2.279750010119733439e+00
1.857000000000000028e+01,4.000000000000000000e+00,6.000000000000000000e+01,6.150137288468798857e+01,2.508315613182303878e+03,-2.274743897364656320e+00
1.858000000000000185e+01,4.000000000000000000e+00,6.000000000000000000e+01,6.182677763065015597e+01,2.508933061352232926e+03,-2.266483682966141444e+00
1.858999999999999986e+01,4.000000000000000000e+00,6.000000000000000000e+01,6.239973571435577782e+01,2.509555239635951693e+03,-2.250463329119640310e+00
1.860000000000000142e+01,4.000000000000000000e+00,6.000000000000000000e+01,6.361085473634732068e+01,2.510171532802452020e+03,-2.225965284046190096e+00
1.860999999999999943e+01,4.000000000000000000e+00,6.000000000000000000e+01,6.488683334764542110e+01,2.510817881066951031e+03,-2.192746029572492983e+00
1.862000000000000099e+01,4.000000000000000000e+00,6.000000000000000000e+01,6.537543569198727766e+01,2.511469055684218347e+03,-2.152593573016523543e+00
1.862999999999999901e+01,4.000000000000000000e+00,6.000000000000000000e+01,6.648269780777187066e+01,2.512129507813361670e+03,-2.105987409541810962e+00
1.864000000000000057e+01,4.000000000000000000e+00,6.000000000000000000e+01,6.777468865969967737e+01,2.512801649630759130e+03,-2.048580545853288637e+00
1.865000000000000213e+01,4.000000000000000000e+00,6.000000000000000000e+01,6.804642228679136906e+01,2.513482194324600187e+03,-1.989354378695509018e+00
1.866000000000000014e+01,4.000000000000000000e+00,6.000000000000000000e+01,6.770961943563943919e+01,2.514151310585321880e+03,-1.923509022545992098e+00
1.867000000000000171e+01,4.000000000000000000e+00,6.000000000000000000e+01,6.766296650371211285e+01,2.514828416858406399e+03,-1.864844841401501752e+00
1.867999999999999972e+01,4.000000000000000000e+00,6.000000000000000000e+01,6.751926142227149796e+01,2.515504590179363277e+03,-1.810524248409139281e+00
1.869000000000000128e+01,4.000000000000000000e+00,6.000000000000000000e+01,6.695207267393139716e+01,2.516176474214200880e+03,-1.762744482866301476e+00
1.869999999999999929e+01,4.000000000000000000e+00,6.000000000000000000e+01,6.596254457929863690e+01,2.516840332232655783e+03,-1.721001177960947093e+00
1.871000000000000085e+01,4.000000000000000000e+00,6.000000000000000000e+01,6.497067830328836635e+01,2.517494234207325462e+03,-1.684541167642239046e+00
1.871999999999999886e+01,4.000000000000000000e+00,6.000000000000000000e+01,6.409429014863847840e+01,2.518138940580751296e+03,-1.653164051234064846e+00
1.873000000000000043e+01,4.000000000000000000e+00,6.000000000000000000e+01,6.317671321948450469e+01,2.518774440511645480e+03,-1.628815012624072134e+00
1.874000000000000199e+01,4.000000000000000000e+00,6.000000000000000000e+01,6.240655051069852277e+01,2.519386273809810518e+03,-1.612000570397160271e+00
1.875000000000000000e+01,4.000000000000000000e+00,6.000000000000000000e+01,6.189914340981441399e+01,2.520009551572558848e+03,-1.598322460063698269e+00
1.876000000000000156e+01,4.000000000000000000e+00,6.000000000000000000e+01,6.108239971614343489e+01,2.520623890961692723e+03,-1.585134341346035258e+00
1.876999999999999957e+01,4.000000000000000000e+00,6.000000000000000000e+01,6.050611454755724594e+01,2.521231439288149431e+03,-1.571154027315016855e+00
1.878000000000000114e+01,4.000000000000000000e+00,6.000000000000000000e+01,6.017263559536727513e+01,2.521834708608168057e+03,-1.556083375994509854e+00
1.878999999999999915e+01,4.000000000000000000e+00,6.000000000000000000e+01,6.013042755742075940e+01,2.522436283328064292e+03,-1.539767576131459981e+00
1.880000000000000071e+01,4.000000000000000000e+00,6.000000000000000000e+01,6.031556998164228389e+01,2.523038878913375811e+03,-1.521699000556615999e+00
1.880999999999999872e+01,4.000000000000000000e+00,6.000000000000000000e+01,6.044803875408990734e+01,2.523642990865149386e+03,-1.502091187493411084e+00
1.882000000000000028e+01,4.000000000000000000e+00,6.000000000000000000e+01,6.031743444250002995e+01,2.524236875836747458e+03,-1.478988240214463845e+00
1.883000000000000185e+01,4.000000000000000000e+00,6.000000000000000000e+01,6.011572655396805231e+01,2.524839056380953025e+03,-1.458890542841611015e+00
1.883999999999999986e+01,4.000000000000000000e+00,6.000000000000000000e+01,6.002094871062014647e+01,2.525440076819621936e+03,-1.439211552157609209e+00
1.885000000000000142e+01,4.000000000000000000e+00,6.000000000000000000e+01,5.984004964070393839e+01,2.526039282533916321e+03,-1.419092937166182455e+00
1.885999999999999943e+01,4.000000000000000000e+00,6.000000000000000000e+01,5.973594383811686725e+01,2.526637199520330341e+03,-1.399397147723026036e+00
1.887000000000000099e+01,4.000000000000000000e+00,6.000000000000000000e+01,5.951425908012431876e+01,2.527232204150504003e+03,-1.381932983607969234e+00
1.887999999999999901e+01,4.000000000000000000e+00,6.000000000000000000e+01,5.956977539793112442e+01,2.527827802314111977e+03,-1.365593697307893484e+00
1.889000000000000057e+01,4.000000000000000000e+00,6.000000000000000000e+01,5.980358965644158786e+01,2.528425118357068641e+03,-1.350832068139287800e+00
1.890000000000000213e+01,4.000000000000000000e+00,6.000000000000000000e+01,5.984006906456706787e+01,2.529024324833554601e+03,-1.337882258711976080e+00
1.891000000000000014e+01,4.000000000000000000e+00,6.000000000000000000e+01,5.969607066114337357e+01,2.529622146801644249e+03,-1.327377278939253724e+00
1.892000000000000171e+01,4.000000000000000000e+00,6.000000000000000000e+01,5.488116503176435401e+01,2.530191314689837327e+03,-1.321162070684315237e+00
1.892999999999999972e+01,4.000000000000000000e+00,6.000000000000000000e+01,6.030120642060310132e+01,2.530792845491549997e+03,-1.315015083384439620e+00
1.894000000000000128e+01,4.000000000000000000e+00,6.000000000000000000e+01,6.038110326035128850e+01,2.531395502430783836e+03,-1.312529768972409361e+00
1.894999999999999929e+01,4.000000000000000000e+00,6.000000000000000000e+01,6.097840096881414240e+01,2.532002997357760250e+03,-1.313137897788797526e+00
1.896000000000000085e+01,4.000000000000000000e+00,6.000000000000000000e+01,6.182860843165476439e+01,2.532617941363547288e+03,-1.317150615437990835e+00
1.896999999999999886e+01,4.000000000000000000e+00,6.000000000000000000e+01,6.272012174543173302e+01,2.533241873133808895e+03,-1.323012552908869432e+00
1.898000000000000043e+01,4.000000000000000000e+00,6.000000000000000000e+01,6.336801279781694518e+01,2.533872826626432015e+03,-1.328425250661163126e+00
1.899000000000000199e+01,4.000000000000000000e+00,6.000000000000000000e+01,6.372247641213262170e+01,2.534509682917516784e+03,-1.333947142460950364e+00
1.900000000000000000e+01,4.000000000000000000e+00,6.000000000000000000e+01,6.400388543625682303e+01,2.535148463292540328e+03,-1.340673992933368641e+00
1.901000000000000156e+01,4.000000000000000000e+00,6.000000000000000000e+01,6.401743029991976641e+01,2.535789516419384654e+03,-1.347406462342569000e+00
1.901999999999999957e+01,4.000000000000000000e+00,6.000000000000000000e+01,6.377063105222694617e+01,2.536428414456630435e+03,-1.351258640569871661e+00
1.903000000000000114e+01,4.000000000000000000e+00,6.000000000000000000e+01,6.352192512783898337e+01,2.537064771992406349e+03,-1.351395350047068122e+00
1.903999999999999915e+01,4.000000000000000000e+00,6.000000000000000000e+01,6.339104159379208880e+01,2.537699296964728092e+03,-1.346150684883056892e+00
1.905000000000000071e+01,4.000000000000000000e+00,6.000000000000000000e+01,6.311169689834380847e+01,2.538330957409134953e+03,-1.335846721620770339e+00
1.905999999999999872e+01,4.000000000000000000e+00,6.000000000000000000e+01,6.258885898524624025e+01,2.538944235290427969e+03,-1.320296958416738331e+00
1.907000000000000028e+01,4.000000000000000000e+00,6.000000000000000000e+01,6.284771693187405361e+01,2.539574807700513702e+03,-1.300278503391634644e+00
1.908000000000000185e+01,4.000000000000000000e+00,6.000000000000000000e+01,6.249952940219385766e+01,2.540201696527061358e+03,-1.280314099760160751e+00
1.908999999999999986e+01,4.000000000000000000e+00,6.000000000000000000e+01,6.219983967325739371e+01,2.540825716090262631e+03,-1.261065651303051149e+00
1.910000000000000142e+01,4.000000000000000000e+00,6.000000000000000000e+01,6.176806712471481120e+01,2.541445704241666135e+03,-1.243437618297934089e+00
1.910999999999999943e+01,4.000000000000000000e+00,6.000000000000000000e+01,6.107430062026637785e+01,2.542058329388409220e+03,-1.226378058507352264e+00
1.912000000000000099e+01,4.000000000000000000e+00,6.000000000000000000e+01,6.022182450829745193e+01,2.542663851721444189e+03,-1.210293382698230280e+00
1.912999999999999901e+01,4.000000000000000000e+00,6.000000000000000000e+01,5.995562061415087385e+01,2.543264604412685003e+03,-1.194604520100190248e+00
1.914000000000000057e+01,4.000000000000000000e+00,6.000000000000000000e+01,6.014032318389818954e+01,2.543865412994473900e+03,-1.178978022337087594e+00
1.915000000000000213e+01,4.000000000000000000e+00,6.000000000000000000e+01,6.067250118371173784e+01,2.544470127216864512e+03,-1.163135696960251764e+00
1.916000000000000014e+01,4.000000000000000000e+00,6.000000000000000000e+01,6.145356550626311076e+01,2.545081588543550879e+03,-1.146975812296236796e+00
1.917000000000000171e+01,4.000000000000000000e+00,6.000000000000000000e+01,6.216284717496031220e+01,2.545698103739474391e+03,-1.132486019425486212e+00
1.917999999999999972e+01,4.000000000000000000e+00,6.000000000000000000e+01,6.295476183486307065e+01,2.546325770836246193e+03,-1.117619505743847386e+00
1.919000000000000128e+01,4.000000000000000000e+00,6.000000000000000000e+01,6.291662590909105290e+01,2.546954989667025075e+03,-1.105141679431674850e+00
1.919999999999999929e+01,4.000000000000000000e+00,6.000000000000000000e+01,6.249882491666409834e+01,2.547581814944000598e+03,-1.093731542898402687e+00
1.921000000000000085e+01,4.000000000000000000e+00,6.000000000000000000e+01,6.156185678582137655e+01,2.548201436119635218e+03,-1.083416105632683868e+00
1.921999999999999886e+01,4.000000000000000000e+00,6.000000000000000000e+01,6.033999753503832864e+01,2.548809956303223771e+03,-1.074442475163701838e+00
1.923000000000000043e+01,4.000000000000000000e+00,6.000000000000000000e+01,5.917207504070858448e+01,2.549406916230187107e+03,-1.067088943113015720e+00
1.924000000000000199e+01,4.000000000000000000e+00,6.000000000000000000e+01,5.808173325162101719e+01,2.549991947055572382e+03,-1.062518416105604935e+00
1.925000000000000000e+01,4.000000000000000000e+00,6.000000000000000000e+01,5.757907365233837282e+01,2.550560784886396050e+03,-1.058993960665147060e+00
1.926000000000000156e+01,4.000000000000000000e+00,6.000000000000000000e+01,5.700192650595163713e+01,2.551132941020052385e+03,-1.060765726078488180e+00
1.926999999999999957e+01,4.000000000000000000e+00,6.000000000000000000e+01,5.716922902739642609e+01,2.551703882739506753e+03,-1.064697155180661658e+00
1.928000000000000114e+01,4.000000000000000000e+00,6.000000000000000000e+01,5.783980586053522899e+01,2.552279597670412386e+03,-1.066284871003480683e+00
1.928999999999999915e+01,4.000000000000000000e+00,6.000000000000000000e+01,5.855783992920057557e+01,2.552862802900779570e+03,-1.067974123148714760e+00
1.930000000000000071e+01,4.000000000000000000e+00,6.000000000000000000e+01,5.919611624085901980e+01,2.553452659529571520e+03,-1.070630605163498172e+00
1.930999999999999872e+01,4.000000000000000000e+00,6.000000000000000000e+01,5.983005077153688944e+01,2.554048751211066246e+03,-1.074493312048032667e+00
1.932000000000000028e+01,4.000000000000000000e+00,6.000000000000000000e+01,5.980178130921346735e+01,2.554643560015545518e+03,-1.082614680039897692e+00
1.933000000000000185e+01,4.000000000000000000e+00,6.000000000000000000e+01,5.635916771742980558e+01,2.555219965823536313e+03,-1.093057196419495281e+00
1.933999999999999986e+01,4.000000000000000000e+00,6.000000000000000000e+01,6.267282014457173744e+01,2.555841746585131204e+03,-1.102068298730515927e+00
1.935000000000000142e+01,4.000000000000000000e+00,6.000000000000000000e+01,6.284555676834783355e+01,2.556469892910033650e+03,-1.114402330710254185e+00
1.935999999999999943e+01,4.000000000000000000e+00,6.000000000000000000e+01,6.240808131250032176e+01,2.557095458775152110e+03,-1.129817178588417015e+00
1.937000000000000099e+01,4.000000000000000000e+00,6.000000000000000000e+01,6.231341985402999484e+01,2.557719039892889668e+03,-1.147249287842249776e+00
1.937999999999999901e+01,4.000000000000000000e+00,6.000000000000000000e+01,6.204414624284848401e+01,2.558340972414334374e+03,-1.162874216068691346e+00
1.939000000000000057e+01,4.000000000000000000e+00,6.000000000000000000e+01,6.202703503493870585e+01,2.558961519192378546e+03,-1.173489195964116938e+00
1.940000000000000213e+01,4.000000000000000000e+00,6.000000000000000000e+01,6.186251910158162559e+01,2.559581529358596981e+03,-1.179911814134066539e+00
1.941000000000000014e+01,4.000000000000000000e+00,6.000000000000000000e+01,6.121978084029336031e+01,2.560196203354420959e+03,-1.185407497959074297e+00
1.942000000000000171e+01,4.000000000000000000e+00,6.000000000000000000e+01,6.101572657361259644e+01,2.560807344506431491e+03,-1.189351149577203337e+00
1.942999999999999972e+01,4.000000000000000000e+00,6.000000000000000000e+01,6.100224898312620780e+01,2.561417645017228551e+03,-1.193179408560488541e+00
1.944000000000000128e+01,4.000000000000000000e+00,6.000000000000000000e+01,6.097817830549809770e+01,2.562027530667445262e+03,-1.197386775296859218e+00
1.944999999999999929e+01,4.000000000000000000e+00,6.000000000000000000e+01,6.084337398167318867e+01,2.562636334789895045e+03,-1.202313710679485670e+00
1.946000000000000085e+01,4.000000000000000000e+00,6.000000000000000000e+01,5.995743035750972183e+01,2.563223416071643442e+03,-1.205862821092038795e+00
1.946999999999999886e+01,4.000000000000000000e+00,6.000000000000000000e+01,6.017953232286861009e+01,2.563823732862482757e+03,-1.212112304238047500e+00
1.948000000000000043e+01,4.000000000000000000e+00,6.000000000000000000e+01,6.111215924104218544e+01,2.564430908341697886e+03,-1.214734766333368299e+00
1.949000000000000199e+01,4.000000000000000000e+00,6.000000000000000000e+01,6.314766596200102811e+01,2.565054407510569945e+03,-1.215406939264641828e+00
1.950000000000000000e+01,4.000000000000000000e+00,6.000000000000000000e+01,6.553944741731372403e+01,2.565700771225831886e+03,-1.213346381186611422e+00
1.951000000000000156e+01,4.000000000000000000e+00,6.000000000000000000e+01,6.716501309084318905e+01,2.566367673411621126e+03,-1.207949846406413563e+00
1.951999999999999957e+01,4.000000000000000000e+00,6.000000000000000000e+01,6.787307483928759666e+01,2.567044663736870007e+03,-1.197997708562645647e+00
1.953000000000000114e+01,4.000000000000000000e+00,6.000000000000000000e+01,6.830146190004752782e+01,2.567725721190749482e+03,-1.175579988663317144e+00
1.953999999999999915e+01,4.000000000000000000e+00,6.000000000000000000e+01,6.860794370257895025e+01,2.568411676892950709e+03,-1.142022288607237313e+00
1.955000000000000071e+01,4.000000000000000000e+00,6.000000000000000000e+01,6.794804571946723115e+01,2.569092831742088492e+03,-1.106556601981560917e+00
1.955999999999999872e+01,4.000000000000000000e+00,6.000000000000000000e+01,6.761635582436636582e+01,2.569761139772799652e+03,-1.066824995534614295e+00
1.957000000000000028e+01,4.000000000000000000e+00,6.000000000000000000e+01,6.716270569324710493e+01,2.570434590601032141e+03,-1.029600443861580450e+00
1.958000000000000185e+01,4.000000000000000000e+00,6.000000000000000000e+01,6.643238908462321035e+01,2.571099806931337753e+03,-9.919441970422286925e-01
1.958999999999999986e+01,4.000000000000000000e+00,6.000000000000000000e+01,6.601826516658418598e+01,2.571762047119387262e+03,-9.528988465356278414e-01
1.960000000000000142e+01,4.000000000000000000e+00,6.000000000000000000e+01,6.556655284017139707e+01,2.572419888439878832e+03,-9.126479792029051907e-01
1.960999999999999943e+01,4.000000000000000000e+00,6.000000000000000000e+01,6.491635015520859042e+01,2.573072017138008960e+03,-8.710089849921028859e-01
1.962000000000000099e+01,4.000000000000000000e+00,6.000000000000000000e+01,6.424508670298946811e+01,2.573717502658313606e+03,-8.288749377102078153e-01
1.962999999999999901e+01,4.000000000000000000e+00,6.000000000000000000e+01,6.375205924216103170e+01,2.574357276827579881e+03,-7.879979021770310288e-01
1.964000000000000057e+01,4.000000000000000000e+00,6.000000000000000000e+01,6.353803642913064209e+01,2.574993758813743170e+03,-7.499571262338707855e-01
1.965000000000000213e+01,4.000000000000000000e+00,6.000000000000000000e+01,6.360152717841789638e+01,2.575629475740605358e+03,-7.156046122086984207e-01
1.966000000000000014e+01,4.000000000000000000e+00,6.000000000000000000e+01,6.403966961561474136e+01,2.576267927213561961e+03,-6.855062404794670661e-01
1.967000000000000171e+01,4.000000000000000000e+00,6.000000000000000000e+01,6.402217861568919943e+01,2.576893120877361071e+03,-6.565886544581071016e-01
1.967999999999999972e+01,4.000000000000000000e+00,6.000000000000000000e+01,6.441316634896297444e+01,2.577536962936383588e+03,-6.258518503154875123e-01
1.969000000000000128e+01,4.000000000000000000e+00,6.000000000000000000e+01,6.448557710814280597e+01,2.578181443654540089e+03,-5.920136100431582227e-01
1.969999999999999929e+01,4.000000000000000000e+00,6.000000000000000000e+01,6.442476509926279959e+01,2.578826691639423188e+03,-5.548033172602424568e-01
1.971000000000000085e+01,4.000000000000000000e+00,6.000000000000000000e+01,6.387011977699401655e+01,2.579467417817264959e+03,-5.140536305718891308e-01
1.971999999999999886e+01,4.000000000000000000e+00,6.000000000000000000e+01,6.328838574260124972e+01,2.580102766503798193e+03,-4.695682817985187829e-01
1.973000000000000043e+01,4.000000000000000000e+00,6.000000000000000000e+01,6.283972886776020061e+01,2.580733574376022716e+03,-4.221278502047619008e-01
1.974000000000000199e+01,4.000000000000000000e+00,6.000000000000000000e+01,6.246975159024800206e+01,2.581360364895489965e+03,-3.714905490432272028e-01
1.975000000000000000e+01,4.000000000000000000e+00,6.000000000000000000e+01,6.184405898769057330e+01,2.581981444678611751e+03,-3.173841824145511303e-01
1.976000000000000156e+01,4.000000000000000000e+00,6.000000000000000000e+01,6.121225593104551166e+01,2.582596354998328025e+03,-2.616863647019314620e-01
1.976999999999999957e+01,4.000000000000000000e+00,6.000000000000000000e+01,6.059237995713032632e+01,2.583205146165512815e+03,-2.040153463531551858e-01
1.978000000000000114e+01,4.000000000000000000e+00,6.000000000000000000e+01,5.994175640037286712e+01,2.583807322188014950e+03,-1.411566486864943848e-01
1.978999999999999915e+01,4.000000000000000000e+00,6.000000000000000000e+01,5.514045840906203466e+01,2.584378416835662847e+03,-7.063134682073811399e-02
1.980000000000000071e+01,4.000000000000000000e+00,6.000000000000000000e+01,5.933439705140145293e+01,2.584974515268697814e+03,-1.617154488778871704e-02
1.980999999999999872e+01,4.000000000000000000e+00,6.000000000000000000e+01,5.827283141062564908e+01,2.585560328484718866e+03,4.013379114147438281e-02
1.982000000000000028e+01,4.000000000000000000e+00,6.000000000000000000e+01,5.753423014401792557e+01,2.586138791270338970e+03,9.054195829980439536e-02
1.983000000000000185e+01,4.000000000000000000e+00,6.000000000000000000e+01,5.701704299649682639e+01,2.586711249986039093e+03,1.353359253949660002e-01
1.983999999999999986e+01,4.000000000000000000e+00,6.000000000000000000e+01,5.665243552449810238e+01,2.587279450935894147e+03,1.738772684465977048e-01
1.985000000000000142e+01,4.000000000000000000e+00,6.000000000000000000e+01,5.635644738719405211e+01,2.587844379035402198e+03,2.065867413634885907e-01
1.985999999999999943e+01,4.000000000000000000e+00,6.000000000000000000e+01,5.639995556786785613e+01,2.588408407216656997e+03,2.347944144086688556e-01
1.987000000000000099e+01,4.000000000000000000e+00,6.000000000000000000e+01,5.679209460067005466e+01,2.588974950338942108e+03,2.594803912842067461e-01
1.987999999999999901e+01,4.000000000000000000e+00,6.000000000000000000e+01,5.718654371678998416e+01,2.589545218175683203e+03,2.828617496746119175e-01
1.989000000000000057e+01,4.000000000000000000e+00,6.000000000000000000e+01,5.767324891099675455e+01,2.590119874988197807e+03,3.053104065268053002e-01
1.990000000000000213e+01,4.000000000000000000e+00,6.000000000000000000e+01,5.820204577248681233e+01,2.590699803933884596e+03,3.247844971709044626e-01
1.991000000000000014e+01,4.000000000000000000e+00,6.000000000000000000e+01,5.865026498538595945e+01,2.591284825746658043e+03,3.386349751302616395e-01
1.992000000000000171e+01,4.000000000000000000e+00,6.000000000000000000e+01,5.873699864435273099e+01,2.591871583625288167e+03,3.473194252700923523e-01
1.992999999999999972e+01,4.000000000000000000e+00,6.000000000000000000e+01,5.863737201316724423e+01,2.592458354090233115e+03,3.528896320715032564e-01
1.994000000000000128e+01,4.000000000000000000e+00,6.000000000000000000e+01,5.850962521937276506e+01,2.593043944009352344e+03,3.567394084776178143e-01
1.994999999999999929e+01,4.000000000000000000e+00,6.000000000000000000e+01,5.844922387529437913e+01,2.593613999837700703e+03,3.636220164276467992e-01
1.996000000000000085e+01,4.000000000000000000e+00,6.000000000000000000e+01,5.816915170302166871e+01,2.594199195189420607e+03,3.648539842128729060e-01
1.996999999999999886e+01,4.000000000000000000e+00,6.000000000000000000e+01,5.749110302269543382e+01,2.594777023098915379e+03,3.655755144492114361e-01
1.998000000000000043e+01,4.000000000000000000e+00,6.000000000000000000e+01,5.665013633700182538e+01,2.595332704292111885e+03,3.629294329209290515e-01
1.999000000000000199e+01,4.000000000000000000e+00,6.000000000000000000e+01,5.616595242532316234e+01,2.595898688908703662e+03,3.621288823335448992e-01
2.000000000000000000e+01,4.000000000000000000e+00,6.000000000000000000e+01,5.538893326615195178e+01,2.596455906442218748e+03,3.602776385987675467e-01
2.001000000000000156e+01,5.000000000000000000e+00,1.200000000000000000e+02,6.896921626573181641e+01,2.597109109367974270e+03,3.668511373519999230e-01
2.001999999999999957e+01,5.000000000000000000e+00,1.200000000000000000e+02,6.991511836457038953e+01,2.597792023212951790e+03,3.801759673433139364e-01
2.003000000000000114e+01,5.000000000000000000e+00,1.200000000000000000e+02,7.399140728327839156e+01,2.598517267319817165e+03,3.835221235196159539e-01
2.003999999999999915e+01,5.000000000000000000e+00,1.200000000000000000e+02,7.622624769697540614e+01,2.599275056875326300e+03,3.918097723926621256e-01
2.005000000000000071e+01,5.000000000000000000e+00,1.200000000000000000e+02,7.666171119444098281e+01,2.600040622066338074e+03,3.951423797374190028e-01
2.005999999999999872e+01,5.000000000000000000e+00,1.200000000000000000e+02,7.748533616248695921e+01,2.600810659287049930e+03,4.063008324075860767e-01
2.007000000000000028e+01,5.000000000000000000e+00,1.200000000000000000e+02,7.943414435240366345e+01,2.601597797445309880e+03,4.123736351782795739e-01
2.008000000000000185e+01,5.000000000000000000e+00,1.200000000000000000e+02,7.737158372354883795e+01,2.602382070791494698e+03,4.037043312764204139e-01
2.008999999999999986e+01,5.000000000000000000e+00,1.200000000000000000e+02,8.539975119421471561e+01,2.603218710735854074e+03,4.077170828356285193e-01
2.010000000000000142e+01,5.000000000000000000e+00,1.200000000000000000e+02,8.964100764715519176e+01,2.604099517077127985e+03,4.037766235132290160e-01
2.010999999999999943e+01,5.000000000000000000e+00,1.200000000000000000e+02,9.465215797893594640e+01,2.605027927190074024e+03,3.986071300024704445e-01
2.012000000000000099e+01,5.000000000000000000e+00,1.200000000000000000e+02,9.597012992715349355e+01,2.605985531224594524e+03,3.972740317623317252e-01
2.012999999999999901e+01,5.000000000000000000e+00,1.200000000000000000e+02,1.033382070468316272e+02,2.606998447293175559e+03,3.856386569499877237e-01
2.014000000000000057e+01,5.000000000000000000e+00,1.200000000000000000e+02,9.868478024285802519e+01,2.608004615349410869e+03,3.814722596664397725e-01
2.015000000000000213e+01,5.000000000000000000e+00,1.200000000000000000e+02,1.050396045333376236e+02,2.609030947455206388e+03,3.699671066198412239e-01
2.016000000000000014e+01,5.000000000000000000e+00,1.200000000000000000e+02,9.741211355442345621e+01,2.610036462462566760e+03,3.642551055552381567e-01
2.017000000000000171e+01,5.000000000000000000e+00,1.200000000000000000e+02,1.123873371881475691e+02,2.611102931493719097e+03,3.526999112691611704e-01
2.017999999999999972e+01,5.000000000000000000e+00,1.200000000000000000e+02,1.076018949810084990e+02,2.612190374360004171e+03,3.432587730215512223e-01
2.019000000000000128e+01,5.000000000000000000e+00,1.200000000000000000e+02,1.134557375205949938e+02,2.613305876004775200e+03,3.349390634374148634e-01
2.019999999999999929e+01,5.000000000000000000e+00,1.200000000000000000e+02,1.095036110069370920e+02,2.614418355804380553e+03,3.200294995800859743e-01
2.021000000000000085e+01,5.000000000000000000e+00,1.200000000000000000e+02,1.106308073125739782e+02,2.615522091033356446e+03,3.095181083283060630e-01
2.021999999999999886e+01,5.000000000000000000e+00,1.200000000000000000e+02,1.141177525176066325e+02,2.616651357132213434e+03,2.847121381054931732e-01
2.023000000000000043e+01,5.000000000000000000e+00,1.200000000000000000e+02,1.107791034270218802e+02,2.617773849718634210e+03,2.548474551914652886e-01
2.024000000000000199e+01,5.000000000000000000e+00,1.200000000000000000e+02,1.182912383498829314e+02,2.618928774891223384e+03,2.329788271306001413e-01
2.025000000000000000e+01,5.000000000000000000e+00,1.200000000000000000e+02,1.136048386082181025e+02,2.620086010726540280e+03,2.090036634113929814e-01
2.026000000000000156e+01,5.000000000000000000e+00,1.200000000000000000e+02,1.181645833135168431e+02,2.621263206497789270e+03,1.930928576685245757e-01
2.026999999999999957e+01,5.000000000000000000e+00,1.200000000000000000e+02,1.180291841207206716e+02,2.622444722078567338e+03,1.768213258410589739e-01
2.028000000000000114e+01,5.000000000000000000e+00,1.200000000000000000e+02,1.130539042126776934e+02,2.623594819319594990e+03,1.606729497812067198e-01
2.028999999999999915e+01,5.000000000000000000e+00,1.200000000000000000e+02,1.182677991562335507e+02,2.624759415033160622e+03,1.421563892977920074e-01
2.030000000000000071e+01,5.000000000000000000e+00,1.200000000000000000e+02,1.132245757373339359e+02,2.625911340264599403e+03,1.242979078294950829e-01
2.030999999999999872e+01,5.000000000000000000e+00,1.200000000000000000e+02,1.175814431595632641e+02,2.627080800645753698e+03,1.051440389337346126e-01
2.032000000000000028e+01,5.000000000000000000e+00,1.200000000000000000e+02,1.177893072862943740e+02,2.628258781412137523e+03,8.506067071550879599e-02
2.033000000000000185e+01,5.000000000000000000e+00,1.200000000000000000e+02,1.178179716520028109e+02,2.629439309309759665e+03,6.399736357728991187e-02
2.033999999999999986e+01,5.000000000000000000e+00,1.200000000000000000e+02,1.144356218467888766e+02,2.630599957108549006e+03,3.189288083314650857e-02
2.035000000000000142e+01,5.000000000000000000e+00,1.200000000000000000e+02,1.190399171093474990e+02,2.631786017013826950e+03,1.190816259181269772e-02
2.035999999999999943e+01,5.000000000000000000e+00,1.200000000000000000e+02,1.186908078794439092e+02,2.632976286403763879e+03,-1.022890060444598369e-02
2.037000000000000099e+01,5.000000000000000000e+00,1.200000000000000000e+02,1.142152544827823988e+02,2.634137617541437976e+03,-2.896423019462875809e-02
2.037999999999999901e+01,5.000000000000000000e+00,1.200000000000000000e+02,1.202597942242037448e+02,2.635318477835045087e+03,-4.272538847678182539e-02
2.039000000000000057e+01,5.000000000000000000e+00,1.200000000000000000e+02,1.168908666984055316e+02,2.636499879582458561e+03,-4.758451122321268045e-02
2.040000000000000213e+01,5.000000000000000000e+00,1.200000000000000000e+02,1.232153526185974783e+02,2.637723767741235861e+03,-4.098276149814946562e-02
2.041000000000000014e+01,5.000000000000000000e+00,1.200000000000000000e+02,1.233750238414359757e+02,2.638958732949956811e+03,-2.645480272323636264e-02
2.042000000000000171e+01,5.000000000000000000e+00,1.200000000000000000e+02,1.234833822897399784e+02,2.640186913357984395e+03,-1.656717456756754553e-02
2.042999999999999972e+01,5.000000000000000000e+00,1.200000000000000000e+02,1.227712425622755603e+02,2.641420090696221450e+03,-7.630169084526320852e-03
2.044000000000000128e+01,5.000000000000000000e+00,1.200000000000000000e+02,1.217438534414438891e+02,2.642641445901355382e+03,-3.632616085468253105e-03
2.044999999999999929e+01,5.000000000000000000e+00,1.200000000000000000e+02,1.171878258332172891e+02,2.643833424867782924e+03,-4.894988024051846742e-03
2.046000000000000085e+01,5.000000000000000000e+00,1.200000000000000000e+02,1.226359507794258121e+02,2.645040884342374284e+03,-5.727741534169868663e-03
2.046999999999999886e+01,5.000000000000000000e+00,1.200000000000000000e+02,1.214977452319185574e+02,2.646242895906316335e+03,-5.925508690774980956e-03
2.048000000000000043e+01,5.000000000000000000e+00,1.200000000000000000e+02,1.175673152380289679e+02,2.647437425837287719e+03,3.899162281842939899e-03
2.049000000000000199e+01,5.000000000000000000e+00,1.200000000000000000e+02,1.231810115841253150e+02,2.648649951693346793e+03,5.524393597877516431e-03
2.050000000000000000e+01,5.000000000000000000e+00,1.200000000000000000e+02,1.213953263779450396e+02,2.649868246293773154e+03,5.706750122985236595e-03
2.051000000000000156e+01,5.000000000000000000e+00,1.200000000000000000e+02,1.167362222161394811e+02,2.651055531513226924e+03,-6.588141458019697305e-03
2.051999999999999957e+01,5.000000000000000000e+00,1.200000000000000000e+02,1.209227041147389770e+02,2.652266786074542324e+03,-7.716858143479136609e-03
2.053000000000000114e+01,5.000000000000000000e+00,1.200000000000000000e+02,1.207679083925815604e+02,2.653474107847725918e+03,-1.896009362250965918e-02
2.053999999999999915e+01,5.000000000000000000e+00,1.200000000000000000e+02,1.178634571190215752e+02,2.654665863456880288e+03,-3.738960648278574772e-02
2.055000000000000071e+01,5.000000000000000000e+00,1.200000000000000000e+02,1.238209114903702641e+02,2.655883693655427578e+03,-6.225842032941181214e-02
2.055999999999999872e+01,5.000000000000000000e+00,1.200000000000000000e+02,1.185006472558372224e+02,2.657086527855690292e+03,-8.700495494977829314e-02
2.057000000000000028e+01,5.000000000000000000e+00,1.200000000000000000e+02,1.225302666953654125e+02,2.658308487339643762e+03,-1.155350314049783944e-01
2.058000000000000185e+01,5.000000000000000000e+00,1.200000000000000000e+02,1.217199328164995933e+02,2.659529496924208161e+03,-1.419920072861548532e-01
2.058999999999999986e+01,5.000000000000000000e+00,1.200000000000000000e+02,1.215772978233785437e+02,2.660745663450325992e+03,-1.653065340386456750e-01
2.060000000000000142e+01,5.000000000000000000e+00,1.200000000000000000e+02,1.186563818292417380e+02,2.661944856272712059e+03,-1.971283548034234168e-01
2.060999999999999943e+01,5.000000000000000000e+00,1.200000000000000000e+02,1.182125428301331453e+02,2.663146147818582449e+03,-2.037476369268987342e-01
2.062000000000000099e+01,5.000000000000000000e+00,1.200000000000000000e+02,1.241904977084808905e+02,2.664368525473415502e+03,-2.134691122490823267e-01
2.062999999999999901e+01,5.000000000000000000e+00,1.200000000000000000e+02,1.188477709079472646e+02,2.665579158507671764e+03,-2.200178445094638224e-01
2.064000000000000057e+01,5.000000000000000000e+00,1.200000000000000000e+02,1.220084990617185952e+02,2.666796840395680647e+03,-2.240686202559740992e-01
2.065000000000000213e+01,5.000000000000000000e+00,1.200000000000000000e+02,1.210334414136201815e+02,2.668011084671340996e+03,-2.267383138571844592e-01
2.066000000000000014e+01,5.000000000000000000e+00,1.200000000000000000e+02,1.209435401066052691e+02,2.669220730520320558e+03,-2.281686533863623578e-01
2.067000000000000171e+01,5.000000000000000000e+00,1.200000000000000000e+02,1.173379323507008962e+02,2.670410684164273789e+03,-2.365720383863092746e-01
2.067999999999999972e+01,5.000000000000000000e+00,1.200000000000000000e+02,1.234688050999801447e+02,2.671623520848803764e+03,-2.423193006469133992e-01
2.069000000000000128e+01,5.000000000000000000e+00,1.200000000000000000e+02,1.217046804596476193e+02,2.672845496363014718e+03,-2.500257707186277489e-01
2.069999999999999929e+01,5.000000000000000000e+00,1.200000000000000000e+02,1.205636945213605031e+02,2.674055896604101690e+03,-2.620400543857668296e-01
2.071000000000000085e+01,5.000000000000000000e+00,1.200000000000000000e+02,1.165449214527729112e+02,2.675238514429215684e+03,-2.691308521808357113e-01
2.071999999999999886e+01,5.000000000000000000e+00,1.200000000000000000e+02,1.214645857385037573e+02,2.676452839797426805e+03,-2.899842561487113168e-01
2.073000000000000043e+01,5.000000000000000000e+00,1.200000000000000000e+02,1.212075783489343195e+02,2.677666874786725657e+03,-3.102990922790755390e-01
2.074000000000000199e+01,5.000000000000000000e+00,1.200000000000000000e+02,1.201211404899805757e+02,2.678860121453187730e+03,-3.387856120199785326e-01
2.075000000000000000e+01,5.000000000000000000e+00,1.200000000000000000e+02,1.167233170649030711e+02,2.680044036085399512e+03,-3.595377261100796695e-01
2.076000000000000156e+01,5.000000000000000000e+00,1.200000000000000000e+02,1.230001902245437577e+02,2.681253409674392060e+03,-3.777656469525017546e-01
2.076999999999999957e+01,5.000000000000000000e+00,1.200000000000000000e+02,1.181305140484064253e+02,2.682454400874936709e+03,-3.930620895310772411e-01
2.078000000000000114e+01,5.000000000000000000e+00,1.200000000000000000e+02,1.220443784018709437e+02,2.683671276977753678e+03,-4.032946978415114514e-01
2.078999999999999915e+01,5.000000000000000000e+00,1.200000000000000000e+02,1.201223027487196902e+02,2.684879825489866562e+03,-4.133557045475120817e-01
2.080000000000000071e+01,5.000000000000000000e+00,1.200000000000000000e+02,1.191148353005172140e+02,2.686075322702293761e+03,-4.246314792535776927e-01
2.080999999999999872e+01,5.000000000000000000e+00,1.200000000000000000e+02,1.186691527336189580e+02,2.687263463918367506e+03,-4.375928412413663260e-01
2.082000000000000028e+01,5.000000000000000000e+00,1.200000000000000000e+02,1.100728185118458526e+02,2.688403311110646882e+03,-4.532706123102930862e-01
2.083000000000000185e+01,5.000000000000000000e+00,1.200000000000000000e+02,1.212919581421455746e+02,2.689595830875172396e+03,-4.519116184020578464e-01
2.083999999999999986e+01,5.000000000000000000e+00,1.200000000000000000e+02,1.202463109039570952e+02,2.690785157737370355e+03,-4.567375075246969396e-01
2.085000000000000142e+01,5.000000000000000000e+00,1.200000000000000000e+02,1.213481321220124016e+02,2.691997181799869850e+03,-4.601456340841379999e-01
2.085999999999999943e+01,5.000000000000000000e+00,1.200000000000000000e+02,1.215511196440680806e+02,2.693212243436288190e+03,-4.611622876587573305e-01
2.087000000000000099e+01,5.000000000000000000e+00,1.200000000000000000e+02,1.221168975452088432e+02,2.694432368643866539e+03,-4.649895430772016391e-01
2.087999999999999901e+01,5.000000000000000000e+00,1.200000000000000000e+02,1.188631548240861804e+02,2.695621572617491438e+03,-4.683439171908000409e-01
2.089000000000000057e+01,5.000000000000000000e+00,1.200000000000000000e+02,1.237493259606628442e+02,2.696844055020252654e+03,-4.804458199366540838e-01
2.090000000000000213e+01,5.000000000000000000e+00,1.200000000000000000e+02,1.226367864965670833e+02,2.698066192673029036e+03,-4.993231601966745536e-01
2.091000000000000014e+01,5.000000000000000000e+00,1.200000000000000000e+02,1.214476110425089814e+02,2.699285697752281067e+03,-5.161350788061394024e-01
2.092000000000000171e+01,5.000000000000000000e+00,1.200000000000000000e+02,1.207449035220766973e+02,2.700495531099970322e+03,-5.286153771131425483e-01
2.092999999999999972e+01,5.000000000000000000e+00,1.200000000000000000e+02,1.206096795723970843e+02,2.701702222089199950e+03,-5.365220630723268602e-01
2.094000000000000128e+01,5.000000000000000000e+00,1.200000000000000000e+02,1.162556837884455803e+02,2.702881997128118655e+03,-5.397244150191898848e-01
2.094999999999999929e+01,5.000000000000000000e+00,1.200000000000000000e+02,1.221745522745980423e+02,2.704074165641442050e+03,-5.502246692713708143e-01
2.096000000000000085e+01,5.000000000000000000e+00,1.200000000000000000e+02,1.216246419597170529e+02,2.705277428272595444e+03,-5.545738554400695408e-01
2.096999999999999886e+01,5.000000000000000000e+00,1.200000000000000000e+02,1.222761430158267615e+02,2.706500480466098907e+03,-5.560460274835956618e-01
2.098000000000000043e+01,5.000000000000000000e+00,1.200000000000000000e+02,1.227623693499194246e+02,2.707726286770122897e+03,-5.485646967967974241e-01
2.099000000000000199e+01,5.000000000000000000e+00,1.200000000000000000e+02,1.219432416402476349e+02,2.708949750385113930e+03,-5.307871195747615456e-01
2.100000000000000000e+01,5.000000000000000000e+00,1.200000000000000000e+02,1.175886371383825235e+02,2.710144505620435666e+03,-4.993129655744409368e-01
2.101000000000000156e+01,5.000000000000000000e+00,1.200000000000000000e+02,1.183926470582901089e+02,2.711327826430953337e+03,-4.808115699160130929e-01
2.101999999999999957e+01,5.000000000000000000e+00,1.200000000000000000e+02,1.219856736026165862e+02,2.712543330068468549e+03,-4.524620186240734809e-01
2.103000000000000114e+01,5.000000000000000000e+00,1.200000000000000000e+02,1.210510634603608082e+02,2.713758627076508219e+03,-4.278766841524150322e-01
2.103999999999999915e+01,5.000000000000000000e+00,1.200000000000000000e+02,1.206838934707755300e+02,2.714967506375026460e+03,-4.039579952472220903e-01
2.105000000000000071e+01,5.000000000000000000e+00,1.200000000000000000e+02,1.212909938266110430e+02,2.716178503175086917e+03,-3.848359220182053786e-01
2.105999999999999872e+01,5.000000000000000000e+00,1.200000000000000000e+02,1.211343461688796168e+02,2.717390299968690670e+03,-3.698600691524550066e-01
2.107000000000000028e+01,5.000000000000000000e+00,1.200000000000000000e+02,1.164615226909252215e+02,2.718574322514297364e+03,-3.484104493006827119e-01
2.108000000000000185e+01,5.000000000000000000e+00,1.200000000000000000e+02,1.210962581257065409e+02,2.719768208733031770e+03,-3.321022589207190956e-01
2.108999999999999986e+01,5.000000000000000000e+00,1.200000000000000000e+02,1.164609698625246068e+02,2.720941690282237687e+03,-3.156695038766212380e-01
2.110000000000000142e+01,5.000000000000000000e+00,1.200000000000000000e+02,1.228163431143532307e+02,2.722145674794046954e+03,-2.987119825163467302e-01
2.110999999999999943e+01,5.000000000000000000e+00,1.200000000000000000e+02,1.234048985015914184e+02,2.723367886352527876e+03,-2.837039926180643379e-01
2.112000000000000099e+01,5.000000000000000000e+00,1.200000000000000000e+02,1.225518811473465917e+02,2.724596909564853831e+03,-2.672443526718723539e-01
2.112999999999999901e+01,5.000000000000000000e+00,1.200000000000000000e+02,1.227956329369735329e+02,2.725823435859409983e+03,-2.495260577325612572e-01
2.114000000000000057e+01,5.000000000000000000e+00,1.200000000000000000e+02,1.228099769380749109e+02,2.727043315593410171e+03,-2.367636033868251166e-01
2.115000000000000213e+01,5.000000000000000000e+00,1.200000000000000000e+02,1.223612512016778027e+02,2.728269317646547734e+03,-2.185560077875102203e-01
2.116000000000000014e+01,5.000000000000000000e+00,1.200000000000000000e+02,1.221264523095333203e+02,2.729492063039389905e+03,-1.974322472988850052e-01
2.117000000000000171e+01,5.000000000000000000e+00,1.200000000000000000e+02,1.183421648815232317e+02,2.730692005434479142e+03,-1.651967259036469238e-01
2.117999999999999972e+01,5.000000000000000000e+00,1.200000000000000000e+02,1.247999084946345079e+02,2.731915759317992524e+03,-1.348933066725253871e-01
2.119000000000000128e+01,5.000000000000000000e+00,1.200000000000000000e+02,1.237886429549772060e+02,2.733157551735006109e+03,-1.008334004842937476e-01
2.119999999999999929e+01,5.000000000000000000e+00,1.200000000000000000e+02,1.189096302140545021e+02,2.734366327606728646e+03,-6.506081021071931370e-02
2.121000000000000085e+01,5.000000000000000000e+00,1.200000000000000000e+02,1.244807091308640707e+02,2.735590543173001151e+03,-2.447912933814681488e-02
2.121999999999999886e+01,5.000000000000000000e+00,1.200000000000000000e+02,1.230054175180322034e+02,2.736821701181013395e+03,1.354224920887462692e-02
2.123000000000000043e+01,5.000000000000000000e+00,1.200000000000000000e+02,1.225975082180031279e+02,2.738049407380199682e+03,4.501921638492641792e-02
2.124000000000000199e+01,5.000000000000000000e+00,1.200000000000000000e+02,1.188954815160406611e+02,2.739254661638670768e+03,7.862941151030977682e-02
2.125000000000000000e+01,5.000000000000000000e+00,1.200000000000000000e+02,1.245337784604552951e+02,2.740478193929011923e+03,1.034617078164261350e-01
2.126000000000000156e+01,5.000000000000000000e+00,1.200000000000000000e+02,1.191752575190384533e+02,2.741681908776051387e+03,1.223888741771875094e-01
2.126999999999999957e+01,5.000000000000000000e+00,1.200000000000000000e+02,1.235169588694521110e+02,2.742922454102327265e+03,1.457598303187880306e-01
2.128000000000000114e+01,5.000000000000000000e+00,1.200000000000000000e+02,1.223481542272539286e+02,2.744150002843122365e+03,1.678194875458104418e-01
2.128999999999999915e+01,5.000000000000000000e+00,1.200000000000000000e+02,1.223793460426381188e+02,2.745373642474686676e+03,1.906675631426724693e-01
2.130000000000000071e+01,5.000000000000000000e+00,1.200000000000000000e+02,1.224640200899312532e+02,2.746596728524578793e+03,2.169303155497026847e-01
2.130999999999999872e+01,5.000000000000000000e+00,1.200000000000000000e+02,1.179720995187163481e+02,2.747795728480932667e+03,2.473313884868690027e-01
2.132000000000000028e+01,5.000000000000000000e+00,1.200000000000000000e+02,1.232493121773308218e+02,2.749009576292215570e+03,2.791186052848009802e-01
2.133000000000000185e+01,5.000000000000000000e+00,1.200000000000000000e+02,1.183160451108361571e+02,2.750211733271221419e+03,3.172056496845534479e-01
2.133999999999999986e+01,5.000000000000000000e+00,1.200000000000000000e+02,1.191981904493173943e+02,2.751419446038356000e+03,3.704217600699092339e-01
2.135000000000000142e+01,5.000000000000000000e+00,1.200000000000000000e+02,1.236126977104374589e+02,2.752655272930252067e+03,4.130451347954907093e-01
2.135999999999999943e+01,5.000000000000000000e+00,1.200000000000000000e+02,1.227998503440988429e+02,2.753886827656974674e+03,4.647997631818728270e-01
2.137000000000000099e+01,5.000000000000000000e+00,1.200000000000000000e+02,1.225613313043064210e+02,2.755112820874150202e+03,5.201109294179604436e-01
2.137999999999999901e+01,5.000000000000000000e+00,1.200000000000000000e+02,1.224226151647290521e+02,2.756338103169525311e+03,5.754334252570478814e-01
2.139000000000000057e+01,5.000000000000000000e+00,1.200000000000000000e+02,1.180850758128471938e+02,2.757539010187169424e+03,6.312132984296831006e-01
2.140000000000000213e+01,5.000000000000000000e+00,1.200000000000000000e+02,1.241497860810125928e+02,2.758758214058263093e+03,6.934152311450632045e-01
2.141000000000000014e+01,5.000000000000000000e+00,1.200000000000000000e+02,1.240761133927590123e+02,2.759988515804091094e+03,7.631214285055463176e-01
2.142000000000000171e+01,5.000000000000000000e+00,1.200000000000000000e+02,1.210646593738824492e+02,2.761212097187440122e+03,8.448857598388352930e-01
2.142999999999999972e+01,5.000000000000000000e+00,1.200000000000000000e+02,1.263714644900852448e+02,2.762457117367637693e+03,9.158693251958567316e-01
2.144000000000000128e+01,5.000000000000000000e+00,1.200000000000000000e+02,1.211630174981220875e+02,2.763689275618242391e+03,9.875014946912517022e-01
2.144999999999999929e+01,5.000000000000000000e+00,1.200000000000000000e+02,1.241213803835996998e+02,2.764938001576285387e+03,1.033639289224189683e+00
2.146000000000000085e+01,5.000000000000000000e+00,1.200000000000000000e+02,1.226944186990295265e+02,2.766170460371099125e+03,1.076838521631733103e+00
2.146999999999999886e+01,5.000000000000000000e+00,1.200000000000000000e+02,1.176099146800771109e+02,2.767368172978463917e+03,1.114646384581817751e+00
2.148000000000000043e+01,5.000000000000000000e+00,1.200000000000000000e+02,1.216924082539386518e+02,2.768579881777332048e+03,1.158802649588743350e+00
2.149000000000000199e+01,5.000000000000000000e+00,1.200000000000000000e+02,1.214716731906104314e+02,2.769795658675162940e+03,1.203336024852811548e+00
2.150000000000000000e+01,5.000000000000000000e+00,1.200000000000000000e+02,1.218183461177360272e+02,2.771013097283992010e+03,1.249227527095854162e+00
2.151000000000000156e+01,5.000000000000000000e+00,1.200000000000000000e+02,1.174840759023695114e+02,2.772206990127869176e+03,1.301814512706121363e+00
2.151999999999999957e+01,5.000000000000000000e+00,1.200000000000000000e+02,1.230156502123280973e+02,2.773417952872460319e+03,1.344847471699763597e+00
2.153000000000000114e+01,5.000000000000000000e+00,1.200000000000000000e+02,1.180724867649607575e+02,2.774618349329050943e+03,1.391065046462758081e+00
2.153999999999999915e+01,5.000000000000000000e+00,1.200000000000000000e+02,1.220832000476691661e+02,2.775841772346231664e+03,1.427913482215709795e+00
2.155000000000000071e+01,5.000000000000000000e+00,1.200000000000000000e+02,1.217860311555576658e+02,2.777060446803080595e+03,1.466710330884443581e+00
2.155999999999999872e+01,5.000000000000000000e+00,1.200000000000000000e+02,1.170156962876533413e+02,2.778249937924483675e+03,1.500014504197441090e+00
2.157000000000000028e+01,5.000000000000000000e+00,1.200000000000000000e+02,1.221059582444152340e+02,2.779463957505197868e+03,1.532226623771223206e+00
2.158000000000000185e+01,5.000000000000000000e+00,1.200000000000000000e+02,1.220434577606310427e+02,2.780686652191919165e+03,1.560051374331577811e+00
2.158999999999999986e+01,5.000000000000000000e+00,1.200000000000000000e+02,1.177424376651815550e+02,2.781881916007572272e+03,1.597573626678562286e+00
2.160000000000000142e+01,5.000000000000000000e+00,1.200000000000000000e+02,1.225025606705944341e+02,2.783089685981486127e+03,1.626854975859326480e+00
2.160999999999999943e+01,5.000000000000000000e+00,1.200000000000000000e+02,1.220292890318952317e+02,2.784311008724342628e+03,1.654294182386307765e+00
2.162000000000000099e+01,5.000000000000000000e+00,1.200000000000000000e+02,1.222073085573618414e+02,2.785532060611032648e+03,1.683945484367890488e+00
2.162999999999999901e+01,5.000000000000000000e+00,1.200000000000000000e+02,1.189912168609617851e+02,2.786737461053096013e+03,1.716968918026189783e+00
2.164000000000000057e+01,5.000000000000000000e+00,1.200000000000000000e+02,1.242566712675290148e+02,2.787959156646004431e+03,1.756966851295496568e+00
2.165000000000000213e+01,5.000000000000000000e+00,1.200000000000000000e+02,1.222989365961109058e+02,2.789184650992915067e+03,1.797003927273588930e+00
2.166000000000000014e+01,5.000000000000000000e+00,1.200000000000000000e+02,1.175974713827378650e+02,2.790381285705890150e+03,1.843764040199267651e+00
2.167000000000000171e+01,5.000000000000000000e+00,1.200000000000000000e+02,1.229100074365321973e+02,2.791592701104165826e+03,1.876858943939605728e+00
2.167999999999999972e+01,5.000000000000000000e+00,1.200000000000000000e+02,1.218344372321944036e+02,2.792805032187295637e+03,1.911685045673260142e+00
2.169000000000000128e+01,5.000000000000000000e+00,1.200000000000000000e+02,1.214556354003561296e+02,2.794019502588980686e+03,1.935021743918880599e+00
2.169999999999999929e+01,5.000000000000000000e+00,1.200000000000000000e+02,1.216695254207418344e+02,2.795237931811411272e+03,1.956921755289988241e+00
2.171000000000000085e+01,5.000000000000000000e+00,1.200000000000000000e+02,1.209543712493565550e+02,2.796450929274669306e+03,1.977091360104289430e+00
2.171999999999999886e+01,5.000000000000000000e+00,1.200000000000000000e+02,1.200281713330296043e+02,2.797654416156806292e+03,1.996632348653319289e+00
2.173000000000000043e+01,5.000000000000000000e+00,1.200000000000000000e+02,1.161437078820440689e+02,2.798831889011856674e+03,2.017770342053865296e+00
2.174000000000000199e+01,5.000000000000000000e+00,1.200000000000000000e+02,1.226955001213297010e+02,2.800033701183705944e+03,2.030059182410395291e+00
2.175000000000000000e+01,5.000000000000000000e+00,1.200000000000000000e+02,1.234580594557510835e+02,2.801250951049963987e+03,2.041095535133610195e+00
2.176000000000000156e+01,5.000000000000000000e+00,1.200000000000000000e+02,1.234571514575450095e+02,2.802485096690543287e+03,2.051482525458723227e+00
2.176999999999999957e+01,5.000000000000000000e+00,1.200000000000000000e+02,1.197023907776006268e+02,2.803699794542888867e+03,2.062718527855429862e+00
2.178000000000000114e+01,5.000000000000000000e+00,1.200000000000000000e+02,1.256843098492613962e+02,2.804936429874429905e+03,2.078670824006774609e+00
2.178999999999999915e+01,5.000000000000000000e+00,1.200000000000000000e+02,1.235704123571945985e+02,2.806177502276452287e+03,2.097730801348293372e+00
2.180000000000000071e+01,5.000000000000000000e+00,1.200000000000000000e+02,1.223074065652675557e+02,2.807392925229744833e+03,2.126292108101207834e+00
2.180999999999999872e+01,5.000000000000000000e+00,1.200000000000000000e+02,1.216603018507869081e+02,2.808614615413588581e+03,2.147379608133894280e+00
2.182000000000000028e+01,5.000000000000000000e+00,1.200000000000000000e+02,1.205762748449458428e+02,2.809824744485440988e+03,2.166861690165357679e+00
2.183000000000000185e+01,5.000000000000000000e+00,1.200000000000000000e+02,1.159499904977760139e+02,2.811004850854178585e+03,2.187202968198746600e+00
2.183999999999999986e+01,5.000000000000000000e+00,1.200000000000000000e+02,1.218296990932425246e+02,2.812200322836277337e+03,2.206360284022115703e+00
2.185000000000000142e+01,5.000000000000000000e+00,1.200000000000000000e+02,1.171853440491401130e+02,2.813390393670087633e+03,2.229809843701059613e+00
2.185999999999999943e+01,5.000000000000000000e+00,1.200000000000000000e+02,1.224492180516835873e+02,2.814596162371207356e+03,2.252511692223232664e+00
2.187000000000000099e+01,5.000000000000000000e+00,1.200000000000000000e+02,1.218298131009536149e+02,2.815814075156453328e+03,2.283001919340322594e+00
2.187999999999999901e+01,5.000000000000000000e+00,1.200000000000000000e+02,1.216491064568681537e+02,2.817032515726129986e+03,2.326093251453136723e+00
2.189000000000000057e+01,5.000000000000000000e+00,1.200000000000000000e+02,1.178696330584611474e+02,2.818226950510596907e+03,2.389029145132057774e+00
2.190000000000000213e+01,5.000000000000000000e+00,1.200000000000000000e+02,1.232950345276798032e+02,2.819437426823907117e+03,2.450167531093285334e+00
2.191000000000000014e+01,5.000000000000000000e+00,1.200000000000000000e+02,1.214406028023158512e+02,2.820649094971606701e+03,2.509721799226482641e+00
2.192000000000000171e+01,5.000000000000000000e+00,1.200000000000000000e+02,1.201907368071449156e+02,2.821856043159336423e+03,2.561554612892360971e+00
2.192999999999999972e+01,5.000000000000000000e+00,1.200000000000000000e+02,1.194236076403435618e+02,2.823053474272563108e+03,2.616055350326164763e+00
2.194000000000000128e+01,5.000000000000000000e+00,1.200000000000000000e+02,1.191814329702268083e+02,2.824246200386766304e+03,2.671282817025597112e+00
2.194999999999999929e+01,5.000000000000000000e+00,1.200000000000000000e+02,1.118091545857862883e+02,2.825396538711919675e+03,2.744818258460775429e+00
2.196000000000000085e+01,5.000000000000000000e+00,1.200000000000000000e+02,1.219220582250869001e+02,2.826590775147669774e+03,2.791644210121529746e+00
2.196999999999999886e+01,5.000000000000000000e+00,1.200000000000000000e+02,1.167380457528104216e+02,2.827779455272953783e+03,2.848727475271805254e+00
2.198000000000000043e+01,5.000000000000000000e+00,1.200000000000000000e+02,1.212199968441736218e+02,2.828994546720063681e+03,2.907403232200034715e+00
2.199000000000000199e+01,5.000000000000000000e+00,1.200000000000000000e+02,1.206643023115308750e+02,2.830202736314538470e+03,2.979666455188679564e+00
2.200000000000000000e+01,5.000000000000000000e+00,1.200000000000000000e+02,1.205226864589407256e+02,2.831408195810767211e+03,3.066142413421568680e+00
2.201000000000000156e+01,5.000000000000000000e+00,1.200000000000000000e+02,1.198211562217038590e+02,2.832608036074718257e+03,3.164141921413982761e+00
2.201999999999999957e+01,5.000000000000000000e+00,1.200000000000000000e+02,1.153244696418559272e+02,2.833780606886653459e+03,3.269214512026588082e+00
2.203000000000000114e+01,5.000000000000000000e+00,1.200000000000000000e+02,1.205570829776439581e+02,2.834964992721078488e+03,3.357776522282002851e+00
2.203999999999999915e+01,5.000000000000000000e+00,1.200000000000000000e+02,1.196864802625313189e+02,2.836151727891653081e+03,3.442008089256677561e+00
2.205000000000000071e+01,5.000000000000000000e+00,1.200000000000000000e+02,1.198293685844312080e+02,2.837345764830615281e+03,3.521758899889213090e+00
2.205999999999999872e+01,5.000000000000000000e+00,1.200000000000000000e+02,1.192843210180840003e+02,2.838541404472631712e+03,3.590108752767078748e+00
2.207000000000000028e+01,5.000000000000000000e+00,1.200000000000000000e+02,1.199833318916371923e+02,2.839739638820837627e+03,3.650090759556552822e+00
2.208000000000000185e+01,5.000000000000000000e+00,1.200000000000000000e+02,1.200725509936236790e+02,2.840940515971111836e+03,3.706042227327940086e+00
2.208999999999999986e+01,5.000000000000000000e+00,1.200000000000000000e+02,1.156624250003614804e+02,2.842115320435626927e+03,3.769024371814693630e+00
2.210000000000000142e+01,5.000000000000000000e+00,1.200000000000000000e+02,1.204598916179556056e+02,2.843302011575860888e+03,3.825669344952705053e+00
2.210999999999999943e+01,5.000000000000000000e+00,1.200000000000000000e+02,1.157718315065611847e+02,2.844463666466185259e+03,3.888336958667824028e+00
2.212000000000000099e+01,5.000000000000000000e+00,1.200000000000000000e+02,1.224389104418631433e+02,2.845665856781617549e+03,3.944943081576763433e+00
2.212999999999999901e+01,5.000000000000000000e+00,1.200000000000000000e+02,1.223938200575234845e+02,2.846889128530629023e+03,3.998502019146514375e+00
2.214000000000000057e+01,5.000000000000000000e+00,1.200000000000000000e+02,1.216827285149346238e+02,2.848109063316822358e+03,4.051641713508955966e+00
2.215000000000000213e+01,5.000000000000000000e+00,1.200000000000000000e+02,1.215924237146255535e+02,2.849314679967513712e+03,4.117166486680107873e+00
2.216000000000000014e+01,5.000000000000000000e+00,1.200000000000000000e+02,1.221592313657211548e+02,2.850534671308180805e+03,4.169553906787530906e+00
2.217000000000000171e+01,5.000000000000000000e+00,1.200000000000000000e+02,1.212119465499593076e+02,2.851750408155426612e+03,4.222941424106533503e+00
2.217999999999999972e+01,5.000000000000000000e+00,1.200000000000000000e+02,1.202423275456585543e+02,2.852956501524438863e+03,4.276047097246625128e+00
2.219000000000000128e+01,5.000000000000000000e+00,1.200000000000000000e+02,1.160889253748299268e+02,2.854135201910063643e+03,4.335269625816739136e+00
2.219999999999999929e+01,5.000000000000000000e+00,1.200000000000000000e+02,1.221083422031447014e+02,2.855334098285146865e+03,4.388423652191204560e+00
2.221000000000000085e+01,5.000000000000000000e+00,1.200000000000000000e+02,1.187121617893336349e+02,2.856535862745339728e+03,4.445701838264829675e+00
2.221999999999999886e+01,5.000000000000000000e+00,1.200000000000000000e+02,1.219075472533624804e+02,2.857738087900648225e+03,4.495637231068218220e+00
2.223000000000000043e+01,5.000000000000000000e+00,1.200000000000000000e+02,1.215738886582735887e+02,2.858958593603842019e+03,4.549364504275634324e+00
2.224000000000000199e+01,5.000000000000000000e+00,1.200000000000000000e+02,1.208807642808163507e+02,2.860170392827122214e+03,4.600246376659523406e+00
2.225000000000000000e+01,5.000000000000000000e+00,1.200000000000000000e+02,1.204205396316374106e+02,2.861376375816217205e+03,4.645968452577356800e+00
2.226000000000000156e+01,5.000000000000000000e+00,1.200000000000000000e+02,1.201340965034764849e+02,2.862578807135330862e+03,4.684587513330995989e+00
2.226999999999999957e+01,5.000000000000000000e+00,1.200000000000000000e+02,1.161564144123896369e+02,2.863751333666246410e+03,4.733956446878261559e+00
2.228000000000000114e+01,5.000000000000000000e+00,1.200000000000000000e+02,1.207900415999004338e+02,2.864939750071439448e+03,4.764335808789022408e+00
2.228999999999999915e+01,5.000000000000000000e+00,1.200000000000000000e+02,1.160328019004293338e+02,2.866119722064288453e+03,4.800704427179191214e+00
2.230000000000000071e+01,5.000000000000000000e+00,1.200000000000000000e+02,1.204108950216808296e+02,2.867324950683960196e+03,4.823754082676519950e+00
2.230999999999999872e+01,5.000000000000000000e+00,1.200000000000000000e+02,1.207850416260986037e+02,2.868531265064685158e+03,4.850178983601209914e+00
2.232000000000000028e+01,5.000000000000000000e+00,1.200000000000000000e+02,1.221920615562799100e+02,2.869747753092845414e+03,4.876942011160802615e+00
2.233000000000000185e+01,5.000000000000000000e+00,1.200000000000000000e+02,1.175804167974466026e+02,2.870942808830945978e+03,4.906437008791378673e+00
2.233999999999999986e+01,5.000000000000000000e+00,1.200000000000000000e+02,1.242332326495755694e+02,2.872161268011408993e+03,4.933541791922192665e+00
2.235000000000000142e+01,5.000000000000000000e+00,1.200000000000000000e+02,1.187060472211909854e+02,2.873368926653920880e+03,4.966793755532047605e+00
2.235999999999999943e+01,5.000000000000000000e+00,1.200000000000000000e+02,1.190155372000728988e+02,2.874577271269098674e+03,5.011689672942620355e+00
2.237000000000000099e+01,5.000000000000000000e+00,1.200000000000000000e+02,1.236159521790875857e+02,2.875795500482278840e+03,5.051753678785929402e+00
2.237999999999999901e+01,5.000000000000000000e+00,1.200000000000000000e+02,1.223731636561139879e+02,2.877008995568889077e+03,5.098849008141296046e+00
2.239000000000000057e+01,5.000000000000000000e+00,1.200000000000000000e+02,1.224240197583668106e+02,2.878235781027072335e+03,5.137467258429943229e+00
2.240000000000000213e+01,5.000000000000000000e+00,1.200000000000000000e+02,1.220863486348743550e+02,2.879457990826765581e+03,5.179737017966804302e+00
2.241000000000000014e+01,5.000000000000000000e+00,1.200000000000000000e+02,1.180776883034194640e+02,2.880657168706362881e+03,5.216610156868392245e+00
2.242000000000000171e+01,5.000000000000000000e+00,1.200000000000000000e+02,1.234321371041123854e+02,2.881884034361585236e+03,5.255420648970770436e+00
2.242999999999999972e+01,5.000000000000000000e+00,1.200000000000000000e+02,1.233097636805122477e+02,2.883118080584186373e+03,5.299500919690181888e+00
2.244000000000000128e+01,5.000000000000000000e+00,1.200000000000000000e+02,1.236518502038119323e+02,2.884353124135523103e+03,5.345415040664040163e+00
2.244999999999999929e+01,5.000000000000000000e+00,1.200000000000000000e+02,1.200849818815502630e+02,2.885569981194564662e+03,5.394240650824967176e+00
2.246000000000000085e+01,5.000000000000000000e+00,1.200000000000000000e+02,1.250584240423470561e+02,2.886803365241129541e+03,5.428533626907504406e+00
2.246999999999999886e+01,5.000000000000000000e+00,1.200000000000000000e+02,1.235120884831466270e+02,2.888029916234879238e+03,5.458161776681510702e+00
2.248000000000000043e+01,5.000000000000000000e+00,1.200000000000000000e+02,1.225396421217907204e+02,2.889261024110418475e+03,5.470595013456159172e+00
2.249000000000000199e+01,5.000000000000000000e+00,1.200000000000000000e+02,1.214525570212580305e+02,2.890465766634168176e+03,5.477568821977447655e+00
2.250000000000000000e+01,5.000000000000000000e+00,1.200000000000000000e+02,1.210168147090469546e+02,2.891672337208849513e+03,5.492528218033172038e+00
2.251000000000000156e+01,5.000000000000000000e+00,1.200000000000000000e+02,1.204586179489030258e+02,2.892879279532903638e+03,5.499169355599229370e+00
2.251999999999999957e+01,5.000000000000000000e+00,1.200000000000000000e+02,1.207265573409770099e+02,2.894085948089136309e+03,5.505072371222410332e+00
2.253000000000000114e+01,5.000000000000000000e+00,1.200000000000000000e+02,1.169289875717646225e+02,2.895272817749476417e+03,5.516621873421464706e+00
2.253999999999999915e+01,5.000000000000000000e+00,1.200000000000000000e+02,1.226775054857811824e+02,2.896479684344379166e+03,5.521526955801316028e+00
2.255000000000000071e+01,5.000000000000000000e+00,1.200000000000000000e+02,1.177131307879326698e+02,2.897677409371404337e+03,5.528527732074381973e+00
2.255999999999999872e+01,5.000000000000000000e+00,1.200000000000000000e+02,1.218170876654254045e+02,2.898891038870749981e+03,5.526719807097806303e+00
2.257000000000000028e+01,5.000000000000000000e+00,1.200000000000000000e+02,1.217559356736041707e+02,2.900109484520060960e+03,5.520315358127203531e+00
2.258000000000000185e+01,5.000000000000000000e+00,1.200000000000000000e+02,1.185354382927234553e+02,2.901307956985922374e+03,5.505839988767905702e+00
2.258999999999999986e+01,5.000000000000000000e+00,1.200000000000000000e+02,1.240387546973729513e+02,2.902528032216271640e+03,5.488985812936759245e+00
2.260000000000000142e+01,5.000000000000000000e+00,1.200000000000000000e+02,1.191454524780200472e+02,2.903736820212852763e+03,5.477646352239047722e+00
2.260999999999999943e+01,5.000000000000000000e+00,1.200000000000000000e+02,1.242705946322263202e+02,2.904962467541760361e+03,5.452786279264299374e+00
2.262000000000000099e+01,5.000000000000000000e+00,1.200000000000000000e+02,1.194453360650223033e+02,2.906177243161314891e+03,5.432684477470830942e+00
2.262999999999999901e+01,5.000000000000000000e+00,1.200000000000000000e+02,1.236332257275829676e+02,2.907415573287574261e+03,5.400176100847200011e+00
2.264000000000000057e+01,5.000000000000000000e+00,1.200000000000000000e+02,1.233301857086285764e+02,2.908649648767419876e+03,5.373121560136871366e+00
2.265000000000000213e+01,5.000000000000000000e+00,1.200000000000000000e+02,1.187993833887557287e+02,2.909857504253827756e+03,5.348282757080800032e+00
2.266000000000000014e+01,5.000000000000000000e+00,1.200000000000000000e+02,1.243436583683139816e+02,2.911078325041281005e+03,5.332254584926878316e+00
2.267000000000000171e+01,5.000000000000000000e+00,1.200000000000000000e+02,1.186895746483388052e+02,2.912272745925667095e+03,5.323986177874687087e+00
2.267999999999999972e+01,5.000000000000000000e+00,1.200000000000000000e+02,1.240518392052563712e+02,2.913496948011551467e+03,5.307424242866201958e+00
2.269000000000000128e+01,5.000000000000000000e+00,1.200000000000000000e+02,1.193569710371374981e+02,2.914709043460235080e+03,5.292916805960106608e+00
2.269999999999999929e+01,5.000000000000000000e+00,1.200000000000000000e+02,1.237791314775669207e+02,2.915947894651795195e+03,5.260406240885444618e+00
2.271000000000000085e+01,5.000000000000000000e+00,1.200000000000000000e+02,1.236269131982992207e+02,2.917185164979927777e+03,5.224954117830036715e+00
2.271999999999999886e+01,5.000000000000000000e+00,1.200000000000000000e+02,1.234547260970953175e+02,2.918406335654548002e+03,5.183992605125537168e+00
2.273000000000000043e+01,5.000000000000000000e+00,1.200000000000000000e+02,1.231006691262478370e+02,2.919640472800887437e+03,5.150142075296836097e+00
2.274000000000000199e+01,5.000000000000000000e+00,1.200000000000000000e+02,1.187965203787568100e+02,2.920847525187729843e+03,5.119079750782817406e+00
2.275000000000000000e+01,5.000000000000000000e+00,1.200000000000000000e+02,1.245185336315071822e+02,2.922071784020232371e+03,5.078372767963267087e+00
2.276000000000000156e+01,5.000000000000000000e+00,1.200000000000000000e+02,1.193693230377075309e+02,2.923286293593284427e+03,5.042909042103022266e+00
2.276999999999999957e+01,5.000000000000000000e+00,1.200000000000000000e+02,1.238078788723882866e+02,2.924527846172447425e+03,4.998020341532093624e+00
2.278000000000000114e+01,5.000000000000000000e+00,1.200000000000000000e+02,1.231458278275536173e+02,2.925760402148607227e+03,4.961015629356215761e+00
2.278999999999999915e+01,5.000000000000000000e+00,1.200000000000000000e+02,1.191423139381569456e+02,2.926968923277585418e+03,4.927229270746726897e+00
2.280000000000000071e+01,5.000000000000000000e+00,1.200000000000000000e+02,1.249285181115660492e+02,2.928197776218435592e+03,4.893609839910320503e+00
2.280999999999999872e+01,5.000000000000000000e+00,1.200000000000000000e+02,1.191816026123624823e+02,2.929410319327525940e+03,4.865329568128719195e+00
2.282000000000000028e+01,5.000000000000000000e+00,1.200000000000000000e+02,1.229848406880549305e+02,2.930637865558026533e+03,4.842878572717085106e+00
2.283000000000000185e+01,5.000000000000000000e+00,1.200000000000000000e+02,1.222366315779997166e+02,2.931863378760019259e+03,4.825524561386242084e+00
2.283999999999999986e+01,5.000000000000000000e+00,1.200000000000000000e+02,1.222171271782330706e+02,2.933085740058169449e+03,4.809336397036528155e+00
2.285000000000000142e+01,5.000000000000000000e+00,1.200000000000000000e+02,1.192445667378161858e+02,2.934291740816372112e+03,4.797055992211527453e+00
2.285999999999999943e+01,5.000000000000000000e+00,1.200000000000000000e+02,1.244753476363962506e+02,2.935517245575160359e+03,4.779909365878568295e+00
2.287000000000000099e+01,5.000000000000000000e+00,1.200000000000000000e+02,1.184609821908535991e+02,2.936719406622905808e+03,4.766921564184474214e+00
2.287999999999999901e+01,5.000000000000000000e+00,1.200000000000000000e+02,1.239101310060796379e+02,2.937939980298378941e+03,4.751389264449886518e+00
2.289000000000000057e+01,5.000000000000000000e+00,1.200000000000000000e+02,1.233477768905740533e+02,2.939164818418564209e+03,4.746639997674915179e+00
2.290000000000000213e+01,5.000000000000000000e+00,1.200000000000000000e+02,1.236560636790987644e+02,2.940400205130358245e+03,4.752132834659191118e+00
2.291000000000000014e+01,5.000000000000000000e+00,1.200000000000000000e+02,1.204219973966216344e+02,2.941618689205131886e+03,4.779212271645968180e+00
2.292000000000000171e+01,5.000000000000000000e+00,1.200000000000000000e+02,1.215014725725559259e+02,2.942849271742739802e+03,4.786907607130531872e+00
2.292999999999999972e+01,5.000000000000000000e+00,1.200000000000000000e+02,1.268333721776645291e+02,2.944099623270853044e+03,4.807909800296751968e+00
2.294000000000000128e+01,5.000000000000000000e+00,1.200000000000000000e+02,1.245717424038979004e+02,2.945352057224370128e+03,4.829298048523042119e+00
2.294999999999999929e+01,5.000000000000000000e+00,1.200000000000000000e+02,1.230089900537938377e+02,2.946588503765265614e+03,4.849188000214773808e+00
2.296000000000000085e+01,5.000000000000000000e+00,1.200000000000000000e+02,1.221802815393954660e+02,2.947813226423125798e+03,4.869389639040742068e+00
2.296999999999999886e+01,5.000000000000000000e+00,1.200000000000000000e+02,1.220236608209964970e+02,2.949033758493436380e+03,4.887457150790329052e+00
2.298000000000000043e+01,5.000000000000000000e+00,1.200000000000000000e+02,1.183252638040567462e+02,2.950232568824162627e+03,4.912832003786037127e+00
2.299000000000000199e+01,5.000000000000000000e+00,1.200000000000000000e+02,1.235329078367232825e+02,2.951448263725557354e+03,4.933465173222076672e+00
2.300000000000000000e+01,5.000000000000000000e+00,1.200000000000000000e+02,1.227942953871987015e+02,2.952664545705878936e+03,4.959979038048676792e+00
2.301000000000000156e+01,5.000000000000000000e+00,1.200000000000000000e+02,1.225501752347512650e+02,2.953893139771970255e+03,4.990448397674925651e+00
2.301999999999999957e+01,5.000000000000000000e+00,1.200000000000000000e+02,1.222145665503757925e+02,2.955116529967630868e+03,5.027797624109403785e+00
2.303000000000000114e+01,5.000000000000000000e+00,1.200000000000000000e+02,1.221489049314920123e+02,2.956338808777092254e+03,5.074273602720574594e+00
2.303999999999999915e+01,5.000000000000000000e+00,1.200000000000000000e+02,1.175440347741690346e+02,2.957532668714462943e+03,5.131267573968090190e+00
2.305000000000000071e+01,5.000000000000000000e+00,1.200000000000000000e+02,1.217769176154821906e+02,2.958719546190449819e+03,5.174518750013906931e+00
2.305999999999999872e+01,5.000000000000000000e+00,1.200000000000000000e+02,1.210638561354804921e+02,2.959921518806680069e+03,5.225845223815740681e+00
2.307000000000000028e+01,5.000000000000000000e+00,1.200000000000000000e+02,1.208435804004181193e+02,2.961133830146092805e+03,5.262827761989672837e+00
2.308000000000000185e+01,5.000000000000000000e+00,1.200000000000000000e+02,1.203910126936071663e+02,2.962340630192344634e+03,5.301101076117757493e+00
2.308999999999999986e+01,5.000000000000000000e+00,1.200000000000000000e+02,1.204026893968923417e+02,2.963543235330121206e+03,5.340241213955583710e+00
2.310000000000000142e+01,5.000000000000000000e+00,1.200000000000000000e+02,1.206593127893922315e+02,2.964748932928300292e+03,5.378045938053712227e+00
2.310999999999999943e+01,5.000000000000000000e+00,1.200000000000000000e+02,1.201181175598639044e+02,2.965951930445244670e+03,5.416247104221961095e+00
2.312000000000000099e+01,5.000000000000000000e+00,1.200000000000000000e+02,1.159808702124676074e+02,2.967128524259117057e+03,5.463085841236516416e+00
2.312999999999999901e+01,5.000000000000000000e+00,1.200000000000000000e+02,1.173453782489033586e+02,2.968297670994214059e+03,5.495570100654538770e+00
2.314000000000000057e+01,5.000000000000000000e+00,1.200000000000000000e+02,1.190626655737616630e+02,2.969494026483764628e+03,5.531095967273994773e+00
2.315000000000000213e+01,5.000000000000000000e+00,1.200000000000000000e+02,1.236738389757410062e+02,2.970731199240167825e+03,5.554350970196212600e+00
2.316000000000000014e+01,5.000000000000000000e+00,1.200000000000000000e+02,1.221570547693257964e+02,2.971957922305456123e+03,5.585349966723511805e+00
2.317000000000000171e+01,5.000000000000000000e+00,1.200000000000000000e+02,1.213962442839663538e+02,2.973174251156390255e+03,5.617316274331503934e+00
2.317999999999999972e+01,5.000000000000000000e+00,1.200000000000000000e+02,1.210622801255591554e+02,2.974387254720214514e+03,5.646300231546993231e+00
2.319000000000000128e+01,5.000000000000000000e+00,1.200000000000000000e+02,1.207636677870937802e+02,2.975595011347581021e+03,5.673235121334205822e+00
2.319999999999999929e+01,5.000000000000000000e+00,1.200000000000000000e+02,1.209435122995438974e+02,2.976804130261982664e+03,5.691749166612561694e+00
2.321000000000000085e+01,5.000000000000000000e+00,1.200000000000000000e+02,1.207858443305254355e+02,2.978012522463347523e+03,5.705482811468338689e+00
2.321999999999999886e+01,5.000000000000000000e+00,1.200000000000000000e+02,1.170859334750071952e+02,2.979199202430452715e+03,5.726948402617514589e+00
2.323000000000000043e+01,5.000000000000000000e+00,1.200000000000000000e+02,1.222659269507259978e+02,2.980402315856365021e+03,5.738679108923991024e+00
2.324000000000000199e+01,5.000000000000000000e+00,1.200000000000000000e+02,1.169883236496934273e+02,2.981581124698137046e+03,5.751582125811951940e+00
2.325000000000000000e+01,5.000000000000000000e+00,1.200000000000000000e+02,1.223273664987361258e+02,2.982798848921253921e+03,5.760022258419518870e+00
2.326000000000000156e+01,5.000000000000000000e+00,1.200000000000000000e+02,1.213828875400850649e+02,2.984016973004017018e+03,5.767907975215784688e+00
2.326999999999999957e+01,5.000000000000000000e+00,1.200000000000000000e+02,1.209670351297222908e+02,2.985229692733751108e+03,5.771305856085386488e+00
2.328000000000000114e+01,5.000000000000000000e+00,1.200000000000000000e+02,1.206373213398523632e+02,2.986436913798944715e+03,5.770217855441050148e+00
2.328999999999999915e+01,5.000000000000000000e+00,1.200000000000000000e+02,1.205988812567178314e+02,2.987642770861362351e+03,5.764507746919178999e+00
2.330000000000000071e+01,5.000000000000000000e+00,1.200000000000000000e+02,1.166292465573510242e+02,2.988816334661246401e+03,5.764426775234687383e+00
2.330999999999999872e+01,5.000000000000000000e+00,1.200000000000000000e+02,1.213385858082050675e+02,2.990011217332089473e+03,5.764792096076175376e+00
2.332000000000000028e+01,5.000000000000000000e+00,1.200000000000000000e+02,1.211140008663608825e+02,2.991214712411953769e+03,5.765150181016217346e+00
2.333000000000000185e+01,5.000000000000000000e+00,1.200000000000000000e+02,1.213181425882551707e+02,2.992427405474232273e+03,5.764086621401645516e+00
2.333999999999999986e+01,5.000000000000000000e+00,1.200000000000000000e+02,1.217849607950107043e+02,2.993645463352290790e+03,5.762656450293089705e+00
2.335000000000000142e+01,5.000000000000000000e+00,1.200000000000000000e+02,1.177024581686588505e+02,2.994841071551622008e+03,5.756307437752002265e+00
2.335999999999999943e+01,5.000000000000000000e+00,1.200000000000000000e+02,1.233063510755259387e+02,2.996052805222862389e+03,5.748931253136597697e+00
2.337000000000000099e+01,5.000000000000000000e+00,1.200000000000000000e+02,1.220638124507835727e+02,2.997261970504656801e+03,5.741027232941045000e+00
2.337999999999999901e+01,5.000000000000000000e+00,1.200000000000000000e+02,1.213785747262934507e+02,2.998480807277216627e+03,5.734740882377548310e+00
2.339000000000000057e+01,5.000000000000000000e+00,1.200000000000000000e+02,1.168922802566797969e+02,2.999667747626843720e+03,5.737799296697079221e+00
2.340000000000000213e+01,5.000000000000000000e+00,1.200000000000000000e+02,1.222400696631061834e+02,3.000872112852960981e+03,5.729482136153950300e+00
2.341000000000000014e+01,5.000000000000000000e+00,1.200000000000000000e+02,1.217237405184773706e+02,3.002081755559978774e+03,5.724187023852199019e+00
2.342000000000000171e+01,5.000000000000000000e+00,1.200000000000000000e+02,1.216442900706319534e+02,3.003299763955749768e+03,5.714959346755289715e+00
2.342999999999999972e+01,5.000000000000000000e+00,1.200000000000000000e+02,1.175382899917934481e+02,3.004493411387453762e+03,5.700709046439094152e+00
2.344000000000000128e+01,5.000000000000000000e+00,1.200000000000000000e+02,1.224784437137758744e+02,3.005711355142411321e+03,5.690718417909993221e+00
2.344999999999999929e+01,5.000000000000000000e+00,1.200000000000000000e+02,1.222682002895704585e+02,3.006935360638517977e+03,5.681460583325554481e+00
2.346000000000000085e+01,5.000000000000000000e+00,1.200000000000000000e+02,1.222220920933589241e+02,3.008158105838102983e+03,5.674068861341160286e+00
2.346999999999999886e+01,5.000000000000000000e+00,1.200000000000000000e+02,1.191814116672795336e+02,3.009364206153067244e+03,5.674121817969048465e+00
2.348000000000000043e+01,5.000000000000000000e+00,1.200000000000000000e+02,1.240380026253883301e+02,3.010586523474808928e+03,5.667640207389396778e+00
2.349000000000000199e+01,5.000000000000000000e+00,1.200000000000000000e+02,1.227644536002408131e+02,3.011803611161964000e+03,5.654889789852804327e+00
2.350000000000000000e+01,5.000000000000000000e+00,1.200000000000000000e+02,1.221255270447088037e+02,3.013030610801840794e+03,5.632795613145802349e+00
2.351000000000000156e+01,5.000000000000000000e+00,1.200000000000000000e+02,1.210082060869015947e+02,3.014231359074982265e+03,5.602448143467281483e+00
2.351999999999999957e+01,5.000000000000000000e+00,1.200000000000000000e+02,1.203647427805708077e+02,3.015431746114358248e+03,5.578809375716393681e+00
2.353000000000000114e+01,5.000000000000000000e+00,1.200000000000000000e+02,1.193104573680040090e+02,3.016629043444499985e+03,5.547974253619739393e+00
2.353999999999999915e+01,5.000000000000000000e+00,1.200000000000000000e+02,1.189477376855965218e+02,3.017819806567136311e+03,5.515514678744300348e+00
2.355000000000000071e+01,5.000000000000000000e+00,1.200000000000000000e+02,1.148425454861305468e+02,3.018987757834245713e+03,5.482934005805552680e+00
2.355999999999999872e+01,5.000000000000000000e+00,1.200000000000000000e+02,1.210309437540986011e+02,3.020178031382602967e+03,5.445090374558589019e+00
2.357000000000000028e+01,5.000000000000000000e+00,1.200000000000000000e+02,1.162349251748411945e+02,3.021359240066932671e+03,5.401742773829124822e+00
2.358000000000000185e+01,5.000000000000000000e+00,1.200000000000000000e+02,1.203510824545983411e+02,3.022557849786524912e+03,5.350630139253451212e+00
2.358999999999999986e+01,5.000000000000000000e+00,1.200000000000000000e+02,1.197078832319833595e+02,3.023757111641278243e+03,5.293864353995390459e+00
2.360000000000000142e+01,5.000000000000000000e+00,1.200000000000000000e+02,1.199776267438900703e+02,3.024955062244403962e+03,5.234581080054969249e+00
2.360999999999999943e+01,5.000000000000000000e+00,1.200000000000000000e+02,1.155426798698259745e+02,3.026128780470703532e+03,5.173950156902148656e+00
2.362000000000000099e+01,5.000000000000000000e+00,1.200000000000000000e+02,1.173095141174018465e+02,3.027298117464191364e+03,5.130621463979778696e+00
2.362999999999999901e+01,5.000000000000000000e+00,1.200000000000000000e+02,1.210595197685052824e+02,3.028496821730664578e+03,5.075366408959331110e+00
2.364000000000000057e+01,5.000000000000000000e+00,1.200000000000000000e+02,1.198398640362392058e+02,3.029701293484359212e+03,5.027372679387035248e+00
2.365000000000000213e+01,5.000000000000000000e+00,1.200000000000000000e+02,1.189934807827996792e+02,3.030895647081479638e+03,4.981832222931427800e+00
2.366000000000000014e+01,5.000000000000000000e+00,1.200000000000000000e+02,1.181241556502651520e+02,3.032080498040453676e+03,4.935534919774646312e+00
2.367000000000000171e+01,5.000000000000000000e+00,1.200000000000000000e+02,1.178795438777974880e+02,3.033260111216134192e+03,4.890131850131400171e+00
2.367999999999999972e+01,5.000000000000000000e+00,1.200000000000000000e+02,1.141831033558649438e+02,3.034418170528323117e+03,4.841156632337964005e+00
2.369000000000000128e+01,5.000000000000000000e+00,1.200000000000000000e+02,1.162444491837284772e+02,3.035575233313812532e+03,4.799793581091618577e+00
2.369999999999999929e+01,5.000000000000000000e+00,1.200000000000000000e+02,1.159410068977543915e+02,3.036746311241526655e+03,4.744114905331641374e+00
2.371000000000000085e+01,5.000000000000000000e+00,1.200000000000000000e+02,1.195617572900250707e+02,3.037946924619967831e+03,4.694478599761720439e+00
2.371999999999999886e+01,5.000000000000000000e+00,1.200000000000000000e+02,1.188708528008829148e+02,3.039137334578803802e+03,4.644126297308403650e+00
2.373000000000000043e+01,5.000000000000000000e+00,1.200000000000000000e+02,1.193221817708780321e+02,3.040328939946013179e+03,4.593547838446426113e+00
2.374000000000000199e+01,5.000000000000000000e+00,1.200000000000000000e+02,1.203852649298910364e+02,3.041529226754178580e+03,4.545726885022373764e+00
2.375000000000000000e+01,5.000000000000000000e+00,1.200000000000000000e+02,1.162217765190113141e+02,3.042708866129443322e+03,4.497838042890263566e+00
2.376000000000000156e+01,5.000000000000000000e+00,1.200000000000000000e+02,1.162317750938467640e+02,3.043885449957122091e+03,4.469918821462178116e+00
2.376999999999999957e+01,5.000000000000000000e+00,1.200000000000000000e+02,1.204472367584299377e+02,3.045087404291141411e+03,4.428667626820749881e+00
2.378000000000000114e+01,5.000000000000000000e+00,1.200000000000000000e+02,1.194858956362341473e+02,3.046287950502688545e+03,4.389688036060160670e+00
2.378999999999999915e+01,5.000000000000000000e+00,1.200000000000000000e+02,1.189110569298706679e+02,3.047480224382038614e+03,4.350165329430505601e+00
2.380000000000000071e+01,5.000000000000000000e+00,1.200000000000000000e+02,1.183504082146572358e+02,3.048665765404513877e+03,4.308183560915063381e+00
2.380999999999999872e+01,5.000000000000000000e+00,1.200000000000000000e+02,1.183472115497648218e+02,3.049848797175804521e+03,4.261984277167758073e+00
2.382000000000000028e+01,5.000000000000000000e+00,1.200000000000000000e+02,1.143925891841580409e+02,3.051009158665778159e+03,4.217811495359367946e+00
2.383000000000000185e+01,5.000000000000000000e+00,1.200000000000000000e+02,1.159346475735092383e+02,3.052164283521143261e+03,4.164333899554664598e+00
2.383999999999999986e+01,5.000000000000000000e+00,1.200000000000000000e+02,1.157131738393693468e+02,3.053338964266087260e+03,4.129227433632302713e+00
2.385000000000000142e+01,5.000000000000000000e+00,1.200000000000000000e+02,1.202013408131972199e+02,3.054541442352658578e+03,4.090390533063998468e+00
2.385999999999999943e+01,5.000000000000000000e+00,1.200000000000000000e+02,1.205894053934605239e+02,3.055745794665665926e+03,4.051041316326366548e+00
2.387000000000000099e+01,5.000000000000000000e+00,1.200000000000000000e+02,1.197621412222158881e+02,3.056946634887432083e+03,4.006436510309312915e+00
2.387999999999999901e+01,5.000000000000000000e+00,1.200000000000000000e+02,1.160784278398922424e+02,3.058124821626124231e+03,3.965135527225057022e+00
2.389000000000000057e+01,5.000000000000000000e+00,1.200000000000000000e+02,1.202915821915189269e+02,3.059330178462834283e+03,3.909521560378620642e+00
2.390000000000000213e+01,5.000000000000000000e+00,1.200000000000000000e+02,1.155391730690555647e+02,3.060506191355523242e+03,3.853108613197912646e+00
2.391000000000000014e+01,5.000000000000000000e+00,1.200000000000000000e+02,1.208352683431360219e+02,3.061695437189925997e+03,3.803212659558713682e+00
2.392000000000000171e+01,5.000000000000000000e+00,1.200000000000000000e+02,1.209911205802377054e+02,3.062893698322560340e+03,3.757341933440656145e+00
2.392999999999999972e+01,5.000000000000000000e+00,1.200000000000000000e+02,1.218122843556587611e+02,3.064107882675644760e+03,3.722707779515182391e+00
2.394000000000000128e+01,5.000000000000000000e+00,1.200000000000000000e+02,1.227155890805866250e+02,3.065332325804197353e+03,3.689603085012447270e+00
2.394999999999999929e+01,5.000000000000000000e+00,1.200000000000000000e+02,1.179271130596855954e+02,3.066531606213195573e+03,3.661991421099845656e+00
2.396000000000000085e+01,5.000000000000000000e+00,1.200000000000000000e+02,1.242409780045391727e+02,3.067752334067973607e+03,3.635513303329370505e+00
2.396999999999999886e+01,5.000000000000000000e+00,1.200000000000000000e+02,1.195174589600439532e+02,3.068966273782622011e+03,3.611329657902031531e+00
2.398000000000000043e+01,5.000000000000000000e+00,1.200000000000000000e+02,1.229394258574151308e+02,3.070201945352981966e+03,3.583560558280299180e+00
2.399000000000000199e+01,5.000000000000000000e+00,1.200000000000000000e+02,1.219995947116142503e+02,3.071424343920222327e+03,3.558003289213662601e+00
2.400000000000000000e+01,5.000000000000000000e+00,1.200000000000000000e+02,1.181679280781324337e+02,3.072621868558382175e+03,3.545375203291007526e+00
2.401000000000000156e+01,5.000000000000000000e+00,1.200000000000000000e+02,1.228438758122941863e+02,3.073844563793342331e+03,3.524109419350670347e+00
2.401999999999999957e+01,5.000000000000000000e+00,1.200000000000000000e+02,1.184133368872798826e+02,3.075048496478417292e+03,3.502838072848671214e+00
2.403000000000000114e+01,5.000000000000000000e+00,1.200000000000000000e+02,1.236751354900951725e+02,3.076266181551936370e+03,3.489466363046699549e+00
2.403999999999999915e+01,5.000000000000000000e+00,1.200000000000000000e+02,1.230940346270095915e+02,3.077498649330791977e+03,3.480712679849621516e+00
2.405000000000000071e+01,5.000000000000000000e+00,1.200000000000000000e+02,1.231234639123749872e+02,3.078729985173722980e+03,3.472547192919711811e+00
2.406000000000000227e+01,5.000000000000000000e+00,1.200000000000000000e+02,1.229234521905479056e+02,3.079960882507991300e+03,3.459449740950740093e+00
2.407000000000000028e+01,5.000000000000000000e+00,1.200000000000000000e+02,1.176378737084050101e+02,3.081156028292224164e+03,3.453467907633274603e+00
2.408000000000000185e+01,5.000000000000000000e+00,1.200000000000000000e+02,1.230585725346780066e+02,3.082367031655664960e+03,3.444001247447550096e+00
2.408999999999999986e+01,5.000000000000000000e+00,1.200000000000000000e+02,1.178020812048281840e+02,3.083564833789600470e+03,3.439516033148657392e+00
2.410000000000000142e+01,5.000000000000000000e+00,1.200000000000000000e+02,1.229241615671859336e+02,3.084776366636198873e+03,3.435280619407748315e+00
2.410999999999999943e+01,5.000000000000000000e+00,1.200000000000000000e+02,1.174773786181266644e+02,3.085969817454122222e+03,3.428391002481739225e+00
2.412000000000000099e+01,5.000000000000000000e+00,1.200000000000000000e+02,1.215119791549732327e+02,3.087189289527942492e+03,3.433847305388277427e+00
2.412999999999999901e+01,5.000000000000000000e+00,1.200000000000000000e+02,1.206471564745909859e+02,3.088399342366867131e+03,3.432372664286499564e+00
2.414000000000000057e+01,5.000000000000000000e+00,1.200000000000000000e+02,1.204599305901070494e+02,3.089604905491035879e+03,3.423731009095758893e+00
2.415000000000000213e+01,5.000000000000000000e+00,1.200000000000000000e+02,1.169448470820116484e+02,3.090789235639732397e+03,3.413168359096087290e+00
2.416000000000000014e+01,5.000000000000000000e+00,1.200000000000000000e+02,1.234329927684551791e+02,3.091990366634260681e+03,3.405412648050712310e+00
2.417000000000000171e+01,5.000000000000000000e+00,1.200000000000000000e+02,1.186230159993738766e+02,3.093197301511933802e+03,3.401146915532189841e+00
2.417999999999999972e+01,5.000000000000000000e+00,1.200000000000000000e+02,1.230382343043319651e+02,3.094410963554418686e+03,3.396534259285305168e+00
2.419000000000000128e+01,5.000000000000000000e+00,1.200000000000000000e+02,1.175320895213309598e+02,3.095599693882984411e+03,3.390275295440650538e+00
2.419999999999999929e+01,5.000000000000000000e+00,1.200000000000000000e+02,1.218893445277728063e+02,3.096817369307064837e+03,3.390488845481844038e+00
2.421000000000000085e+01,5.000000000000000000e+00,1.200000000000000000e+02,1.208149812754591323e+02,3.098030686975392200e+03,3.387598385442262217e+00
2.421999999999999886e+01,5.000000000000000000e+00,1.200000000000000000e+02,1.201572699584716730e+02,3.099235925292379306e+03,3.380053322544555261e+00
2.423000000000000043e+01,5.000000000000000000e+00,1.200000000000000000e+02,1.201910494285008895e+02,3.100437878055337478e+03,3.367840754456416619e+00
2.424000000000000199e+01,5.000000000000000000e+00,1.200000000000000000e+02,1.201277364000188328e+02,3.101637934694895648e+03,3.351110067809817128e+00
2.425000000000000000e+01,5.000000000000000000e+00,1.200000000000000000e+02,1.158306229832745942e+02,3.102814340845238348e+03,3.339611877947502805e+00
2.426000000000000156e+01,5.000000000000000000e+00,1.200000000000000000e+02,1.156588815690243308e+02,3.103982864156319465e+03,3.314876215183119257e+00
2.426999999999999957e+01,5.000000000000000000e+00,1.200000000000000000e+02,1.207971523841642920e+02,3.105172591073253443e+03,3.291324116531931132e+00
2.428000000000000114e+01,5.000000000000000000e+00,1.200000000000000000e+02,1.167813421105550020e+02,3.106355968265044794e+03,3.269152150805545443e+00
2.428999999999999915e+01,5.000000000000000000e+00,1.200000000000000000e+02,1.238294820491298651e+02,3.107568213395783914e+03,3.244054800466765975e+00
2.430000000000000071e+01,5.000000000000000000e+00,1.200000000000000000e+02,1.219833804539043314e+02,3.108789970156507479e+03,3.220462880367505054e+00
2.431000000000000227e+01,5.000000000000000000e+00,1.200000000000000000e+02,1.216330854800195027e+02,3.110007502792764171e+03,3.198837578130332648e+00
2.432000000000000028e+01,5.000000000000000000e+00,1.200000000000000000e+02,1.174239722812203013e+02,3.111199307629185569e+03,3.170639438464344817e+00
2.433000000000000185e+01,5.000000000000000000e+00,1.200000000000000000e+02,1.173793639619922828e+02,3.112392367995777022e+03,3.161329373117613972e+00
2.433999999999999986e+01,5.000000000000000000e+00,1.200000000000000000e+02,1.219648264457833022e+02,3.113595932879505199e+03,3.139382691002486236e+00
2.435000000000000142e+01,5.000000000000000000e+00,1.200000000000000000e+02,1.208214819779196887e+02,3.114807487968938858e+03,3.116746990939694761e+00
2.435999999999999943e+01,5.000000000000000000e+00,1.200000000000000000e+02,1.207526055742765010e+02,3.116015316416197493e+03,3.095314033713658208e+00
2.437000000000000099e+01,5.000000000000000000e+00,1.200000000000000000e+02,1.209607638717218947e+02,3.117225828481396093e+03,3.069394413902998053e+00
2.437999999999999901e+01,5.000000000000000000e+00,1.200000000000000000e+02,1.166618547402465254e+02,3.118410921411631534e+03,3.039972442884660175e+00
2.439000000000000057e+01,5.000000000000000000e+00,1.200000000000000000e+02,1.226916077770426199e+02,3.119616136501857000e+03,3.010196045454993197e+00
2.440000000000000213e+01,5.000000000000000000e+00,1.200000000000000000e+02,1.179439400584287370e+02,3.120814885682892509e+03,2.978573879322467199e+00
2.441000000000000014e+01,5.000000000000000000e+00,1.200000000000000000e+02,1.210766165251918096e+02,3.122030507837870573e+03,2.946550785535458683e+00
2.442000000000000171e+01,5.000000000000000000e+00,1.200000000000000000e+02,1.167788912022612351e+02,3.123216367156764591e+03,2.918104808537194561e+00
2.442999999999999972e+01,5.000000000000000000e+00,1.200000000000000000e+02,1.215073273136817278e+02,3.124415012059730543e+03,2.882331388167578279e+00
2.444000000000000128e+01,5.000000000000000000e+00,1.200000000000000000e+02,1.207671000170396240e+02,3.125623937477929303e+03,2.845990515138169030e+00
2.444999999999999929e+01,5.000000000000000000e+00,1.200000000000000000e+02,1.207482137591866689e+02,3.126832801198914694e+03,2.808045674572825501e+00
2.446000000000000085e+01,5.000000000000000000e+00,1.200000000000000000e+02,1.165765689691244518e+02,3.128015947015683196e+03,2.766104825764796438e+00
2.446999999999999886e+01,5.000000000000000000e+00,1.200000000000000000e+02,1.223113830012137129e+02,3.129217845273497005e+03,2.732510749148534313e+00
2.448000000000000043e+01,5.000000000000000000e+00,1.200000000000000000e+02,1.220924930197145670e+02,3.130429710540360247e+03,2.703517579162456830e+00
2.449000000000000199e+01,5.000000000000000000e+00,1.200000000000000000e+02,1.185387881188546828e+02,3.131630202491366163e+03,2.685272275464560821e+00
2.450000000000000000e+01,5.000000000000000000e+00,1.200000000000000000e+02,1.239305290152122154e+02,3.132850742867931785e+03,2.666435509702146156e+00
2.451000000000000156e+01,5.000000000000000000e+00,1.200000000000000000e+02,1.191382093565019602e+02,3.134061688250432326e+03,2.648054722097198166e+00
2.451999999999999957e+01,5.000000000000000000e+00,1.200000000000000000e+02,1.246696825832121220e+02,3.135289272559751680e+03,2.620888757851350004e+00
2.453000000000000114e+01,5.000000000000000000e+00,1.200000000000000000e+02,1.225902633857018316e+02,3.136519196377773824e+03,2.594595569149662495e+00
2.453999999999999915e+01,5.000000000000000000e+00,1.200000000000000000e+02,1.174145284485608585e+02,3.137707471279512902e+03,2.559584785198226964e+00
2.455000000000000071e+01,5.000000000000000000e+00,1.200000000000000000e+02,1.207181799421330055e+02,3.138921979096103769e+03,2.532618833961566285e+00
2.456000000000000227e+01,5.000000000000000000e+00,1.200000000000000000e+02,1.190948286922304220e+02,3.140118899126193810e+03,2.497467539517036261e+00
2.457000000000000028e+01,5.000000000000000000e+00,1.200000000000000000e+02,1.182278062981097548e+02,3.141304357294274268e+03,2.458507237569193649e+00
2.458000000000000185e+01,5.000000000000000000e+00,1.200000000000000000e+02,1.145739417067405839e+02,3.142465739342959751e+03,2.417557965608557069e+00
2.458999999999999986e+01,5.000000000000000000e+00,1.200000000000000000e+02,1.205991906061197625e+02,3.143652130007657888e+03,2.376060885410118395e+00
2.460000000000000142e+01,5.000000000000000000e+00,1.200000000000000000e+02,1.153631852601833003e+02,3.144826986056660644e+03,2.330708474268558650e+00
2.460999999999999943e+01,5.000000000000000000e+00,1.200000000000000000e+02,1.188795441121846608e+02,3.146013391301943557e+03,2.281550228252614776e+00
2.462000000000000099e+01,5.000000000000000000e+00,1.200000000000000000e+02,1.176315609644119036e+02,3.147194472427659548e+03,2.229362859817243248e+00
2.462999999999999901e+01,5.000000000000000000e+00,1.200000000000000000e+02,1.173228877833609687e+02,3.148368120389033720e+03,2.173888018417417189e+00
2.464000000000000057e+01,5.000000000000000000e+00,1.200000000000000000e+02,1.140575824316380391e+02,3.149523226681797041e+03,2.117310598732819571e+00
2.465000000000000213e+01,5.000000000000000000e+00,1.200000000000000000e+02,1.148990583676763606e+02,3.150669961541965222e+03,2.080268038621370774e+00
2.466000000000000014e+01,5.000000000000000000e+00,1.200000000000000000e+02,1.148871819433138910e+02,3.151839415615491362e+03,2.026373003125762740e+00
2.467000000000000171e+01,5.000000000000000000e+00,1.200000000000000000e+02,1.181089230834758297e+02,3.153026984093869487e+03,1.992699951109034862e+00
2.467999999999999972e+01,5.000000000000000000e+00,1.200000000000000000e+02,1.167789921540096856e+02,3.154200033505521333e+03,1.952503755314423106e+00
2.469000000000000128e+01,5.000000000000000000e+00,1.200000000000000000e+02,1.164361598468407237e+02,3.155366004754396272e+03,1.910957490266106840e+00
2.469999999999999929e+01,5.000000000000000000e+00,1.200000000000000000e+02,1.167780285799176738e+02,3.156532592142712019e+03,1.867929378970305532e+00
2.471000000000000085e+01,5.000000000000000000e+00,1.200000000000000000e+02,1.085559104658926799e+02,3.157655598258078044e+03,1.826271571452495524e+00
2.471999999999999886e+01,5.000000000000000000e+00,1.200000000000000000e+02,1.206321251152048717e+02,3.158832710626451899e+03,1.780244548170099250e+00
2.473000000000000043e+01,5.000000000000000000e+00,1.200000000000000000e+02,1.157206891710976180e+02,3.160009915114258092e+03,1.730835110166172308e+00
2.474000000000000199e+01,5.000000000000000000e+00,1.200000000000000000e+02,1.202596593301201011e+02,3.161194929681715166e+03,1.682132033490531642e+00
2.475000000000000000e+01,5.000000000000000000e+00,1.200000000000000000e+02,1.160341739333178310e+02,3.162373406671035355e+03,1.634294076506400906e+00
2.476000000000000156e+01,5.000000000000000000e+00,1.200000000000000000e+02,1.205054847961678206e+02,3.163578492141533843e+03,1.593726488862281965e+00
2.476999999999999957e+01,5.000000000000000000e+00,1.200000000000000000e+02,1.197337760302865632e+02,3.164779174874337514e+03,1.557911277362182823e+00
2.478000000000000114e+01,5.000000000000000000e+00,1.200000000000000000e+02,1.157443985037320573e+02,3.165955045876603890e+03,1.522463008052340472e+00
2.478999999999999915e+01,5.000000000000000000e+00,1.200000000000000000e+02,1.169652393339059415e+02,3.167123315863073913e+03,1.508801242932870768e+00
2.480000000000000071e+01,5.000000000000000000e+00,1.200000000000000000e+02,1.165881706625678191e+02,3.168311107385734431e+03,1.472726217856763054e+00
2.481000000000000227e+01,5.000000000000000000e+00,1.200000000000000000e+02,1.201172189474835079e+02,3.169518148001133341e+03,1.455830770537615892e+00
2.482000000000000028e+01,5.000000000000000000e+00,1.200000000000000000e+02,1.192562969922424259e+02,3.170714189535727655e+03,1.431484139643573350e+00
2.483000000000000185e+01,5.000000000000000000e+00,1.200000000000000000e+02,1.192490441342390852e+02,3.171906745600861996e+03,1.404987193988436189e+00
2.483999999999999986e+01,5.000000000000000000e+00,1.200000000000000000e+02,1.194181784175806911e+02,3.173101491542091026e+03,1.378219383549776023e+00
2.485000000000000142e+01,5.000000000000000000e+00,1.200000000000000000e+02,1.152329911961420947e+02,3.174271515737088066e+03,1.353965544656575704e+00
2.485999999999999943e+01,5.000000000000000000e+00,1.200000000000000000e+02,1.208419025728525895e+02,3.175460481564562997e+03,1.329166869045645960e+00
2.487000000000000099e+01,5.000000000000000000e+00,1.200000000000000000e+02,1.115475759254358508e+02,3.176613899120453425e+03,1.304129778974603360e+00
2.487999999999999901e+01,5.000000000000000000e+00,1.200000000000000000e+02,1.205341200385905012e+02,3.177814491896419440e+03,1.288592812020512790e+00
2.489000000000000057e+01,5.000000000000000000e+00,1.200000000000000000e+02,1.199802675475752096e+02,3.179016856646218457e+03,1.270022374386122532e+00
2.490000000000000213e+01,5.000000000000000000e+00,1.200000000000000000e+02,1.194227355737019707e+02,3.180215696984380429e+03,1.246116293421920762e+00
2.491000000000000014e+01,5.000000000000000000e+00,1.200000000000000000e+02,1.186336980117521591e+02,3.181392165758108604e+03,1.224721119714119899e+00
2.492000000000000171e+01,5.000000000000000000e+00,1.200000000000000000e+02,1.183858591933376374e+02,3.182578825873817095e+03,1.190645942782515343e+00
2.492999999999999972e+01,5.000000000000000000e+00,1.200000000000000000e+02,1.136990583005650848e+02,3.183736747399226715e+03,1.150459093332243610e+00
2.494000000000000128e+01,5.000000000000000000e+00,1.200000000000000000e+02,1.189657719667634836e+02,3.184906010427235742e+03,1.112479369192349576e+00
2.494999999999999929e+01,5.000000000000000000e+00,1.200000000000000000e+02,1.146608119469364198e+02,3.186069939832145337e+03,1.076559019947675111e+00
2.496000000000000085e+01,5.000000000000000000e+00,1.200000000000000000e+02,1.209046974766127818e+02,3.187255097172745081e+03,1.050082090567086457e+00
2.496999999999999886e+01,5.000000000000000000e+00,1.200000000000000000e+02,1.216095699916527622e+02,3.188457427956115680e+03,1.030964670259377103e+00
2.498000000000000043e+01,5.000000000000000000e+00,1.200000000000000000e+02,1.181615252119853494e+02,3.189655391304661862e+03,1.020115535892897496e+00
2.499000000000000199e+01,5.000000000000000000e+00,1.200000000000000000e+02,1.230095904523436303e+02,3.190868997622664210e+03,1.010173911786174328e+00
2.500000000000000000e+01,5.000000000000000000e+00,1.200000000000000000e+02,1.175585211093176383e+02,3.192052924522617559e+03,9.954917074441134162e-01
