time_s,phase_idx,phase_name,x_m,y_m,vx_cm_s,vy_cm_s,speed_cm_s
0.01,1,STRAIGHT,0.0,0.0,2.3418929548536966,0.4755666108020262,2.389691656532931
0.02,1,STRAIGHT,0.001833285945627136,0.0003840718831760806,27.341588616373674,5.782520748747104,27.94637748039458
0.03,1,STRAIGHT,0.0026824740423180143,0.000509164425134323,1.223851793108488,1.4851893914212124,1.924474146328023
0.04,1,STRAIGHT,0.0036297716790913565,0.000632445314225967,14.836748404751482,1.0472089250993033,14.873659595361973
0.05,1,STRAIGHT,0.003929637623850291,0.0007685987336843308,-1.149665733835621,1.8481866580937614,2.1765856800759265
0.060000000000000005,1,STRAIGHT,0.0044760909568944685,0.0008993879374348465,10.574411196877842,1.2354281619149163,10.646335280457212
0.07,1,STRAIGHT,0.005139980654120593,0.0010989700303738331,4.120861084311317,2.493752068132101,4.81666850151685
0.08,1,STRAIGHT,0.006304341804864333,0.0013639110792064216,13.502964775590076,2.9375155457198137,13.818793554872
0.09,1,STRAIGHT,0.008039456861897804,0.00170315771460737,19.745961358596876,3.69475331757328,20.088658293995636
0.09999999999999999,1,STRAIGHT,0.010321763906970927,0.0020962192933809617,24.627372885251173,4.0019133645426646,24.950406926671754
0.10999999999999999,1,STRAIGHT,0.01303339052121387,0.002507801993897482,28.547384166495227,4.187635326080877,28.85289296368222
0.11999999999999998,1,STRAIGHT,0.015958171187341372,0.002930143595312587,29.610605034403186,4.245136601989305,29.913360146813538
0.12999999999999998,1,STRAIGHT,0.018983787318553186,0.003359722075989127,30.50105467295015,4.31894447872478,30.805318007977156
0.13999999999999999,1,STRAIGHT,0.02177483519079325,0.0037494845236166127,26.017128407338074,3.6387177640178123,26.270349018048783
0.15,1,STRAIGHT,0.024772157930153416,0.004165454597970894,32.484670541675676,4.528131948622283,32.7987469142549
0.16,1,STRAIGHT,0.027940281868841996,0.004640475092846527,33.869702551622375,5.145750508262378,34.25836393099731
0.17,1,STRAIGHT,0.031548482198875655,0.00519629852354183,37.117877422135756,5.753446100175273,37.56113638260053
0.18000000000000002,1,STRAIGHT,0.03548560766217489,0.005796489147513718,40.728420486410336,6.137672022080018,41.18829024332611
0.19000000000000003,1,STRAIGHT,0.0398288242175696,0.00642518337324649,45.022274294661,6.359004796740771,45.46913375762359
0.20000000000000004,1,STRAIGHT,0.04463480528751,0.007073918345756061,49.78089375752981,6.562833122480158,50.21163373056082
0.21000000000000005,1,STRAIGHT,0.049840720349260625,0.007721644328393035,53.19926286370289,6.571553981782937,53.60360893612336
0.22000000000000006,1,STRAIGHT,0.05515760030801499,0.008381252541315914,53.06981145761283,6.6626417624331244,53.48640652914618
0.23000000000000007,1,STRAIGHT,0.060471474053717125,0.009049288303304655,53.11204684412842,6.74246290553056,53.53830708946023
0.24000000000000007,1,STRAIGHT,0.06554379008199308,0.009792589134365606,48.9500337136592,7.933252140926523,49.588731483068685
0.25000000000000006,1,STRAIGHT,0.07079484429939233,0.01050023400924445,54.737964873055866,6.556815290884227,55.129271945153334
0.26000000000000006,1,STRAIGHT,0.07618056690482407,0.011172145291289882,54.87153654268063,6.423014174175864,55.24618207293967
0.2700000000000001,1,STRAIGHT,0.08168190321865655,0.011797453608307279,55.028295692517496,6.1718158086334505,55.37332062644281
0.2800000000000001,1,STRAIGHT,0.08717904984477794,0.012413562792228147,54.91085867676724,6.159044351003916,55.255191864091266
0.2900000000000001,1,STRAIGHT,0.09268292009375935,0.01301256425498877,55.0466446690151,5.925865394824216,55.36469064299361
0.3000000000000001,1,STRAIGHT,0.09813465105673518,0.013538301808605734,55.46615494913676,5.624018477857196,55.75055092715163
0.3100000000000001,1,STRAIGHT,0.10368422444696666,0.014085613561994753,55.49058517268088,5.373506490950308,55.75015349588588
0.3200000000000001,1,STRAIGHT,0.10925380481525455,0.014610145578432834,55.829368999398824,5.173594986093002,56.06856987610046
0.3300000000000001,1,STRAIGHT,0.11487126002106544,0.01511617558787623,56.40944771159062,5.003423759473675,56.63091064466068
0.34000000000000014,1,STRAIGHT,0.12056186074519094,0.01560732335841121,57.223373550359355,4.870547137433843,57.43027694432556
0.35000000000000014,1,STRAIGHT,0.1263248929658366,0.016083502695927496,57.68616720427331,4.680410961358043,57.87573009031141
0.36000000000000015,1,STRAIGHT,0.13183193393146747,0.01650843347664937,53.00627978377954,3.9880792033607038,53.15609534426503
0.37000000000000016,1,STRAIGHT,0.13749506650078752,0.016924270089978023,58.86865588909808,4.289750536357464,59.02474570765401
0.38000000000000017,1,STRAIGHT,0.1431317890117373,0.01731192225377807,54.50616314200117,3.6239669647202835,54.62650416257506
0.3900000000000002,1,STRAIGHT,0.14912349215135395,0.017712586478385604,60.383713733699665,3.957941942110685,60.51328935606218
0.4000000000000002,1,STRAIGHT,0.15527114530739555,0.018101030294975354,62.12151089271155,3.8267756146293324,62.23926676301708
0.4100000000000002,1,STRAIGHT,0.16139955854841365,0.018582838308321845,60.5164339575889,5.505431255345669,60.76634391051148
0.4200000000000002,1,STRAIGHT,0.16807108309282487,0.018966245510377774,67.75284629359318,3.925213972507783,67.86645331541375
0.4300000000000002,1,STRAIGHT,0.1750500547928716,0.019391981817166136,70.95764503665319,4.4361790228949225,71.09618184875224
0.4400000000000002,1,STRAIGHT,0.1822980933193768,0.019866500810697477,72.54697983689907,4.8510870219662205,72.70899070094517
0.45000000000000023,1,STRAIGHT,0.18955591497610225,0.020370487766285826,72.48764807331541,5.200723978169366,72.67397507428593
0.46000000000000024,1,STRAIGHT,0.19685964559333735,0.02092281962351663,73.02321795314792,5.743030216596337,73.24870480972126
0.47000000000000025,1,STRAIGHT,0.20417034861812638,0.021532540294145495,73.12809895904059,6.3626081950774775,73.40437071733058
0.48000000000000026,1,STRAIGHT,0.21148587378410993,0.02219721191666621,73.30825652063744,6.929491385469221,73.63503462996995
0.49000000000000027,1,STRAIGHT,0.21859882038595607,0.022908253303764232,69.54060071874537,7.227670825175084,69.91519415607065
0.5000000000000002,1,STRAIGHT,0.22593813480265018,0.023680780949470792,75.80420476575354,7.945095686424147,76.2194332544839
0.5100000000000002,1,STRAIGHT,0.23340566746931635,0.0244523613744507,76.40095102904631,7.752859840435941,76.79330800172744
0.5200000000000002,1,STRAIGHT,0.24115923051199428,0.02521476590314648,77.87423109497546,7.487959894508112,78.23340342855731
0.5300000000000002,1,STRAIGHT,0.2490444605857733,0.02595034831547137,79.36333340685519,7.2570266231185805,79.69443597175594
0.5400000000000003,1,STRAIGHT,0.25679763806683065,0.026756314567840868,75.69295483831743,8.704639896175273,76.19182480999946
0.5500000000000003,1,STRAIGHT,0.2648453407572645,0.02746859811175696,80.41280004610547,7.18529853912656,80.73318355144504
0.5600000000000003,1,STRAIGHT,0.27292133795545187,0.028199397647910143,80.63716343470865,7.342576599972876,80.97076977479207
0.5700000000000003,1,STRAIGHT,0.2809659600742153,0.028914836376422705,80.31596481062678,7.092525570504797,80.62851928709905
0.5800000000000003,1,STRAIGHT,0.28874648437089767,0.029514884237709996,75.8965643374788,5.276617680218028,76.07976848266725
0.5900000000000003,1,STRAIGHT,0.29683379125647735,0.030213090904197416,80.66184852544588,6.973916861720052,80.9627650462616
0.6000000000000003,1,STRAIGHT,0.3049267605187993,0.030933826741958822,80.99711431943557,7.316595775823958,81.32690269414248
0.6100000000000003,1,STRAIGHT,0.31306837618166217,0.03167272757740921,81.54865921031642,7.394308512818909,81.88320717572725
0.6200000000000003,1,STRAIGHT,0.3212577451632826,0.03242223629246988,81.78253789654124,7.408451746683231,82.11740778959195
0.6300000000000003,1,STRAIGHT,0.32944126119731276,0.033149803154028545,81.67212414577385,7.108440268667664,81.98088670864637
0.6400000000000003,1,STRAIGHT,0.33737356148291736,0.033900070075007636,77.77770009552846,7.755939896565514,78.16345204652302
0.6500000000000004,1,STRAIGHT,0.34551083061881116,0.03458850328995414,83.73576706379566,6.306434997666158,83.97291115676552
0.6600000000000004,1,STRAIGHT,0.3538732351905442,0.03523528885464447,85.04695526074808,6.190161651717813,85.27193383756511
0.6700000000000004,1,STRAIGHT,0.36246946656860046,0.03586785875641939,86.30620378526027,6.58083254673483,86.55673381563699
0.6800000000000004,1,STRAIGHT,0.37102128558344544,0.03647806144583555,85.65439094604312,6.1966499401126205,85.87824613263764
0.6900000000000004,1,STRAIGHT,0.3796504448742963,0.03709906169936215,86.4917303428419,6.2505675403172285,86.71729361710354
0.7000000000000004,1,STRAIGHT,0.38809494446173054,0.03768351159152819,82.52074315985065,5.57168574070157,82.7086255093577
0.7100000000000004,1,STRAIGHT,0.39681243666379623,0.038275047279778845,89.87496018031334,6.1531566013253345,90.08534733003664
0.7200000000000004,1,STRAIGHT,0.40571073459242574,0.038861818252465125,90.4510980818798,5.999742558585567,90.64986516805826
0.7300000000000004,1,STRAIGHT,0.4148860427743983,0.039445690747004714,91.81072485319723,5.611689926795246,91.98206489258644
0.7400000000000004,1,STRAIGHT,0.42404740588224893,0.03998467946024404,91.25700881461074,5.341779702899756,91.41321714163797
0.7500000000000004,1,STRAIGHT,0.4330880738059883,0.04054506078221048,91.0490178427292,5.0741676206646,91.19030007170839
0.7600000000000005,1,STRAIGHT,0.4421628644578615,0.04101645764017341,90.46052292127636,4.552772629752229,90.57501833181702
0.7700000000000005,1,STRAIGHT,0.4512278435971154,0.041432836620880056,90.58419206336376,3.973735139971995,90.67130981040818
0.7800000000000005,1,STRAIGHT,0.46026497787863324,0.04181954820248464,90.2562817681303,3.90068031932774,90.34053190878232
0.7900000000000005,1,STRAIGHT,0.46898203009044753,0.042214111962205286,85.31318375853523,4.270230333618141,85.41998706461943
0.8000000000000005,1,STRAIGHT,0.47788586954390505,0.04266758242582139,91.29297106672091,4.717539511819278,91.41477859315044
0.8100000000000005,1,STRAIGHT,0.4867337576206742,0.0431493078564913,86.38763360109414,4.879706780305184,86.52534182225831
0.8200000000000005,1,STRAIGHT,0.49586946617431765,0.04361486303503156,91.68118334789777,4.571120624429303,91.79506808012036
0.8300000000000005,1,STRAIGHT,0.5051210479078828,0.044052219780967364,93.06448882150745,4.244152832551576,93.16121463825245
0.8400000000000005,1,STRAIGHT,0.5145533613442664,0.04443118142795491,95.01296917680861,3.456016807541098,95.07580325175901
0.8500000000000005,1,STRAIGHT,0.5241409207212409,0.04474292362796833,96.04714473476768,3.110380878181432,96.0974946650992
0.8600000000000005,1,STRAIGHT,0.5335889537390698,0.04510926653614862,93.1660317676565,4.109878208689464,93.25663823140013
0.8700000000000006,1,STRAIGHT,0.5430572590634046,0.04536130238407625,95.30018511464658,1.4342102018809328,95.31097650212742
0.8800000000000006,1,STRAIGHT,0.5529408952888094,0.04562037856259289,99.21486291784214,2.516587565647002,99.24677444018913
0.8900000000000006,1,STRAIGHT,0.5627938505573477,0.045851396620798054,97.96622588869866,2.2974522585647335,97.99316150505562
0.9000000000000006,1,STRAIGHT,0.5725408525978342,0.046094337256200525,97.04566965693861,2.4956771072441666,97.07775442081095
0.9100000000000006,1,STRAIGHT,0.5822120773274124,0.046361873204632545,96.39139132514507,2.7694904377158953,96.43116922905088
0.9200000000000006,1,STRAIGHT,0.5918206545825782,0.046653941809906355,95.94240544391046,3.0172488997095552,95.98983776049681
0.9300000000000006,1,STRAIGHT,0.601398593079042,0.046966740288902964,95.68794268240104,3.16475602278425,95.74026350221841
0.9400000000000006,1,STRAIGHT,0.6106182774364858,0.0473172005662203,90.37151790507171,3.26840961524021,90.43060184406434
0.9500000000000006,1,STRAIGHT,0.6200591355799004,0.047641832997909354,96.69288446076655,3.1724320764740606,96.74491320282938
0.9600000000000006,1,STRAIGHT,0.6294462346507039,0.04793628184110067,92.07948566377901,3.0332787079134538,92.12943318954028
0.9700000000000006,1,STRAIGHT,0.6391473960319063,0.04828479421277207,97.04053784797739,3.7793942789315174,97.11410714690402
0.9800000000000006,1,STRAIGHT,0.6488966734270132,0.04870497195376463,97.56082999097137,4.632441762225139,97.67074825764172
0.9900000000000007,1,STRAIGHT,0.6586850315896868,0.049252747320931045,98.11311951443066,6.010708476172602,98.29706423509549
1.0000000000000007,1,STRAIGHT,0.668553102984825,0.04992496582043071,99.07509789902801,7.281662877750112,99.34232551116965
1.0100000000000007,1,STRAIGHT,0.6782688299965988,0.05076665716044689,95.22615957879299,9.041756185945813,95.65445532254019
1.0200000000000007,1,STRAIGHT,0.6881313658509512,0.05162778813112299,100.80643694522493,8.144817149632773,101.13493845349669
1.0300000000000007,1,STRAIGHT,0.6976963014733307,0.0523974024281115,91.69288989356876,7.376052790289371,91.98908746041162
1.0400000000000007,1,STRAIGHT,0.7076968698460095,0.0531573339921835,100.21727757575883,7.591437623465068,100.50439119704
1.0500000000000007,1,STRAIGHT,0.7176783104442822,0.053903661488402435,99.45393644435111,7.215961500424732,99.715372810077
1.0600000000000007,1,STRAIGHT,0.7276205032619266,0.05459654450505497,99.19435952185893,6.815620282895933,99.42823361999562
1.0700000000000007,1,STRAIGHT,0.7375379895996013,0.05526970343454026,98.89609202636875,6.662958614513561,99.12029073598765
1.0800000000000007,1,STRAIGHT,0.7474444565126969,0.0559476540873208,98.93265968085765,6.740305246595684,99.16200313802501
1.0900000000000007,1,STRAIGHT,0.7573972471135119,0.05662720924594875,99.7227856401797,6.827788991348458,99.95625382309808
1.1000000000000008,1,STRAIGHT,0.7671797062007395,0.05738497715126842,96.54382456822394,8.150249312876259,96.88723665231682
1.1100000000000008,1,STRAIGHT,0.7771363439871477,0.05811458920039361,101.46567214562508,6.771036467017258,101.6913445618709
1.1200000000000008,1,STRAIGHT,0.7871599818436164,0.0588439461240742,101.80092753015451,7.0049260259735915,102.04164754956248
1.1300000000000008,1,STRAIGHT,0.797184670309462,0.05948498601239184,98.84349929540069,6.08931865987465,99.0308899015927
1.1400000000000008,1,STRAIGHT,0.8074580122629699,0.06014644604320619,105.00463257643567,7.081142843142525,105.24312541195859
1.1500000000000008,1,STRAIGHT,0.8177980630864984,0.060807847179420456,103.95881203222241,6.667013035013175,104.1723747543464
1.1600000000000008,1,STRAIGHT,0.8281865223763346,0.06145437732507383,103.796270459073,6.259245089732422,103.98482538479531
1.1700000000000008,1,STRAIGHT,0.8385732341750163,0.062057351496279514,103.71297821173016,5.994758841853371,103.8860865713922
1.1800000000000008,1,STRAIGHT,0.8489593448641639,0.0626447735605717,103.92462952786042,5.840612898250545,104.0886227285684
1.1900000000000008,1,STRAIGHT,0.8592139565530612,0.06314552639049748,103.80098799292024,5.6832986431053545,103.95645719133128
1.2000000000000008,1,STRAIGHT,0.8696178674942681,0.06372023260873147,103.81769804344243,5.656118110275419,103.97166007675733
1.2100000000000009,1,STRAIGHT,0.879976904789551,0.06427442223705702,103.38207171811567,5.467806974963857,103.5265650248528
1.2200000000000009,1,STRAIGHT,0.8900888941193101,0.06487045828178963,99.42336892130724,6.329636168478658,99.6246484645626
1.2300000000000009,1,STRAIGHT,0.9004050174291784,0.06540327986677506,105.52719627384374,4.703745908804098,105.63197611988964
1.2400000000000009,1,STRAIGHT,0.9109975973625212,0.06587276403986803,106.51753682536204,4.668472705411339,106.6197931377825
1.2500000000000009,1,STRAIGHT,0.9217033991090761,0.06634382164117814,106.96308075861198,4.834822675472158,107.07229406189359
1.260000000000001,1,STRAIGHT,0.9322198206032628,0.0667912060371685,103.5226157401101,4.219542135562321,103.60857351352868
1.270000000000001,1,STRAIGHT,0.9428736147562402,0.06723670910990953,108.72707608073017,4.798980132469531,108.83293289890116
1.280000000000001,1,STRAIGHT,0.9535579224801465,0.06767593099199053,108.20046797255812,4.447884324568729,108.29185077578698
1.290000000000001,1,STRAIGHT,0.9644081811646188,0.06807595676808835,108.32752560470766,3.683002193738187,108.3901162874073
1.300000000000001,1,STRAIGHT,0.9750043351411772,0.06848317979399637,104.2444576569307,4.375476698846612,104.33624369570609
1.310000000000001,1,STRAIGHT,0.9858159787269558,0.06876946715238601,108.86363618531666,2.561898787457606,108.89377672248386
1.320000000000001,1,STRAIGHT,0.9967389930816362,0.06901918859552693,109.2389520671109,2.528193713397737,109.26820403105843
1.330000000000001,1,STRAIGHT,1.0074995032661649,0.06921736042422505,106.1786036858654,1.5480241117066065,106.18988774516383
1.340000000000001,1,STRAIGHT,1.0185231438740248,0.06946716529016043,112.12971305359206,3.0721080950556656,112.17178966936652
1.350000000000001,1,STRAIGHT,1.02962246843745,0.06973420591510192,111.56926138806116,2.888664890375174,111.60665065992438
1.360000000000001,1,STRAIGHT,1.040763682845017,0.07001784077922558,111.20529959172451,2.785791711717682,111.24018739981645
1.370000000000001,1,STRAIGHT,1.0518751613959778,0.07029157590843567,111.11451909649999,2.718559081671308,111.14777063678333
1.380000000000001,1,STRAIGHT,1.0626963746039806,0.0705641235770526,106.32702230435385,2.8543844420935383,106.36532885604137
1.390000000000001,1,STRAIGHT,1.073640461167549,0.07081622458717406,111.33075482525325,2.3225451593106428,111.35497827209025
1.400000000000001,1,STRAIGHT,1.0844849678003738,0.07106309929655016,106.41572555987044,2.577734967050448,106.44694154363488
1.410000000000001,1,STRAIGHT,1.0954643777498616,0.07130091231310104,110.47483868868228,2.27436158268416,110.49824751505864
1.420000000000001,1,STRAIGHT,1.106546794233226,0.07152781545724712,110.8689382051406,2.255869004098686,110.89188610398388
1.430000000000001,1,STRAIGHT,1.1177216766163203,0.0717453408368914,112.19683723291286,2.0943342422503064,112.21638258733438
1.440000000000001,1,STRAIGHT,1.128801639673298,0.07186183862707575,109.13623842921996,0.4584012838947837,109.13720112874724
1.450000000000001,1,STRAIGHT,1.1401818703098852,0.0720697433944998,113.70415275600114,2.014565070882674,113.72199798800962
1.460000000000001,1,STRAIGHT,1.1514958533837427,0.07227977684451065,112.86414174246895,2.175974052561281,112.88511573427891
1.470000000000001,1,STRAIGHT,1.1625236309606868,0.07253230950938216,108.33631605382246,2.724965805137456,108.37058094682743
1.480000000000001,1,STRAIGHT,1.1737121050033872,0.07284653541625727,114.05527132762354,3.388047106991885,114.10558172507173
1.490000000000001,1,STRAIGHT,1.1849019696309704,0.07326248798688906,110.23293643515369,4.616574203505038,110.32956554112366
1.500000000000001,1,STRAIGHT,1.1961936876536385,0.07386622756361673,116.83672661919651,5.875230517262479,116.98435374322429
1.5100000000000011,1,STRAIGHT,1.2079891716829287,0.07449031604894933,118.37905151361092,6.450206702953248,118.55464986145827
1.5200000000000011,1,STRAIGHT,1.21987488994556,0.075146477513659,118.89466669106312,6.576821217307721,119.07643068593981
1.5300000000000011,1,STRAIGHT,1.2316974471105067,0.0757653242916416,118.68812664815562,6.512290207120517,118.86665357025234
1.5400000000000011,1,STRAIGHT,1.2435526118094287,0.07635602661839598,118.14489235747843,5.53862781249881,118.27464643027072
1.5500000000000012,1,STRAIGHT,1.255072703872469,0.0768557911930927,113.1061354996686,4.595814464778947,113.19946730556669
1.5600000000000012,1,STRAIGHT,1.2666774986579679,0.07728999622151105,118.0052837276409,4.384698467058798,118.0867163075003
1.5700000000000012,1,STRAIGHT,1.2781601472548114,0.07772559439150982,112.70574262620221,4.324567129057886,112.78867984765786
1.5800000000000012,1,STRAIGHT,1.289749845349317,0.07817755914735762,117.86788633553628,4.765139328804762,117.96416906005749
1.5900000000000012,1,STRAIGHT,1.3014052415060222,0.07867395827518019,117.31536801473057,5.186729079603106,117.42996947532971
1.6000000000000012,1,STRAIGHT,1.312871516119337,0.0792793194386131,112.5987394176485,6.62076684789178,112.79322086055375
1.6100000000000012,1,STRAIGHT,1.3244851291201134,0.07981644389750599,116.46340749815687,5.061990510197153,116.57336331258125
1.6200000000000012,1,STRAIGHT,1.3359533298797137,0.08024370505343345,115.59348557142177,4.844285777947465,115.69494808006493
1.6300000000000012,1,STRAIGHT,1.3475147669247807,0.0807284284836676,115.32757616852527,4.695212061330683,115.42311224883801
1.6400000000000012,1,STRAIGHT,1.3590503640733407,0.08117555638309686,115.39125015169644,4.332604500176266,115.47255982841263
1.6500000000000012,1,STRAIGHT,1.3704279089394973,0.08157610888244851,112.42854410134949,3.7673701312744536,112.49164682968733
1.6600000000000013,1,STRAIGHT,1.3821156588219952,0.0819410248610147,119.18625330415473,3.504100535722965,119.23775281867144
1.6700000000000013,1,STRAIGHT,1.3937562998875677,0.08225920400579878,114.42746719480866,2.9265125180913247,114.46488424026626
1.6800000000000013,1,STRAIGHT,1.4054099819662913,0.08261233365808439,119.29850561701065,3.1508976131668165,119.34010892495692
1.6900000000000013,1,STRAIGHT,1.4172351660114306,0.08295397754933641,117.81020208845912,3.5952370546708807,117.86504759937466
1.7000000000000013,1,STRAIGHT,1.428984620691919,0.08332680130456302,117.2848920267912,3.835491621038134,117.34759006349948
1.7100000000000013,1,STRAIGHT,1.440738968958187,0.08371678229665558,117.68333861299749,3.984522622218288,117.75077327826087
1.7200000000000013,1,STRAIGHT,1.4523397437588268,0.08410469306838333,114.77305358622128,3.933885056526655,114.84045141475012
1.7300000000000013,1,STRAIGHT,1.4641649680495918,0.08455417431884585,120.48929299496294,4.645786645773624,120.57882508958227
1.7400000000000013,1,STRAIGHT,1.47595886836645,0.08500781647610621,115.82998596967764,4.452257274659243,115.91552201743937
1.7500000000000013,1,STRAIGHT,1.487823544301862,0.08547659409408863,120.41225799584345,4.791263487679725,120.5075436703692
1.7600000000000013,1,STRAIGHT,1.4994589440202966,0.08601931709038443,118.4612865543021,4.9460692642807995,118.56449727160125
1.7700000000000014,1,STRAIGHT,1.5113320412638502,0.08650088848444662,118.22529854299424,4.786405476439163,118.32214878443091
1.7800000000000014,1,STRAIGHT,1.5229017715352997,0.08689622945643777,113.79001140329585,3.3343536871876704,113.83885369096731
1.7900000000000014,1,STRAIGHT,1.5346755265847623,0.0873467406719264,118.40029650751877,4.689145877230338,118.49311499883153
1.8000000000000014,1,STRAIGHT,1.546515109495038,0.08779079956346493,118.06487647013901,4.23911643605387,118.14095464345804
1.8100000000000014,2,CURVE RIGHT,1.5582675775373147,0.08818251850223527,117.11071665133122,3.7439126916987373,117.17054594407013
1.8200000000000014,2,CURVE RIGHT,1.5699081025561412,0.08832949771705903,116.91464050769834,2.042437245942975,116.93247929873014
1.8300000000000014,2,CURVE RIGHT,1.5812081581172475,0.08869542256553634,112.12886931086632,3.27760085527192,112.17676230084292
1.8400000000000014,2,CURVE RIGHT,1.5928250699483162,0.08889593267820621,118.49389502861499,1.5584418206126347,118.50414296538607
1.8500000000000014,2,CURVE RIGHT,1.6045049465009809,0.08912850913451201,115.07771061546572,3.2153809854723083,115.12262225722019
1.8600000000000014,2,CURVE RIGHT,1.6163830898349019,0.08937829256349392,119.05660531260915,2.6556547439956777,119.08621990256346
1.8700000000000014,2,CURVE RIGHT,1.6281476932776573,0.08960286522155528,119.12158079396258,2.5777567944741,119.14946848787875
1.8800000000000014,2,CURVE RIGHT,1.64009749485948,0.08982961701124063,119.3239681072624,2.1216668478248746,119.34282900566808
1.8900000000000015,2,CURVE RIGHT,1.6520138060610678,0.08998858776687461,119.01933081135137,1.3282096796306195,119.02674173367495
1.9000000000000015,2,CURVE RIGHT,1.6639125328600957,0.090056377842823,118.96628071616763,0.3425096218417914,118.96677376595137
1.9100000000000015,2,CURVE RIGHT,1.6756227090221238,0.09015207760701816,115.37133630561922,1.7752298695035997,115.38499331383551
1.9200000000000015,2,CURVE RIGHT,1.6874647450956621,0.09011410978455284,120.21451857546437,-1.5670918147286086,120.22473228535988
1.9300000000000015,2,CURVE RIGHT,1.6992896690961397,0.09007211214239637,119.24454756261265,-0.794746810200019,119.24719596663273
1.9400000000000015,2,CURVE RIGHT,1.7110716590429331,0.08999178371999597,118.80664231361303,-0.6064535297879847,118.8081901373747
1.9500000000000015,2,CURVE RIGHT,1.723045539522648,0.08989372193295964,119.8834874185197,-1.0193246416041253,119.88782080908533
1.9600000000000015,2,CURVE RIGHT,1.7351101279607886,0.08973035110720043,120.96097368103077,-1.8129645141504127,120.97455928496943
1.9700000000000015,2,CURVE RIGHT,1.7471132304439756,0.08970335143599056,119.11581358481808,1.2771854115551367,119.12266051658106
1.9800000000000015,2,CURVE RIGHT,1.759446149355604,0.08942105219535304,123.82924847616772,-2.9838823421669143,123.86519419112207
1.9900000000000015,2,CURVE RIGHT,1.7717037385429992,0.08912234222327503,121.3707319472129,-2.8173843311632196,121.40342757876192
2.0000000000000013,2,CURVE RIGHT,1.7841989903706161,0.0886405480728515,126.67120328456001,-5.583930714984765,126.79421920493093
2.010000000000001,2,CURVE RIGHT,1.7965905930475758,0.08806921408114875,121.82379893462615,-5.592831252647939,121.95211252079572
2.020000000000001,2,CURVE RIGHT,1.8091379160534193,0.08727930035505178,125.12441577025615,-8.233185984123676,125.39499500895997
2.0300000000000007,2,CURVE RIGHT,1.8215912374470402,0.08641539735561476,124.27103656606693,-8.736926050715956,124.57778456057254
2.0400000000000005,2,CURVE RIGHT,1.8340194227188258,0.08549195593188758,124.41466904366185,-9.393652776660446,124.7687885079132
2.0500000000000003,2,CURVE RIGHT,1.846256426933591,0.08465853606830054,120.84248865059575,-7.018030839338832,121.04610617500784
2.06,2,CURVE RIGHT,1.8586890652503092,0.0836904829403974,126.42440185592716,-10.958910029017174,126.89849129778122
2.07,2,CURVE RIGHT,1.8710757471260184,0.08278672214014907,122.27638010282067,-7.929738667559614,122.53323584393448
2.0799999999999996,2,CURVE RIGHT,1.8836297793063284,0.08177233881317507,127.28987296060453,-11.172043804049508,127.77920926773041
2.0899999999999994,2,CURVE RIGHT,1.8962526302261347,0.08075326745621852,125.92311170129985,-9.730393942481873,126.29849811780791
2.099999999999999,2,CURVE RIGHT,1.9087842177146124,0.07985878696156777,124.97207582740297,-8.330998376153016,125.24945217666072
2.109999999999999,2,CURVE RIGHT,1.9211040854343755,0.07907869049331202,124.58416120127632,-7.904348493797868,124.83465843801955
2.1199999999999988,2,CURVE RIGHT,1.93361429593218,0.07824005044125384,125.20414447281732,-8.561148411819028,125.4964981794285
2.1299999999999986,2,CURVE RIGHT,1.9459175054894935,0.0775361178750649,121.63747553070421,-5.62167267008132,121.76731358247255
2.1399999999999983,2,CURVE RIGHT,1.958354877002868,0.07660657465275676,126.10353791871125,-11.414662052099683,126.61910118690423
2.149999999999998,2,CURVE RIGHT,1.9708159072810028,0.0754891818779048,123.29578995631833,-10.347638990628443,123.72924251620125
2.159999999999998,2,CURVE RIGHT,1.9834113659618842,0.0740952023354165,126.43442145649102,-14.846809617628518,127.30314483491641
2.1699999999999977,2,CURVE RIGHT,1.9960530324760364,0.07257137434350473,126.19281213484268,-15.010500315766585,127.08241795869846
2.1799999999999975,2,CURVE RIGHT,2.0086142334156256,0.0710989489169718,125.42940880371691,-14.455330001657954,126.25962600256176
2.1899999999999973,2,CURVE RIGHT,2.0211261476990243,0.06967881369095623,124.90300268665113,-13.902700091003167,125.67436154586964
2.199999999999997,2,CURVE RIGHT,2.033604397295652,0.0683069289505431,124.75742690846046,-13.508925727285984,125.4866791461356
2.209999999999997,2,CURVE RIGHT,2.0459448955411963,0.06709736958029698,122.26728538618654,-10.94543662596667,122.75622859407274
2.2199999999999966,2,CURVE RIGHT,2.0584305363590896,0.0657219232572836,126.47984160347825,-15.244637938169687,127.3952484118102
2.2299999999999964,2,CURVE RIGHT,2.0707382764499336,0.06460579680674905,120.92426129682809,-7.9578929926058555,121.18582850756651
2.239999999999996,2,CURVE RIGHT,2.0832185448516043,0.06307139958166305,126.50988919376837,-17.334659412002086,127.69198283662786
2.249999999999996,2,CURVE RIGHT,2.0958279857202804,0.06133604434352931,126.02806294182582,-17.197014713995053,127.19595105168315
2.259999999999996,2,CURVE RIGHT,2.1083812963832833,0.05963334193163836,125.42472874343171,-16.79530243449947,126.54424034395927
2.2699999999999956,2,CURVE RIGHT,2.1209042941482186,0.05796689608047958,125.14830266869177,-16.423381876550074,126.22133390642595
2.2799999999999954,2,CURVE RIGHT,2.1334315409750944,0.05633699179408284,125.4001383636496,-16.082675453918082,126.42724054324101
2.289999999999995,2,CURVE RIGHT,2.1459909055346156,0.05471442618530643,125.5986773751184,-16.248406729646657,126.64532553407216
2.299999999999995,2,CURVE RIGHT,2.158541001912908,0.05298446455366221,125.58910303645523,-17.834786955239185,126.84913254429506
2.3099999999999947,2,CURVE RIGHT,2.1709939872074786,0.051249169232768337,123.71667247040392,-16.365122864992,124.79436002294129
2.3199999999999945,2,CURVE RIGHT,2.1835615852845707,0.049308569499751785,127.08698379764402,-21.28316725447216,128.85679904127863
2.3299999999999943,2,CURVE RIGHT,2.196064395021565,0.047449540083416133,124.36560811596875,-17.079848216655225,125.53296657515385
2.339999999999994,2,CURVE RIGHT,2.208697381766423,0.04540846671741804,126.65855100871184,-21.0225511968548,128.391340060188
2.349999999999994,2,CURVE RIGHT,2.2213287799255133,0.04325462580033279,126.03439349268699,-21.573940154587447,127.86752221288712
2.3599999999999937,2,CURVE RIGHT,2.2339154876087197,0.041020530004173605,125.8748694667811,-22.7007239081442,127.90545582277939
2.3699999999999934,2,CURVE RIGHT,2.2465271228272212,0.03859998251571589,126.34384760520032,-25.171985939706392,128.82700300726887
2.3799999999999932,2,CURVE RIGHT,2.2591939948532715,0.03591492063489929,126.7976792152944,-27.257770141889765,129.69440037061275
2.389999999999993,2,CURVE RIGHT,2.2718658682743373,0.03316434782173769,126.88073461344109,-27.530731244249235,129.83320830546222
2.399999999999993,2,CURVE RIGHT,2.2845652720979843,0.030429231260309407,127.43954814473166,-27.17072082097976,130.3038238167438
2.4099999999999926,2,CURVE RIGHT,2.297162769107791,0.02785513076896802,127.10384473488084,-26.52982827421504,129.8430557813857
2.4199999999999924,2,CURVE RIGHT,2.30978823119581,0.02539825165465242,125.66891027736267,-22.780231527252432,127.7169290217043
2.429999999999992,2,CURVE RIGHT,2.3224213458552816,0.022708802834348743,126.88730723326913,-29.4324643724684,130.2561272875355
2.439999999999992,2,CURVE RIGHT,2.3349820594013133,0.01981309184556227,124.86456126561045,-28.482797820183958,128.07196583061753
2.4499999999999917,2,CURVE RIGHT,2.3475975400066034,0.016331826675456136,126.45560512085396,-37.04644682262378,131.77047957969506
2.4599999999999915,2,CURVE RIGHT,2.3602736915268325,0.012342474399565609,127.07231981531521,-41.34228239944246,133.62843551146216
2.4699999999999913,2,CURVE RIGHT,2.372963742515218,0.008211187691257713,126.87368809647009,-41.102821060338826,133.36556763392343
2.479999999999991,2,CURVE RIGHT,2.3856478318171606,0.004340224129336288,126.94933959330912,-36.74206619464203,132.15942740277282
2.489999999999991,2,CURVE RIGHT,2.3982944299057545,0.00019809587840337317,126.44886380922686,-42.35249417307221,133.3530986566286
2.4999999999999907,2,CURVE RIGHT,2.41093770045682,-0.0041117855198097575,126.77335749649446,-43.527741330036335,134.03786195037782
2.5099999999999905,2,CURVE RIGHT,2.4236595267444847,-0.008615772518479725,127.67895979480959,-46.03872154461433,135.72575531470488
2.5199999999999902,2,CURVE RIGHT,2.4364707637014873,-0.013290865458942633,128.60137573091555,-46.66977874318559,136.80782904432775
2.52999999999999,2,CURVE RIGHT,2.4493071035740863,-0.018012775857083788,128.30931754588735,-47.336986328465294,136.76282844308489
2.53999999999999,2,CURVE RIGHT,2.4619737843812812,-0.0225641198285437,125.68464679057905,-44.10813893803881,133.19969354112624
2.5499999999999896,2,CURVE RIGHT,2.4746074204517057,-0.02739486661677959,126.87061657806464,-50.91008820245649,136.7040249286033
2.5599999999999894,2,CURVE RIGHT,2.4872289380783035,-0.03261976953043344,126.0730388954074,-53.32284947001901,136.88585541218353
2.569999999999989,2,CURVE RIGHT,2.499828794341165,-0.038161968626100815,126.1628147599543,-56.612082248710216,138.2822609183451
2.579999999999989,2,CURVE RIGHT,2.5124536877915595,-0.04392723675543621,126.50494238079935,-57.72560049097447,139.05303088682732
2.5899999999999888,2,CURVE RIGHT,2.5251098177920666,-0.04974344030759642,126.75735919612501,-58.10971269111628,139.4423422760086
2.5999999999999885,2,CURVE RIGHT,2.5377478032169294,-0.05555556461667496,126.22563082866338,-58.06787997135844,138.94167323903258
2.6099999999999883,2,CURVE RIGHT,2.5503050310083015,-0.06135916072586124,125.2454769799159,-57.97637463027969,138.01336717578187
2.619999999999988,2,CURVE RIGHT,2.5627201659431833,-0.06693872123250173,123.53949126621254,-54.22312929247195,134.9153573637291
2.629999999999988,2,CURVE RIGHT,2.5751128393582694,-0.0728042244585716,124.3811999361629,-61.33103263357891,138.6801300167434
2.6399999999999877,2,CURVE RIGHT,2.58745508200887,-0.07885103414446712,123.03418022478412,-59.461237253845546,136.6493623817644
2.6499999999999875,2,CURVE RIGHT,2.5998409515374945,-0.08524671442283052,123.84667734922326,-63.72175442178714,139.2783596867552
2.6599999999999873,2,CURVE RIGHT,2.6121959833430757,-0.0915889626218101,123.48232593590835,-63.07952067229967,138.66113639657286
2.669999999999987,2,CURVE RIGHT,2.624500615170404,-0.09787814112810059,122.91104734481975,-62.64617672623053,137.95531529381034
2.679999999999987,2,CURVE RIGHT,2.636763244305271,-0.10418851050423103,122.63081351056965,-63.26036984096199,137.98619791370226
2.6899999999999866,2,CURVE RIGHT,2.649017012110094,-0.11060212904769526,122.63170953601863,-64.659151212167,138.63384153663318
2.6999999999999864,2,CURVE RIGHT,2.6612359066586495,-0.11718780156519981,122.1333654719534,-66.75987020976963,139.18850251342968
2.709999999999986,2,CURVE RIGHT,2.6734128865999396,-0.12402579681650763,121.70206122545753,-69.1186987707143,139.9599450781607
2.719999999999986,2,CURVE RIGHT,2.685591361477084,-0.13066611081496216,122.07538762996192,-64.56544777972232,138.09814376740013
2.7299999999999858,2,CURVE RIGHT,2.6977049443501704,-0.1375385673577264,120.71238816112258,-71.2446849036692,140.16877606152033
2.7399999999999856,2,CURVE RIGHT,2.709792307567424,-0.1445379679197243,120.79460660471295,-71.82899532009547,140.53733152967456
2.7499999999999853,2,CURVE RIGHT,2.7217728063465194,-0.15154273181813344,119.46038479992515,-68.43657901397158,137.67479393005013
2.759999999999985,2,CURVE RIGHT,2.733789858166163,-0.15877179599263583,120.27490693505045,-73.03050599971775,140.7107246971952
2.769999999999985,2,CURVE RIGHT,2.7457499521403506,-0.16609560319612976,119.2067380651904,-73.16413949626377,139.8686444789241
2.7799999999999847,2,CURVE RIGHT,2.757589617377372,-0.17345990610892664,118.03169036158678,-73.91657526547564,139.26643539844846
2.7899999999999845,2,CURVE RIGHT,2.7693370873355225,-0.1809586716618695,117.34044527629506,-75.67050028315859,139.62379707894604
2.7999999999999843,2,CURVE RIGHT,2.7810662434909723,-0.18869321814886972,117.46979802352537,-78.4142679518825,141.23721487666583
2.809999999999984,2,CURVE RIGHT,2.792817021288007,-0.19671662074867238,117.65640644148961,-80.80766485003595,142.73369845709433
2.819999999999984,2,CURVE RIGHT,2.8045441329902623,-0.20482104099240925,117.38762775116092,-81.28448403047396,142.7831309824291
2.8299999999999836,2,CURVE RIGHT,2.8162280392661425,-0.21294764150298165,116.6039655065289,-81.07358621418234,142.01905207920603
2.8399999999999834,2,CURVE RIGHT,2.8278146621921896,-0.22107103040195988,115.55568339861264,-81.3823867092682,141.33721672729118
2.849999999999983,2,CURVE RIGHT,2.8393003480878267,-0.22927709992581127,114.60813924903366,-82.53411126692754,141.23351268288792
2.859999999999983,2,CURVE RIGHT,2.8507109442645837,-0.23739947082301074,114.02211051075861,-80.19237049492646,139.39819931018909
2.869999999999983,2,CURVE RIGHT,2.8621086872929937,-0.24590448381201327,114.17936354545573,-88.20724868730127,144.28252070375248
2.8799999999999826,2,CURVE RIGHT,2.8734960951546102,-0.254432475513087,113.95445374294397,-83.35524634654209,141.1868075329472
2.8899999999999824,2,CURVE RIGHT,2.88488386160731,-0.26323834974344007,113.87677636786297,-87.81422556149867,143.8028456147584
2.899999999999982,2,CURVE RIGHT,2.896285543660785,-0.2719687434868472,114.38834291661335,-86.97656621407918,143.69974274716301
2.909999999999982,2,CURVE RIGHT,2.907742386368623,-0.2805900518197162,114.7582661434281,-85.80409677493533,143.2892273397004
2.9199999999999817,2,CURVE RIGHT,2.9191680295871163,-0.28916825066060026,113.92492066469293,-85.87717603476047,142.66666363296582
2.9299999999999815,2,CURVE RIGHT,2.9304567407069326,-0.2978368800718537,112.33068295361939,-87.27596731939991,142.2507532646612
2.9399999999999813,2,CURVE RIGHT,2.941663033665484,-0.3064768579012268,112.12083194587478,-85.89319437404905,141.2399440527122
2.949999999999981,2,CURVE RIGHT,2.952661936356965,-0.31552427531225236,109.20145472683241,-94.94155761451167,144.70265055183359
2.959999999999981,2,CURVE RIGHT,2.963630614043681,-0.3249750925779388,110.43001655852804,-93.18888076633807,144.49552261436875
2.9699999999999807,2,CURVE RIGHT,2.974470039550371,-0.3347138571083913,108.24049356777248,-97.16162012575704,145.45234571245976
2.9799999999999804,2,CURVE RIGHT,2.985236167868065,-0.3444152636168838,107.4377916699538,-96.95806957716724,144.7195437218042
2.9899999999999802,2,CURVE RIGHT,2.995916912869128,-0.3541423680157605,106.62668389695963,-97.49327380661697,144.4790232400335
2.99999999999998,2,CURVE RIGHT,3.006533950185665,-0.36396508416507045,106.1345177485758,-98.7417570935654,144.96368666547988
3.00999999999998,2,CURVE RIGHT,3.01714399507216,-0.37384273173290905,106.44900973742517,-98.68763819876969,145.15729953167943
3.0199999999999796,2,CURVE RIGHT,3.0277645458928086,-0.38350040066876245,106.32366836351052,-94.7506422561744,142.41631459292617
3.0299999999999794,2,CURVE RIGHT,3.0383871972251706,-0.393401107733122,106.23819010226066,-99.61255148552485,145.63383346482513
3.039999999999979,2,CURVE RIGHT,3.0489653897874884,-0.4034178424708824,105.61807595514819,-100.40956502884366,145.73008858073555
3.049999999999979,2,CURVE RIGHT,3.059463817235242,-0.4135303102173815,104.74307000106438,-101.63050906883193,145.94475354337956
3.0599999999999787,2,CURVE RIGHT,3.0699031199148226,-0.4237261587647987,104.46583941505597,-102.0061976860811,146.0081366604756
3.0699999999999785,2,CURVE RIGHT,3.0803412998791946,-0.4339168111424081,104.44984681790928,-101.74948244762393,145.81744641380894
3.0799999999999783,2,CURVE RIGHT,3.0907437893867935,-0.44412505161050375,103.91958267442074,-102.17492360474168,145.73604453552514
3.089999999999978,2,CURVE RIGHT,3.1010825959437938,-0.4544340991010456,103.26361886706188,-103.572842558796,146.25562791643597
3.099999999999978,2,CURVE RIGHT,3.111348758513363,-0.46482699811724504,102.61420441439213,-106.38292028249863,147.80730927606766
3.1099999999999777,2,CURVE RIGHT,3.1215115276280496,-0.4757760577739888,101.25769091317206,-110.67964385979559,150.0103447566156
3.1199999999999775,2,CURVE RIGHT,3.131717579495543,-0.48668153182644136,102.92613158307995,-107.61941870086818,148.91516995984747
3.1299999999999772,2,CURVE RIGHT,3.141808767003928,-0.4977572318543311,99.75761412449631,-112.6815806959728,150.49491753529398
3.139999999999977,2,CURVE RIGHT,3.1518130143702328,-0.5088189171459393,100.49028350054203,-109.17393343509696,148.38209062993513
3.149999999999977,2,CURVE RIGHT,3.1615618696268095,-0.5202374267528838,97.01584937908304,-114.78312074988925,150.2905181301488
3.1599999999999766,2,CURVE RIGHT,3.171178387907657,-0.5318147619283513,96.02507490782737,-115.98552622707965,150.5770809427067
3.1699999999999764,2,CURVE RIGHT,3.1807677176843714,-0.5434070822746829,96.00874234971263,-115.99266893119142,150.57216825613716
3.179999999999976,2,CURVE RIGHT,3.190370169035584,-0.5547287397182743,96.50159149283915,-111.06045906203815,147.129136229781
3.189999999999976,2,CURVE RIGHT,3.1999697909774207,-0.5662035365716476,96.0182031848667,-117.05206325987069,151.3957755561334
3.1999999999999758,2,CURVE RIGHT,3.2095156532152536,-0.5778230408283208,95.0809836488695,-117.43415689359603,151.09988304742765
3.2099999999999755,2,CURVE RIGHT,3.218922744251129,-0.5896081839300643,93.56898197920856,-118.1222477742178,150.69180405005164
3.2199999999999753,2,CURVE RIGHT,3.2281800519261927,-0.6015151941902486,92.13126252524721,-119.68077917602875,151.03528871981337
3.229999999999975,2,CURVE RIGHT,3.23731244346248,-0.6136443872797046,90.91310870952866,-122.36312762994726,152.43991714315953
3.239999999999975,2,CURVE RIGHT,3.2463820319892505,-0.6258937045885662,90.7948908210082,-122.6241745028431,152.57916100078185
3.2499999999999747,2,CURVE RIGHT,3.255456793039458,-0.6381995955622757,90.88773992934226,-123.42810114502878,153.28104064668665
3.2599999999999745,2,CURVE RIGHT,3.264543451424525,-0.6505594619463398,90.98021067414884,-123.59976501328298,153.47410415327818
3.2699999999999743,2,CURVE RIGHT,3.2735496227101564,-0.6628973804118875,89.62034288856997,-123.59750542390077,152.67006650445933
3.279999999999974,2,CURVE RIGHT,3.282465075230863,-0.6751038338301251,89.12034135289719,-120.99180363453952,150.2712606907784
3.289999999999974,2,CURVE RIGHT,3.2910983732303807,-0.6877079265832766,84.77615747587978,-129.20867125139551,154.5376252015229
3.2999999999999736,2,CURVE RIGHT,3.299497186416734,-0.7006422268054938,83.17410681205558,-131.14689001398986,155.29790341252126
3.3099999999999734,2,CURVE RIGHT,3.30778103253987,-0.7137803738506214,82.87578352300358,-131.1819912291402,155.16800674557228
3.319999999999973,2,CURVE RIGHT,3.3160330963789777,-0.726878516662469,82.46251378736058,-130.82609145142774,154.6464755000513
3.329999999999973,2,CURVE RIGHT,3.3244168110081005,-0.739818608038507,85.07353038264573,-128.2939352929423,153.93777770487858
3.3399999999999728,2,CURVE RIGHT,3.3326278419105853,-0.7529680453408463,80.37708311236554,-133.9381664908587,156.20469881724142
3.3499999999999726,2,CURVE RIGHT,3.3406828086470393,-0.7664383697027892,80.75434856583678,-135.37023867000684,157.6273019811837
3.3599999999999723,2,CURVE RIGHT,3.348775127757113,-0.7799488190192503,81.05916183497696,-135.0391927261503,157.49975012526002
3.369999999999972,2,CURVE RIGHT,3.35686832030193,-0.7932084518064582,81.01972891106283,-130.85172195653485,153.90376737368197
3.379999999999972,2,CURVE RIGHT,3.3647583237310488,-0.8066638645393267,77.66873463434891,-136.92758006758297,157.42170918544002
3.3899999999999717,2,CURVE RIGHT,3.3724051016859713,-0.820362368771112,75.4854911299603,-138.59603592853847,157.81926544701707
3.3999999999999715,2,CURVE RIGHT,3.3798309470581094,-0.8343422301687637,74.11230818012012,-140.09717295138216,158.4924354433188
3.4099999999999713,2,CURVE RIGHT,3.3872285187512254,-0.8484183557566269,74.17778178363473,-141.05190150504444,159.36744406725387
3.419999999999971,2,CURVE RIGHT,3.3946294639584615,-0.8625119620130361,74.068575742189,-140.79322274162413,159.0876660286679
3.429999999999971,2,CURVE RIGHT,3.401992900929371,-0.8765486694014957,73.46072662187328,-140.09055514137464,158.18293838348094
3.4399999999999706,2,CURVE RIGHT,3.409285685717523,-0.8905066835582701,72.68830785301573,-139.40623597700142,157.21860172323818
3.4499999999999704,2,CURVE RIGHT,3.4166111230443104,-0.9042414523524938,73.7886834223237,-135.97151435984108,154.70301392832778
3.45999999999997,2,CURVE RIGHT,3.423744288268707,-0.9182366021743372,70.00321435302091,-142.68444426443008,158.93174841674727
3.46999999999997,2,CURVE RIGHT,3.4308063000462674,-0.9323198538082924,70.1761389373294,-141.9397020117704,158.3400438402792
3.47999999999997,2,CURVE RIGHT,3.4377978429003786,-0.946514784427121,70.08707700222686,-141.59200708389855,157.98890730922489
3.4899999999999696,2,CURVE RIGHT,3.4447960880719637,-0.9606346027769322,70.11735869252162,-140.93542088063262,157.41422060543576
3.4999999999999694,2,CURVE RIGHT,3.4517754490178043,-0.9747532802820992,69.77406880810695,-141.4025230983984,157.68035456781396
3.509999999999969,2,CURVE RIGHT,3.45867908624868,-0.9889773898553768,68.64731462612966,-142.7482819426053,158.39673545545176
3.519999999999969,2,CURVE RIGHT,3.4654146302997924,-1.003327300362541,66.70645747510349,-144.28584903558664,158.95961028134752
3.5299999999999687,2,CURVE RIGHT,3.4720139873434657,-1.01778384307942,65.90252725891901,-144.52764281270058,158.84389392138473
3.5399999999999685,2,CURVE RIGHT,3.478766761751666,-1.0320389944456176,68.86728485200067,-141.46434972223068,157.33678897581513
3.5499999999999683,2,CURVE RIGHT,3.4853598065244684,-1.0464819340041016,64.06184852083886,-146.62575705933335,160.00947806029976
3.559999999999968,2,CURVE RIGHT,3.4919659251316837,-1.0607897460852669,66.15080498617166,-142.00552906535103,156.6572669410799
3.569999999999968,2,CURVE RIGHT,3.498430261375642,-1.0752662583201893,63.765344368288254,-146.65811220948984,159.92067101928288
3.5799999999999677,2,CURVE RIGHT,3.5047959220226823,-1.089793911373358,63.09581571328445,-145.86737490752444,158.92883005589968
3.5899999999999674,2,CURVE RIGHT,3.5110451339967588,-1.104360065302488,62.25665757699031,-145.71099556211163,158.45373343774622
3.5999999999999672,2,CURVE RIGHT,3.5172038504850245,-1.1190236094728565,61.36140040427903,-147.43129864511573,159.69098058362454
3.609999999999967,2,CURVE RIGHT,3.5232403435011337,-1.1339261030372998,60.056572368493576,-149.74384576181134,161.33818899500903
3.619999999999967,2,CURVE RIGHT,3.5292101136862635,-1.1488920823352862,59.743116357448756,-149.38973523336193,160.89292385059585
3.6299999999999666,2,CURVE RIGHT,3.53512723749316,-1.1637333679152646,58.68157550024986,-149.1112028590017,160.24256026801956
3.6399999999999664,2,CURVE RIGHT,3.5409058976182366,-1.178609502896737,57.36541199062383,-148.68939655387825,159.3716635428346
3.649999999999966,2,CURVE RIGHT,3.546547868867368,-1.1935177635644925,56.00218593840209,-149.53176198261616,159.67464630148748
3.659999999999966,2,CURVE RIGHT,3.552099082330712,-1.2085433260215699,55.575588266651266,-150.59342985252474,160.5211111534294
3.6699999999999657,2,CURVE RIGHT,3.557782215450681,-1.223389509009003,58.22089061685066,-146.85576219785042,157.97558987049513
3.6799999999999655,2,CURVE RIGHT,3.563366497642345,-1.2383901201235248,54.61945986189409,-152.0372926802846,161.55068480559152
3.6899999999999653,2,CURVE RIGHT,3.568959857694137,-1.2533913039731677,55.574604135794615,-151.41814102344054,161.2947304032119
3.699999999999965,2,CURVE RIGHT,3.5745113790341088,-1.268513740110283,55.69421399772067,-150.90882184011355,160.85806781754852
3.709999999999965,2,CURVE RIGHT,3.5800213710813806,-1.2835555939621268,54.730334531617345,-150.19603265879545,159.85699154051628
3.7199999999999647,2,CURVE RIGHT,3.5852730383295737,-1.2986511703131973,51.62034941395686,-151.28552645874205,159.8498388786105
3.7299999999999645,2,CURVE RIGHT,3.5902872774986117,-1.3138693569226068,49.314641362323606,-152.98855070530894,160.7402578684179
3.7399999999999642,2,CURVE RIGHT,3.5951208619719135,-1.3291675907739944,47.0772744755317,-155.51020560780205,162.4798258868633
3.749999999999964,2,CURVE RIGHT,3.5999450920521388,-1.3446684978325356,49.635672452150345,-153.80123966396414,161.61225603879583
3.759999999999964,2,CURVE RIGHT,3.604567705868773,-1.3602241220756086,44.21138478374836,-156.7677414572232,162.88269185550513
3.7699999999999636,2,CURVE RIGHT,3.609058605188775,-1.375793732052187,43.544751263021816,-156.70523816178292,162.64278966464988
3.7799999999999634,2,CURVE RIGHT,3.6133855210076185,-1.39148547467361,43.75093623166644,-156.9057309101869,162.8912300082706
3.789999999999963,2,CURVE RIGHT,3.617753954819671,-1.407184798784578,43.96473083257531,-157.09416708546067,163.1302390406372
3.799999999999963,2,CURVE RIGHT,3.6222610876362737,-1.4226605989670866,46.2569864960275,-153.0552529056201,159.89252403316738
3.8099999999999627,2,CURVE RIGHT,3.626677152319021,-1.4382835634322875,43.14623242258608,-158.23559837322193,164.01250551343765
3.8199999999999625,2,CURVE RIGHT,3.6309825916043144,-1.4540238648910109,42.91980166379615,-157.6914906313569,163.42801348728105
3.8299999999999623,2,CURVE RIGHT,3.6352322077513413,-1.4697760251427876,42.38694877902875,-157.68601106593033,163.28359229475785
3.839999999999962,2,CURVE RIGHT,3.6394512018085172,-1.4855379269387445,42.31099513327682,-157.6816179788356,163.25964889583594
3.849999999999962,2,CURVE RIGHT,3.6436193972769493,-1.501299833133633,41.49082245050726,-157.55779657684218,162.92927180150622
3.8599999999999617,2,CURVE RIGHT,3.647670914417959,-1.5170791995755377,40.1114002084078,-157.96735254555304,162.98039421025493
3.8699999999999615,2,CURVE RIGHT,3.651602482471397,-1.532898227298032,38.412280277406275,-159.85315845649046,164.40357521850265
3.8799999999999613,2,CURVE RIGHT,3.65523928199889,-1.5490506683454686,35.094250106051184,-162.5699215952217,166.31471912606713
3.889999999999961,2,CURVE RIGHT,3.658595929263607,-1.5653636684517183,32.70958279938376,-163.59185118205036,166.8298851527503
3.899999999999961,2,CURVE RIGHT,3.6619173946469554,-1.581578309943716,33.84397423037801,-161.18353535701954,164.69835051358
3.9099999999999606,2,CURVE RIGHT,3.664866933544879,-1.5979373025053005,26.777275565832248,-165.37128509344137,167.52517548173105
3.9199999999999604,2,CURVE RIGHT,3.6676000457321165,-1.614381195245254,28.682391311904603,-163.66666662129109,166.16093805192017
3.92999999999996,2,CURVE RIGHT,3.670080444065469,-1.6309816463298663,24.971068053922544,-166.10091946458434,167.96746615560397
3.93999999999996,2,CURVE RIGHT,3.672573888283469,-1.6475881778730168,25.19353928783201,-166.24253345416187,168.14069808082058
3.9499999999999598,2,CURVE RIGHT,3.6752390694589954,-1.6639921557235227,28.145562221601704,-162.42606561390664,164.84659372757193
3.9599999999999596,2,CURVE RIGHT,3.6777305906478355,-1.6806561369069362,24.675785982312036,-166.9399322246815,168.75377146904341
3.9699999999999593,2,CURVE RIGHT,3.680087113545741,-1.6973772391245192,23.048974056628143,-167.45338862454636,169.0322234572641
3.979999999999959,2,CURVE RIGHT,3.6822697591638316,-1.714169683111708,21.263744509462388,-168.29543695523947,169.63343105213275
3.989999999999959,2,CURVE RIGHT,3.6843879837822664,-1.7309676777912035,21.236204678368996,-167.9157992916347,169.2533368678152
3.9999999999999587,2,CURVE RIGHT,3.686488959274231,-1.7477502359884096,20.945560107556787,-168.05993414616896,169.36014275334654
4.009999999999959,2,CURVE RIGHT,3.688489687063738,-1.7645955435082288,19.476375211107293,-168.88472920260406,170.0040615667777
4.019999999999959,2,CURVE RIGHT,3.690289663898529,-1.7815053997480774,17.144837665976333,-169.28805725616604,170.15402372015666
4.0299999999999585,2,CURVE RIGHT,3.6919624103219006,-1.7982832940879305,16.67730792611398,-166.97553885153377,167.8063263837883
4.039999999999958,2,CURVE RIGHT,3.693130693601161,-1.8152930494175632,8.725310299187164,-172.22400805203796,172.4448897164701
4.049999999999958,2,CURVE RIGHT,3.693906105841449,-1.8325249683176943,7.503884224627981,-172.40643586635497,172.5696595772159
4.059999999999958,2,CURVE RIGHT,3.694820746892451,-1.8496800347046924,10.889450552434354,-170.84701577934234,171.19370004191381
4.069999999999958,2,CURVE RIGHT,3.695497564981213,-1.866860825474073,4.232130037128181,-172.62516318769485,172.67703347645698
4.079999999999957,2,CURVE RIGHT,3.696011445301804,-1.8840832259737417,3.4024012994984747,-173.06226561508896,173.09570796074186
4.089999999999957,2,CURVE RIGHT,3.6962677376385087,-1.9014569528313188,2.71020649395892,-174.04694622229866,174.06804620190238
4.099999999999957,2,CURVE RIGHT,3.696539662278145,-1.9188576455380197,3.118988780287629,-174.46942932257187,174.4973061658989
4.109999999999957,2,CURVE RIGHT,3.6970266892849337,-1.9361160211394954,6.305061603631956,-171.26718320513626,171.38320175806993
4.119999999999957,2,CURVE RIGHT,3.69723268856277,-1.9535756537972226,1.6203645004859892,-174.553504250018,174.56102493705598
4.129999999999956,2,CURVE RIGHT,3.697239118109947,-1.971031694419944,-0.5934575157756562,-174.6683222438719,174.6693304141059
4.139999999999956,2,CURVE RIGHT,3.6970022602217205,-1.9885607278098327,-3.279136692930204,-175.8497678498919,175.88033883954108
4.149999999999956,2,CURVE RIGHT,3.696629231489266,-2.006145139018845,-3.9393873061042854,-176.14255478008855,176.1866010138228
4.159999999999956,2,CURVE RIGHT,3.696247055625313,-2.023730665686124,-3.671739013308791,-175.76083305841223,175.7991811834427
4.1699999999999555,2,CURVE RIGHT,3.695879658079013,-2.0412400886368953,-3.6377695601910607,-174.7649701693933,174.80282653802252
4.179999999999955,2,CURVE RIGHT,3.695577862733888,-2.0585730640611235,-2.2532313648746474,-172.44845030016614,172.46317016253798
4.189999999999955,2,CURVE RIGHT,3.6948984928597266,-2.0760387495626587,-9.519996690890698,-176.33276379035837,176.5895634598514
4.199999999999955,2,CURVE RIGHT,3.693874884421772,-2.0936735360696863,-10.578722509139766,-176.612078023121,176.9286168870665
4.209999999999955,2,CURVE RIGHT,3.692834688567851,-2.1112909048757773,-10.124786236994126,-176.07531850267355,176.36617896343608
4.2199999999999545,2,CURVE RIGHT,3.691803879162053,-2.1288713484745796,-10.279379093632201,-175.82774253231563,176.12796677007566
4.229999999999954,2,CURVE RIGHT,3.6907247952155524,-2.1464789581617474,-11.004279973835162,-176.42447150895183,176.7673282169403
4.239999999999954,2,CURVE RIGHT,3.6895363350846515,-2.1641426156595247,-12.503315308247345,-176.97331161024263,177.41444675108477
4.249999999999954,2,CURVE RIGHT,3.6881465888491443,-2.181855596266349,-14.68505653654359,-177.42972334080602,178.03639406109204
4.259999999999954,2,CURVE RIGHT,3.686914982203321,-2.1995105174769902,-10.459759780983536,-176.22378357869442,176.53393009126154
4.269999999999953,2,CURVE RIGHT,3.6854752357270306,-2.2172002082947273,-16.89719612237944,-177.66704840554257,178.4687516792101
4.279999999999953,2,CURVE RIGHT,3.6842238254206214,-2.2347095791324585,-12.108162360581902,-174.24040657816323,174.66060483198217
4.289999999999953,2,CURVE RIGHT,3.682616528772657,-2.252381355166059,-16.694806674065898,-177.2227839381014,178.00739230901453
4.299999999999953,2,CURVE RIGHT,3.680914493750292,-2.2700529726254715,-17.077905366186627,-176.49542107911338,177.31973526257582
4.3099999999999525,2,CURVE RIGHT,3.679147562281076,-2.2876853227421003,-18.00979503487287,-176.45094027001335,177.36766063566932
4.319999999999952,2,CURVE RIGHT,3.67724613361786,-2.305400593532697,-19.62135177016386,-177.85713482829982,178.93618374890121
4.329999999999952,2,CURVE RIGHT,3.67512588774551,-2.323243882559111,-22.0368921802232,-178.8247926166518,180.17749879313817
4.339999999999952,2,CURVE RIGHT,3.6729081115534123,-2.3410454585098432,-22.2998043570908,-177.72984694207463,179.12336466362447
4.349999999999952,2,CURVE RIGHT,3.6706182552375557,-2.358744672348551,-23.271041525470405,-176.7321404522849,178.2576529704302
4.3599999999999515,2,CURVE RIGHT,3.6681956554099453,-2.376393415461428,-24.800710432841868,-176.62488502914232,178.35757693333753
4.369999999999951,2,CURVE RIGHT,3.6656062688831845,-2.3941123365952772,-26.51129926411756,-177.8432694207444,179.80844659506704
4.379999999999951,2,CURVE RIGHT,3.6631321178492264,-2.4117987532438327,-22.61776379024788,-176.24681352869845,177.69215660206066
4.389999999999951,2,CURVE RIGHT,3.660526526581267,-2.429562683293683,-27.846487107128414,-179.1099017756297,181.26164447638445
4.399999999999951,2,CURVE RIGHT,3.6577504209970386,-2.4473919136801108,-28.996560838198388,-178.77182193320274,181.10815789952724
4.40999999999995,2,CURVE RIGHT,3.6546861655780165,-2.4652094917940266,-31.57749318003344,-177.88037382524814,180.66146647181043
4.41999999999995,2,CURVE RIGHT,3.6513125401204856,-2.48294972278888,-34.92811773276982,-177.29293951127394,180.70074656431962
4.42999999999995,2,CURVE RIGHT,3.6476704938358546,-2.5006814676859856,-36.96355308256211,-177.51654205625488,181.32409371095034
4.43999999999995,2,CURVE RIGHT,3.6438869939667295,-2.518479430490985,-38.16878245903588,-178.34220581773354,182.38091547730545
4.4499999999999496,2,CURVE RIGHT,3.6400699586877727,-2.5362835158139516,-38.383823646611354,-178.06444386547483,182.154506084409
4.459999999999949,2,CURVE RIGHT,3.6361731328712183,-2.554031991015656,-39.38014544780701,-177.3239325341268,181.6440830438966
4.469999999999949,2,CURVE RIGHT,3.6324156336902185,-2.5717092459125777,-36.26495586362124,-176.68809169330373,180.3713634976786
4.479999999999949,2,CURVE RIGHT,3.628349894864138,-2.5894384265799775,-43.406181404329885,-177.90439325830607,183.12309992109576
4.489999999999949,2,CURVE RIGHT,3.6242663027357787,-2.6072272565756145,-38.705228927608594,-177.90227537756587,182.0640390929902
4.4999999999999485,2,CURVE RIGHT,3.6199293317276133,-2.6250310011440448,-43.28783401690907,-178.04350090363292,183.23025074451382
4.509999999999948,2,CURVE RIGHT,3.6156387725886763,-2.642769461644253,-43.037142300701916,-177.51177139637187,182.65438566234496
4.519999999999948,2,CURVE RIGHT,3.611259206790599,-2.660518459209869,-44.17446276658876,-177.81162362358808,183.21669317060955
4.529999999999948,2,CURVE RIGHT,3.606730390001356,-2.6782918477927287,-45.852572012137585,-177.84505219065068,183.6608857346156
4.539999999999948,2,CURVE RIGHT,3.6020224894979167,-2.696049611791181,-47.685494359394205,-177.5340277363768,183.82665034374213
4.549999999999947,2,CURVE RIGHT,3.5971570864649727,-2.713785280959383,-49.12022822949628,-177.3700165697781,184.04597142910018
4.559999999999947,2,CURVE RIGHT,3.592166118820257,-2.7315104130782277,-50.391208843389144,-177.31424965108528,184.3356098479766
4.569999999999947,2,CURVE RIGHT,3.5870451935294208,-2.7492037726168626,-52.10067037106055,-176.8972138096282,184.41015185375022
4.579999999999947,2,CURVE RIGHT,3.5816484233617714,-2.766865578128497,-55.140207195381066,-176.54657627389557,184.95711947255228
4.589999999999947,2,CURVE RIGHT,3.5762247760366046,-2.784416853099659,-53.516233305707836,-175.03307924986683,183.03159852583138
4.599999999999946,2,CURVE RIGHT,3.5702731339071723,-2.801899280078599,-61.95935365652354,-175.7507650278363,186.35260372048435
4.609999999999946,2,CURVE RIGHT,3.5640924481884726,-2.819419418198528,-62.79724115736569,-175.28600764341468,186.1952683946173
4.619999999999946,2,CURVE RIGHT,3.5577756975108206,-2.8369200008722477,-63.33888087120306,-175.09184426499075,186.1960465695559
4.629999999999946,2,CURVE RIGHT,3.5514052179031466,-2.8543863598179273,-64.19772876571382,-174.78956489203034,186.20617705602962
4.6399999999999455,2,CURVE RIGHT,3.5448749794715653,-2.8718302095170736,-65.99753219313595,-174.34591060925717,186.41934127593927
4.649999999999945,2,CURVE RIGHT,3.538169854817821,-2.8892233560277756,-67.6930403189568,-173.9057025159238,186.61602577265677
4.659999999999945,2,CURVE RIGHT,3.531348396456638,-2.9065960753196602,-68.16636274825822,-173.7506583130289,186.64389696568716
4.669999999999945,2,CURVE RIGHT,3.524518755970189,-2.9239384558903265,-68.40470053387673,-173.45881877864727,186.45955289878006
4.679999999999945,2,CURVE RIGHT,3.5176000896007618,-2.941274505542504,-69.73538426914843,-173.63855077599385,187.1185991149816
4.689999999999944,2,CURVE RIGHT,3.510557001438599,-2.9586245473165245,-70.9132572893574,-173.59335371082864,187.51891241141377
4.699999999999944,2,CURVE RIGHT,3.503410449658005,-2.9759057861239415,-72.3122721165439,-172.64190175981886,187.17449329944515
4.709999999999944,2,CURVE RIGHT,3.4960441523010903,-2.9930859198578332,-74.50654231503755,-171.51609376315398,186.9999873462924
4.719999999999944,2,CURVE RIGHT,3.4886927613562464,-3.0102077584102496,-72.57613902522046,-171.2053360210976,185.95312053822883
4.729999999999944,2,CURVE RIGHT,3.480960143891837,-3.0272264860672236,-80.46289410498392,-169.66466043567348,187.77745958581463
4.739999999999943,2,CURVE RIGHT,3.4730914424156545,-3.044170207107666,-77.4834124543419,-169.64980582281595,186.50666428116938
4.749999999999943,2,CURVE RIGHT,3.464776634526037,-3.0610323525977967,-83.55086023818346,-168.71839869180644,188.2727922554606
4.759999999999943,2,CURVE RIGHT,3.45637281019491,-3.077926255966422,-84.25379509525968,-169.3650372758159,189.16452584824808
4.769999999999943,2,CURVE RIGHT,3.4479289410835,-3.0948359584911853,-84.8081878366255,-169.09638162564855,189.17191917147568
4.7799999999999425,2,CURVE RIGHT,3.439359754558779,-3.111655534806616,-86.29006325915671,-167.73913061040216,188.63295299391044
4.789999999999942,2,CURVE RIGHT,3.4306326338508493,-3.128347550534394,-87.9466639379107,-166.62674790366617,188.4120187640898
4.799999999999942,2,CURVE RIGHT,3.4217191582949695,-3.144977759390961,-90.04020122742163,-166.32057785954294,189.12898365033018
4.809999999999942,3,STRAIGHT,3.412598367616273,-3.1615402739330962,-91.61550814256643,-165.98097678303188,189.5866186893738
4.819999999999942,3,STRAIGHT,3.404136062221359,-3.1800417926348636,-80.2360417839188,-191.5727409400586,207.69674401019765
4.8299999999999415,3,STRAIGHT,3.395317164200306,-3.1974578944747196,-91.19002228952328,-165.1692104289979,188.67031626332306
4.839999999999941,3,STRAIGHT,3.3867051782893873,-3.214650898734568,-81.22172864942074,-174.97840516295173,192.9103716189729
4.849999999999941,3,STRAIGHT,3.378136265962081,-3.231222185315987,-90.6213568118176,-160.70994426534168,184.4990961934068
4.859999999999941,3,STRAIGHT,3.369646383081156,-3.247995549793301,-80.12863633503473,-170.93927238613162,188.7877994066681
4.869999999999941,3,STRAIGHT,3.360876749247542,-3.2645007133448725,-92.55975525269548,-161.2715160629437,185.94571838490714
4.87999999999994,3,STRAIGHT,3.352134669154936,-3.280934777517468,-82.6619061469696,-166.82177600385995,186.17866600911188
4.88999999999994,3,STRAIGHT,3.3433400583401327,-3.296977598580755,-89.07002429147765,-157.2647122555303,180.73643503206307
4.89999999999994,3,STRAIGHT,3.3347269891705333,-3.313253757246435,-84.18576397095897,-165.90723978391003,186.0442287954395
4.90999999999994,3,STRAIGHT,3.3259407056347796,-3.3294610500646824,-87.21197998078334,-158.9270977990472,181.28362272140433
4.9199999999999395,3,STRAIGHT,3.317332069408193,-3.345599891615709,-85.63548391538549,-163.00898237889277,184.13409364271575
4.929999999999939,3,STRAIGHT,3.30864997992171,-3.3614102835345174,-87.48647669248582,-154.22646673685537,177.31239845594334
4.939999999999939,3,STRAIGHT,3.2998624185010366,-3.377491929370787,-87.66386425217057,-165.16427463906115,186.98714050081148
4.949999999999939,3,STRAIGHT,3.2910380173240434,-3.393467965461368,-89.24042268225887,-157.12931154507237,180.70272158198568
4.959999999999939,3,STRAIGHT,3.2824531160734067,-3.409424482232646,-85.41146620953413,-162.35879085727473,183.4543418093414
4.9699999999999385,3,STRAIGHT,3.273711507480864,-3.425269754235926,-88.51410371270157,-155.7355241670469,179.13207430175015
4.979999999999938,3,STRAIGHT,3.2651700713895333,-3.4408781204974943,-81.82729738168784,-153.0022869477498,173.50909603831366
4.989999999999938,3,STRAIGHT,3.256319038282204,-3.456870496407364,-91.52917561045075,-160.43902684144885,184.71131887829688
4.999999999999938,3,STRAIGHT,3.2476436172105285,-3.4727306709931307,-83.42171462484981,-157.37232976445543,178.11578438319944
5.009999999999938,3,STRAIGHT,3.238905027172482,-3.4884748499148857,-89.98164935730789,-157.42304370372295,181.32487945675237
5.019999999999937,3,STRAIGHT,3.230384915113279,-3.5040538419632883,-82.12377483543136,-155.00257570132533,175.4141182096405
5.029999999999937,3,STRAIGHT,3.2219762088284383,-3.5192161684529593,-85.2258144758077,-148.2497217343169,171.00122644989182
5.039999999999937,3,STRAIGHT,3.2135278635777635,-3.534730795493436,-83.3514024835535,-157.05845045103467,177.80554871559954
5.049999999999937,3,STRAIGHT,3.204936578582486,-3.550380934969481,-86.27660301212049,-154.34577020088662,176.8227050076317
5.0599999999999365,3,STRAIGHT,3.196389818282326,-3.5661420007237683,-85.09037591817705,-159.82002320359044,181.06024381595444
5.069999999999936,3,STRAIGHT,3.187835303984093,-3.5815707860760115,-86.8811066794302,-151.57851394041785,174.71225654265922
5.079999999999936,3,STRAIGHT,3.179372380653967,-3.597033056250974,-84.41244648172042,-157.295422434102,178.51417601902634
5.089999999999936,3,STRAIGHT,3.170838312797685,-3.6122881810064107,-85.89302934604805,-149.43810130481512,172.364029344377
5.099999999999936,3,STRAIGHT,3.1623816280271715,-3.6276055612443807,-83.35144737403267,-155.84539349569653,176.73497235458134
5.1099999999999355,3,STRAIGHT,3.154072568677766,-3.6424827090742213,-83.88290617016007,-147.9691559128998,170.09177831138084
5.119999999999935,3,STRAIGHT,3.1456847914808352,-3.657838007327844,-83.49649763119994,-156.2382164714773,177.14978239576016
5.129999999999935,3,STRAIGHT,3.137230181424572,-3.673019983200546,-85.33089229406146,-148.8306758943836,171.55737019108147
5.139999999999935,3,STRAIGHT,3.128686091080776,-3.688317200551682,-85.33080676678196,-155.95066606923888,177.7693922780554
5.149999999999935,3,STRAIGHT,3.120086587348239,-3.7034223064190295,-86.50676805080066,-148.10836182854771,171.52115835118138
5.159999999999934,3,STRAIGHT,3.1117372736631626,-3.7181657954834444,-81.0357713583642,-146.75282827997208,167.64005740817456
5.169999999999934,3,STRAIGHT,3.103161474390443,-3.7330314035237753,-89.12667327043712,-150.37043728282265,174.79940588252165
5.179999999999934,3,STRAIGHT,3.0946003618916613,-3.748127289160148,-83.22533377212767,-151.6023156483891,172.94426354012396
5.189999999999934,3,STRAIGHT,3.0859647802363126,-3.76309545820273,-87.84147697715336,-148.3810723821888,172.43279188952462
5.199999999999934,3,STRAIGHT,3.07744411510529,-3.778134702546335,-83.78243468563606,-151.82885481015043,173.41135347725827
5.209999999999933,3,STRAIGHT,3.069001353096862,-3.792887767686941,-84.75295679585653,-144.54271128149998,167.55792750642203
5.219999999999933,3,STRAIGHT,3.0606225804388285,-3.8075951389789737,-82.94488189018443,-148.35559733757793,169.96834026713975
5.229999999999933,3,STRAIGHT,3.0522155172059087,-3.822389108001991,-84.5944666042186,-147.11631806757123,169.7039623043936
5.239999999999933,3,STRAIGHT,3.0438237264269477,-3.837432599528747,-83.5253658703805,-153.0171693483863,174.32940331215974
5.2499999999999325,3,STRAIGHT,3.035480489521166,-3.852257325228852,-84.75139412371686,-146.0614657029303,168.86903377825632
5.259999999999932,3,STRAIGHT,3.0269462441524393,-3.8673122531383357,-83.67168076123852,-151.38173127659954,172.96640924095988
5.269999999999932,3,STRAIGHT,3.018388585538215,-3.8821978190360156,-86.95348473298544,-147.15905840894058,170.92892376369633
5.279999999999932,3,STRAIGHT,3.0101273358704486,-3.8969070095357523,-79.4948284852806,-146.72188633787852,166.87342414671525
5.289999999999932,3,STRAIGHT,3.0017675832276134,-3.911605530225611,-86.00865968974199,-146.97307732001673,170.2896796595186
5.299999999999931,3,STRAIGHT,2.9936526355929307,-3.9260432129165053,-77.60989462834776,-142.3290858557997,162.11373916103113
5.309999999999931,3,STRAIGHT,2.9853679766161143,-3.940686307326805,-85.80659227052737,-147.00936999832882,170.219053411732
5.319999999999931,3,STRAIGHT,2.977031497668829,-3.955509871270355,-81.81922134710773,-149.4848777017669,170.4116006713135
5.329999999999931,3,STRAIGHT,2.9688047467378174,-3.9700454087326382,-82.79467287463672,-142.51228993290982,164.81720370865372
5.339999999999931,3,STRAIGHT,2.9605433461738664,-3.9847572043487793,-82.22075128357929,-149.73834727589664,170.82688484706742
5.34999999999993,3,STRAIGHT,2.9522522772846105,-3.999248603732808,-83.2329752071469,-142.03426957148616,164.6252164601132
5.35999999999993,3,STRAIGHT,2.943976056458548,-4.013869348616663,-82.29957258485898,-148.58366551644636,169.85383512288936
5.36999999999993,3,STRAIGHT,2.9355376808670175,-4.028441747031863,-86.0538766713344,-144.33865008819308,168.04438580163003
5.37999999999993,3,STRAIGHT,2.9272909293978504,-4.042790299608497,-79.74174134108046,-142.79905197646332,163.5552339654236
5.3899999999999295,3,STRAIGHT,2.9190923281803496,-4.056998416551799,-83.28440926391102,-141.37954975911816,164.08677556868986
5.399999999999929,3,STRAIGHT,2.9108350312866045,-4.071210853323387,-82.00653617973502,-142.38215444520972,164.30992021377696
5.409999999999929,3,STRAIGHT,2.902349577626784,-4.085448443251537,-88.39231930249827,-143.74936841076885,168.7515423045661
5.419999999999929,3,STRAIGHT,2.8937536537927127,-4.099877690199467,-83.96454840109845,-144.58244647052675,167.19488393968024
5.429999999999929,3,STRAIGHT,2.8851012106759995,-4.1141118390151075,-88.19198873138161,-140.97432978807348,166.28766802018916
5.4399999999999284,3,STRAIGHT,2.8766909862322447,-4.128086539280998,-81.15533167550451,-138.80400214714714,160.78786916750397
5.449999999999928,3,STRAIGHT,2.868378401869489,-4.141976057173824,-84.10535417242616,-138.68731868242168,162.19704979989257
5.459999999999928,3,STRAIGHT,2.860137480203566,-4.155983507836634,-81.11195686632125,-140.82781749987663,162.51653370799696
5.469999999999928,3,STRAIGHT,2.8518138052643045,-4.170117538964279,-84.53135632080821,-141.24048040124535,164.60383806403186
5.479999999999928,3,STRAIGHT,2.8433706378326398,-4.1845880425617015,-82.3110363906703,-145.3198026132784,167.01183114758203
5.489999999999927,3,STRAIGHT,2.8349271296335807,-4.198894960463723,-85.77063815907934,-141.85556551633618,165.76973136907492
5.499999999999927,3,STRAIGHT,2.82676028843989,-4.212954406557845,-78.75571179981007,-139.4613191303533,160.1621730455509
5.509999999999927,3,STRAIGHT,2.8185049571833565,-4.2270465440730405,-85.03425285800262,-141.81413350469,165.3543849458029
5.519999999999927,3,STRAIGHT,2.8105829878736763,-4.240907681952676,-75.1781543468,-136.00284236629042,155.39796659770462
5.5299999999999265,3,STRAIGHT,2.8022796031499015,-4.25500618684275,-86.80344396378051,-142.04992437530825,166.47227666793043
5.539999999999926,3,STRAIGHT,2.7940478060943743,-4.269171244630494,-80.9561397294427,-142.86160323950975,164.20515899342553
5.549999999999926,3,STRAIGHT,2.78571585203296,-4.2832956806525,-84.65079164431863,-139.99669945867555,163.59960997915786
5.559999999999926,3,STRAIGHT,2.7776945170392286,-4.297105866559004,-77.20393010505762,-138.1270601228008,158.23884340399624
5.569999999999926,3,STRAIGHT,2.7695988554475357,-4.311015866730467,-85.11649834105192,-140.36936919252398,164.15961165082413
5.5799999999999255,3,STRAIGHT,2.761518718863468,-4.324940419102629,-77.68613310086701,-138.31343291704533,158.6371362621742
5.589999999999925,3,STRAIGHT,2.753258412918326,-4.338926056276504,-85.58250406225385,-140.6061360709707,164.60392006988783
5.599999999999925,3,STRAIGHT,2.7451827902330597,-4.352824385169164,-77.43871252989285,-137.94837919891057,158.19769126600366
5.609999999999925,3,STRAIGHT,2.7370239356277524,-4.366727276363705,-84.15589606670743,-139.73710988826713,163.12165620393912
5.619999999999925,3,STRAIGHT,2.7292251649106705,-4.380325605194085,-74.90774713454539,-137.18261175376264,156.3017579822971
5.629999999999924,3,STRAIGHT,2.7212457098744065,-4.394287912752146,-83.10281007557772,-140.42422371222386,163.17181021131756
5.639999999999924,3,STRAIGHT,2.7134062424427166,-4.40818369922473,-75.04361204292253,-137.7346623267295,156.85146130880284
5.649999999999924,3,STRAIGHT,2.7054045116777803,-4.422080160302674,-82.2552085836908,-138.29455147181682,160.90774470465203
5.659999999999924,3,STRAIGHT,2.6975038283651767,-4.4358049145751535,-76.61757910452374,-136.1101723175858,156.19293337459555
5.6699999999999235,3,STRAIGHT,2.6893866837023928,-4.449555124656261,-84.10964760175473,-138.5717701374581,162.1004882741563
5.679999999999923,3,STRAIGHT,2.6813815333602165,-4.4632342212580545,-77.18749887426982,-135.5471764781174,155.98380375428505
5.689999999999923,3,STRAIGHT,2.6734136992760424,-4.476820717589678,-83.26245500172786,-137.18357822726873,160.47420524231273
5.699999999999923,3,STRAIGHT,2.665394100731141,-4.490489996607179,-78.60246356578597,-138.34476068861358,159.11511583944647
5.709999999999923,3,STRAIGHT,2.657318464194848,-4.503945517060222,-82.26175013315053,-131.37772435319874,155.00678046844905
5.7199999999999225,3,STRAIGHT,2.64944005301255,-4.5173800638707515,-76.12141594439468,-136.00604725307747,155.85927901407052
5.729999999999922,3,STRAIGHT,2.6412796277517914,-4.531057781064536,-84.85867443171604,-137.49147471052027,161.57010937788465
5.739999999999922,3,STRAIGHT,2.6332336001961,-4.544644684831679,-77.22908838211428,-134.73395242850046,155.29832590642388
5.749999999999922,3,STRAIGHT,2.625058485397686,-4.558144013375807,-84.43584026262863,-134.92447381807042,159.1666571739801
5.759999999999922,3,STRAIGHT,2.617122260687404,-4.571471004230432,-76.19234323006887,-132.39921328470137,152.75740520608636
5.769999999999921,3,STRAIGHT,2.6091475743078028,-4.584534509795386,-82.21276661802037,-129.23800458090687,153.1711487945546
5.779999999999921,3,STRAIGHT,2.6014097559442266,-4.597725912445572,-72.97384309152416,-132.25850720340645,151.05460768616064
5.789999999999921,3,STRAIGHT,2.593431005474135,-4.611147543723479,-84.19638544783315,-135.96286085759925,159.92163973353632
5.799999999999921,3,STRAIGHT,2.5855774785642196,-4.624569109590436,-76.25981109059474,-134.61875247306725,154.71834831388986
5.809999999999921,3,STRAIGHT,2.577574920831867,-4.637906323306126,-81.92991420517215,-132.06816235692546,155.41721381495066
5.81999999999992,3,STRAIGHT,2.5696744114763916,-4.650963916998087,-76.73969984000149,-129.36986572210537,150.41789683574592
5.82999999999992,3,STRAIGHT,2.5617456239983225,-4.663878366985689,-83.03625294357082,-130.20414537167918,154.42842605841074
5.83999999999992,3,STRAIGHT,2.553763191195875,-4.676795992871503,-77.3578036090007,-128.34787796235386,149.85795793566655
5.84999999999992,3,STRAIGHT,2.5456655584574337,-4.68973193534626,-83.20060156206614,-129.97164342572069,154.32099077919491
5.8599999999999195,3,STRAIGHT,2.5376948100162133,-4.702810282768559,-77.60651951300231,-131.6966743749721,152.8619832147596
5.869999999999919,3,STRAIGHT,2.5298703206055464,-4.715549509101883,-78.6789431415844,-124.52076791779393,147.29493452496516
5.879999999999919,3,STRAIGHT,2.5219896507092128,-4.728479353651069,-78.47617062709723,-132.10749205359963,153.6583834777171
5.889999999999919,3,STRAIGHT,2.5140411424649405,-4.741251568629546,-80.2795445525981,-124.74489656411384,148.3445128488548
5.899999999999919,3,STRAIGHT,2.5060280507953205,-4.754204984856548,-79.85308233945283,-132.69696170802555,154.8709088423408
5.909999999999918,3,STRAIGHT,2.4979029060322975,-4.767065158227389,-83.65283498221015,-127.93472353580381,152.85643685086814
5.919999999999918,3,STRAIGHT,2.490003956081065,-4.779596330719013,-75.31979074779149,-123.10158955068253,144.3158765631689
5.929999999999918,3,STRAIGHT,2.4818558402008857,-4.792252631256055,-85.29575593677579,-128.60930323421135,154.32342291180348
5.939999999999918,3,STRAIGHT,2.4738226716621625,-4.804980832940069,-77.11319181721315,-126.81107278270807,148.41661811448066
5.949999999999918,3,STRAIGHT,2.4656541741260747,-4.817648520709598,-84.30982616547108,-126.23340223208604,151.79927083862944
5.959999999999917,3,STRAIGHT,2.4574970170205197,-4.830410204077111,-79.88951067008118,-129.13831350112196,151.8520264238152
5.969999999999917,3,STRAIGHT,2.4492992606518986,-4.843067799074607,-83.48786525477733,-125.05856049864055,150.36577801744647
5.979999999999917,3,STRAIGHT,2.441365881944315,-4.855565784818462,-76.48612091609148,-124.90052189458329,146.45909689169275
5.989999999999917,3,STRAIGHT,2.433335636606982,-4.867896204061541,-82.72519688735406,-121.89139180995936,147.31248961788853
5.9999999999999165,3,STRAIGHT,2.4253739030892234,-4.880462906587318,-77.15894428890925,-127.60758212740299,149.12141932056878
6.009999999999916,3,STRAIGHT,2.4172641933283185,-4.893117276622592,-83.98711123121785,-127.05322694823221,152.3035040008074
6.019999999999916,3,STRAIGHT,2.409191244995659,-4.905894631769495,-79.73009041542088,-129.35192418194185,151.95001680559966
6.029999999999916,3,STRAIGHT,2.401008292113193,-4.918564594876601,-83.46268721694886,-125.20126913944615,150.4705218692428
6.039999999999916,3,STRAIGHT,2.392910760606967,-4.931294234357328,-79.3179916899738,-128.47221957663405,150.9849496098125
6.0499999999999154,3,STRAIGHT,2.3847852774121923,-4.943920458025503,-82.59717736172134,-124.70444098684568,149.5777099368931
6.059999999999915,3,STRAIGHT,2.3769192825195358,-4.956420474892191,-75.73744628372052,-124.80101519897376,145.98443123934118
6.069999999999915,3,STRAIGHT,2.368892827959614,-4.968926279026745,-82.95371414302134,-124.9443811992903,149.9747214813072
6.079999999999915,3,STRAIGHT,2.3611152778985134,-4.981184554677785,-74.09525378461954,-120.71791954284106,141.64364698834547
6.089999999999915,3,STRAIGHT,2.353101581469159,-4.993699851225412,-82.3411297001528,-125.8056856088032,150.35668316306536
6.099999999999914,3,STRAIGHT,2.3451899813656842,-5.006260886041322,-77.88576399327498,-128.00263491723933,149.8361330873571
6.109999999999914,3,STRAIGHT,2.337170185593712,-5.018848688624993,-81.82046394062526,-124.3032682364178,148.8149549397304
6.119999999999914,3,STRAIGHT,2.329366769236473,-5.031284111709208,-75.30392804172618,-124.20050461976058,145.24615976443798
6.129999999999914,3,STRAIGHT,2.3213598957121997,-5.043755051165605,-83.03739259149589,-124.78562089688212,149.8888246368441
6.1399999999999135,3,STRAIGHT,2.3133875317987886,-5.056237746487553,-78.7959992092779,-127.89788307622733,150.2220955344747
6.149999999999913,3,STRAIGHT,2.305318883779973,-5.068824299570948,-81.9505691333135,-124.0751211866639,148.6961044505179
6.159999999999913,3,STRAIGHT,2.297355729343861,-5.081388214478804,-78.12960733351399,-126.73401082246856,148.88164776505752
6.169999999999913,3,STRAIGHT,2.289415690495873,-5.0936376093479625,-80.08838664545937,-119.43500140528411,143.80149246844698
6.179999999999913,3,STRAIGHT,2.281463010084086,-5.106069573348163,-78.94000872808574,-127.3792104540812,149.8565588617841
6.1899999999999125,3,STRAIGHT,2.273630588584478,-5.11820555980369,-77.63049297452895,-117.06918511652269,140.46952531889275
6.199999999999912,3,STRAIGHT,2.265514904370384,-5.130647710539799,-80.5495868893117,-127.13557984768265,150.50478932992553
6.209999999999912,3,STRAIGHT,2.257342179874062,-5.1429133124061135,-82.5333763289692,-119.67483126105401,145.37476894434263
6.219999999999912,3,STRAIGHT,2.2491765239224137,-5.15508949087161,-81.18031731125578,-125.68482413574156,149.62258832405104
6.229999999999912,3,STRAIGHT,2.240874826996707,-5.167373414893798,-84.38406855542758,-120.96236274030045,147.4875053205631
6.239999999999911,3,STRAIGHT,2.232847019994372,-5.179369316277566,-77.37557047546834,-119.26781384861489,142.16817620913628
6.249999999999911,3,STRAIGHT,2.224685572156432,-5.19141011638858,-84.29410135805448,-121.04579921276482,147.50451189987015
6.259999999999911,3,STRAIGHT,2.2168792338428926,-5.203325586694702,-73.39211515462067,-117.48023908549506,138.52078956768253
6.269999999999911,3,STRAIGHT,2.2086961108696195,-5.21551096596845,-84.91918682536387,-122.6987877823279,149.21883532025637
6.2799999999999105,3,STRAIGHT,2.2006067944819914,-5.227754621770741,-78.1059682980648,-122.02764349075963,144.88370529388817
6.28999999999991,3,STRAIGHT,2.1923819773102156,-5.240169595252427,-83.48247709310729,-122.96081225408379,148.62262725367637
6.29999999999991,3,STRAIGHT,2.184367267982773,-5.252502882907096,-78.07772844316558,-125.14211584484336,147.5014604570711
6.30999999999991,4,CURVE LEFT,2.1765027312731435,-5.26464087153467,-79.03921231568536,-118.47192448976685,142.41767437994838
6.31999999999991,4,CURVE LEFT,2.1691711965753124,-5.27704761757928,-71.59339053308543,-128.72505007135118,147.29477955411303
6.3299999999999095,4,CURVE LEFT,2.1613305426724527,-5.2892321437327245,-79.44628233333023,-119.0790944549855,143.14867275950056
6.339999999999909,4,CURVE LEFT,2.1534388849967314,-5.301642485214728,-77.6004835887206,-125.43326741592455,147.49691396038813
6.349999999999909,4,CURVE LEFT,2.1454206156567848,-5.314024120203027,-81.8693739036104,-122.54102176534323,147.3733232259607
6.359999999999909,4,CURVE LEFT,2.1375453218167437,-5.32634324600325,-76.704823977308,-123.6599613345869,145.51775169600901
6.369999999999909,4,CURVE LEFT,2.129676292596473,-5.338308935415674,-80.07207318350716,-116.72121601394821,141.54638523000045
6.379999999999908,4,CURVE LEFT,2.1220406520019357,-5.350252496356116,-73.80792938459932,-121.01847024587482,141.75006377668296
6.389999999999908,4,CURVE LEFT,2.1141297341186314,-5.362248016829212,-80.7240551407765,-117.95420958921822,142.93204202763056
6.399999999999908,4,CURVE LEFT,2.1062882272501713,-5.374473434910169,-76.90885992269794,-124.80133204993014,146.59585674924818
6.409999999999908,4,CURVE LEFT,2.0983930110746343,-5.386757833136538,-80.73695426633665,-121.79975195425628,146.12883137944712
6.419999999999908,4,CURVE LEFT,2.0906666597139782,-5.399032859737958,-75.15156582953333,-123.16201747400119,144.27972967432694
6.429999999999907,4,CURVE LEFT,2.0829330471925616,-5.411260651571012,-79.03375478246056,-121.42575246291108,144.88115045166595
6.439999999999907,4,CURVE LEFT,2.075463965589777,-5.423284635386313,-72.12124027214647,-119.38103486882659,139.47510453390836
6.449999999999907,4,CURVE LEFT,2.067917840908457,-5.435446381525419,-77.66523557942767,-122.96741960307345,145.44028018897077
6.459999999999907,4,CURVE LEFT,2.060515872361459,-5.447593063482503,-71.73557246071542,-120.39696922924125,140.1478596192372
6.4699999999999065,4,CURVE LEFT,2.0530328872942225,-5.459844072263934,-77.06775450262543,-123.75336836888964,145.78866542609902
6.479999999999906,4,CURVE LEFT,2.0456305861097523,-5.472148165578272,-72.32342927498341,-124.72986040399621,144.18119328988058
6.489999999999906,4,CURVE LEFT,2.0381580952422467,-5.484077472620804,-76.31252776478837,-114.8662387872146,137.90523814189584
6.499999999999906,4,CURVE LEFT,2.030676040499859,-5.496515862944017,-72.51875345636728,-127.51007413874333,146.68942910016796
6.509999999999906,4,CURVE LEFT,2.02314194431789,-5.508969968658611,-77.15548580619945,-123.92157714984116,145.97782801951357
6.519999999999905,4,CURVE LEFT,2.0157165567702453,-5.521376232554908,-72.56841948633215,-124.02853909576103,143.6984830016413
6.529999999999905,4,CURVE LEFT,2.008210893692593,-5.5335657543298415,-76.91590990913072,-120.48662129895682,142.9443357016561
6.539999999999905,4,CURVE LEFT,2.0008406921159065,-5.54569303358037,-71.79616100116458,-121.9577361956131,141.52165259232913
6.549999999999905,4,CURVE LEFT,1.9933818638602343,-5.557470418139409,-76.6730030581596,-114.94053082498428,138.16683764306728
6.559999999999905,4,CURVE LEFT,1.9859480942226382,-5.569470069413726,-73.11750111906728,-123.14087238059588,143.21258122298826
6.569999999999904,4,CURVE LEFT,1.978301399938044,-5.581358180826302,-78.97448583716243,-116.38986819048289,140.65408216842533
6.579999999999904,4,CURVE LEFT,1.9708536048341898,-5.5935264095506465,-71.85568258213691,-124.64195338509269,143.87096879842173
6.589999999999904,4,CURVE LEFT,1.963380736980009,-5.605680114164873,-76.23584711266732,-121.50315930312475,143.43961135483633
6.599999999999904,4,CURVE LEFT,1.956088417632757,-5.617950882022858,-71.08325802889091,-123.27021568749359,142.29678720070623
6.6099999999999035,4,CURVE LEFT,1.9487789017402268,-5.629969245208171,-75.71922449714556,-120.11280584474319,141.9876300469379
6.619999999999903,4,CURVE LEFT,1.9415210159240623,-5.642182574876364,-70.79671761987541,-123.15608072661215,142.05490292731253
6.629999999999903,4,CURVE LEFT,1.9341788153647075,-5.6543882502891085,-75.49962986854085,-121.44889842656256,143.00359799428887
6.639999999999903,4,CURVE LEFT,1.9268880887571331,-5.666693166317464,-70.38398937340601,-125.3774444105382,143.78250772271755
6.649999999999903,4,CURVE LEFT,1.9195707441529273,-5.678883386528549,-75.67884902792237,-118.88318254705459,140.92728367036443
6.659999999999902,4,CURVE LEFT,1.9123784593160118,-5.691306731934215,-69.89763198033032,-127.57722410210626,145.470364906591
6.669999999999902,4,CURVE LEFT,1.9050926100394714,-5.703666144261106,-75.1454748156346,-120.61293702753228,142.10673088800064
6.679999999999902,4,CURVE LEFT,1.8979687021153462,-5.716267183899176,-69.56119186950829,-126.53983852119717,144.39906560389232
6.689999999999902,4,CURVE LEFT,1.8908770935513037,-5.728801817268281,-72.15492906709544,-124.52424175462144,143.91879854015244
6.699999999999902,4,CURVE LEFT,1.88407493955302,-5.741542280807404,-65.50634408974717,-129.03769158888468,144.71284312939358
6.709999999999901,4,CURVE LEFT,1.877347414736826,-5.754179270494837,-69.15098360000076,-126.11516995302901,143.82939416242064
6.719999999999901,4,CURVE LEFT,1.8707304529856066,-5.766954668676964,-64.49479960641523,-128.88594434625404,144.12205183904837
6.729999999999901,4,CURVE LEFT,1.8640416771887893,-5.779685098126821,-68.82711905963296,-126.2283186982351,143.77329640594633
6.739999999999901,4,CURVE LEFT,1.8572968548182776,-5.79227659830986,-66.931187463716,-125.48125424467369,142.21578330874365
6.7499999999999005,4,CURVE LEFT,1.8505076389855524,-5.8049541013922745,-69.02935571289521,-127.77435142612516,145.22856754958494
6.7599999999999,4,CURVE LEFT,1.8437459296382734,-5.8176551034603765,-67.00101494587238,-126.69100980154428,143.31694934065547
6.7699999999999,4,CURVE LEFT,1.8370765854467483,-5.83053754293133,-68.23591006094289,-127.65135664415368,144.74463124737306
6.7799999999999,4,CURVE LEFT,1.8306181087977622,-5.843505772944188,-62.330954365633374,-131.18242232945053,145.2376528327038
6.7899999999999,4,CURVE LEFT,1.824293467858653,-5.8565442439328965,-64.07318669133318,-129.95536815803453,144.89227365830357
6.7999999999998995,4,CURVE LEFT,1.8182450635467522,-5.8697796211984805,-58.27817438502528,-135.264058175056,147.2844562186939
6.809999999999899,4,CURVE LEFT,1.8121838445223377,-5.883143515960823,-62.477101225952715,-132.72101062490887,146.69101826252046
6.819999999999899,4,CURVE LEFT,1.806192127072371,-5.896641033566777,-58.739328155573524,-136.3699971983906,148.48260776285287
6.829999999999899,4,CURVE LEFT,1.80004971572582,-5.910073653062449,-63.470523473391616,-133.04711973752526,147.41113736905277
6.839999999999899,4,CURVE LEFT,1.7940388689109799,-5.923516928146427,-58.071707249394,-135.482373822128,147.40351691645
6.849999999999898,4,CURVE LEFT,1.7881585794691264,-5.936888049826515,-59.476447376459696,-132.6846049658435,145.40513122811976
6.859999999999898,4,CURVE LEFT,1.7824801709495246,-5.950214760853556,-55.34383685980488,-133.70188085146515,144.70360472906017
6.869999999999898,4,CURVE LEFT,1.7770643367522763,-5.96377258881633,-53.66231219726048,-137.0111792519719,147.14519017070256
6.879999999999898,4,CURVE LEFT,1.7718227121698604,-5.977564909835634,-52.09387104126167,-138.34418524238222,147.82721329458312
6.8899999999998975,4,CURVE LEFT,1.766575527965284,-5.991501598727877,-54.431742059876186,-138.56156523735984,148.8694794264426
6.899999999999897,4,CURVE LEFT,1.7614264599638798,-6.005547549314801,-50.00625681973732,-141.68391808926827,150.249653464652
6.909999999999897,4,CURVE LEFT,1.7562503357742845,-6.019500731529486,-53.06979676884792,-138.36570041107433,148.19402949961915
6.919999999999897,4,CURVE LEFT,1.7513319248419048,-6.033450313427953,-46.28906944961807,-141.74162429493154,149.10857120996462
6.929999999999897,4,CURVE LEFT,1.7466442933466755,-6.047537974459735,-47.65857822782564,-140.37846560860046,148.24794664791415
6.9399999999998965,4,CURVE LEFT,1.7422714023559622,-6.061838753879403,-41.33293644087503,-144.7814266126425,150.5658431611147
6.949999999999896,4,CURVE LEFT,1.7379411553956015,-6.076219882499512,-45.22480288634726,-142.99209935233614,149.97340855397445
6.959999999999896,4,CURVE LEFT,1.733650567041315,-6.090671231709644,-41.485545907103685,-145.85474109384054,151.639889273112
6.969999999999896,4,CURVE LEFT,1.7292195706030309,-6.105068911795497,-46.181450343523935,-142.98760979289187,150.26038370147893
6.979999999999896,4,CURVE LEFT,1.7249239081679733,-6.119476524378682,-40.814822608138556,-144.94862327952657,150.5853682638653
6.989999999999895,4,CURVE LEFT,1.720728765671787,-6.133841580038502,-42.88833831908392,-143.12610873524537,149.41382990026554
6.999999999999895,4,CURVE LEFT,1.7167019824429317,-6.1481950984533364,-38.67070865482332,-144.36394896615525,149.4535829914054
7.009999999999895,4,CURVE LEFT,1.7130844312852744,-6.16287015159674,-34.88899679501001,-148.422875197288,152.46833106974034
7.019999999999895,4,CURVE LEFT,1.7097377711015451,-6.177785683337864,-33.25879147859099,-149.16604919842518,152.8288501693427
7.0299999999998946,4,CURVE LEFT,1.7064838913792337,-6.192789968386089,-33.99542198041329,-149.63445133819977,153.44757327149375
7.039999999999894,4,CURVE LEFT,1.7033896938883817,-6.2077964251684525,-28.964584423551297,-150.40325813694605,153.1668606750098
7.049999999999894,4,CURVE LEFT,1.7003603857095348,-6.222716694133504,-31.1519400333373,-148.73306418057413,151.96041507044993
7.059999999999894,4,CURVE LEFT,1.6977116583726761,-6.237711494258677,-23.5770907278718,-150.9032306854578,152.73396556921708
7.069999999999894,4,CURVE LEFT,1.695314118837347,-6.252832547468732,-24.67431527427251,-151.3962806779784,153.39379269507424
7.0799999999998935,4,CURVE LEFT,1.6933404143755728,-6.268129052592675,-16.600471580920033,-154.1306765236219,155.02206650131555
7.089999999999893,4,CURVE LEFT,1.691473105657848,-6.283376896840663,-19.744936484931536,-152.91651239260545,154.1859989723835
7.099999999999893,4,CURVE LEFT,1.689958825746226,-6.298796728067692,-12.620704996875954,-154.75133306422265,155.2651193274656
7.109999999999893,4,CURVE LEFT,1.6885518339798602,-6.314282460006237,-15.40932884029654,-155.10107386047832,155.86465451789238
7.119999999999893,4,CURVE LEFT,1.6873033863956841,-6.329801447709177,-10.86175423551806,-155.3207695608159,155.70009364813134
7.129999999999892,4,CURVE LEFT,1.6858975802511562,-6.345302898159471,-16.381013855205396,-155.09416239140356,155.95684282138916
7.139999999999892,4,CURVE LEFT,1.6846031224764955,-6.360795694278941,-12.572240343731615,-154.9308685880322,155.44013403462654
7.149999999999892,4,CURVE LEFT,1.683418187867096,-6.376265259406537,-11.595077535103876,-154.74336457982452,155.17717198263912
7.159999999999892,4,CURVE LEFT,1.6823780305635148,-6.391763248273805,-9.70902955514804,-155.42048116126685,155.7234446681117
7.169999999999892,4,CURVE LEFT,1.6815559725306974,-6.407386750036963,-7.493708058416637,-156.83413081430723,157.01305757402474
7.179999999999891,4,CURVE LEFT,1.680798564987694,-6.422982816577146,-5.851238947001929,-157.39127003449752,157.4999964453556
7.189999999999891,4,CURVE LEFT,1.680353971118144,-6.438751231711716,-4.183964330551252,-157.54493840969758,157.60048596382794
7.199999999999891,4,CURVE LEFT,1.6797568145203283,-6.454377807151805,-7.270154675653363,-155.5782823566225,155.74805645671756
7.209999999999891,4,CURVE LEFT,1.679496892461614,-6.470046833726221,0.43797086745591407,-157.6220522731638,157.62266074801786
7.2199999999998905,4,CURVE LEFT,1.6795731076048368,-6.4858048342842345,3.22220347244532,-158.58395152084975,158.6166834705135
7.22999999999989,4,CURVE LEFT,1.6801304909880797,-6.501707553865148,6.625919571396787,-159.33089153977525,159.46860446190104
7.23999999999989,4,CURVE LEFT,1.6809127856909296,-6.517651320441709,7.919095932074202,-159.3415037410092,159.53816751745472
7.24999999999989,4,CURVE LEFT,1.6817397190292251,-6.533567404114765,8.44007868920456,-159.27587303683381,159.49933749055378
7.25999999999989,4,CURVE LEFT,1.6826458946311245,-6.549522951927645,9.439778884324067,-159.90068389173277,160.17908145082112
7.269999999999889,4,CURVE LEFT,1.6837095331542964,-6.565550026095723,11.207636781613786,-160.62173994066998,161.01228047511407
7.279999999999889,4,CURVE LEFT,1.6847101251598093,-6.581480606853161,10.89773781734806,-160.2123676173149,160.58257510415416
7.289999999999889,4,CURVE LEFT,1.6858589123605454,-6.597501647906692,11.507832805882122,-160.16472190677584,160.57760852423658
7.299999999999889,4,CURVE LEFT,1.687048766763332,-6.613506019153857,12.093279846029759,-160.21167785865623,160.6674489114713
7.309999999999889,4,CURVE LEFT,1.6883839099110112,-6.6295434932653325,13.89906182742501,-160.54025457927375,161.14079948933048
7.319999999999888,4,CURVE LEFT,1.6899079634675882,-6.64559870826718,15.891467924810485,-160.62485896095274,161.40905820006273
7.329999999999888,4,CURVE LEFT,1.6916328751147447,-6.661642776392186,18.00167848629549,-160.3911596288174,161.39821720019322
7.339999999999888,4,CURVE LEFT,1.6936177908242218,-6.677676014564722,20.958297279875534,-160.50247702108845,161.86505291376724
7.349999999999888,4,CURVE LEFT,1.6957805240761479,-6.693727463589925,22.145977868804728,-160.73910566080426,162.2575250162555
7.3599999999998875,4,CURVE LEFT,1.6978910870643926,-6.709737201154684,20.251846707964834,-159.61949094586583,160.89909628366544
7.369999999999887,4,CURVE LEFT,1.7003690978246315,-6.725878826239728,27.607159685321104,-162.74523606194862,165.07018848583834
7.379999999999887,4,CURVE LEFT,1.7031377599514734,-6.742121979479231,27.483017896438366,-162.2992663683328,164.6097449618187
7.389999999999887,4,CURVE LEFT,1.7058576800437038,-6.758296572578413,27.07217879692445,-161.583954060056,163.8361287216435
7.399999999999887,4,CURVE LEFT,1.70858408058893,-6.774433583944061,27.429138833901916,-161.46625259673098,163.77945043503107
7.4099999999998865,4,CURVE LEFT,1.7114162122892849,-6.790578374409436,28.765812859799695,-161.63438424957914,164.17413365456085
7.419999999999886,4,CURVE LEFT,1.7141041144160964,-6.8067626956271905,25.30073691127449,-162.25000724470974,164.21081614547163
7.429999999999886,4,CURVE LEFT,1.7170578077104222,-6.8229700946848695,31.92880623403555,-162.35648323787032,165.46623920576502
7.439999999999886,4,CURVE LEFT,1.7198799775014038,-6.83907580040062,30.48076066149903,-161.83819684701527,164.68357152186385
7.449999999999886,4,CURVE LEFT,1.7230274430393133,-6.855241224547502,31.486858919932704,-161.50652457996748,164.54719616737134
7.459999999999885,4,CURVE LEFT,1.726239918730494,-6.871366001298369,32.51337538643369,-161.22216151438218,164.46794502999265
7.469999999999885,4,CURVE LEFT,1.7296360695059663,-6.887487659954422,34.87725214692555,-161.32965836798084,165.05660055402097
7.479999999999885,4,CURVE LEFT,1.733337548208616,-6.903648484484872,38.3402339130141,-161.72759446384376,166.21007294254503
7.489999999999885,4,CURVE LEFT,1.7373684218440917,-6.919816364289992,40.99508874267523,-161.77758371124645,166.89093412306485
7.4999999999998845,4,CURVE LEFT,1.7415312605768556,-6.93600143507703,41.970027831779014,-162.09231278817023,167.43775291498127
7.509999999999884,4,CURVE LEFT,1.7456991820801766,-6.952217137127313,41.280670939603894,-162.28042777946013,167.4485922111871
7.519999999999884,4,CURVE LEFT,1.7497989182926514,-6.968442907156013,40.927963662519716,-162.47146259622772,167.54723025976273
7.529999999999884,4,CURVE LEFT,1.7536813531818207,-6.984591044979345,37.431095569337415,-161.0333906897946,165.32646440474346
7.539999999999884,4,CURVE LEFT,1.7578599406586108,-7.000752713465771,44.57328716901923,-162.10705339635018,168.1233912633783
7.5499999999998835,4,CURVE LEFT,1.7623540851700543,-7.0169106249498805,46.660593102421714,-161.86917361711383,168.4602039538036
7.559999999999883,4,CURVE LEFT,1.7670781559361286,-7.033079951632396,47.142635121715806,-161.68614653007637,168.41863918807965
7.569999999999883,4,CURVE LEFT,1.7717764410627992,-7.0492154237054825,47.03907837109869,-161.56910835611583,168.27730586443514
7.579999999999883,4,CURVE LEFT,1.7765179263569413,-7.065389370442278,47.35043019197445,-162.3996747093031,169.16180888443026
7.589999999999883,4,CURVE LEFT,1.7813359151903911,-7.081615613490024,48.55670477327788,-162.23029475210512,169.34114123211222
7.599999999999882,4,CURVE LEFT,1.7863751388735043,-7.097761899504864,51.36675550360523,-161.06326215543376,169.05596111086157
7.609999999999882,4,CURVE LEFT,1.7916335961547383,-7.113784560712998,53.44139653317106,-159.8574269190667,168.55378905441546
7.619999999999882,4,CURVE LEFT,1.7971451150796138,-7.129717933186461,56.26808776918614,-159.2125646375586,168.86307601032738
7.629999999999882,4,CURVE LEFT,1.802953917451627,-7.145663380097951,59.249198455327125,-159.91517425098453,170.53835484524143
7.6399999999998816,4,CURVE LEFT,1.8087500892381672,-7.1616847911886845,56.18056120718813,-160.33846751716402,169.89608477921814
7.649999999999881,4,CURVE LEFT,1.8147015394006216,-7.177722352813775,61.722180899421396,-160.55765605174653,172.01275688684208
7.659999999999881,4,CURVE LEFT,1.8206794002298423,-7.193652753512594,58.464634825438154,-158.734858077714,169.1592997568382
7.669999999999881,4,CURVE LEFT,1.8271597057482105,-7.20947976273195,65.84661887840537,-157.8414300344938,171.02541990315933
7.679999999999881,4,CURVE LEFT,1.8338990861842355,-7.225205570058976,68.47968265022287,-157.20068953711723,171.46872521489263
7.6899999999998805,4,CURVE LEFT,1.840902896276588,-7.240938459866574,70.48926217508163,-157.48896007157026,172.5442222342204
7.69999999999988,4,CURVE LEFT,1.8479006503300266,-7.256693751546734,69.63039169286948,-157.9058045978766,172.57646007786002
7.70999999999988,4,CURVE LEFT,1.8548392385221861,-7.272492322618888,69.32409619206351,-158.13230128457909,172.66051958222346
7.71999999999988,4,CURVE LEFT,1.86182114482116,-7.288251548100277,70.15239933586207,-157.38408123237127,172.31107961456195
7.72999999999988,4,CURVE LEFT,1.8689396045712008,-7.303916674298001,71.86501747108134,-156.40336539700945,172.1237736154692
7.739999999999879,4,CURVE LEFT,1.876275724505211,-7.319510112690736,74.35006163647043,-155.8942323616111,172.71636676633443
7.749999999999879,4,CURVE LEFT,1.8838589372476262,-7.3351088195507,76.73214118391581,-156.41104013598562,174.21892826868523
7.759999999999879,4,CURVE LEFT,1.8912865551442466,-7.35078703918434,72.35647411399685,-157.14750134099552,173.00519218777134
7.769999999999879,4,CURVE LEFT,1.8988652214112098,-7.366462140795061,77.90523464304675,-156.54006011451992,174.85427076696092
7.779999999999879,4,CURVE LEFT,1.906455721273852,-7.382048493253607,77.3833339269774,-155.38202476768376,173.58500508557523
7.789999999999878,4,CURVE LEFT,1.914347574864251,-7.39748760975268,79.72956416798604,-153.99871007014306,173.41397321347836
7.799999999999878,4,CURVE LEFT,1.9225017925977683,-7.412815899675248,82.75351842865672,-153.09633139615656,174.03054760381528
7.809999999999878,4,CURVE LEFT,1.9310176660766598,-7.428090341839879,86.46818018259265,-152.6177719756069,175.41074797995603
7.819999999999878,4,CURVE LEFT,1.9397280465340105,-7.443198123361657,86.20553607724136,-150.5071233592893,173.4467890514347
7.8299999999998775,4,CURVE LEFT,1.9489243885363345,-7.458276548681874,92.66647197284887,-150.48062992117497,176.72434752848403
7.839999999999877,4,CURVE LEFT,1.9583009653948773,-7.473288947673035,94.29846277059954,-150.1509005790079,177.3062125972614
7.849999999999877,4,CURVE LEFT,1.967704004538518,-7.488309902330095,93.51485020891653,-150.38662253949576,177.09083389162993
7.859999999999877,4,CURVE LEFT,1.9769819700595468,-7.503352509655271,92.39066232220682,-150.62073765169188,176.69929568358737
7.869999999999877,4,CURVE LEFT,1.9862504893528077,-7.518371749357346,92.95450563749642,-150.0318523927506,176.493900321545
7.879999999999876,4,CURVE LEFT,1.9956591051938122,-7.533302722009248,94.8479041983387,-149.15970282959984,176.76182245901342
7.889999999999876,4,CURVE LEFT,2.0053313496358993,-7.548191266826782,97.82646346952838,-149.04368370675445,178.28078025360455
7.899999999999876,4,CURVE LEFT,2.015059475535931,-7.563043836682098,98.95854138425364,-148.92277703156313,178.80376514965144
7.909999999999876,4,CURVE LEFT,2.0247229182660664,-7.577989813827522,94.75076787050078,-149.97815895824647,177.4011166158617
7.919999999999876,4,CURVE LEFT,2.03451451798443,-7.592840345112173,100.05487470178443,-147.69013314459542,178.39101260954294
7.929999999999875,4,CURVE LEFT,2.04434142401746,-7.607610060508513,97.19989495538286,-148.00331041445048,177.0672173864311
7.939999999999875,4,CURVE LEFT,2.0546038895996337,-7.622252256265411,104.27998347014378,-146.0959266976437,179.49466496299198
7.949999999999875,4,CURVE LEFT,2.0651719730127005,-7.636792839764837,106.37102382838948,-145.28388988043986,180.06166546239535
7.959999999999875,4,CURVE LEFT,2.0758306032930407,-7.651272283540325,106.3961206983475,-144.7577601196354,179.65228530277938
7.9699999999998745,4,CURVE LEFT,2.086493921293774,-7.665724546756691,106.8553186212672,-144.52596349061565,179.7381796963108
7.979999999999874,4,CURVE LEFT,2.097271188361356,-7.680149970232537,108.46606990300253,-144.11467223437978,180.37163600030283
7.989999999999874,4,CURVE LEFT,2.108001981706155,-7.694497157952585,105.92588063600724,-143.30875165687868,178.20687554066646
7.999999999999874,4,CURVE LEFT,2.1190658798957838,-7.708824303645319,110.63496909286368,-143.25091656091507,180.99978309854728
8.009999999999874,4,CURVE LEFT,2.130153406976885,-7.723124871069762,111.08286772752113,-143.06831984922553,181.1296432035636
8.019999999999873,4,CURVE LEFT,2.14135531506818,-7.737382717176323,112.39989894895518,-142.4477162322977,181.45271875486614
8.029999999999873,4,CURVE LEFT,2.152652096598521,-7.7515558997810405,113.20852672652842,-141.5014807613717,181.2148988942464
8.039999999999873,4,CURVE LEFT,2.164071248177916,-7.765619062917343,114.76839425071259,-140.28135363433927,181.24746204118156
8.049999999999873,4,CURVE LEFT,2.175658103395701,-7.779575813884737,116.30410378822393,-139.40757462946806,181.5519661751221
8.059999999999873,4,CURVE LEFT,2.1871375035144025,-7.793522960535012,113.70637117205334,-139.61963618383643,180.06327124992373
8.069999999999872,4,CURVE LEFT,2.198973914247376,-7.80738187460629,121.38643831048259,-138.1644673415017,183.91326064605968
8.079999999999872,4,CURVE LEFT,2.210897243852859,-7.821212073927386,120.3987580767367,-138.2095279707742,183.2968482225616
8.089999999999872,4,CURVE LEFT,2.222913962416144,-7.835002168107183,119.78430709715218,-137.97156487720991,182.71407428386848
8.099999999999872,4,CURVE LEFT,2.2348745056397106,-7.848784139025966,119.66599834286411,-137.92380939493324,182.60046099997732
8.109999999999872,4,CURVE LEFT,2.246965131615163,-7.862509934354678,121.61437502320713,-137.1112487611633,183.27452291339043
8.119999999999871,4,CURVE LEFT,2.259282617710108,-7.87617447022447,123.76053916615197,-136.7595869701289,184.4447225673234
8.129999999999871,4,CURVE LEFT,2.271687241883114,-7.889820529249642,124.1860300498344,-136.43751304880504,184.4921814779185
8.139999999999871,4,CURVE LEFT,2.283899802990867,-7.903446932807509,123.43978108228242,-136.24364481038074,183.84697523989618
8.14999999999987,4,CURVE LEFT,2.296297108301536,-7.917002089376718,124.04570846307941,-135.2211531988381,183.49958599553005
8.15999999999987,4,CURVE LEFT,2.308770149703505,-7.930449274847473,125.28260503528293,-134.17927078852588,183.57507410802606
8.16999999999987,4,CURVE LEFT,2.321263625260048,-7.94396576686054,124.53983400246511,-136.13811914319638,184.50950581801658
8.17999999999987,4,CURVE LEFT,2.334156710249914,-7.957304479836381,131.1835216817181,-131.9091407764154,186.03531326388006
8.18999999999987,4,CURVE LEFT,2.3472091077359525,-7.970543647463424,132.00446861154742,-131.5333041900232,186.3496440687832
8.19999999999987,4,CURVE LEFT,2.3604644931149292,-7.983622726805592,132.73010677918427,-130.70642449265193,186.28325380792276
8.20999999999987,4,CURVE LEFT,2.3738639773671837,-7.9966051161507785,134.89022427745917,-129.3890435610394,186.91414392512885
8.21999999999987,4,CURVE LEFT,2.3874020554089164,-8.009462874474398,135.80353468080784,-128.20763467944298,186.7613386702368
8.229999999999869,4,CURVE LEFT,2.4008046636439087,-8.022281234654406,132.76800958306492,-128.48618514962848,184.7594223387631
8.239999999999869,4,CURVE LEFT,2.4144489569723553,-8.034962089290728,138.54951954577731,-126.45538989889995,187.58180882177393
8.249999999999869,4,CURVE LEFT,2.4281997253574827,-8.047637511191231,137.52663142213385,-127.03272779127556,187.21882458879975
8.259999999999868,4,CURVE LEFT,2.4419554573761086,-8.060331946867285,137.89841245734485,-127.19237120896807,187.60029704671558
8.269999999999868,4,CURVE LEFT,2.4558116072213534,-8.073008174260973,138.98920097757355,-126.60618452014776,188.00830818645764
8.279999999999868,4,CURVE LEFT,2.4698051949549016,-8.085566618755694,140.27925596820708,-125.13400440683651,187.98082006918668
8.289999999999868,4,CURVE LEFT,2.4838917941948826,-8.097987806272004,141.32808551321656,-123.78262983884989,187.87167749464734
8.299999999999867,4,CURVE LEFT,2.498114560672331,-8.110293240316492,142.97494848263693,-122.83080229543879,188.4920207492982
8.309999999999867,4,CURVE LEFT,2.5125104825864475,-8.12257097047575,144.37870676848055,-123.10575030328665,189.73728343652982
8.319999999999867,4,CURVE LEFT,2.526955047116311,-8.134872337488611,144.54347286003087,-122.93164001408097,189.74984496170234
8.329999999999867,4,CURVE LEFT,2.541187970082783,-8.147145041669177,140.86256602387292,-122.84240301480655,186.90243038891202
8.339999999999867,4,CURVE LEFT,2.555681376586805,-8.159161578219194,147.71989393207835,-118.55327807072109,189.40973260267856
8.349999999999866,4,CURVE LEFT,2.570563597850381,-8.170883063674856,149.84535462136031,-116.52096162449139,189.81771466198148
8.359999999999866,4,CURVE LEFT,2.585677815050061,-8.182484961587,151.7913416692449,-116.11252367432283,191.10920846408638
8.369999999999866,4,CURVE LEFT,2.600791428024012,-8.194112023805541,150.8971698491921,-116.49907536875517,190.63575328429562
8.379999999999866,4,CURVE LEFT,2.615859941916694,-8.205710371547543,150.74961270800782,-115.75390010179112,190.06422893429945
8.389999999999866,4,CURVE LEFT,2.630975675743774,-8.217175825640153,151.57951259398942,-114.11104026343395,189.7305408948028
8.399999999999865,4,CURVE LEFT,2.646215928623471,-8.228480589250532,153.0508611273268,-112.57476119551038,189.9937971357025
8.409999999999865,4,CURVE LEFT,2.6616376766892915,-8.239671619273762,155.07287143343896,-111.77969121563072,191.16039030843612
8.419999999999865,4,CURVE LEFT,2.6769154528715458,-8.25098786633046,151.38402528551248,-114.46613658151024,189.78835458357725
8.429999999999865,4,CURVE LEFT,2.6923253499378075,-8.262246415784766,156.01050355676747,-111.43495848188753,191.72122259128267
8.439999999999864,4,CURVE LEFT,2.707753763515501,-8.273385657598634,155.69202440107713,-110.24975930066954,190.7747779135417
8.449999999999864,4,CURVE LEFT,2.7234377363496325,-8.284238785957974,157.51199422564943,-107.8817741757814,190.9149169767918
8.459999999999864,4,CURVE LEFT,2.7393223829402356,-8.294916414922112,159.7749205470276,-106.38832144671863,191.95442213207622
8.469999999999864,4,CURVE LEFT,2.755407181661175,-8.30546405369721,161.16351462649988,-105.34222957319844,192.5374347450866
8.479999999999864,4,CURVE LEFT,2.7715099143251067,-8.315924095711509,161.6026814448169,-104.12115585883299,192.24110316874058
8.489999999999863,4,CURVE LEFT,2.787845893725459,-8.325999249846905,164.7137322099497,-98.5621250063181,191.9507907363033
8.499999999999863,4,CURVE LEFT,2.804232334730539,-8.336105814155475,164.2522530149338,-101.28789793619954,192.97160643166086
8.509999999999863,4,CURVE LEFT,2.8206885463429616,-8.34612012925864,164.46861557985324,-99.66558488223268,192.31004737317048
8.519999999999863,4,CURVE LEFT,2.8371542642570757,-8.355977326644505,164.9455204075512,-98.0599884149317,191.89264193932613
8.529999999999863,4,CURVE LEFT,2.8537439792373713,-8.365653971779794,166.67739431659825,-95.91902966279336,192.30656262234686
8.539999999999862,4,CURVE LEFT,2.8705683645914837,-8.375095408035051,169.44291824540053,-93.74326384292245,193.64581601325978
8.549999999999862,4,CURVE LEFT,2.8873397729886254,-8.384598620821423,166.7859636905613,-96.38744311271375,192.63462013354675
8.559999999999862,4,CURVE LEFT,2.9042771089442336,-8.393977093168958,171.14614267794573,-92.34708296471788,194.47104125198754
8.569999999999862,4,CURVE LEFT,2.921157585422264,-8.403346409250034,167.51013934384505,-94.80184879354351,192.476069467527
8.579999999999862,4,CURVE LEFT,2.938292532475413,-8.412405866367587,171.95045203179814,-90.05442920425354,194.10501841334144
8.589999999999861,4,CURVE LEFT,2.955577147065578,-8.42132000758302,173.3552850693324,-88.87278548658018,194.80869298266234
8.599999999999861,4,CURVE LEFT,2.9729366228710425,-8.430138703901862,173.70247756376378,-88.00617695382522,194.7245179575953
8.60999999999986,4,CURVE LEFT,2.990292697511432,-8.438882987966657,173.62233487753025,-87.22198963834646,194.29974432509445
8.61999999999986,4,CURVE LEFT,3.007695129552911,-8.447549570881073,174.48207271139594,-86.4932338328161,194.74360887208357
8.62999999999986,4,CURVE LEFT,3.0251866425583014,-8.45614820923345,175.62083943592043,-85.52263769666818,195.33765843475476
8.63999999999986,4,CURVE LEFT,3.0428182132870996,-8.464602992255442,176.69316575615144,-84.24250050246837,195.74798521527416
8.64999999999986,4,CURVE LEFT,3.0605100318905882,-8.472898249701366,177.29272426508024,-82.33388907351197,195.47782321098
8.65999999999986,4,CURVE LEFT,3.0783279158024848,-8.480955085801005,178.92159797761855,-79.66025702080684,195.85375863507332
8.66999999999986,4,CURVE LEFT,3.0962668334052488,-8.488801811844473,179.57835813765269,-77.88287803342332,195.73995351533154
8.67999999999986,4,CURVE LEFT,3.114258746915989,-8.496459921331478,180.24459842667034,-75.8932888163814,195.57072007168745
8.68999999999986,4,CURVE LEFT,3.1323370056159376,-8.503947532099303,181.24727742154317,-74.4671341679908,195.9487934229639
8.699999999999859,4,CURVE LEFT,3.150322982318284,-8.511484013362935,178.84703239720375,-76.18817433476184,194.39881405438283
8.709999999999859,4,CURVE LEFT,3.168647453269128,-8.518705821453974,183.83323095648413,-71.72144665367287,197.3287174082771
8.719999999999859,4,CURVE LEFT,3.1870087116081462,-8.525872369722714,183.43738556381487,-71.8276313151669,196.9986879216083
8.729999999999858,4,CURVE LEFT,3.2053428039879934,-8.533003695222845,183.41375205720857,-71.15456623203292,196.73224631303313
8.739999999999858,4,CURVE LEFT,3.223725470438946,-8.540008675277276,184.2194645466867,-69.75141676672679,196.98241357754145
8.749999999999858,4,CURVE LEFT,3.2422062550682074,-8.546873711877458,185.3725460418782,-68.26055433557944,197.54109472271546
8.759999999999858,4,CURVE LEFT,3.260811588360872,-8.553648770368486,186.6337852287394,-67.63089021777844,198.50971538052343
8.769999999999857,4,CURVE LEFT,3.2793815243177526,-8.560444774588124,185.8099913939711,-67.7295649284855,197.76917572571705
8.779999999999857,4,CURVE LEFT,3.2979590355895834,-8.567145067158965,185.92446244043083,-66.52178197975971,197.46658758262336
8.789999999999857,4,CURVE LEFT,3.3165783105268574,-8.573689145875766,186.51432847208025,-64.89172345514572,197.4804559908908
8.799999999999857,4,CURVE LEFT,3.3351991567323047,-8.580311277621613,185.9713554905138,-67.49646419860449,197.8411426935574
8.809999999999857,4,CURVE LEFT,3.353981499730277,-8.586596193693602,189.04668633453267,-60.02822372395036,198.34827263558364
8.819999999999856,4,CURVE LEFT,3.3728501029988838,-8.59271062290171,188.60561803478024,-62.061544507471076,198.55405929100073
8.829999999999856,4,CURVE LEFT,3.3919074899778767,-8.598390195297796,190.75942927953975,-56.42147275819232,198.92848576123825
8.839999999999856,4,CURVE LEFT,3.4110039416672757,-8.603941680602391,191.28522742175383,-54.84249957921578,198.99180382590728
8.849999999999856,4,CURVE LEFT,3.430133877324112,-8.609326769920552,191.48044634841736,-53.29660878483794,198.7593767391949
8.859999999999856,4,CURVE LEFT,3.4491232765670095,-8.614611287597203,189.15843782662532,-54.454122844620315,196.84045848297112
8.869999999999855,4,CURVE LEFT,3.468394630739075,-8.619605208678786,192.88841405145138,-49.570712907792085,199.15620967841022
8.879999999999855,4,CURVE LEFT,3.4877014160614825,-8.624519685727565,193.38806518368878,-49.11252723363873,199.52690065944884
8.889999999999855,4,CURVE LEFT,3.5070600904983085,-8.629359295102635,193.90886719249164,-48.07300640071272,199.77903473657673
8.899999999999855,4,CURVE LEFT,3.5264619124408956,-8.634061195074095,194.1739922793186,-46.5262734581108,199.67031176313566
8.909999999999854,4,CURVE LEFT,3.545877236076684,-8.638610376268742,194.33122453753612,-44.93827765901994,199.45945359700917
8.919999999999854,4,CURVE LEFT,3.5653281914083017,-8.64302098121305,194.86234909559272,-43.720623293553146,199.7068551558244
8.929999999999854,4,CURVE LEFT,3.5848197743638393,-8.647375398516663,195.16845758253893,-43.833355441450216,200.03022242752172
8.939999999999854,4,CURVE LEFT,3.604358657177649,-8.651755480962029,195.6609332642861,-43.85780523327962,200.5161038064816
8.949999999999854,4,CURVE LEFT,3.6239081865522182,-8.656053759473577,195.5044583997865,-42.431790919892194,200.05611746423372
8.959999999999853,4,CURVE LEFT,3.6433724087449484,-8.660258175112238,195.4255378291698,-40.44158129797268,199.56618534636777
8.969999999999853,4,CURVE LEFT,3.6629376976774397,-8.664141635017042,195.9829557030184,-37.878880689116755,199.609940955734
8.979999999999853,4,CURVE LEFT,3.682577323702631,-8.667811409466363,196.8635970680395,-36.05617319816773,200.13826090046769
8.989999999999853,4,CURVE LEFT,3.702278072583641,-8.671350803186975,196.97797132110992,-35.12799602145825,200.08572485378258
8.999999999999853,4,CURVE LEFT,3.7219249703791477,-8.674707738082573,196.39085760363403,-32.83365439006544,199.11659350967494
9.009999999999852,4,CURVE LEFT,3.7415688502521687,-8.677820586817655,196.65225134933422,-30.110181039418656,198.94403977749192
9.019999999999852,4,CURVE LEFT,3.761268609440448,-8.68067985683035,197.43233451940455,-27.75729419590623,199.37400556456737
9.029999999999852,4,CURVE LEFT,3.781067684116244,-8.683366849233943,198.56983053084386,-26.55070675803467,200.3370101264347
9.039999999999852,4,CURVE LEFT,3.8007837310295103,-8.686254013710913,196.28037218583393,-30.50687648975634,198.63699055959023
9.049999999999851,4,CURVE LEFT,3.8206408715066127,-8.68883543648845,198.5878720137411,-25.223132406182014,200.1832893108858
9.059999999999851,4,CURVE LEFT,3.8404802033496437,-8.69122489748175,198.49433633852072,-23.142421483300556,199.83886816778295
9.069999999999851,4,CURVE LEFT,3.860335523339105,-8.693411209218135,198.84116231793536,-21.282907628208125,199.97692364135006
9.07999999999985,4,CURVE LEFT,3.88024668399495,-8.695463896300723,199.36828315414922,-20.446354089167464,200.41398584772628
9.08999999999985,4,CURVE LEFT,3.900158159727015,-8.697474344283105,199.2478208791474,-19.722425356157082,200.22154775902118
9.09999999999985,4,CURVE LEFT,3.9200630659213203,-8.699322940783713,199.24892307615977,-17.502796468773838,200.0162024217957
9.10999999999985,4,CURVE LEFT,3.9399853846799417,-8.700938793772405,199.40745274931302,-15.407701674409152,200.00182369882805
9.11999999999985,4,CURVE LEFT,3.9599195058292564,-8.70234695930362,199.3961690029324,-13.152267299830125,199.8294631633988
9.12999999999985,4,CURVE LEFT,3.9797854910196606,-8.703323262191345,198.37273038206163,-7.401896035911465,198.51077609077188
9.13999999999985,4,CURVE LEFT,3.9996347295252472,-8.704269578694895,198.82828947577406,-11.041898243239194,199.13465849187645
9.14999999999985,4,CURVE LEFT,4.019503428465577,-8.704939664195702,198.92002032568274,-3.866798684377854,198.95760005195967
9.15999999999985,4,CURVE LEFT,4.039280800406425,-8.705880349898532,197.68583334355995,-11.099921907644763,197.9972145538759
9.169999999999849,4,CURVE LEFT,4.059181064324953,-8.706523982187756,199.26490205940473,-5.1544693858486825,199.33155732947506
9.179999999999849,4,CURVE LEFT,4.079070508186205,-8.706855703000029,198.8522733122598,-2.302990058533437,198.86560880318993
9.189999999999849,4,CURVE LEFT,4.098943729798424,-8.706892968892673,198.94905766702416,0.8580651248392847,198.9509080712008
9.199999999999848,4,CURVE LEFT,4.118859413914694,-8.70668463990575,199.37777661465836,2.530422932199363,199.39383352556422
9.209999999999848,4,CURVE LEFT,4.138762589571254,-8.70638542869453,198.88055946342112,3.1973822027871397,198.90625979449234
9.219999999999848,4,CURVE LEFT,4.158604165242922,-8.706000060801331,198.31127892413826,4.2993718508470185,198.35787845921124
9.229999999999848,4,CURVE LEFT,4.178435511833464,-8.705490129262428,198.56972703117458,5.540375194336944,198.64700413177445
9.239999999999847,4,CURVE LEFT,4.198293828592564,-8.704861296659134,198.89164292612864,6.932606653262647,199.01242840803565
9.249999999999847,4,CURVE LEFT,4.218158327749328,-8.704097902988043,198.67222594797022,8.044030907888274,198.83500646608582
9.259999999999847,4,CURVE LEFT,4.237978194323937,-8.703181497397397,198.2124755901787,9.898345562419555,198.459473758398
9.269999999999847,4,CURVE LEFT,4.257786124466708,-8.701994901180617,198.1910452547948,13.20896985460773,198.63073101564132
9.279999999999847,4,CURVE LEFT,4.277602070660761,-8.700544988179166,198.16958424705786,15.034833287850184,198.73910116694503
9.289999999999846,4,CURVE LEFT,4.29735998256658,-8.698973198079393,197.3401335664773,16.203400964468294,198.00423863859692
9.299999999999846,4,CURVE LEFT,4.317051430444689,-8.69725730696724,196.87189283580224,17.894592286904512,197.68348090284667
9.309999999999846,5,STRAIGHT,4.336702329754606,-8.695442608452181,197.16044955365476,20.06429568028867,198.1787547375987
9.319999999999846,5,STRAIGHT,4.3579678174987535,-8.694592347062002,219.69883315480487,3.031944384018553,219.7197532684091
9.329999999999846,5,STRAIGHT,4.378327040518431,-8.693227882251177,196.3984521611524,20.794482483328437,197.49623417434043
9.339999999999845,5,STRAIGHT,4.398752267210983,-8.691973598384758,209.1931584907258,7.9977792487288255,209.34598642495473
9.349999999999845,5,STRAIGHT,4.418486378897898,-8.690382358030998,194.611103543728,22.259683911927493,195.88000191537304
9.359999999999845,5,STRAIGHT,4.437816055098963,-8.68882005669762,191.72807530398953,15.05123101524261,192.31795135880185
9.369999999999845,5,STRAIGHT,4.457420416154011,-8.686828804734136,198.08827571087033,22.855462425102363,199.40245017745156
9.379999999999844,5,STRAIGHT,4.476869392455251,-8.68480375521393,191.8288629493687,18.398994173088184,192.7091996948485
9.389999999999844,5,STRAIGHT,4.496352226478057,-8.682580869317597,196.0774987757018,22.18380810737874,197.3284238731976
9.399999999999844,5,STRAIGHT,4.515194534623019,-8.68053960003416,182.89643247016343,19.13255439724629,183.8944252773222
9.409999999999844,5,STRAIGHT,4.534395330294635,-8.678479736344812,195.63756703627,20.306428038712877,196.68860835229495
9.419999999999844,5,STRAIGHT,4.553635419295387,-8.676550429387948,192.41807877317822,18.69696020881186,193.32432169753218
9.429999999999843,5,STRAIGHT,4.572716831323254,-8.674687169584747,189.92372345805782,18.5581714662514,190.82826431203426
9.439999999999843,5,STRAIGHT,4.591387519193693,-8.672880805067031,184.94014862349516,17.701129477222015,185.7853292314812
9.449999999999843,5,STRAIGHT,4.610220402096727,-8.671036917858416,190.14329079249714,18.84433042707034,191.07480164230117
9.459999999999843,5,STRAIGHT,4.6289377080978165,-8.669155284328045,185.05295812594497,18.630273761045004,185.98839859403654
9.469999999999843,5,STRAIGHT,4.6476296505804555,-8.667186358644877,188.24581370818362,20.351545186849506,189.34273624871
9.479999999999842,5,STRAIGHT,4.665903886199896,-8.665288638892264,179.1389116445406,17.965450324871014,180.03751573093297
9.489999999999842,5,STRAIGHT,4.68449136243415,-8.663272289835048,189.95631761900194,21.202834304944563,191.1359798309415
9.499999999999842,5,STRAIGHT,4.7030789474258174,-8.661293876670355,184.3556093405482,19.881160968054463,185.4245163314779
9.509999999999842,5,STRAIGHT,4.721989770127051,-8.659305348446614,188.7216390932448,19.35587337889247,189.71164143589252
9.519999999999841,5,STRAIGHT,4.740596284389637,-8.657373645236822,183.90666355943432,19.200992041682014,184.90629788340826
9.529999999999841,5,STRAIGHT,4.759257232211507,-8.655475118027846,188.3164112108328,19.017539779434163,189.2742390041229
9.539999999999841,5,STRAIGHT,4.777537504188504,-8.653637735480588,178.9825696909479,17.856515270373798,179.8711077154308
9.54999999999984,5,STRAIGHT,4.796010555408303,-8.651708565991882,188.64741807230644,19.931910809907112,189.6974681272306
9.55999999999984,5,STRAIGHT,4.814513462052983,-8.649874775599239,184.28987897279617,17.22657433153625,185.0932585347392
9.56999999999984,5,STRAIGHT,4.83332661926088,-8.64799669510324,187.66230843185227,18.757182463083865,188.59738571869195
9.57999999999984,5,STRAIGHT,4.851583517921936,-8.6461985761665,178.8029227132965,17.33997610735407,179.6417544509647
9.58999999999984,5,STRAIGHT,4.870103043697094,-8.644217769891087,186.55442225604858,19.531026850955264,187.57402131729438
9.59999999999984,5,STRAIGHT,4.888621973768528,-8.6422367884589,184.80839967044844,19.863984332056024,185.87286639608368
9.60999999999984,5,STRAIGHT,4.906862785975429,-8.640370821815214,180.62375511523283,17.86381844483918,181.50497767653033
9.61999999999984,5,STRAIGHT,4.925288226592179,-8.638518939628279,186.34862500764072,19.11590755208186,187.3265276563307
9.62999999999984,5,STRAIGHT,4.943541614919719,-8.636620294108871,180.5870234515845,18.955545370186677,181.57914456066905
9.639999999999839,5,STRAIGHT,4.961828715812291,-8.63461217667268,184.06735179493538,20.739886689177148,185.2321054695444
9.649999999999839,5,STRAIGHT,4.979693963439183,-8.632631195251848,174.7727293804445,18.98095964855254,175.80040888538932
9.659999999999838,5,STRAIGHT,4.997873218715007,-8.630572112835114,183.60912408313283,20.890674431632046,184.79375185536907
9.669999999999838,5,STRAIGHT,5.015971468002457,-8.628611727675999,179.22402583114476,18.751573219166634,180.20231112090826
9.679999999999838,5,STRAIGHT,5.033971694322958,-8.626637214001525,180.11760650163083,20.513795467449743,181.28201228019478
9.689999999999838,5,STRAIGHT,5.051921051094738,-8.624792947771663,180.8390427405595,18.357432908357982,181.76840958292718
9.699999999999838,5,STRAIGHT,5.070189350432742,-8.622879398631056,183.97184407546249,19.29670310734575,184.98108596107693
9.709999999999837,5,STRAIGHT,5.088269290106244,-8.62109528676136,178.91770717680066,16.9577397759772,179.71953394028472
9.719999999999837,5,STRAIGHT,5.106138957988878,-8.619417483796692,176.0259562982973,15.839498126410312,176.73716924186215
9.729999999999837,5,STRAIGHT,5.123797289256538,-8.617708908827293,176.79535365398317,18.040562797497355,177.71341811941895
9.739999999999837,5,STRAIGHT,5.141599507400415,-8.615975725037899,178.28846301594504,16.887729107954687,179.0864915034399
9.749999999999837,5,STRAIGHT,5.159550098938622,-8.614073825564104,182.61767111392396,20.154227650046582,183.72644528005
9.759999999999836,5,STRAIGHT,5.177776668538873,-8.612028161512962,181.93348120835643,20.46989959446885,183.08142552973257
9.769999999999836,5,STRAIGHT,5.195640814562083,-8.610073452344503,176.33680348139848,18.76595596287244,177.33253893529468
9.779999999999836,5,STRAIGHT,5.213485995250317,-8.608132669750752,179.69445175588982,19.721865511359546,180.77347142514571
9.789999999999836,5,STRAIGHT,5.230912093547118,-8.606291200502671,170.4964328469158,17.551837747841137,171.39749304423742
9.799999999999836,5,STRAIGHT,5.248618044381255,-8.604457849907543,181.02147545739783,18.990670941292205,182.01488993918525
9.809999999999835,5,STRAIGHT,5.2664806299669,-8.60252828138823,179.97161512500176,19.83797559203931,181.06166774414763
9.819999999999835,5,STRAIGHT,5.284342960686845,-8.60056657834845,178.18634192044416,19.57832714100163,179.25870506234702
9.829999999999835,5,STRAIGHT,5.301869332392538,-8.598666780607967,173.14232579974444,18.444410584408864,174.12197237899386
9.839999999999835,5,STRAIGHT,5.319467778418293,-8.596680213115542,177.66426432104507,20.62347964782822,178.8572579727268
9.849999999999834,5,STRAIGHT,5.336724799023621,-8.594675749763063,168.93952474386492,19.598394513856483,170.0725142055697
9.859999999999834,5,STRAIGHT,5.3542920526184945,-8.59259582069594,178.1791620301326,20.985829800488006,179.41075451091356
9.869999999999834,5,STRAIGHT,5.371814221755745,-8.590489583992872,172.98889800775135,21.0845506301117,174.26909395876808
9.879999999999834,5,STRAIGHT,5.3892882141810325,-8.58855208963518,172.9109937924424,18.186041614896048,173.86472869420294
9.889999999999834,5,STRAIGHT,5.40685991933674,-8.58659691573506,177.31457273488613,20.06907107160155,178.44670161656734
9.899999999999833,5,STRAIGHT,5.424254943164612,-8.584713589885599,172.69411647491953,18.723430904373174,173.70614476720135
9.909999999999833,5,STRAIGHT,5.441864287072009,-8.582894835669322,177.92971475364848,17.914086492432734,178.82924225968492
9.919999999999833,5,STRAIGHT,5.459321842320909,-8.581107684727735,172.49107649795613,17.958854326264408,173.4234468580755
9.929999999999833,5,STRAIGHT,5.476636828102884,-8.579335195408877,171.8106798143143,17.54235037406885,172.7039193385704
9.939999999999833,5,STRAIGHT,5.494076973017062,-8.577401420809714,175.85379524927976,20.4594098922702,177.03995243084407
9.949999999999832,5,STRAIGHT,5.511393530313006,-8.575367336184389,171.20931458029835,19.856014784872826,172.35687024947003
9.959999999999832,5,STRAIGHT,5.52879527488919,-8.57327412305859,175.3868706552059,21.49555184811526,176.6992166012089
9.969999999999832,5,STRAIGHT,5.546000720890057,-8.57129719773933,174.07122423609675,20.95814692859382,175.32836344908372
9.979999999999832,5,STRAIGHT,5.563224489854649,-8.569127447813312,170.1903694800617,21.731910311715527,171.57225238818882
9.989999999999831,5,STRAIGHT,5.580433500350369,-8.567128263756443,170.26526102583765,19.439352305320952,171.37137313520896
9.999999999999831,5,STRAIGHT,5.597777517996948,-8.565137374955487,175.1581150278455,20.117065126973017,176.3095617640485
10.009999999999831,5,STRAIGHT,5.614997543993018,-8.56323635242248,169.94643003287845,18.25919539023722,170.92450759683035
10.01999999999983,5,STRAIGHT,5.632229711366165,-8.561372643863342,173.65856877762985,18.833489963134827,174.67684120708816
10.02999999999983,5,STRAIGHT,5.64916854665861,-8.559611578686164,168.36967310860896,17.766860189464687,169.3044835309798
10.03999999999983,5,STRAIGHT,5.666046590495248,-8.557765032531998,168.40662670913923,18.74399134866321,169.4465376784965
10.04999999999983,5,STRAIGHT,5.683138156344475,-8.555831302468663,172.15229938498936,19.740889553992265,173.28045736297537
10.05999999999983,5,STRAIGHT,5.700203276998633,-8.553832071863987,168.04333691565463,19.75465896234674,169.20050127723275
10.06999999999983,5,STRAIGHT,5.717317115797096,-8.55182105670887,173.07003631063466,20.24849414969235,174.25050640929146
10.07999999999983,5,STRAIGHT,5.734126124787931,-8.550021655843615,164.69886194183334,16.385890095544493,165.5119709240342
10.08999999999983,5,STRAIGHT,5.750882414067316,-8.548225854704917,168.89102638010039,18.804435458351996,169.93465092390983
10.09999999999983,5,STRAIGHT,5.767817811005236,-8.54651694716136,169.83924076010186,16.128404744534063,170.60332101565712
10.109999999999829,5,STRAIGHT,5.78491984000554,-8.544914321811065,171.96451917789267,16.242413048877548,172.72988113738214
10.119999999999829,5,STRAIGHT,5.801819118275533,-8.543345597807944,167.14551872997023,15.38825555317679,167.8523840774408
10.129999999999828,5,STRAIGHT,5.81836354453988,-8.541791169906505,165.600623167647,15.152062462683414,166.2923672042288
10.139999999999828,5,STRAIGHT,5.835036937300134,-8.540228125070964,167.4187935496551,15.96249053567271,168.17804118767552
10.149999999999828,5,STRAIGHT,5.851605426463863,-8.538629249514827,163.0692746793534,15.599108964644875,163.81367630616583
10.159999999999828,5,STRAIGHT,5.868219887813794,-8.536904438594203,166.44870880731574,17.753853842199288,167.39286720130212
10.169999999999828,5,STRAIGHT,5.884576115040057,-8.53512434846231,161.5010897706916,17.79164430272651,162.47813577252703
10.179999999999827,5,STRAIGHT,5.900834713014186,-8.533458533232622,163.0392761722493,15.674221953791424,163.79098512625075
10.189999999999827,5,STRAIGHT,5.917145278712039,-8.531737592110792,163.11257182730733,17.96977099033542,164.09943253272877
10.199999999999827,5,STRAIGHT,5.933763866079635,-8.53001330862191,168.50648634098036,17.112927673429095,169.37322171033713
10.209999999999827,5,STRAIGHT,5.950428451959822,-8.528337734551947,167.465851227514,16.561696791825266,168.2828010462751
10.219999999999827,5,STRAIGHT,5.966937710631807,-8.5266725712354,162.83679034166292,16.6573872616978,163.68655668429483
10.229999999999826,5,STRAIGHT,5.983498945107519,-8.524987608359453,167.1719817930444,16.98178305126598,168.03229586068935
10.239999999999826,5,STRAIGHT,5.999630458709526,-8.523377287733329,157.44851115084384,15.646213936572867,158.2240110544743
10.249999999999826,5,STRAIGHT,6.0159968103149,-8.521666388748915,166.03495071856057,17.917936952119774,166.99897402300104
10.259999999999826,5,STRAIGHT,6.032376010750019,-8.520003907762984,162.00434457572754,15.51825468865326,162.74588747490048
10.269999999999825,5,STRAIGHT,6.048908381749729,-8.518328896751074,165.73536882181412,16.75909811141948,166.58055062945053
10.279999999999825,5,STRAIGHT,6.065433732133997,-8.516604554155997,164.609223820557,17.380994886109878,165.52430501300165
10.289999999999825,5,STRAIGHT,6.08138345632694,-8.514944881194955,155.78828165451887,15.948766284286265,156.60252822626614
10.299999999999825,5,STRAIGHT,6.097682156071768,-8.513122869797083,163.170894813343,18.10389407359253,164.17214104352453
10.309999999999825,5,STRAIGHT,6.113935696222486,-8.51131810103188,162.16007604815746,17.856359326887265,163.14024590013074
10.319999999999824,5,STRAIGHT,6.129927790290725,-8.5096594059571,158.17823397201397,15.7611008106356,158.9615236504363
10.329999999999824,5,STRAIGHT,6.14611968070052,-8.50803265608344,164.04955265560685,16.562641981751014,164.88352505911678
10.339999999999824,5,STRAIGHT,6.162194211333666,-8.506378952818038,158.96329127569265,16.29749845390428,159.79654698727288
10.349999999999824,5,STRAIGHT,6.178345849979268,-8.504660203743112,163.07451920029536,17.955617924607367,164.0600592083947
10.359999999999824,5,STRAIGHT,6.194328842546329,-8.5028751068573,157.76102339660807,17.7643923657443,158.75803645569957
10.369999999999823,5,STRAIGHT,6.2101292707778155,-8.501053791243173,156.30279317767116,17.94312069512038,157.3293320885254
10.379999999999823,5,STRAIGHT,6.226075526870957,-8.499202023325509,161.3386763801851,18.84932964631636,162.43603579324878
10.389999999999823,5,STRAIGHT,6.241965490095872,-8.497422388240977,157.22804483370615,17.019807573902796,158.1465520714334
10.399999999999823,5,STRAIGHT,6.257785924118721,-8.495647973905053,158.51005127707177,18.284036491962887,159.56109283374613
10.409999999999823,5,STRAIGHT,6.273558939782208,-8.494094617059478,154.7349718430793,13.623941045834997,155.33358709853752
10.419999999999822,5,STRAIGHT,6.289703785548512,-8.492381688180938,162.56236885799305,17.332023813279534,163.48370811241796
10.429999999999822,5,STRAIGHT,6.305777293619421,-8.49077568241656,158.69355932891006,15.033261349066834,159.40402980874617
10.439999999999822,5,STRAIGHT,6.321549727713844,-8.48932453554034,156.95464305675873,14.176467277042256,157.59356649791127
10.449999999999822,5,STRAIGHT,6.3372997482064735,-8.48790871038891,157.971808011303,14.188481077396558,158.60770826679143
10.459999999999821,5,STRAIGHT,6.352804831755697,-8.486445537268873,152.3240901501806,14.954484311178504,153.05641130345907
10.469999999999821,5,STRAIGHT,6.36850950542256,-8.48493224357159,159.8678269066611,15.240166533727287,160.59260492262365
10.479999999999821,5,STRAIGHT,6.384387204973312,-8.483303483074543,158.0524461773372,16.83274981473169,158.94627145348653
10.48999999999982,5,STRAIGHT,6.400308071797911,-8.481567632391737,159.93335090956907,17.675030628884528,160.90706460841102
10.49999999999982,5,STRAIGHT,6.4159950082124775,-8.479851879964306,155.790353219583,17.05495623054754,156.72110798583685
10.50999999999982,5,STRAIGHT,6.431709841252272,-8.478119206237423,157.95774168795725,17.28321971432937,158.9004652065349
10.51999999999982,5,STRAIGHT,6.4470224374174645,-8.476456548732372,149.51023205691288,16.186616944162253,150.3838956065741
10.52999999999982,5,STRAIGHT,6.462534592921014,-8.47484328777857,158.9997904299226,16.18100763881915,159.82101978452908
10.53999999999982,5,STRAIGHT,6.477915272534215,-8.473207597930916,150.0955047806901,16.37963748665798,150.98659900654926
10.54999999999982,5,STRAIGHT,6.493714799336683,-8.471485799178314,158.11403269812843,17.157372896319234,159.04220440112172
10.55999999999982,5,STRAIGHT,6.509370293544462,-8.46973953214366,155.9543011222466,17.744758611025123,156.9605698788454
10.569999999999819,5,STRAIGHT,6.524681826297521,-8.46806449177818,151.22095025922258,15.975442598031131,152.06245612742566
10.579999999999819,5,STRAIGHT,6.540005774529172,-8.466287012901539,154.3423435050179,18.85798609909092,155.49013678794694
10.589999999999819,5,STRAIGHT,6.555213553976968,-8.4644962504604,150.74150395166205,17.23897696929118,151.72403679231812
10.599999999999818,5,STRAIGHT,6.570340497565411,-8.462590040847108,150.43105193066592,19.495333237848627,151.68905498756814
10.609999999999818,5,STRAIGHT,6.58573764901249,-8.460632452465486,156.09064028161882,19.579792521967505,157.31387815043215
10.619999999999818,5,STRAIGHT,6.60117303713537,-8.458681117613999,154.74371473798806,19.353866435597826,155.94931675681934
10.629999999999818,5,STRAIGHT,6.616374127770731,-8.456885851028458,150.08323617129238,16.823200107369445,151.02316988297034
10.639999999999818,5,STRAIGHT,6.631696942522365,-8.455078507641208,155.15657833786864,18.712804950636404,156.28094212230656
10.649999999999817,5,STRAIGHT,6.646964786585484,-8.453295781206993,151.8584182914801,17.909616310571817,152.91086803226918
10.659999999999817,5,STRAIGHT,6.662485392828506,-8.451578371542563,157.31144967106692,16.77211531400006,158.20302162006493
10.669999999999817,5,STRAIGHT,6.6778928080108875,-8.449895176115982,151.82148016678963,16.909805817331666,152.7602807434405
10.679999999999817,5,STRAIGHT,6.693322135131915,-8.448187536231229,156.00613801086214,17.254988537086845,156.95747744685235
10.689999999999817,5,STRAIGHT,6.708584397039503,-8.446490329994814,150.85371765893146,16.625442011135284,151.7670894943506
10.699999999999816,5,STRAIGHT,6.723920118001126,-8.444655458322952,155.03603855397873,19.48224207146415,156.25533913003392
10.709999999999816,5,STRAIGHT,6.739147219897852,-8.442793446674317,150.2736552579614,17.954110258838387,151.34239835477416
10.719999999999816,5,STRAIGHT,6.7545433241546435,-8.440827407308422,153.3382504506264,19.62913143117633,154.58952698032755
10.729999999999816,5,STRAIGHT,6.769699057514308,-8.438959313472441,152.31304278607877,19.556106230518527,153.56335595985516
10.739999999999815,5,STRAIGHT,6.784699883547238,-8.436955085386195,148.16153600106426,20.183656707168403,149.5299994926352
10.749999999999815,5,STRAIGHT,6.799889386321851,-8.435021730562548,152.59052472834748,19.104489337470973,153.78182516057598
10.759999999999815,5,STRAIGHT,6.814904536339105,-8.433173747605007,148.1621558601481,18.022926160018322,149.25431416376645
10.769999999999815,5,STRAIGHT,6.830053111445556,-8.431308625585363,153.30990122106311,18.97821821236705,154.48009120572254
10.779999999999815,5,STRAIGHT,6.84513889464168,-8.429517520318747,149.01525734553698,17.146063120241426,149.9984479995707
10.789999999999814,5,STRAIGHT,6.860350540016258,-8.427755971077703,153.65478586431774,17.852957562336574,154.6884653512728
10.799999999999814,5,STRAIGHT,6.875543058564309,-8.42603478688371,151.53707625696745,17.110160523686506,152.49997729067468
10.809999999999814,5,STRAIGHT,6.890625557824885,-8.424306174405201,150.62140956243627,17.32086150737373,151.6140536425723
10.819999999999814,5,STRAIGHT,6.905451347336043,-8.422573964157401,146.41206124279915,17.290965965034495,147.42953971768736
10.829999999999814,5,STRAIGHT,6.920469271631566,-8.420727439274964,152.42718217384694,19.187103266825837,153.63004522954148
10.839999999999813,5,STRAIGHT,6.935489499027029,-8.418880379504012,148.4827096941924,18.03720481057142,149.57424857076273
10.849999999999813,5,STRAIGHT,6.950749798241551,-8.417053108640957,153.10044463795677,18.029549225801887,154.1583951448175
10.859999999999813,5,STRAIGHT,6.965599902901546,-8.415427952108843,144.92384918141633,14.916618887116634,145.68949028870065
10.869999999999813,5,STRAIGHT,6.980752785972214,-8.413784823732604,153.6711964607378,16.12684845097904,154.51508619754745
10.879999999999812,5,STRAIGHT,6.9957955075441784,-8.4122514036652,148.00737097599483,14.928526922993997,148.75833683970896
10.889999999999812,5,STRAIGHT,7.010941777674232,-8.410766063181986,151.46925701153214,14.816612865491532,152.19220688468718
10.899999999999812,5,STRAIGHT,7.026034818100653,-8.409276686817988,150.42770801603305,14.987896079723138,151.17252517522311
10.909999999999812,5,STRAIGHT,7.040694151601661,-8.407779109064998,146.16095397487348,14.23193871873999,146.85221328444135
10.919999999999812,5,STRAIGHT,7.055670764935875,-8.406236369925983,151.7829471516944,16.095897085884616,152.6340098046744
10.929999999999811,5,STRAIGHT,7.070537742287037,-8.404709806842265,146.53816751678653,14.773936306653152,147.28103657012616
10.939999999999811,5,STRAIGHT,7.085435840346943,-8.403078325894043,150.40377796038408,17.26685726993681,151.39168003802877
10.949999999999811,5,STRAIGHT,7.100309009285195,-8.401320458495439,149.0561117555864,18.201370553103605,150.1632922578126
10.95999999999981,5,STRAIGHT,7.114957908169065,-8.399478549369466,144.42435807157548,18.423034053236766,145.5946543940174
10.96999999999981,5,STRAIGHT,7.129683358067762,-8.397605864639672,149.21138759153055,18.867394744669596,150.39952384047345
10.97999999999981,5,STRAIGHT,7.1441484637341945,-8.395848614124139,143.82542816818247,17.92383814844237,144.9379790176908
10.98999999999981,5,STRAIGHT,7.158932582598901,-8.394053526520787,149.89198567650544,17.640288707559478,150.92642961301297
10.99999999999981,5,STRAIGHT,7.173826878335169,-8.392322917355695,149.59129491206446,17.15904645447946,150.5722032404893
11.00999999999981,5,STRAIGHT,7.1887544911669945,-8.390609290082965,148.78823263681767,17.065851801703975,149.76375218625333
11.01999999999981,5,STRAIGHT,7.203367940675132,-8.38886580762244,143.97365840889933,17.532289414717706,145.03722104261323
11.02999999999981,5,STRAIGHT,7.218033269908053,-8.387085718421481,148.21880557182857,17.977414901653592,149.3050627798191
11.039999999999809,5,STRAIGHT,7.232331468974601,-8.38538360886173,142.39477679553568,16.434116364336287,143.3399896725508
11.049999999999809,5,STRAIGHT,7.246885239243633,-8.383607836163602,147.29272101781922,18.548795077069713,148.4560657691165
11.059999999999809,5,STRAIGHT,7.261429651360807,-8.381895141658978,146.53655385170717,17.29072996869555,147.55314621377823
11.069999999999808,5,STRAIGHT,7.2761160278093024,-8.380181899441926,146.7110178871976,17.049822349710986,147.69840625969636
11.079999999999808,5,STRAIGHT,7.290779802369466,-8.378414585435252,146.39145707998773,17.9581481934891,147.48882599214494
11.089999999999808,5,STRAIGHT,7.3051658814646325,-8.376542960104718,141.7268765676868,19.046650081985256,143.00098748252725
11.099999999999808,5,STRAIGHT,7.319451234595354,-8.374755496891842,145.64405761254284,18.589594383260568,146.8256262958883
