time_s,phase,heading_x,heading_y,x_cm,y_cm,vx_cm_s,vy_cm_s
1.000000000000000021e-02,1.000000000000000000e+00,1.000000000000000000e+00,0.000000000000000000e+00,2.594507281886377914e-01,-1.146496657411981770e-02,4.547916556848801406e+01,-1.312185224744136791e-01
2.000000000000000042e-02,1.000000000000000000e+00,1.000000000000000000e+00,0.000000000000000000e+00,6.282780580317971486e-01,-5.523543901429280728e-03,3.422975144811434944e+01,8.372724862340169549e-01
2.999999999999999889e-02,1.000000000000000000e+00,1.000000000000000000e+00,0.000000000000000000e+00,1.136177770897665029e+00,1.434164885535161617e-02,5.738605224461412746e+01,2.952096296798605302e+00
4.000000000000000083e-02,1.000000000000000000e+00,1.000000000000000000e+00,0.000000000000000000e+00,1.580387166390676779e+00,1.279629155342331369e-02,4.184904499388565569e+01,1.014951624950178211e+00
5.000000000000000278e-02,1.000000000000000000e+00,1.000000000000000000e+00,0.000000000000000000e+00,2.024657643543839480e+00,3.117794058134308599e-02,4.407264668753185077e+01,1.747349525276876925e+00
5.999999999999999778e-02,1.000000000000000000e+00,1.000000000000000000e+00,0.000000000000000000e+00,2.464600712249342074e+00,4.356976620446907644e-02,4.390662993129669900e+01,1.387739580936383943e+00
7.000000000000000666e-02,1.000000000000000000e+00,1.000000000000000000e+00,0.000000000000000000e+00,2.905485902489884253e+00,5.981763940000341812e-02,4.392625658391000343e+01,1.630340136731001532e+00
8.000000000000000167e-02,1.000000000000000000e+00,1.000000000000000000e+00,0.000000000000000000e+00,3.345383029700705002e+00,7.432141022365797156e-02,4.384528908912871259e+01,1.522998021857242756e+00
8.999999999999999667e-02,1.000000000000000000e+00,1.000000000000000000e+00,0.000000000000000000e+00,3.784168839866845158e+00,9.049557678773302583e-02,4.374974925789922509e+01,1.639083658995948989e+00
1.000000000000000056e-01,1.000000000000000000e+00,1.000000000000000000e+00,0.000000000000000000e+00,4.221367650375534630e+00,1.059826070181910385e-01,4.361598292219521511e+01,1.596480470603193647e+00
1.100000000000000006e-01,1.000000000000000000e+00,1.000000000000000000e+00,0.000000000000000000e+00,4.657660136947838758e+00,1.221170650683528064e-01,4.353918002541060162e+01,1.641044508927502754e+00
1.199999999999999956e-01,1.000000000000000000e+00,1.000000000000000000e+00,0.000000000000000000e+00,5.067411462189031823e+00,1.227549599337464936e-01,3.903085734747000402e+01,-1.008072147422795384e+00
1.300000000000000044e-01,1.000000000000000000e+00,1.000000000000000000e+00,0.000000000000000000e+00,5.499875818425408625e+00,1.546567465533785213e-01,4.313314611171788471e+01,2.789892566334525981e+00
1.400000000000000133e-01,1.000000000000000000e+00,1.000000000000000000e+00,0.000000000000000000e+00,5.925239371424820156e+00,1.466852754673279302e-01,4.014004440077905400e+01,-1.428351207665152334e+00
1.499999999999999944e-01,1.000000000000000000e+00,1.000000000000000000e+00,0.000000000000000000e+00,6.351297441627165696e+00,1.887568840383376245e-01,4.335652852283898540e+01,3.261499871269633921e+00
1.600000000000000033e-01,1.000000000000000000e+00,1.000000000000000000e+00,0.000000000000000000e+00,6.751585697702434885e+00,1.937769238423504292e-01,3.597831564930583426e+01,3.680759380176920059e-01
1.700000000000000122e-01,1.000000000000000000e+00,1.000000000000000000e+00,0.000000000000000000e+00,7.180716577209899754e+00,2.249898426972909149e-01,4.508399133255731783e+01,1.931563616782836945e+00
1.799999999999999933e-01,1.000000000000000000e+00,1.000000000000000000e+00,0.000000000000000000e+00,7.597579115128971772e+00,2.457147977321198495e-01,3.955527556421202462e+01,3.099507448820785438e+00
1.900000000000000022e-01,1.000000000000000000e+00,1.000000000000000000e+00,0.000000000000000000e+00,8.027439991139676323e+00,2.560333387588396570e-01,4.511172907393374487e+01,3.082026357107556791e-01
2.000000000000000111e-01,1.000000000000000000e+00,1.000000000000000000e+00,0.000000000000000000e+00,8.445795776679384304e+00,2.915835077248656870e-01,3.975360754580654543e+01,4.074928610500982096e+00
2.099999999999999922e-01,1.000000000000000000e+00,1.000000000000000000e+00,0.000000000000000000e+00,8.875021831853091570e+00,2.916617333794800371e-01,4.545885807345282359e+01,-9.298981273967062144e-02
2.200000000000000011e-01,1.000000000000000000e+00,1.000000000000000000e+00,0.000000000000000000e+00,9.314449806381547958e+00,3.332277025813553117e-01,4.406486294514099455e+01,2.698068906892439056e+00
2.300000000000000100e-01,1.000000000000000000e+00,1.000000000000000000e+00,0.000000000000000000e+00,9.753507503114285271e+00,3.366044002419195658e-01,4.369903459460233819e+01,7.600370313590266713e-01
2.399999999999999911e-01,1.000000000000000000e+00,1.000000000000000000e+00,0.000000000000000000e+00,1.015896477041657953e+01,3.551859528404587851e-01,3.836633592848172469e+01,1.298185956067106295e+00
2.500000000000000000e-01,1.000000000000000000e+00,1.000000000000000000e+00,0.000000000000000000e+00,1.057627399665595469e+01,3.720253519478963211e-01,4.371487117404780065e+01,2.118746153393411102e+00
2.600000000000000089e-01,1.000000000000000000e+00,1.000000000000000000e+00,0.000000000000000000e+00,1.099611261607143575e+01,3.789519326597143301e-01,4.105459832201566428e+01,2.553659895334382812e-02
2.700000000000000178e-01,1.000000000000000000e+00,1.000000000000000000e+00,0.000000000000000000e+00,1.152490214632977050e+01,3.964758730439815193e-01,6.104778953359544147e+01,2.170405389129838269e+00
2.800000000000000266e-01,1.000000000000000000e+00,1.000000000000000000e+00,0.000000000000000000e+00,1.218688329258442060e+01,3.924651119885827488e-01,7.002943933889638117e+01,-1.477836214743275312e+00
2.899999999999999800e-01,1.000000000000000000e+00,1.000000000000000000e+00,0.000000000000000000e+00,1.303574113406388335e+01,3.875429658012323753e-01,9.461956400760864483e+01,-6.340713646138644854e-01
2.999999999999999889e-01,1.000000000000000000e+00,1.000000000000000000e+00,0.000000000000000000e+00,1.404017365558964414e+01,3.712812809095638600e-01,1.037236836320105198e+02,-2.140351418808028594e+00
3.099999999999999978e-01,1.000000000000000000e+00,1.000000000000000000e+00,0.000000000000000000e+00,1.513213516886570709e+01,3.554858159616853808e-01,1.090810825749640713e+02,-1.583814070520931594e+00
3.200000000000000067e-01,1.000000000000000000e+00,1.000000000000000000e+00,0.000000000000000000e+00,1.627353846254639791e+01,3.341885657895979911e-01,1.176407347087360620e+02,-2.308695340539058893e+00
3.300000000000000155e-01,1.000000000000000000e+00,1.000000000000000000e+00,0.000000000000000000e+00,1.742502833452338962e+01,3.205979279024600004e-01,1.132544274658449979e+02,-1.096501328729149405e+00
3.400000000000000244e-01,1.000000000000000000e+00,1.000000000000000000e+00,0.000000000000000000e+00,1.859236435758892370e+01,3.002145305446792256e-01,1.186062363687340451e+02,-2.332662066379350474e+00
3.500000000000000333e-01,1.000000000000000000e+00,1.000000000000000000e+00,0.000000000000000000e+00,1.974549792589895958e+01,2.820257679652564131e-01,1.133625588227526748e+02,-1.661895954432216715e+00
3.599999999999999867e-01,1.000000000000000000e+00,1.000000000000000000e+00,0.000000000000000000e+00,2.088452109008742497e+01,2.536261211180315112e-01,1.139631610823249588e+02,-3.596056586117578391e+00
3.699999999999999956e-01,1.000000000000000000e+00,1.000000000000000000e+00,0.000000000000000000e+00,2.203011641367409723e+01,2.368209840391003462e-01,1.149669115934335792e+02,-1.007307283078533233e+00
3.800000000000000044e-01,1.000000000000000000e+00,1.000000000000000000e+00,0.000000000000000000e+00,2.318652093467684949e+01,2.033267309383315069e-01,1.135738779059013410e+02,-3.750974984603595797e+00
3.900000000000000133e-01,1.000000000000000000e+00,1.000000000000000000e+00,0.000000000000000000e+00,2.434539217818436185e+01,1.934981182064913485e-01,1.137770655188295592e+02,-8.457056285926576322e-01
4.000000000000000222e-01,1.000000000000000000e+00,1.000000000000000000e+00,0.000000000000000000e+00,2.551740945810143657e+01,1.698869934734137943e-01,1.191728398409660912e+02,-2.858856396812675449e+00
4.100000000000000311e-01,1.000000000000000000e+00,1.000000000000000000e+00,0.000000000000000000e+00,2.668440190792167854e+01,1.507784576597800130e-01,1.150222795319392048e+02,-1.461954548599878168e+00
4.199999999999999845e-01,1.000000000000000000e+00,1.000000000000000000e+00,0.000000000000000000e+00,2.788413193215957264e+01,1.264636703097134773e-01,1.202296733316149329e+02,-2.208110762948650940e+00
4.299999999999999933e-01,1.000000000000000000e+00,1.000000000000000000e+00,0.000000000000000000e+00,2.906833098612152710e+01,1.011982420527104548e-01,1.171948027683574338e+02,-2.712552315247841683e+00
4.400000000000000022e-01,1.000000000000000000e+00,1.000000000000000000e+00,0.000000000000000000e+00,3.027348352399338793e+01,8.849919462159616668e-02,1.221616647563228355e+02,-3.949418957127864283e-01
4.500000000000000111e-01,1.000000000000000000e+00,1.000000000000000000e+00,0.000000000000000000e+00,3.146698175581729728e+01,7.790701944441745519e-02,1.174758175784102150e+02,-1.254575876069981000e+00
4.600000000000000200e-01,1.000000000000000000e+00,1.000000000000000000e+00,0.000000000000000000e+00,3.265484740493838700e+01,8.235516944519044591e-02,1.171304897369135176e+02,6.966660750352581255e-01
4.700000000000000289e-01,1.000000000000000000e+00,1.000000000000000000e+00,0.000000000000000000e+00,3.385979248725600854e+01,7.598080139237486930e-02,1.223163203040664087e+02,-1.203183251954755395e+00
4.799999999999999822e-01,1.000000000000000000e+00,1.000000000000000000e+00,0.000000000000000000e+00,3.506075976980070408e+01,6.830096976724610303e-02,1.212601253796826768e+02,-1.383012763250127897e+00
4.899999999999999911e-01,1.000000000000000000e+00,1.000000000000000000e+00,0.000000000000000000e+00,3.628143380210760682e+01,5.210742063142795311e-02,1.222000873183027352e+02,-1.770144856452232185e+00
5.000000000000000000e-01,1.000000000000000000e+00,1.000000000000000000e+00,0.000000000000000000e+00,3.749485128140134549e+01,2.659937564042437821e-02,1.220802065210640563e+02,-2.233173634382524586e+00
5.100000000000000089e-01,1.000000000000000000e+00,1.000000000000000000e+00,0.000000000000000000e+00,3.871384228819859885e+01,6.898028340541307452e-03,1.217453937420049641e+02,-1.997945152367600841e+00
5.200000000000000178e-01,1.000000000000000000e+00,1.000000000000000000e+00,0.000000000000000000e+00,3.992700383256699581e+01,-1.347843499185551880e-02,1.210275226521781349e+02,-2.030822603602804755e+00
5.300000000000000266e-01,1.000000000000000000e+00,1.000000000000000000e+00,0.000000000000000000e+00,4.111350531817290488e+01,-3.170328392193463157e-02,1.168215296121147162e+02,-1.754751824156447482e+00
5.400000000000000355e-01,1.000000000000000000e+00,1.000000000000000000e+00,0.000000000000000000e+00,4.232153031103545970e+01,-5.557753260809298462e-02,1.231048524520578269e+02,-2.702859392232134450e+00
5.500000000000000444e-01,1.000000000000000000e+00,1.000000000000000000e+00,0.000000000000000000e+00,4.352738757620303289e+01,-7.732157534495190387e-02,1.215935757902859535e+02,-2.261006877290755224e+00
5.600000000000000533e-01,1.000000000000000000e+00,1.000000000000000000e+00,0.000000000000000000e+00,4.474653414330073531e+01,-1.004410595640644471e-01,1.215320746642570668e+02,-2.213689548083897396e+00
5.700000000000000622e-01,1.000000000000000000e+00,1.000000000000000000e+00,0.000000000000000000e+00,4.596052560350917560e+01,-1.209474448394432522e-01,1.213103620574698169e+02,-1.973926086764112409e+00
5.799999999999999600e-01,1.000000000000000000e+00,1.000000000000000000e+00,0.000000000000000000e+00,4.715289293780207203e+01,-1.429823069480628817e-01,1.176263574491706692e+02,-2.417406961732674553e+00
5.899999999999999689e-01,1.000000000000000000e+00,1.000000000000000000e+00,0.000000000000000000e+00,4.835465659100168523e+01,-1.573596866229182989e-01,1.220339102721117257e+02,-8.417403749494740683e-01
5.999999999999999778e-01,1.000000000000000000e+00,1.000000000000000000e+00,0.000000000000000000e+00,4.955210403375303230e+01,-1.694458589548271943e-01,1.207200038640556414e+02,-7.601305318698153846e-01
6.099999999999999867e-01,1.000000000000000000e+00,1.000000000000000000e+00,0.000000000000000000e+00,5.075853837540865499e+01,-1.749333160340381110e-01,1.202285166320891818e+02,-4.687241079576280334e-01
6.199999999999999956e-01,1.000000000000000000e+00,1.000000000000000000e+00,0.000000000000000000e+00,5.196056695706585771e+01,-1.780758135886585658e-01,1.202027664357697461e+02,-2.253266810802703191e-01
6.300000000000000044e-01,1.000000000000000000e+00,1.000000000000000000e+00,0.000000000000000000e+00,5.316690749384730452e+01,-1.844279229137678611e-01,1.207178767627726614e+02,-9.083360485593825473e-01
6.400000000000000133e-01,1.000000000000000000e+00,1.000000000000000000e+00,0.000000000000000000e+00,5.434793599279973364e+01,-1.954698250788023950e-01,1.162382127492431323e+02,-1.314448225342849552e+00
6.500000000000000222e-01,1.000000000000000000e+00,1.000000000000000000e+00,0.000000000000000000e+00,5.555208252527377510e+01,-2.082200671091275213e-01,1.224576550666486128e+02,-1.462575257536922635e+00
6.600000000000000311e-01,1.000000000000000000e+00,1.000000000000000000e+00,0.000000000000000000e+00,5.672755075125457580e+01,-2.305196836380576653e-01,1.165913601766238799e+02,-1.571621723896932776e+00
6.700000000000000400e-01,1.000000000000000000e+00,1.000000000000000000e+00,0.000000000000000000e+00,5.793661589876869300e+01,-2.417651099127827163e-01,1.212369446343788582e+02,-9.976272873834072241e-01
6.800000000000000488e-01,1.000000000000000000e+00,1.000000000000000000e+00,0.000000000000000000e+00,5.912509682082812645e+01,-2.410468218018878006e-01,1.169425959037538405e+02,9.265684982945714410e-01
6.900000000000000577e-01,1.000000000000000000e+00,1.000000000000000000e+00,0.000000000000000000e+00,6.034091633569997981e+01,-2.497669791010571072e-01,1.213233786197530577e+02,-4.308457090492940900e-01
7.000000000000000666e-01,1.000000000000000000e+00,1.000000000000000000e+00,0.000000000000000000e+00,6.155488209097741503e+01,-2.459238746649304863e-01,1.213931055140337065e+02,7.654409307882888980e-01
7.099999999999999645e-01,1.000000000000000000e+00,1.000000000000000000e+00,0.000000000000000000e+00,6.274903233591611951e+01,-2.437368373081355288e-01,1.176245517677506029e+02,5.938206759507277943e-02
7.199999999999999734e-01,1.000000000000000000e+00,1.000000000000000000e+00,0.000000000000000000e+00,6.396266580305811544e+01,-2.367521476856702112e-01,1.231570297558611742e+02,1.163461373051589032e+00
7.299999999999999822e-01,1.000000000000000000e+00,1.000000000000000000e+00,0.000000000000000000e+00,6.516765505520432100e+01,-2.325955472471751551e-01,1.185720139073179240e+02,9.042794491929598277e-02
7.399999999999999911e-01,1.000000000000000000e+00,1.000000000000000000e+00,0.000000000000000000e+00,6.639129862906798962e+01,-2.215543582300059655e-01,1.231284269466410564e+02,1.174764633037020944e+00
7.500000000000000000e-01,1.000000000000000000e+00,1.000000000000000000e+00,0.000000000000000000e+00,6.762176447662675116e+01,-2.135966986684167401e-01,1.229031284261325112e+02,5.069531211342355181e-01
7.600000000000000089e-01,1.000000000000000000e+00,1.000000000000000000e+00,0.000000000000000000e+00,6.882638363398466197e+01,-2.086789455299369322e-01,1.185552788945347373e+02,3.846051799457806952e-01
7.700000000000000178e-01,1.000000000000000000e+00,1.000000000000000000e+00,0.000000000000000000e+00,7.004579608937154944e+01,-2.146218161783155221e-01,1.238182051925379028e+02,-1.099618847262913368e+00
7.800000000000000266e-01,1.000000000000000000e+00,1.000000000000000000e+00,0.000000000000000000e+00,7.126052241353148986e+01,-2.206062148516991506e-01,1.225876713949326700e+02,-8.994311169128867967e-01
7.900000000000000355e-01,1.000000000000000000e+00,1.000000000000000000e+00,0.000000000000000000e+00,7.246567472607291904e+01,-2.389763475744171028e-01,1.185118103629766608e+02,-2.445052003510966188e+00
8.000000000000000444e-01,1.000000000000000000e+00,1.000000000000000000e+00,0.000000000000000000e+00,7.368940734896631284e+01,-2.465131472122654988e-01,1.228455853617487605e+02,-4.950941306291405941e-01
8.100000000000000533e-01,1.000000000000000000e+00,1.000000000000000000e+00,0.000000000000000000e+00,7.491973621440439501e+01,-2.520295243037913302e-01,1.227461306606639795e+02,-3.420905012842109794e-01
8.200000000000000622e-01,1.000000000000000000e+00,1.000000000000000000e+00,0.000000000000000000e+00,7.613993443380518045e+01,-2.510062278948718695e-01,1.219660762246292478e+02,2.508248822427250890e-01
8.300000000000000711e-01,1.000000000000000000e+00,1.000000000000000000e+00,0.000000000000000000e+00,7.735678332240743771e+01,-2.480705666736164605e-01,1.214903779415522678e+02,3.077214470075024799e-01
8.399999999999999689e-01,1.000000000000000000e+00,1.000000000000000000e+00,0.000000000000000000e+00,7.854597918714219418e+01,-2.478713020004659484e-01,1.169693383012788672e+02,-1.536918505538817925e-01
8.499999999999999778e-01,1.000000000000000000e+00,1.000000000000000000e+00,0.000000000000000000e+00,7.975292946296306695e+01,-2.509438824772619037e-01,1.227019942696383907e+02,-5.199386159700833954e-01
8.599999999999999867e-01,1.000000000000000000e+00,1.000000000000000000e+00,0.000000000000000000e+00,8.095405255571213843e+01,-2.619128634131778210e-01,1.185320761628274653e+02,-1.539555508018729757e+00
8.699999999999999956e-01,1.000000000000000000e+00,1.000000000000000000e+00,0.000000000000000000e+00,8.218931145284828688e+01,-2.786579082763261939e-01,1.236680489402229171e+02,-1.951216811807878537e+00
8.800000000000000044e-01,1.000000000000000000e+00,1.000000000000000000e+00,0.000000000000000000e+00,8.342756925686441605e+01,-3.007993283491646186e-01,1.237563407475209800e+02,-2.370897003388334756e+00
8.900000000000000133e-01,1.000000000000000000e+00,1.000000000000000000e+00,0.000000000000000000e+00,8.463731400058202325e+01,-3.291307588592373712e-01,1.192373132035952352e+02,-3.357831244981753116e+00
9.000000000000000222e-01,1.000000000000000000e+00,1.000000000000000000e+00,0.000000000000000000e+00,8.586334554137306441e+01,-3.460676093011837429e-01,1.244128833471751960e+02,-8.653698909547612450e-01
9.100000000000000311e-01,1.000000000000000000e+00,1.000000000000000000e+00,0.000000000000000000e+00,8.706871538406149114e+01,-3.593288872439064363e-01,1.193313622562491645e+02,-6.669281200540311261e-01
9.200000000000000400e-01,1.000000000000000000e+00,1.000000000000000000e+00,0.000000000000000000e+00,8.829891846434823321e+01,-3.734068789684304446e-01,1.248491821881822403e+02,-1.791003574006059695e+00
9.300000000000000488e-01,1.000000000000000000e+00,1.000000000000000000e+00,0.000000000000000000e+00,8.952400333643444696e+01,-3.857362380535833690e-01,1.234074400529880933e+02,-1.447987882215377553e+00
9.400000000000000577e-01,1.000000000000000000e+00,1.000000000000000000e+00,0.000000000000000000e+00,9.075567641303391042e+01,-4.015408661117208511e-01,1.226215931118042022e+02,-1.616312917122965320e+00
9.500000000000000666e-01,1.000000000000000000e+00,1.000000000000000000e+00,0.000000000000000000e+00,9.197892154445258939e+01,-4.166108652544301405e-01,1.220830621138197785e+02,-1.569406301830856387e+00
9.599999999999999645e-01,1.000000000000000000e+00,1.000000000000000000e+00,0.000000000000000000e+00,9.319938270387346790e+01,-4.347301798191181010e-01,1.220445769047163083e+02,-1.931841705709484769e+00
9.699999999999999734e-01,1.000000000000000000e+00,1.000000000000000000e+00,0.000000000000000000e+00,9.439863574981318095e+01,-4.596507967782466619e-01,1.180662702559966135e+02,-2.880419604647367127e+00
9.799999999999999822e-01,1.000000000000000000e+00,1.000000000000000000e+00,0.000000000000000000e+00,9.560768110086092975e+01,-4.839278089304019925e-01,1.226475712513978067e+02,-2.136503960096056254e+00
9.899999999999999911e-01,1.000000000000000000e+00,1.000000000000000000e+00,0.000000000000000000e+00,9.681149678272552705e+01,-5.099103345805757748e-01,1.214959120888328528e+02,-2.401045290874679772e+00
1.000000000000000000e+00,1.000000000000000000e+00,1.000000000000000000e+00,0.000000000000000000e+00,9.802728474662885105e+01,-5.316516915069748883e-01,1.214326427118489704e+02,-2.131007700478958267e+00
1.010000000000000009e+00,1.000000000000000000e+00,1.000000000000000000e+00,0.000000000000000000e+00,9.924326551108211447e+01,-5.474966416233386646e-01,1.216594592258800134e+02,-1.235368979504973819e+00
1.020000000000000018e+00,1.000000000000000000e+00,1.000000000000000000e+00,0.000000000000000000e+00,1.004221220710436882e+02,-5.630809703011913081e-01,1.145637558910260765e+02,-1.752374806281133734e+00
1.030000000000000027e+00,1.000000000000000000e+00,1.000000000000000000e+00,0.000000000000000000e+00,1.016417841632399899e+02,-5.661956480437594363e-01,1.262238865791971705e+02,4.092752738002381485e-01
1.040000000000000036e+00,1.000000000000000000e+00,1.000000000000000000e+00,0.000000000000000000e+00,1.028655825938264741e+02,-5.707010819673432600e-01,1.233904592272970575e+02,-6.874908123373880686e-01
1.050000000000000044e+00,1.000000000000000000e+00,1.000000000000000000e+00,0.000000000000000000e+00,1.040956950348236347e+02,-5.793692535626081552e-01,1.223339347862055178e+02,-1.084661912575210829e+00
1.060000000000000053e+00,1.000000000000000000e+00,1.000000000000000000e+00,0.000000000000000000e+00,1.053161422735206401e+02,-5.915705777437173518e-01,1.216899164393572477e+02,-1.470565178030379005e+00
1.070000000000000062e+00,1.000000000000000000e+00,1.000000000000000000e+00,0.000000000000000000e+00,1.065339977060481402e+02,-6.089563858143989261e-01,1.217943859774482291e+02,-2.009576339403445822e+00
1.080000000000000071e+00,1.000000000000000000e+00,1.000000000000000000e+00,0.000000000000000000e+00,1.077451090839104211e+02,-6.289000242584344980e-01,1.209706869182340512e+02,-2.246685558934784499e+00
1.090000000000000080e+00,1.000000000000000000e+00,1.000000000000000000e+00,0.000000000000000000e+00,1.089322392607916328e+02,-6.525948078797155771e-01,1.167513901083511882e+02,-2.571343307256695354e+00
1.100000000000000089e+00,1.000000000000000000e+00,1.000000000000000000e+00,0.000000000000000000e+00,1.101378843380283854e+02,-6.712964513675796496e-01,1.225129774527935638e+02,-1.555069316886713571e+00
1.110000000000000098e+00,1.000000000000000000e+00,1.000000000000000000e+00,0.000000000000000000e+00,1.113136233618041473e+02,-7.025680052810059362e-01,1.141616050543013472e+02,-4.077626427175530921e+00
1.120000000000000107e+00,1.000000000000000000e+00,1.000000000000000000e+00,0.000000000000000000e+00,1.125457526657738470e+02,-7.103436727241378978e-01,1.232957660390336230e+02,-8.258646078957093684e-01
1.130000000000000115e+00,1.000000000000000000e+00,1.000000000000000000e+00,0.000000000000000000e+00,1.137735688969434165e+02,-7.226269200595559772e-01,1.225131823433894596e+02,-1.236936750412114261e+00
1.140000000000000124e+00,1.000000000000000000e+00,1.000000000000000000e+00,0.000000000000000000e+00,1.149755065893020429e+02,-7.358339141189196297e-01,1.182951306642713689e+02,-1.316268475497607282e+00
1.150000000000000133e+00,1.000000000000000000e+00,1.000000000000000000e+00,0.000000000000000000e+00,1.161936376327573157e+02,-7.584397169175229880e-01,1.237865853638200093e+02,-2.923215217892221496e+00
1.159999999999999920e+00,1.000000000000000000e+00,1.000000000000000000e+00,0.000000000000000000e+00,1.174198773571459640e+02,-7.803009293701060889e-01,1.233359797800237061e+02,-2.114448242516611121e+00
1.169999999999999929e+00,1.000000000000000000e+00,1.000000000000000000e+00,0.000000000000000000e+00,1.186284118625566180e+02,-8.030773049844890377e-01,1.188083938387019174e+02,-2.479441061972120774e+00
1.179999999999999938e+00,1.000000000000000000e+00,1.000000000000000000e+00,0.000000000000000000e+00,1.198464655704371040e+02,-8.158232968261464046e-01,1.233684545090694371e+02,-5.375970990152167950e-01
1.189999999999999947e+00,1.000000000000000000e+00,1.000000000000000000e+00,0.000000000000000000e+00,1.210535970187916206e+02,-8.280373699422515221e-01,1.217554420033828393e+02,-6.745437183881646259e-01
1.199999999999999956e+00,1.000000000000000000e+00,1.000000000000000000e+00,0.000000000000000000e+00,1.222693186053440400e+02,-8.357076147158224444e-01,1.211731111026283543e+02,-1.006074086840379245e+00
1.209999999999999964e+00,1.000000000000000000e+00,1.000000000000000000e+00,0.000000000000000000e+00,1.234767882326947728e+02,-8.491980318315273113e-01,1.205650514522799313e+02,-1.636933525575311243e+00
1.219999999999999973e+00,1.000000000000000000e+00,1.000000000000000000e+00,0.000000000000000000e+00,1.246616248604642436e+02,-8.664414543515278622e-01,1.169083946215831986e+02,-1.924342994092698156e+00
1.229999999999999982e+00,1.000000000000000000e+00,1.000000000000000000e+00,0.000000000000000000e+00,1.258736041511142787e+02,-8.828273622445157454e-01,1.234124763936194142e+02,-1.592359712284852735e+00
1.239999999999999991e+00,1.000000000000000000e+00,1.000000000000000000e+00,0.000000000000000000e+00,1.270795921930583745e+02,-8.993129165798410263e-01,1.186455823310786428e+02,-1.774900125375242999e+00
1.250000000000000000e+00,1.000000000000000000e+00,1.000000000000000000e+00,0.000000000000000000e+00,1.282994694223223178e+02,-9.295423438400627347e-01,1.232232847956317130e+02,-2.560147769569339093e+00
1.260000000000000009e+00,1.000000000000000000e+00,1.000000000000000000e+00,0.000000000000000000e+00,1.295197652317823156e+02,-9.515440245067918745e-01,1.230507068616431070e+02,-3.234607436141596182e+00
1.270000000000000018e+00,1.000000000000000000e+00,1.000000000000000000e+00,0.000000000000000000e+00,1.307505731117410619e+02,-9.894886689721983375e-01,1.225369275386653243e+02,-4.227592572874759647e+00
1.280000000000000027e+00,1.000000000000000000e+00,1.000000000000000000e+00,0.000000000000000000e+00,1.319683912349365187e+02,-1.035825549032696413e+00,1.213321477233963321e+02,-4.978092745399359309e+00
1.290000000000000036e+00,1.000000000000000000e+00,1.000000000000000000e+00,0.000000000000000000e+00,1.331543150358069170e+02,-1.091521492274995841e+00,1.166557773509976812e+02,-6.052156656038816251e+00
1.300000000000000044e+00,1.000000000000000000e+00,1.000000000000000000e+00,0.000000000000000000e+00,1.343559866402642058e+02,-1.145108136703059776e+00,1.222037013166331008e+02,-5.042962479883239091e+00
1.310000000000000053e+00,1.000000000000000000e+00,1.000000000000000000e+00,0.000000000000000000e+00,1.355443117783944444e+02,-1.200583786139200360e+00,1.168835752268015540e+02,-5.601967596055209775e+00
1.320000000000000062e+00,1.000000000000000000e+00,1.000000000000000000e+00,0.000000000000000000e+00,1.367468949039300412e+02,-1.244277558571981190e+00,1.221023847518448662e+02,-3.681635247800372213e+00
1.330000000000000071e+00,1.000000000000000000e+00,1.000000000000000000e+00,0.000000000000000000e+00,1.379596129303911312e+02,-1.279277888226324489e+00,1.210533312949548161e+02,-3.063259957490426455e+00
1.340000000000000080e+00,1.000000000000000000e+00,1.000000000000000000e+00,0.000000000000000000e+00,1.391462918415539036e+02,-1.302850057710913223e+00,1.166451422220474115e+02,-1.881643429491232089e+00
1.350000000000000089e+00,1.000000000000000000e+00,1.000000000000000000e+00,0.000000000000000000e+00,1.403419668190418577e+02,-1.337386496015227078e+00,1.222800143493185487e+02,-3.183539515649304263e+00
1.360000000000000098e+00,1.000000000000000000e+00,1.000000000000000000e+00,0.000000000000000000e+00,1.415482266207558268e+02,-1.364675474925150622e+00,1.200901156657014468e+02,-2.753160534172256924e+00
1.370000000000000107e+00,1.000000000000000000e+00,1.000000000000000000e+00,0.000000000000000000e+00,1.427425630297294390e+02,-1.390159452762018466e+00,1.189793200664452684e+02,-2.464774705255743381e+00
1.380000000000000115e+00,1.000000000000000000e+00,1.000000000000000000e+00,0.000000000000000000e+00,1.439312605432887437e+02,-1.413619939168748507e+00,1.187357443400778294e+02,-2.308066788804052916e+00
1.390000000000000124e+00,1.000000000000000000e+00,1.000000000000000000e+00,0.000000000000000000e+00,1.451005355212630832e+02,-1.441052905909661286e+00,1.153820352167260808e+02,-3.139670456896644257e+00
1.400000000000000133e+00,1.000000000000000000e+00,1.000000000000000000e+00,0.000000000000000000e+00,1.462974307001536545e+02,-1.461032902192916261e+00,1.218543348779793689e+02,-1.716007503822757796e+00
1.409999999999999920e+00,1.000000000000000000e+00,1.000000000000000000e+00,0.000000000000000000e+00,1.474869443350560800e+02,-1.490813255695691453e+00,1.172009316345752552e+02,-3.448703206261599874e+00
1.419999999999999929e+00,1.000000000000000000e+00,1.000000000000000000e+00,0.000000000000000000e+00,1.486756863554129779e+02,-1.504532067295684117e+00,1.175573019835872657e+02,-8.353396788733841172e-01
1.429999999999999938e+00,1.000000000000000000e+00,1.000000000000000000e+00,0.000000000000000000e+00,1.498972501407219795e+02,-1.528381356478988318e+00,1.217650819404710489e+02,-2.250753354633357350e+00
1.439999999999999947e+00,1.000000000000000000e+00,1.000000000000000000e+00,0.000000000000000000e+00,1.511107883074150209e+02,-1.548041869184833663e+00,1.211885082472149406e+02,-1.833417811430016364e+00
1.449999999999999956e+00,1.000000000000000000e+00,1.000000000000000000e+00,0.000000000000000000e+00,1.523254950488390307e+02,-1.563049423974689489e+00,1.216339730242884229e+02,-1.210555447463397272e+00
1.459999999999999964e+00,1.000000000000000000e+00,1.000000000000000000e+00,0.000000000000000000e+00,1.535194092377783477e+02,-1.577707214290381410e+00,1.175972453957221546e+02,-1.467450305417630219e+00
1.469999999999999973e+00,1.000000000000000000e+00,1.000000000000000000e+00,0.000000000000000000e+00,1.547290475503381515e+02,-1.580187831164275858e+00,1.228446632536389131e+02,5.335440374745151759e-01
1.479999999999999982e+00,1.000000000000000000e+00,1.000000000000000000e+00,0.000000000000000000e+00,1.559277953454947294e+02,-1.582615070851420391e+00,1.179088166622035629e+02,-6.400533327513472370e-01
1.489999999999999991e+00,1.000000000000000000e+00,1.000000000000000000e+00,0.000000000000000000e+00,1.571186378458385491e+02,-1.573468005546573734e+00,1.174551407837303856e+02,1.201970130237617562e+00
1.500000000000000000e+00,1.000000000000000000e+00,1.000000000000000000e+00,0.000000000000000000e+00,1.583254627002366419e+02,-1.575511076266864041e+00,1.224890381369822592e+02,-8.515693726026936083e-01
1.510000000000000009e+00,1.000000000000000000e+00,1.000000000000000000e+00,0.000000000000000000e+00,1.595436457579910154e+02,-1.581862119633474117e+00,1.218131034412763114e+02,-9.446795902815238177e-01
1.520000000000000018e+00,1.000000000000000000e+00,1.000000000000000000e+00,0.000000000000000000e+00,1.607673313249723321e+02,-1.593410140438343170e+00,1.227031377020222180e+02,-1.357422871036506162e+00
1.530000000000000027e+00,1.000000000000000000e+00,1.000000000000000000e+00,0.000000000000000000e+00,1.619828928777194506e+02,-1.614156337083844761e+00,1.228197755251015053e+02,-1.503531652818001607e+00
1.540000000000000036e+00,1.000000000000000000e+00,1.000000000000000000e+00,0.000000000000000000e+00,1.632103389916348135e+02,-1.627641022117308767e+00,1.224363643047577739e+02,-1.449881316859973346e+00
1.550000000000000044e+00,1.000000000000000000e+00,1.000000000000000000e+00,0.000000000000000000e+00,1.644357565572423141e+02,-1.640582653820381598e+00,1.223255848295108308e+02,-1.354352307847133119e+00
1.560000000000000053e+00,1.000000000000000000e+00,1.000000000000000000e+00,0.000000000000000000e+00,1.656353642235029611e+02,-1.652113332104259147e+00,1.181272388787339338e+02,-9.633025635961103283e-01
1.570000000000000062e+00,1.000000000000000000e+00,1.000000000000000000e+00,0.000000000000000000e+00,1.668560212264228539e+02,-1.668703282536091903e+00,1.243010798410506510e+02,-2.017060154787611026e+00
1.580000000000000071e+00,1.000000000000000000e+00,1.000000000000000000e+00,0.000000000000000000e+00,1.680852298905380167e+02,-1.683778908521533113e+00,1.226042801587141611e+02,-1.419137267482421194e+00
1.590000000000000080e+00,1.000000000000000000e+00,1.000000000000000000e+00,0.000000000000000000e+00,1.693082571143582697e+02,-1.695619839465630330e+00,1.221565409027335818e+02,-1.001778719696996944e+00
1.600000000000000089e+00,1.000000000000000000e+00,1.000000000000000000e+00,0.000000000000000000e+00,1.705078833041787618e+02,-1.706943123079220026e+00,1.182895729334606330e+02,-1.228819785754390770e+00
1.610000000000000098e+00,1.000000000000000000e+00,1.000000000000000000e+00,0.000000000000000000e+00,1.717229203567665365e+02,-1.713197850835666225e+00,1.235317488621299162e+02,-9.536435977321577884e-02
1.620000000000000107e+00,1.000000000000000000e+00,1.000000000000000000e+00,0.000000000000000000e+00,1.729239964603126509e+02,-1.717367674080495510e+00,1.180840198461641961e+02,-5.949033852070194639e-01
1.630000000000000115e+00,1.000000000000000000e+00,1.000000000000000000e+00,0.000000000000000000e+00,1.741328915022592696e+02,-1.714256324845260249e+00,1.223749088447826381e+02,8.238113301000309363e-01
1.640000000000000124e+00,1.000000000000000000e+00,1.000000000000000000e+00,0.000000000000000000e+00,1.753474150259001192e+02,-1.705720419081547146e+00,1.212203779761650537e+02,1.054025315584436573e+00
1.650000000000000133e+00,1.000000000000000000e+00,1.000000000000000000e+00,0.000000000000000000e+00,1.765600255847545270e+02,-1.696163194612301695e+00,1.212793527063699344e+02,7.645162127442568512e-01
1.660000000000000142e+00,1.000000000000000000e+00,1.000000000000000000e+00,0.000000000000000000e+00,1.777555429939199030e+02,-1.688611311632173484e+00,1.179534726586371534e+02,7.046017030037250439e-01
1.669999999999999929e+00,1.000000000000000000e+00,1.000000000000000000e+00,0.000000000000000000e+00,1.789690576561793307e+02,-1.685606398157741381e+00,1.232579182915608129e+02,7.107005265240187719e-02
1.679999999999999938e+00,1.000000000000000000e+00,1.000000000000000000e+00,0.000000000000000000e+00,1.801687254109044432e+02,-1.681911136200991974e+00,1.179360127822347550e+02,4.557645679686693763e-01
1.689999999999999947e+00,1.000000000000000000e+00,1.000000000000000000e+00,0.000000000000000000e+00,1.813697730897529823e+02,-1.682425888795376467e+00,1.227901222785418724e+02,4.092765729992776103e-01
1.699999999999999956e+00,1.000000000000000000e+00,1.000000000000000000e+00,0.000000000000000000e+00,1.825822154319330650e+02,-1.673135466853457487e+00,1.218686556103607472e+02,1.124398714644424535e+00
1.709999999999999964e+00,1.000000000000000000e+00,1.000000000000000000e+00,0.000000000000000000e+00,1.837863524480469835e+02,-1.651468842232657552e+00,1.217370380716647844e+02,1.956045065350038525e+00
1.719999999999999973e+00,1.000000000000000000e+00,1.000000000000000000e+00,0.000000000000000000e+00,1.850126683064847555e+02,-1.628871113455786501e+00,1.228572728468871844e+02,2.662212447147665806e+00
1.729999999999999982e+00,1.000000000000000000e+00,1.000000000000000000e+00,0.000000000000000000e+00,1.862400074407989052e+02,-1.599702928365114962e+00,1.225622317329197557e+02,3.124053520424237451e+00
1.739999999999999991e+00,1.000000000000000000e+00,1.000000000000000000e+00,0.000000000000000000e+00,1.874449854155169533e+02,-1.573262908419199801e+00,1.186581806979659461e+02,2.421785993304323092e+00
1.750000000000000000e+00,1.000000000000000000e+00,1.000000000000000000e+00,0.000000000000000000e+00,1.886732253491460085e+02,-1.542160919796825125e+00,1.246708419252110929e+02,3.586987810639834073e+00
1.760000000000000009e+00,1.000000000000000000e+00,1.000000000000000000e+00,0.000000000000000000e+00,1.899067211284471455e+02,-1.508075010642191183e+00,1.231566258892508472e+02,3.554027019085300054e+00
1.770000000000000018e+00,1.000000000000000000e+00,1.000000000000000000e+00,0.000000000000000000e+00,1.911295617506320639e+02,-1.473911103391859934e+00,1.220142729158855417e+02,3.198713981360605363e+00
1.780000000000000027e+00,1.000000000000000000e+00,1.000000000000000000e+00,0.000000000000000000e+00,1.923267217771487765e+02,-1.439481124275564961e+00,1.179367042926960778e+02,3.521331544695016635e+00
1.790000000000000036e+00,1.000000000000000000e+00,1.000000000000000000e+00,0.000000000000000000e+00,1.935403844560838138e+02,-1.413306165570894501e+00,1.234097110805941924e+02,2.092828468396731090e+00
1.800000000000000044e+00,1.000000000000000000e+00,1.000000000000000000e+00,0.000000000000000000e+00,1.947473107706053099e+02,-1.386580567074124248e+00,1.187747772904637031e+02,2.985893847517823829e+00
1.810000000000000053e+00,1.000000000000000000e+00,1.000000000000000000e+00,0.000000000000000000e+00,1.959434954252394903e+02,-1.370607333019539853e+00,1.196786934609598916e+02,8.351852922065617912e-01
1.820000000000000062e+00,1.000000000000000000e+00,1.000000000000000000e+00,0.000000000000000000e+00,1.971772181464002358e+02,-1.336393888044870693e+00,1.231474763839892859e+02,3.642416471899879937e+00
1.830000000000000071e+00,1.000000000000000000e+00,1.000000000000000000e+00,0.000000000000000000e+00,1.984067905098211497e+02,-1.297614800713266181e+00,1.227478006939283688e+02,4.225313415856548183e+00
1.840000000000000080e+00,1.000000000000000000e+00,1.000000000000000000e+00,0.000000000000000000e+00,1.996346984369019140e+02,-1.252811375402298477e+00,1.227919653410044560e+02,4.744450040909340416e+00
1.850000000000000089e+00,1.000000000000000000e+00,1.000000000000000000e+00,0.000000000000000000e+00,2.008462194786941097e+02,-1.194758792483392229e+00,1.196518414776936936e+02,6.576733424460750044e+00
1.860000000000000098e+00,1.000000000000000000e+00,1.000000000000000000e+00,0.000000000000000000e+00,2.020547635303711047e+02,-1.154184867588847307e+00,1.187136673216284919e+02,4.057759136927069576e+00
1.870000000000000107e+00,1.000000000000000000e+00,1.000000000000000000e+00,0.000000000000000000e+00,2.032751655565188003e+02,-1.105924196295633655e+00,1.239258446696721307e+02,4.841789585296308651e+00
1.880000000000000115e+00,1.000000000000000000e+00,1.000000000000000000e+00,0.000000000000000000e+00,2.044901732884219427e+02,-1.061435675787746780e+00,1.225003165820004511e+02,4.402095128531716028e+00
1.890000000000000124e+00,1.000000000000000000e+00,1.000000000000000000e+00,0.000000000000000000e+00,2.057156850134793729e+02,-1.020794794203796263e+00,1.221429455553588070e+02,3.806018076305148323e+00
1.900000000000000133e+00,1.000000000000000000e+00,1.000000000000000000e+00,0.000000000000000000e+00,2.069368219556346844e+02,-9.855460890348620717e-01,1.219934064578919788e+02,3.274408096764755971e+00
1.910000000000000142e+00,1.000000000000000000e+00,1.000000000000000000e+00,0.000000000000000000e+00,2.081603891090597642e+02,-9.544089593339787347e-01,1.224029040896689366e+02,2.919273223969614861e+00
1.919999999999999929e+00,1.000000000000000000e+00,1.000000000000000000e+00,0.000000000000000000e+00,2.093741229090945808e+02,-9.299531673043676117e-01,1.220789101502414411e+02,2.702319604636939765e+00
1.929999999999999938e+00,1.000000000000000000e+00,1.000000000000000000e+00,0.000000000000000000e+00,2.105831163143108711e+02,-9.006351568183801337e-01,1.213933029807049451e+02,2.371010094011117619e+00
1.939999999999999947e+00,1.000000000000000000e+00,1.000000000000000000e+00,0.000000000000000000e+00,2.117727039776217453e+02,-8.752830781262925797e-01,1.170940971522648368e+02,2.661580446348445150e+00
1.949999999999999956e+00,1.000000000000000000e+00,1.000000000000000000e+00,0.000000000000000000e+00,2.129835190353604730e+02,-8.533701314121370229e-01,1.235188551372679058e+02,1.870699575688878458e+00
1.959999999999999964e+00,1.000000000000000000e+00,1.000000000000000000e+00,0.000000000000000000e+00,2.141982360749103407e+02,-8.338420154291463771e-01,1.202736262946831403e+02,1.933432805287830458e+00
1.969999999999999973e+00,1.000000000000000000e+00,1.000000000000000000e+00,0.000000000000000000e+00,2.154376550689904946e+02,-8.159536808975005329e-01,1.242767232706207778e+02,1.869295357371898669e+00
1.979999999999999982e+00,1.000000000000000000e+00,1.000000000000000000e+00,0.000000000000000000e+00,2.166785319637566545e+02,-7.982034975503633500e-01,1.238167630898250735e+02,1.702102222732824632e+00
1.989999999999999991e+00,1.000000000000000000e+00,1.000000000000000000e+00,0.000000000000000000e+00,2.178948563740955251e+02,-7.887635718717734834e-01,1.198112190450303416e+02,3.431008447114244353e-01
2.000000000000000000e+00,1.000000000000000000e+00,1.000000000000000000e+00,0.000000000000000000e+00,2.191275798346427166e+02,-7.770164058256219253e-01,1.249694651880998890e+02,1.377071289635404927e+00
2.010000000000000231e+00,1.000000000000000000e+00,1.000000000000000000e+00,0.000000000000000000e+00,2.203683239650279404e+02,-7.691097441060290585e-01,1.238052585888061401e+02,6.068952994528609146e-01
2.020000000000000018e+00,1.000000000000000000e+00,1.000000000000000000e+00,0.000000000000000000e+00,2.216054508281502535e+02,-7.617542140339146339e-01,1.235445610407197847e+02,8.699779896279710156e-01
2.030000000000000249e+00,1.000000000000000000e+00,1.000000000000000000e+00,0.000000000000000000e+00,2.228384639885953789e+02,-7.454610044515405098e-01,1.234059234572834782e+02,1.980830138356690195e+00
2.040000000000000036e+00,1.000000000000000000e+00,1.000000000000000000e+00,0.000000000000000000e+00,2.240679330956592423e+02,-7.224801791136896689e-01,1.226810307509822167e+02,2.692761985319788831e+00
2.049999999999999822e+00,1.000000000000000000e+00,1.000000000000000000e+00,0.000000000000000000e+00,2.252694321029838989e+02,-6.911021798262592108e-01,1.182064872772176471e+02,3.510857810617905361e+00
2.060000000000000053e+00,1.000000000000000000e+00,1.000000000000000000e+00,0.000000000000000000e+00,2.264909484412408744e+02,-6.606730751340790242e-01,1.242025668932509603e+02,3.008940033804142544e+00
2.069999999999999840e+00,1.000000000000000000e+00,1.000000000000000000e+00,0.000000000000000000e+00,2.276995168720733318e+02,-6.283210870131603620e-01,1.187772611546213284e+02,3.226888559790047850e+00
2.080000000000000071e+00,1.000000000000000000e+00,1.000000000000000000e+00,0.000000000000000000e+00,2.289307186541543899e+02,-6.004826486246801487e-01,1.226809511639712582e+02,2.676765065436685020e+00
2.089999999999999858e+00,1.000000000000000000e+00,1.000000000000000000e+00,0.000000000000000000e+00,2.301531095697173157e+02,-5.749118082268996899e-01,1.220846607461742366e+02,2.360144390836780293e+00
2.100000000000000089e+00,1.000000000000000000e+00,1.000000000000000000e+00,0.000000000000000000e+00,2.313722866790273258e+02,-5.539673239310124453e-01,1.217209182932954974e+02,1.803997433177318532e+00
2.109999999999999876e+00,1.000000000000000000e+00,1.000000000000000000e+00,0.000000000000000000e+00,2.325552985988931880e+02,-5.336752313907680012e-01,1.179096793434986097e+02,1.005419390573467409e+00
2.120000000000000107e+00,1.000000000000000000e+00,1.000000000000000000e+00,0.000000000000000000e+00,2.337747017378832766e+02,-5.163765918781891839e-01,1.236007262773300681e+02,2.260653816870906496e+00
2.129999999999999893e+00,1.000000000000000000e+00,1.000000000000000000e+00,0.000000000000000000e+00,2.349903996563706983e+02,-4.975776735669964479e-01,1.221780534060117560e+02,2.215411044909819882e+00
2.140000000000000124e+00,1.000000000000000000e+00,1.000000000000000000e+00,0.000000000000000000e+00,2.362082638316369980e+02,-4.762078190072432937e-01,1.215043350697310132e+02,2.148395412024946438e+00
2.149999999999999911e+00,1.000000000000000000e+00,1.000000000000000000e+00,0.000000000000000000e+00,2.374255697322836625e+02,-4.561748982730867152e-01,1.217730527944314076e+02,1.858372125880812797e+00
2.160000000000000142e+00,1.000000000000000000e+00,1.000000000000000000e+00,0.000000000000000000e+00,2.386396332421122963e+02,-4.422271650307928459e-01,1.212838533910157679e+02,1.054422858575559507e+00
2.169999999999999929e+00,1.000000000000000000e+00,1.000000000000000000e+00,0.000000000000000000e+00,2.398313455008023141e+02,-4.312145031253197813e-01,1.171526487823703349e+02,1.101484586244534158e+00
2.180000000000000160e+00,1.000000000000000000e+00,1.000000000000000000e+00,0.000000000000000000e+00,2.410462883017924582e+02,-4.254038728723860685e-01,1.235897615272638603e+02,3.757690904131377740e-01
2.189999999999999947e+00,1.000000000000000000e+00,1.000000000000000000e+00,0.000000000000000000e+00,2.422575224600167587e+02,-4.155219431893986681e-01,1.221215853870646839e+02,1.005760216345439995e+00
2.200000000000000178e+00,1.000000000000000000e+00,1.000000000000000000e+00,0.000000000000000000e+00,2.434614507898427576e+02,-4.109590676797175157e-01,1.212224456680786489e+02,1.155849459342615404e+00
2.209999999999999964e+00,1.000000000000000000e+00,1.000000000000000000e+00,0.000000000000000000e+00,2.446657255130852491e+02,-3.950440443753608921e-01,1.208052360223152704e+02,1.114692395671688319e+00
2.220000000000000195e+00,1.000000000000000000e+00,1.000000000000000000e+00,0.000000000000000000e+00,2.458679135020652495e+02,-3.815241927916299125e-01,1.198403530441611906e+02,1.481514899640540062e+00
2.229999999999999982e+00,1.000000000000000000e+00,1.000000000000000000e+00,0.000000000000000000e+00,2.470644436651122362e+02,-3.697793937067764269e-01,1.194669495215212152e+02,9.713956684511368955e-01
2.240000000000000213e+00,1.000000000000000000e+00,1.000000000000000000e+00,0.000000000000000000e+00,2.482370425665209837e+02,-3.654366148597388286e-01,1.154552575866327544e+02,7.692480439415996796e-02
2.250000000000000000e+00,1.000000000000000000e+00,1.000000000000000000e+00,0.000000000000000000e+00,2.494327745794814462e+02,-3.623766078783788869e-01,1.219296051301320887e+02,5.297480957552151981e-01
2.260000000000000231e+00,1.000000000000000000e+00,1.000000000000000000e+00,0.000000000000000000e+00,2.506240621652413552e+02,-3.576719070813687562e-01,1.173789633948348268e+02,4.206049080055486167e-01
2.270000000000000018e+00,1.000000000000000000e+00,1.000000000000000000e+00,0.000000000000000000e+00,2.518345416220076629e+02,-3.528695833361971124e-01,1.232191926057884359e+02,4.391038002871152646e-01
2.280000000000000249e+00,1.000000000000000000e+00,1.000000000000000000e+00,0.000000000000000000e+00,2.530402100327540893e+02,-3.591527873204626853e-01,1.218640600779171024e+02,-1.145038607724732538e+00
2.290000000000000036e+00,1.000000000000000000e+00,1.000000000000000000e+00,0.000000000000000000e+00,2.542449554581156121e+02,-3.697191334062938650e-01,1.187306355612234512e+02,-1.155182332839667758e+00
2.300000000000000266e+00,1.000000000000000000e+00,1.000000000000000000e+00,0.000000000000000000e+00,2.554711115864371038e+02,-4.024331870373374920e-01,1.219849679323685336e+02,-3.747844536966255635e+00
2.310000000000000053e+00,1.000000000000000000e+00,1.000000000000000000e+00,0.000000000000000000e+00,2.566802700853473311e+02,-4.424212781998941857e-01,1.203951736146672431e+02,-4.410042722285003158e+00
2.319999999999999840e+00,1.000000000000000000e+00,1.000000000000000000e+00,0.000000000000000000e+00,2.578563375331884231e+02,-4.937994003047688207e-01,1.154956407342513813e+02,-5.604817842393783778e+00
2.330000000000000071e+00,1.000000000000000000e+00,1.000000000000000000e+00,0.000000000000000000e+00,2.590449692871105185e+02,-5.373236130415615097e-01,1.207273515589242834e+02,-3.843862541868256599e+00
2.339999999999999858e+00,1.000000000000000000e+00,1.000000000000000000e+00,0.000000000000000000e+00,2.602209425180481617e+02,-5.844422249842718964e-01,1.155693697615344888e+02,-4.927165984123910825e+00
2.350000000000000089e+00,1.000000000000000000e+00,1.000000000000000000e+00,0.000000000000000000e+00,2.614206914838837292e+02,-6.182371633408824119e-01,1.197283464855170934e+02,-3.226612130421317115e+00
2.359999999999999876e+00,1.000000000000000000e+00,1.000000000000000000e+00,0.000000000000000000e+00,2.626157728526619053e+02,-6.503542368488323122e-01,1.193456344391636605e+02,-2.990611855612694381e+00
2.370000000000000107e+00,1.000000000000000000e+00,1.000000000000000000e+00,0.000000000000000000e+00,2.637828584483544319e+02,-6.780583466220632127e-01,1.146298163747838146e+02,-2.602337331077486660e+00
2.379999999999999893e+00,1.000000000000000000e+00,1.000000000000000000e+00,0.000000000000000000e+00,2.649609990392327177e+02,-7.085758258015102395e-01,1.196019515901569150e+02,-3.313523548721520662e+00
2.390000000000000124e+00,1.000000000000000000e+00,1.000000000000000000e+00,0.000000000000000000e+00,2.661406728671298652e+02,-7.443617885181850191e-01,1.177848834197213250e+02,-3.680331022567088439e+00
2.399999999999999911e+00,1.000000000000000000e+00,1.000000000000000000e+00,0.000000000000000000e+00,2.673169303342004355e+02,-7.822864427325699754e-01,1.175674730625291033e+02,-3.926174554487381396e+00
2.410000000000000142e+00,1.000000000000000000e+00,1.000000000000000000e+00,0.000000000000000000e+00,2.684972492595933318e+02,-8.229174934795256968e-01,1.183407878039770935e+02,-4.204628843684973027e+00
2.419999999999999929e+00,1.000000000000000000e+00,1.000000000000000000e+00,0.000000000000000000e+00,2.696667927010619792e+02,-8.734742332409438648e-01,1.154850304274663131e+02,-5.843224494919412315e+00
2.430000000000000160e+00,1.000000000000000000e+00,1.000000000000000000e+00,0.000000000000000000e+00,2.708644912901067414e+02,-9.223983628206721130e-01,1.222668622485987271e+02,-4.529313682554063192e+00
2.439999999999999947e+00,1.000000000000000000e+00,1.000000000000000000e+00,0.000000000000000000e+00,2.720431402717234732e+02,-9.750009157810978211e-01,1.174182423288138182e+02,-6.116410077621401875e+00
2.450000000000000178e+00,1.000000000000000000e+00,1.000000000000000000e+00,0.000000000000000000e+00,2.732537619004075964e+02,-1.025886696863143710e+00,1.227506618618742209e+02,-4.735006471057052302e+00
2.459999999999999964e+00,1.000000000000000000e+00,1.000000000000000000e+00,0.000000000000000000e+00,2.744729397294098590e+02,-1.077472603792615669e+00,1.215641516285542565e+02,-5.224981578335139432e+00
2.470000000000000195e+00,1.000000000000000000e+00,1.000000000000000000e+00,0.000000000000000000e+00,2.756841130851915977e+02,-1.130845827474895149e+00,1.206674581378910318e+02,-5.356599610859957394e+00
2.479999999999999982e+00,1.000000000000000000e+00,1.000000000000000000e+00,0.000000000000000000e+00,2.768843609372323158e+02,-1.181510506783749692e+00,1.196356069962960760e+02,-4.862005896245839232e+00
2.490000000000000213e+00,1.000000000000000000e+00,1.000000000000000000e+00,0.000000000000000000e+00,2.780585486828563262e+02,-1.232098824021485628e+00,1.155066679985186937e+02,-5.273556287720908564e+00
2.500000000000000000e+00,1.000000000000000000e+00,1.000000000000000000e+00,0.000000000000000000e+00,2.792435311902149806e+02,-1.277532022808104850e+00,1.205860229904810694e+02,-3.923491670168732792e+00
2.510000000000000231e+00,1.000000000000000000e+00,1.000000000000000000e+00,0.000000000000000000e+00,2.804124830136538549e+02,-1.321464675907559894e+00,1.164578192006677284e+02,-5.291543201682185504e+00
2.520000000000000018e+00,1.000000000000000000e+00,1.000000000000000000e+00,0.000000000000000000e+00,2.816094886166146125e+02,-1.369014872590502030e+00,1.211724977131244430e+02,-4.594713429668476401e+00
2.530000000000000249e+00,1.000000000000000000e+00,1.000000000000000000e+00,0.000000000000000000e+00,2.828040308941219791e+02,-1.421040525653981312e+00,1.199090840226150618e+02,-5.206116617798304702e+00
2.540000000000000036e+00,1.000000000000000000e+00,1.000000000000000000e+00,0.000000000000000000e+00,2.839992894500619514e+02,-1.474692025901960468e+00,1.193118712937835824e+02,-5.543101526491859055e+00
2.550000000000000266e+00,1.000000000000000000e+00,1.000000000000000000e+00,0.000000000000000000e+00,2.851959424284288502e+02,-1.526905973008538364e+00,1.198750903272257915e+02,-4.890949742516484733e+00
2.560000000000000053e+00,1.000000000000000000e+00,1.000000000000000000e+00,0.000000000000000000e+00,2.863788896752740243e+02,-1.580737214234331445e+00,1.167812281615211845e+02,-5.846644862469428716e+00
2.569999999999999840e+00,1.000000000000000000e+00,1.000000000000000000e+00,0.000000000000000000e+00,2.875771252849334587e+02,-1.619425215200101187e+00,1.217779446576505507e+02,-2.979777591436043149e+00
2.580000000000000071e+00,1.000000000000000000e+00,1.000000000000000000e+00,0.000000000000000000e+00,2.887475772216124597e+02,-1.665606931705647664e+00,1.163403159071568496e+02,-5.518885377019450367e+00
2.589999999999999858e+00,1.000000000000000000e+00,1.000000000000000000e+00,0.000000000000000000e+00,2.899578447229273479e+02,-1.690471421857576262e+00,1.203467362422855587e+02,-2.551885139836332250e+00
2.600000000000000089e+00,1.000000000000000000e+00,1.000000000000000000e+00,0.000000000000000000e+00,2.911543014461296366e+02,-1.721172530852863147e+00,1.192172078280911478e+02,-2.916674326280863649e+00
2.609999999999999876e+00,1.000000000000000000e+00,1.000000000000000000e+00,0.000000000000000000e+00,2.923430915458461641e+02,-1.750689017026451078e+00,1.184646874499512847e+02,-3.140258135519907068e+00
2.620000000000000107e+00,1.000000000000000000e+00,1.000000000000000000e+00,0.000000000000000000e+00,2.935275565613811750e+02,-1.781492651096744817e+00,1.184106611682153414e+02,-3.167579782854960779e+00
2.629999999999999893e+00,1.000000000000000000e+00,1.000000000000000000e+00,0.000000000000000000e+00,2.947127383477930493e+02,-1.814887082366162918e+00,1.184583553189191889e+02,-3.549265953879035429e+00
2.640000000000000124e+00,1.000000000000000000e+00,1.000000000000000000e+00,0.000000000000000000e+00,2.958767462131989987e+02,-1.847616019565113676e+00,1.147101985314818933e+02,-3.353108775070346770e+00
2.649999999999999911e+00,1.000000000000000000e+00,1.000000000000000000e+00,0.000000000000000000e+00,2.970390998659275397e+02,-1.886254694068912885e+00,1.167387288280052218e+02,-4.423631905904742645e+00
2.660000000000000142e+00,1.000000000000000000e+00,1.000000000000000000e+00,0.000000000000000000e+00,2.982243420704511436e+02,-1.902040705711623758e+00,1.168001272093075755e+02,-1.589255305755531422e+00
2.669999999999999929e+00,1.000000000000000000e+00,1.000000000000000000e+00,0.000000000000000000e+00,2.994367030139304120e+02,-1.917391938174480392e+00,1.210965556052409937e+02,-1.526912550262568669e+00
2.680000000000000160e+00,1.000000000000000000e+00,1.000000000000000000e+00,0.000000000000000000e+00,3.006493928296280842e+02,-1.933265709270288069e+00,1.214300748225259241e+02,-1.762032472033376429e+00
2.689999999999999947e+00,1.000000000000000000e+00,1.000000000000000000e+00,0.000000000000000000e+00,3.018361018606224775e+02,-1.949096109591899495e+00,1.167339415063942880e+02,-1.501456285157547921e+00
2.700000000000000178e+00,1.000000000000000000e+00,1.000000000000000000e+00,0.000000000000000000e+00,3.030384203930765921e+02,-1.972122630020905598e+00,1.221457864080664422e+02,-2.946685946847786397e+00
2.709999999999999964e+00,1.000000000000000000e+00,1.000000000000000000e+00,0.000000000000000000e+00,3.042425818756240119e+02,-1.998516854577336188e+00,1.210326900175139997e+02,-2.858291926414156414e+00
2.720000000000000195e+00,1.000000000000000000e+00,1.000000000000000000e+00,0.000000000000000000e+00,3.054275096403745806e+02,-2.034180445033171747e+00,1.163679687263345244e+02,-4.159352574087978205e+00
2.729999999999999982e+00,1.000000000000000000e+00,1.000000000000000000e+00,0.000000000000000000e+00,3.066248414176446317e+02,-2.057529673249707702e+00,1.214446150454138404e+02,-1.537924900920151661e+00
2.740000000000000213e+00,1.000000000000000000e+00,1.000000000000000000e+00,0.000000000000000000e+00,3.078222402621818219e+02,-2.081137185772198528e+00,1.207144599063662014e+02,-1.667102182061469540e+00
2.750000000000000000e+00,1.000000000000000000e+00,1.000000000000000000e+00,0.000000000000000000e+00,3.090317612465258321e+02,-2.093308958813480114e+00,1.209905082990128307e+02,-8.328716931338457918e-01
2.760000000000000231e+00,1.000000000000000000e+00,1.000000000000000000e+00,0.000000000000000000e+00,3.102414319038975918e+02,-2.096966929927513767e+00,1.209159261296392884e+02,-1.179503455794052857e-01
2.770000000000000018e+00,1.000000000000000000e+00,1.000000000000000000e+00,0.000000000000000000e+00,3.114291201002463367e+02,-2.098676641816953570e+00,1.169628152913879831e+02,-1.200721845823319034e-01
2.780000000000000249e+00,1.000000000000000000e+00,1.000000000000000000e+00,0.000000000000000000e+00,3.126335861402511114e+02,-2.095534118285669489e+00,1.223302256851987835e+02,5.379333910084969084e-01
2.790000000000000036e+00,1.000000000000000000e+00,1.000000000000000000e+00,0.000000000000000000e+00,3.138303502298056742e+02,-2.089112476543539820e+00,1.178175700238729888e+02,7.542004089983633808e-01
2.800000000000000266e+00,1.000000000000000000e+00,1.000000000000000000e+00,0.000000000000000000e+00,3.150540913328404145e+02,-2.078825920865835286e+00,1.225131746707181861e+02,1.185054216584462639e+00
2.810000000000000053e+00,1.000000000000000000e+00,1.000000000000000000e+00,0.000000000000000000e+00,3.162730681443206322e+02,-2.069931972144726018e+00,1.216079017433007863e+02,7.082613608097504398e-01
2.819999999999999840e+00,1.000000000000000000e+00,1.000000000000000000e+00,0.000000000000000000e+00,3.174679132865459223e+02,-2.053593980803746444e+00,1.176936857597318209e+02,2.153706224536353631e+00
2.830000000000000071e+00,1.000000000000000000e+00,1.000000000000000000e+00,0.000000000000000000e+00,3.186894339245015999e+02,-2.048456016028732840e+00,1.218537050347604804e+02,7.220730732404623264e-01
2.839999999999999858e+00,1.000000000000000000e+00,1.000000000000000000e+00,0.000000000000000000e+00,3.198805725602557004e+02,-2.041132799276191623e+00,1.170850350227519385e+02,4.880222870928797585e-01
2.850000000000000089e+00,1.000000000000000000e+00,1.000000000000000000e+00,0.000000000000000000e+00,3.210869257402009112e+02,-2.022645263683795491e+00,1.226179379340022706e+02,2.690893632206656338e+00
2.859999999999999876e+00,1.000000000000000000e+00,1.000000000000000000e+00,0.000000000000000000e+00,3.222917922380567006e+02,-1.999034186117534473e+00,1.189711148583439240e+02,2.527094134881828325e+00
2.870000000000000107e+00,1.000000000000000000e+00,1.000000000000000000e+00,0.000000000000000000e+00,3.235322530114389110e+02,-1.956643785324583051e+00,1.242917300537759644e+02,4.684653329092897778e+00
2.879999999999999893e+00,1.000000000000000000e+00,1.000000000000000000e+00,0.000000000000000000e+00,3.247739629060107518e+02,-1.909190646433058358e+00,1.239579431448365057e+02,4.918438095967656132e+00
2.890000000000000124e+00,1.000000000000000000e+00,1.000000000000000000e+00,0.000000000000000000e+00,3.259774934371777704e+02,-1.854002987639802313e+00,1.183929788874922480e+02,5.660189214184803141e+00
2.899999999999999911e+00,1.000000000000000000e+00,1.000000000000000000e+00,0.000000000000000000e+00,3.271987274957572822e+02,-1.800569670563524349e+00,1.240566222864649717e+02,5.311102288221478673e+00
2.910000000000000142e+00,1.000000000000000000e+00,1.000000000000000000e+00,0.000000000000000000e+00,3.284068675773414157e+02,-1.743044892071434537e+00,1.187268009170782506e+02,5.946932290046182068e+00
2.919999999999999929e+00,1.000000000000000000e+00,1.000000000000000000e+00,0.000000000000000000e+00,3.296340466011084231e+02,-1.687808236807521789e+00,1.228495380760616200e+02,5.531393725778979586e+00
2.930000000000000160e+00,1.000000000000000000e+00,1.000000000000000000e+00,0.000000000000000000e+00,3.308568281000959246e+02,-1.631178490648094170e+00,1.218648161444041591e+02,5.770549469339774085e+00
2.939999999999999947e+00,1.000000000000000000e+00,1.000000000000000000e+00,0.000000000000000000e+00,3.320597104021861696e+02,-1.578915762342814055e+00,1.216529803070618385e+02,5.622774960464731464e+00
2.950000000000000178e+00,1.000000000000000000e+00,1.000000000000000000e+00,0.000000000000000000e+00,3.332787398884161689e+02,-1.523460303800560078e+00,1.215415062385293226e+02,5.419150925724420809e+00
2.959999999999999964e+00,1.000000000000000000e+00,1.000000000000000000e+00,0.000000000000000000e+00,3.344892874418598581e+02,-1.471161673878221610e+00,1.206823181122844062e+02,5.123662357854866123e+00
2.970000000000000195e+00,1.000000000000000000e+00,1.000000000000000000e+00,0.000000000000000000e+00,3.356580942674149242e+02,-1.407695901527598270e+00,1.161954451721588129e+02,5.843051321625152283e+00
2.979999999999999982e+00,1.000000000000000000e+00,1.000000000000000000e+00,0.000000000000000000e+00,3.368598527176453672e+02,-1.358798760055876631e+00,1.223874996159764521e+02,4.559005475606605629e+00
2.990000000000000213e+00,1.000000000000000000e+00,1.000000000000000000e+00,0.000000000000000000e+00,3.380624299119381817e+02,-1.305086484431049021e+00,1.186390829226979520e+02,6.049092983074178420e+00
3.000000000000000000e+00,1.000000000000000000e+00,1.000000000000000000e+00,0.000000000000000000e+00,3.392843909864307648e+02,-1.246190048299256725e+00,1.240767409821778244e+02,5.954075743677996080e+00
3.010000000000000231e+00,1.000000000000000000e+00,1.000000000000000000e+00,0.000000000000000000e+00,3.405049271946138560e+02,-1.182818976680632961e+00,1.224896216995649638e+02,6.210235531853420810e+00
3.020000000000000018e+00,1.000000000000000000e+00,1.000000000000000000e+00,0.000000000000000000e+00,3.417093394281526457e+02,-1.126620625887332805e+00,1.213099297311415654e+02,5.844571070249231504e+00
3.030000000000000249e+00,1.000000000000000000e+00,1.000000000000000000e+00,0.000000000000000000e+00,3.429230981624313017e+02,-1.069160387378506938e+00,1.209073359231222895e+02,5.588106073548765096e+00
3.040000000000000036e+00,1.000000000000000000e+00,1.000000000000000000e+00,0.000000000000000000e+00,3.441300966324611181e+02,-1.016682900498574238e+00,1.203538760943223309e+02,5.040433087808056101e+00
3.050000000000000266e+00,1.000000000000000000e+00,1.000000000000000000e+00,0.000000000000000000e+00,3.453334989522476803e+02,-9.685198896788180800e-01,1.201526173140354103e+02,4.588974398737617477e+00
3.060000000000000053e+00,1.000000000000000000e+00,1.000000000000000000e+00,0.000000000000000000e+00,3.465333968644068250e+02,-9.250126628249387695e-01,1.202261434085091452e+02,4.234360712676674687e+00
3.070000000000000284e+00,1.000000000000000000e+00,1.000000000000000000e+00,0.000000000000000000e+00,3.477354582718713800e+02,-8.855968592921129590e-01,1.202067570583905649e+02,3.769118534857820890e+00
3.080000000000000071e+00,1.000000000000000000e+00,1.000000000000000000e+00,0.000000000000000000e+00,3.488899197737043210e+02,-8.361526821464692061e-01,1.118632665999237190e+02,5.825095899848962588e+00
3.089999999999999858e+00,1.000000000000000000e+00,1.000000000000000000e+00,0.000000000000000000e+00,3.500883147217624014e+02,-8.075981689379538864e-01,1.219416012260466715e+02,2.727515855485231011e+00
3.100000000000000089e+00,1.000000000000000000e+00,1.000000000000000000e+00,0.000000000000000000e+00,3.512834912840536958e+02,-7.772430548091884273e-01,1.179390381205052591e+02,2.936142469190314408e+00
3.109999999999999876e+00,1.000000000000000000e+00,1.000000000000000000e+00,0.000000000000000000e+00,3.525061962011015453e+02,-7.515785526894784851e-01,1.249022016473127366e+02,2.395384619382891156e+00
3.120000000000000107e+00,1.000000000000000000e+00,1.000000000000000000e+00,0.000000000000000000e+00,3.537342812225398916e+02,-7.228410391523941714e-01,1.235346634599321192e+02,3.042441279123836662e+00
3.129999999999999893e+00,1.000000000000000000e+00,1.000000000000000000e+00,0.000000000000000000e+00,3.549725995913949532e+02,-6.905445572324453440e-01,1.237326362797265915e+02,3.495955864871284291e+00
3.140000000000000124e+00,1.000000000000000000e+00,1.000000000000000000e+00,0.000000000000000000e+00,3.561845753712131568e+02,-6.609658414950086991e-01,1.192807437677750499e+02,2.602890601252589420e+00
3.149999999999999911e+00,1.000000000000000000e+00,1.000000000000000000e+00,0.000000000000000000e+00,3.573977840919664573e+02,-6.136595350133096094e-01,1.194185133371565826e+02,5.284957331636581657e+00
3.160000000000000142e+00,1.000000000000000000e+00,1.000000000000000000e+00,0.000000000000000000e+00,3.586208692232393105e+02,-5.799034229951530728e-01,1.239299193616350721e+02,2.641718653593980726e+00
3.169999999999999929e+00,1.000000000000000000e+00,1.000000000000000000e+00,0.000000000000000000e+00,3.598523997393632499e+02,-5.481715101531434708e-01,1.228756107139905396e+02,3.084449652552663235e+00
3.180000000000000160e+00,1.000000000000000000e+00,1.000000000000000000e+00,0.000000000000000000e+00,3.610823013611469037e+02,-5.187713274548575448e-01,1.228617950791448550e+02,2.834409673444836297e+00
3.189999999999999947e+00,1.000000000000000000e+00,1.000000000000000000e+00,0.000000000000000000e+00,3.623086688247008169e+02,-4.934947671617674336e-01,1.223665444519582763e+02,2.255199372932739532e+00
3.200000000000000178e+00,1.000000000000000000e+00,1.000000000000000000e+00,0.000000000000000000e+00,3.635098716392381561e+02,-4.748535529771469865e-01,1.184272692044946211e+02,1.679556779502330954e+00
3.209999999999999964e+00,1.000000000000000000e+00,1.000000000000000000e+00,0.000000000000000000e+00,3.647314748048382285e+02,-4.573994048560997006e-01,1.242518164155596878e+02,1.692750154353872993e+00
3.220000000000000195e+00,1.000000000000000000e+00,1.000000000000000000e+00,0.000000000000000000e+00,3.659386432637975872e+02,-4.451605958773772187e-01,1.187828300874676586e+02,1.010442711790334736e+00
3.229999999999999982e+00,1.000000000000000000e+00,1.000000000000000000e+00,0.000000000000000000e+00,3.671664229931354271e+02,-4.365434298735989538e-01,1.222725028776719256e+02,6.197357031514759695e-01
3.240000000000000213e+00,1.000000000000000000e+00,1.000000000000000000e+00,0.000000000000000000e+00,3.683637028639006985e+02,-4.252126816320382918e-01,1.179999054269692493e+02,1.508697278485079840e+00
3.250000000000000000e+00,1.000000000000000000e+00,1.000000000000000000e+00,0.000000000000000000e+00,3.695805381118628929e+02,-4.248617972674919585e-01,1.235787088795440951e+02,-6.418331436023732017e-01
3.260000000000000231e+00,1.000000000000000000e+00,1.000000000000000000e+00,0.000000000000000000e+00,3.708025513181140127e+02,-4.238094760707292741e-01,1.229271671597167455e+02,-4.762527197124131195e-01
3.270000000000000018e+00,1.000000000000000000e+00,1.000000000000000000e+00,0.000000000000000000e+00,3.720339583319355938e+02,-4.319508134928172760e-01,1.230175869174789085e+02,-7.735386386005745907e-01
3.280000000000000249e+00,1.000000000000000000e+00,1.000000000000000000e+00,0.000000000000000000e+00,3.732407451578826567e+02,-4.453651251674951017e-01,1.186708551952638118e+02,-1.746568715545370187e+00
3.290000000000000036e+00,1.000000000000000000e+00,1.000000000000000000e+00,0.000000000000000000e+00,3.744614517458838350e+02,-4.498449528972715550e-01,1.240289687121887852e+02,1.214919758924792870e-01
3.300000000000000266e+00,1.000000000000000000e+00,1.000000000000000000e+00,0.000000000000000000e+00,3.756923456177744356e+02,-4.577849354348403343e-01,1.231554983005095210e+02,-1.010765584044027277e+00
3.310000000000000053e+00,1.000000000000000000e+00,1.000000000000000000e+00,0.000000000000000000e+00,3.769257651790060777e+02,-4.744829914563641893e-01,1.234194920409480147e+02,-2.310180575754551491e+00
3.320000000000000284e+00,1.000000000000000000e+00,1.000000000000000000e+00,0.000000000000000000e+00,3.781440402586015352e+02,-5.027494945020674066e-01,1.203438873528512261e+02,-3.274013433146653718e+00
3.330000000000000071e+00,1.000000000000000000e+00,1.000000000000000000e+00,0.000000000000000000e+00,3.793795688404142652e+02,-5.447334102777805498e-01,1.253024352271462618e+02,-4.984605057607951473e+00
3.339999999999999858e+00,1.000000000000000000e+00,1.000000000000000000e+00,0.000000000000000000e+00,3.806182348741468786e+02,-5.991319247939960180e-01,1.244571164170820339e+02,-6.174559778370236174e+00
3.350000000000000089e+00,1.000000000000000000e+00,1.000000000000000000e+00,0.000000000000000000e+00,3.818560080606291081e+02,-6.632942056659326679e-01,1.232784767183846952e+02,-6.569286494052752445e+00
3.359999999999999876e+00,1.000000000000000000e+00,1.000000000000000000e+00,0.000000000000000000e+00,3.830615933399328128e+02,-7.401077165763941812e-01,1.185268701737055750e+02,-8.554075372237454289e+00
3.370000000000000107e+00,1.000000000000000000e+00,1.000000000000000000e+00,0.000000000000000000e+00,3.842721970118670924e+02,-8.069850854119717809e-01,1.227412832487640060e+02,-5.977127598564793587e+00
3.379999999999999893e+00,1.000000000000000000e+00,1.000000000000000000e+00,0.000000000000000000e+00,3.854902339411979710e+02,-8.758349463386192468e-01,1.214464906903133254e+02,-6.851835021700251716e+00
3.390000000000000124e+00,1.000000000000000000e+00,1.000000000000000000e+00,0.000000000000000000e+00,3.867002248227278187e+02,-9.453759734175284368e-01,1.207698527704359321e+02,-7.121247955151180697e+00
3.399999999999999911e+00,1.000000000000000000e+00,1.000000000000000000e+00,0.000000000000000000e+00,3.878837569669501022e+02,-1.021075276874100712e+00,1.164586146513471050e+02,-7.950674243964270360e+00
3.410000000000000142e+00,1.000000000000000000e+00,1.000000000000000000e+00,0.000000000000000000e+00,3.890852674684730914e+02,-1.099586107209114205e+00,1.221350902607261588e+02,-8.087843368858962378e+00
3.419999999999999929e+00,1.000000000000000000e+00,1.000000000000000000e+00,0.000000000000000000e+00,3.902904503105402227e+02,-1.187174445834579872e+00,1.210909815120429585e+02,-9.061919973754251956e+00
3.430000000000000160e+00,1.000000000000000000e+00,1.000000000000000000e+00,0.000000000000000000e+00,3.914947545838441556e+02,-1.282040615884161738e+00,1.199654499429546348e+02,-9.821141997694430970e+00
3.439999999999999947e+00,1.000000000000000000e+00,1.000000000000000000e+00,0.000000000000000000e+00,3.926918142677542960e+02,-1.382917252402173558e+00,1.195351500567008145e+02,-1.034232021421066783e+01
3.450000000000000178e+00,1.000000000000000000e+00,1.000000000000000000e+00,0.000000000000000000e+00,3.938815118329560505e+02,-1.491044831861607411e+00,1.196487730525497710e+02,-9.919844639048571722e+00
3.459999999999999964e+00,1.000000000000000000e+00,1.000000000000000000e+00,0.000000000000000000e+00,3.950422094610553927e+02,-1.595215910331449605e+00,1.151898848830503255e+02,-1.099634239367773603e+01
3.470000000000000195e+00,1.000000000000000000e+00,1.000000000000000000e+00,0.000000000000000000e+00,3.962244449509704509e+02,-1.683318327578954943e+00,1.199230967144283824e+02,-7.755607781423996983e+00
3.479999999999999982e+00,1.000000000000000000e+00,1.000000000000000000e+00,0.000000000000000000e+00,3.973954457222267251e+02,-1.774402178695751120e+00,1.151567437404389551e+02,-9.766179176412324026e+00
3.490000000000000213e+00,1.000000000000000000e+00,1.000000000000000000e+00,0.000000000000000000e+00,3.985814066200627508e+02,-1.852275757042360471e+00,1.189117946313326399e+02,-7.736747591281961434e+00
3.500000000000000000e+00,1.000000000000000000e+00,1.000000000000000000e+00,0.000000000000000000e+00,3.997668431071412556e+02,-1.933997782550759714e+00,1.182088279162277757e+02,-8.382341766443168751e+00
3.510000000000000231e+00,1.000000000000000000e+00,1.000000000000000000e+00,0.000000000000000000e+00,4.009493442104480323e+02,-2.019929814202044760e+00,1.182606722775500145e+02,-8.834611929489383897e+00
3.520000000000000018e+00,1.000000000000000000e+00,1.000000000000000000e+00,0.000000000000000000e+00,4.021368862322217979e+02,-2.109174665132482751e+00,1.191521250227871320e+02,-9.075279473942025277e+00
3.530000000000000249e+00,1.000000000000000000e+00,1.000000000000000000e+00,0.000000000000000000e+00,4.033050200692868543e+02,-2.202889177336025739e+00,1.156506522086262976e+02,-1.003242870342248416e+01
3.540000000000000036e+00,1.000000000000000000e+00,1.000000000000000000e+00,0.000000000000000000e+00,4.045063612585703936e+02,-2.288636814798326036e+00,1.225256096835873905e+02,-8.091584620682054307e+00
3.550000000000000266e+00,1.000000000000000000e+00,1.000000000000000000e+00,0.000000000000000000e+00,4.057066095259094709e+02,-2.380637825121468598e+00,1.183332006313523976e+02,-9.637933330406522003e+00
3.560000000000000053e+00,1.000000000000000000e+00,1.000000000000000000e+00,0.000000000000000000e+00,4.069235173914781285e+02,-2.461268155842953220e+00,1.232571747288841806e+02,-7.447541492153249010e+00
3.570000000000000284e+00,1.000000000000000000e+00,1.000000000000000000e+00,0.000000000000000000e+00,4.081446640996307451e+02,-2.537406936476209296e+00,1.225528054131052897e+02,-6.970433714515042567e+00
3.580000000000000071e+00,1.000000000000000000e+00,1.000000000000000000e+00,0.000000000000000000e+00,4.093588814127860473e+02,-2.611190887655329362e+00,1.215973331795156156e+02,-6.645031049731605854e+00
3.589999999999999858e+00,1.000000000000000000e+00,1.000000000000000000e+00,0.000000000000000000e+00,4.105713320149258152e+02,-2.673815316899326167e+00,1.210382890684746542e+02,-6.060089171106422867e+00
3.600000000000000089e+00,1.000000000000000000e+00,1.000000000000000000e+00,0.000000000000000000e+00,4.117802863486493266e+02,-2.729774095258941102e+00,1.209831455680937040e+02,-5.431100289761469746e+00
3.609999999999999876e+00,1.000000000000000000e+00,1.000000000000000000e+00,0.000000000000000000e+00,4.129668597148411209e+02,-2.794838206046741824e+00,1.168203479019926476e+02,-7.255444609887446106e+00
3.620000000000000107e+00,1.000000000000000000e+00,1.000000000000000000e+00,0.000000000000000000e+00,4.141714627312297807e+02,-2.852311734320685410e+00,1.223985925819095542e+02,-5.357461604623905416e+00
3.629999999999999893e+00,1.000000000000000000e+00,1.000000000000000000e+00,0.000000000000000000e+00,4.153702751019757216e+02,-2.923465866899532362e+00,1.180804654419828097e+02,-8.227379820417107581e+00
3.640000000000000124e+00,1.000000000000000000e+00,1.000000000000000000e+00,0.000000000000000000e+00,4.165910185083538977e+02,-2.989271704235157312e+00,1.217457907113574009e+02,-7.140571966990377994e+00
3.649999999999999911e+00,1.000000000000000000e+00,1.000000000000000000e+00,0.000000000000000000e+00,4.178045126942923844e+02,-3.067758220178602890e+00,1.211328754763749629e+02,-8.275098501581059196e+00
3.660000000000000142e+00,1.000000000000000000e+00,1.000000000000000000e+00,0.000000000000000000e+00,4.189949021669635272e+02,-3.148895890393780483e+00,1.170308245293242919e+02,-8.069727968835652021e+00
3.669999999999999929e+00,1.000000000000000000e+00,1.000000000000000000e+00,0.000000000000000000e+00,4.202110716072929222e+02,-3.230735887125361749e+00,1.211208921757872332e+02,-8.118686592416944237e+00
3.680000000000000160e+00,1.000000000000000000e+00,1.000000000000000000e+00,0.000000000000000000e+00,4.214144953310769210e+02,-3.309507620619271506e+00,1.200196521831551593e+02,-7.649356129540708871e+00
3.689999999999999947e+00,1.000000000000000000e+00,1.000000000000000000e+00,0.000000000000000000e+00,4.225876718941030958e+02,-3.396604487587975285e+00,1.155738690627654819e+02,-9.132448313943188012e+00
3.700000000000000178e+00,1.000000000000000000e+00,1.000000000000000000e+00,0.000000000000000000e+00,4.237773657511436340e+02,-3.471266181262722128e+00,1.209903130380581615e+02,-6.753312402486357335e+00
3.709999999999999964e+00,1.000000000000000000e+00,1.000000000000000000e+00,0.000000000000000000e+00,4.249616174941562008e+02,-3.551520386130212703e+00,1.166164910736200824e+02,-8.828236530092622658e+00
3.720000000000000195e+00,1.000000000000000000e+00,1.000000000000000000e+00,0.000000000000000000e+00,4.261529751516304714e+02,-3.628111556570714935e+00,1.207147938421393860e+02,-7.144730225437101012e+00
3.729999999999999982e+00,1.000000000000000000e+00,1.000000000000000000e+00,0.000000000000000000e+00,4.273524662790842967e+02,-3.704937072878079274e+00,1.197370864876680798e+02,-7.881316025405454617e+00
3.740000000000000213e+00,1.000000000000000000e+00,1.000000000000000000e+00,0.000000000000000000e+00,4.285495365717862910e+02,-3.784711798038474573e+00,1.197641097433844521e+02,-7.963700565852287028e+00
3.750000000000000000e+00,1.000000000000000000e+00,1.000000000000000000e+00,0.000000000000000000e+00,4.297286971705502197e+02,-3.862956120675963501e+00,1.162161455918281376e+02,-7.904418926054364469e+00
3.760000000000000231e+00,1.000000000000000000e+00,1.000000000000000000e+00,0.000000000000000000e+00,4.309270685640381657e+02,-3.935246281256724821e+00,1.218009970815106016e+02,-6.938713351746256031e+00
3.770000000000000018e+00,1.000000000000000000e+00,1.000000000000000000e+00,0.000000000000000000e+00,4.321325150619461510e+02,-4.005847435990075311e+00,1.215140310482541395e+02,-6.794689840617598620e+00
3.780000000000000249e+00,1.000000000000000000e+00,1.000000000000000000e+00,0.000000000000000000e+00,4.333288112104687571e+02,-4.090507885080771011e+00,1.179655574140140288e+02,-9.694958542502364551e+00
3.790000000000000036e+00,1.000000000000000000e+00,1.000000000000000000e+00,0.000000000000000000e+00,4.345376869125756230e+02,-4.153023609205506617e+00,1.212778007539962175e+02,-5.857588666258362053e+00
3.800000000000000266e+00,1.000000000000000000e+00,1.000000000000000000e+00,0.000000000000000000e+00,4.357467896493384956e+02,-4.215100126036841921e+00,1.205182498349328881e+02,-6.263871171355714473e+00
3.810000000000000053e+00,1.000000000000000000e+00,1.000000000000000000e+00,0.000000000000000000e+00,4.369501129027322577e+02,-4.279356503557583125e+00,1.202371278813412232e+02,-6.540353606121357188e+00
3.820000000000000284e+00,1.000000000000000000e+00,1.000000000000000000e+00,0.000000000000000000e+00,4.381548541977339823e+02,-4.345473964623516316e+00,1.206744301694605781e+02,-6.712409482575222519e+00
3.830000000000000071e+00,1.000000000000000000e+00,1.000000000000000000e+00,0.000000000000000000e+00,4.393489756937296420e+02,-4.417489868676931941e+00,1.183845966070307725e+02,-7.693999208867803752e+00
3.839999999999999858e+00,1.000000000000000000e+00,1.000000000000000000e+00,0.000000000000000000e+00,4.405693087617736410e+02,-4.480920678802044144e+00,1.239049800024186538e+02,-5.881871902652639150e+00
3.850000000000000089e+00,1.000000000000000000e+00,1.000000000000000000e+00,0.000000000000000000e+00,4.417827835732571202e+02,-4.551745205112717407e+00,1.195367333136440067e+02,-7.678597280793344027e+00
3.859999999999999876e+00,1.000000000000000000e+00,1.000000000000000000e+00,0.000000000000000000e+00,4.430215866534451834e+02,-4.604361951297701872e+00,1.234731599847173129e+02,-5.429802937433093390e+00
3.870000000000000107e+00,1.000000000000000000e+00,1.000000000000000000e+00,0.000000000000000000e+00,4.442345423909928286e+02,-4.659964303673985953e+00,1.225454994222081666e+02,-5.356323635851006237e+00
3.879999999999999893e+00,1.000000000000000000e+00,1.000000000000000000e+00,0.000000000000000000e+00,4.454630415723192414e+02,-4.707776979238945003e+00,1.226550262081051130e+02,-4.461471238798953465e+00
3.890000000000000124e+00,1.000000000000000000e+00,1.000000000000000000e+00,0.000000000000000000e+00,4.466896829892688743e+02,-4.750158505174534085e+00,1.227378113167876705e+02,-3.930983244700541501e+00
3.899999999999999911e+00,1.000000000000000000e+00,1.000000000000000000e+00,0.000000000000000000e+00,4.479190183119092126e+02,-4.790123411282752208e+00,1.227867561639988310e+02,-4.069932987061092966e+00
3.910000000000000142e+00,1.000000000000000000e+00,1.000000000000000000e+00,0.000000000000000000e+00,4.491422144312721798e+02,-4.829417718157618999e+00,1.220035164500395553e+02,-3.892085082912704497e+00
3.919999999999999929e+00,1.000000000000000000e+00,1.000000000000000000e+00,0.000000000000000000e+00,4.503383449102290683e+02,-4.874392298627458153e+00,1.178258639394214242e+02,-5.088029629504889684e+00
3.930000000000000160e+00,1.000000000000000000e+00,1.000000000000000000e+00,0.000000000000000000e+00,4.515533506696251607e+02,-4.899594827081537929e+00,1.236490836352936782e+02,-1.210998367834793754e+00
3.939999999999999947e+00,1.000000000000000000e+00,1.000000000000000000e+00,0.000000000000000000e+00,4.527725053198273599e+02,-4.921722786989762177e+00,1.226260713659236501e+02,-1.404608353366427087e+00
3.950000000000000178e+00,1.000000000000000000e+00,1.000000000000000000e+00,0.000000000000000000e+00,4.539942365348262001e+02,-4.931877666218899670e+00,1.219216421020594083e+02,-8.133259937970084286e-01
3.959999999999999964e+00,1.000000000000000000e+00,1.000000000000000000e+00,0.000000000000000000e+00,4.551890931878858737e+02,-4.938977776346184179e+00,1.176746400392377723e+02,-6.980110861835011615e-01
3.970000000000000195e+00,1.000000000000000000e+00,1.000000000000000000e+00,0.000000000000000000e+00,4.564004386285110400e+02,-4.944717758556753218e+00,1.231116612336277285e+02,-5.387331972940998526e-01
3.979999999999999982e+00,1.000000000000000000e+00,1.000000000000000000e+00,0.000000000000000000e+00,4.576094717330385038e+02,-4.954091067071257015e+00,1.221283603360692211e+02,-1.072209329136291078e+00
3.990000000000000213e+00,1.000000000000000000e+00,1.000000000000000000e+00,0.000000000000000000e+00,4.588355765777878332e+02,-4.967107679490501582e+00,1.225292610223317666e+02,-1.547087983139255218e+00
4.000000000000000000e+00,1.000000000000000000e+00,1.000000000000000000e+00,0.000000000000000000e+00,4.600492629930484441e+02,-4.993747055122852885e+00,1.229548570219160837e+02,-2.191496692278054326e+00
4.009999999999999787e+00,2.000000000000000000e+00,6.123233995736766036e-17,-1.000000000000000000e+00,4.610833899158320719e+02,-5.199417140977123708e+00,9.271887342168699320e+01,-3.029000348660202491e+01
4.020000000000000462e+00,2.000000000000000000e+00,6.123233995736766036e-17,-1.000000000000000000e+00,4.621374616556713590e+02,-5.421077781897669645e+00,1.141179926757351240e+02,-1.658325526002979444e+01
4.030000000000000249e+00,2.000000000000000000e+00,6.123233995736766036e-17,-1.000000000000000000e+00,4.631165420745057872e+02,-5.731092442724553315e+00,8.782961285166224741e+01,-3.912640635613550444e+01
4.040000000000000036e+00,2.000000000000000000e+00,6.123233995736766036e-17,-1.000000000000000000e+00,4.641811593330170354e+02,-5.968695921796860482e+00,1.188989542754695208e+02,-1.402757500979121019e+01
4.049999999999999822e+00,2.000000000000000000e+00,6.123233995736766036e-17,-1.000000000000000000e+00,4.652458411590936862e+02,-6.193773932566020157e+00,1.007067364089321302e+02,-2.345311000805024904e+01
4.060000000000000497e+00,2.000000000000000000e+00,6.123233995736766036e-17,-1.000000000000000000e+00,4.663118036456149866e+02,-6.447735924524887530e+00,1.109133449099757911e+02,-2.654900957568866460e+01
4.070000000000000284e+00,2.000000000000000000e+00,6.123233995736766036e-17,-1.000000000000000000e+00,4.673712925524679918e+02,-6.705975456719567518e+00,1.044019847881365166e+02,-2.615764257758103639e+01
4.080000000000000071e+00,2.000000000000000000e+00,6.123233995736766036e-17,-1.000000000000000000e+00,4.684434414479536599e+02,-6.983629682554585827e+00,1.096341371544856287e+02,-2.903288426341454453e+01
4.089999999999999858e+00,2.000000000000000000e+00,6.123233995736766036e-17,-1.000000000000000000e+00,4.694989793036151013e+02,-7.271653021819678209e+00,1.031678924195666269e+02,-2.843496853793789825e+01
4.099999999999999645e+00,2.000000000000000000e+00,6.123233995736766036e-17,-1.000000000000000000e+00,4.705582426511764425e+02,-7.565037495354632213e+00,1.080341656053716406e+02,-2.995741170225125316e+01
4.110000000000000320e+00,2.000000000000000000e+00,6.123233995736766036e-17,-1.000000000000000000e+00,4.716048949314181868e+02,-7.832984849631444035e+00,1.026089267915012897e+02,-2.462258755267097143e+01
4.120000000000000107e+00,2.000000000000000000e+00,6.123233995736766036e-17,-1.000000000000000000e+00,4.726471418238304523e+02,-8.128418846269678255e+00,1.058522937382793572e+02,-3.251288315104938675e+01
4.129999999999999893e+00,2.000000000000000000e+00,6.123233995736766036e-17,-1.000000000000000000e+00,4.736682054150448380e+02,-8.410306781267614440e+00,1.029674209630883581e+02,-2.622401917196548027e+01
4.139999999999999680e+00,2.000000000000000000e+00,6.123233995736766036e-17,-1.000000000000000000e+00,4.746821152804642452e+02,-8.724199069123065087e+00,1.005656009315395636e+02,-3.461839952142786814e+01
4.150000000000000355e+00,2.000000000000000000e+00,6.123233995736766036e-17,-1.000000000000000000e+00,4.756926369795774576e+02,-9.047348261601735331e+00,1.015633962465273470e+02,-3.095589096256749428e+01
4.160000000000000142e+00,2.000000000000000000e+00,6.123233995736766036e-17,-1.000000000000000000e+00,4.766876533503664177e+02,-9.411253558149086373e+00,9.865911259941148614e+01,-3.960757780996264898e+01
4.169999999999999929e+00,2.000000000000000000e+00,6.123233995736766036e-17,-1.000000000000000000e+00,4.776802273211868055e+02,-9.781567309459013870e+00,9.914416949237782717e+01,-3.799275751614446506e+01
4.179999999999999716e+00,2.000000000000000000e+00,6.123233995736766036e-17,-1.000000000000000000e+00,4.786661520524374964e+02,-1.017355168328531434e+01,9.854918268066282394e+01,-3.978561275780978690e+01
4.190000000000000391e+00,2.000000000000000000e+00,6.123233995736766036e-17,-1.000000000000000000e+00,4.796459786547286512e+02,-1.056870175893478780e+01,9.799441696276915081e+01,-4.119816252339661844e+01
4.200000000000000178e+00,2.000000000000000000e+00,6.123233995736766036e-17,-1.000000000000000000e+00,4.806233948801226461e+02,-1.098812348341310496e+01,9.788585894999364712e+01,-4.205456087403563714e+01
4.209999999999999964e+00,2.000000000000000000e+00,6.123233995736766036e-17,-1.000000000000000000e+00,4.816007162969392539e+02,-1.140913017169341082e+01,9.790412908518291601e+01,-4.214646262676247801e+01
4.219999999999999751e+00,2.000000000000000000e+00,6.123233995736766036e-17,-1.000000000000000000e+00,4.825802507937595465e+02,-1.183027107516874210e+01,9.846667244608767078e+01,-4.218712161621404988e+01
4.230000000000000426e+00,2.000000000000000000e+00,6.123233995736766036e-17,-1.000000000000000000e+00,4.835484330959149020e+02,-1.226459581567127799e+01,9.566727528017054283e+01,-4.444922508820429385e+01
4.240000000000000213e+00,2.000000000000000000e+00,6.123233995736766036e-17,-1.000000000000000000e+00,4.844666253197045762e+02,-1.274325317213418352e+01,8.927300697070508306e+01,-5.040367588642411789e+01
4.250000000000000000e+00,2.000000000000000000e+00,6.123233995736766036e-17,-1.000000000000000000e+00,4.853060815967470489e+02,-1.330584171759435819e+01,8.046481567675911606e+01,-6.062138839342641461e+01
4.259999999999999787e+00,2.000000000000000000e+00,6.123233995736766036e-17,-1.000000000000000000e+00,4.860413253044005728e+02,-1.400186447484524876e+01,6.890179975190073947e+01,-7.576202025831958053e+01
4.270000000000000462e+00,2.000000000000000000e+00,6.123233995736766036e-17,-1.000000000000000000e+00,4.866604606416302659e+02,-1.485490262862013999e+01,5.735610319663615542e+01,-9.178404539701419651e+01
4.280000000000000249e+00,2.000000000000000000e+00,6.123233995736766036e-17,-1.000000000000000000e+00,4.872141278291144886e+02,-1.577653183298422590e+01,5.433873276210855607e+01,-9.168739565645012135e+01
4.290000000000000036e+00,2.000000000000000000e+00,6.123233995736766036e-17,-1.000000000000000000e+00,4.876837931062424332e+02,-1.681398682361130881e+01,4.304597956153054383e+01,-1.107037198843285211e+02
4.299999999999999822e+00,2.000000000000000000e+00,6.123233995736766036e-17,-1.000000000000000000e+00,4.881432427159239751e+02,-1.785563283459595851e+01,4.761518219457989431e+01,-1.005310510331461415e+02
4.310000000000000497e+00,2.000000000000000000e+00,6.123233995736766036e-17,-1.000000000000000000e+00,4.885840063324961875e+02,-1.893476581886530852e+01,4.235184297062178871e+01,-1.120425032706824595e+02
4.320000000000000284e+00,2.000000000000000000e+00,6.123233995736766036e-17,-1.000000000000000000e+00,4.890363003401742503e+02,-1.999220357681119964e+01,4.703183865742038705e+01,-1.021835091040199899e+02
4.330000000000000071e+00,2.000000000000000000e+00,6.123233995736766036e-17,-1.000000000000000000e+00,4.894737714480293107e+02,-2.108177374564534645e+01,4.199621308278717891e+01,-1.127429284876592135e+02
4.339999999999999858e+00,2.000000000000000000e+00,6.123233995736766036e-17,-1.000000000000000000e+00,4.899210112081648276e+02,-2.215618823271961091e+01,4.596956058712680004e+01,-1.067162190936382444e+02
4.350000000000000533e+00,2.000000000000000000e+00,6.123233995736766036e-17,-1.000000000000000000e+00,4.903634820795910514e+02,-2.325045647693920614e+01,4.303989351037031241e+01,-1.101743237436358100e+02
4.360000000000000320e+00,2.000000000000000000e+00,6.123233995736766036e-17,-1.000000000000000000e+00,4.908011831294812737e+02,-2.431948934569977538e+01,4.409689506177794982e+01,-1.067688853137088500e+02
4.370000000000000107e+00,2.000000000000000000e+00,6.123233995736766036e-17,-1.000000000000000000e+00,4.912132386038872482e+02,-2.543331502943897249e+01,3.950814852422534074e+01,-1.141766897355062724e+02
4.379999999999999893e+00,2.000000000000000000e+00,6.123233995736766036e-17,-1.000000000000000000e+00,4.916066515759450226e+02,-2.656509893301791081e+01,3.935230537926220507e+01,-1.125724673920238388e+02
4.389999999999999680e+00,2.000000000000000000e+00,6.123233995736766036e-17,-1.000000000000000000e+00,4.919711502284226867e+02,-2.773460724659908649e+01,3.452209400350999857e+01,-1.196480698119210473e+02
4.400000000000000355e+00,2.000000000000000000e+00,6.123233995736766036e-17,-1.000000000000000000e+00,4.923129716105280522e+02,-2.892348296086593251e+01,3.415546547712843761e+01,-1.184114066360289854e+02
4.410000000000000142e+00,2.000000000000000000e+00,6.123233995736766036e-17,-1.000000000000000000e+00,4.926358442621262839e+02,-3.013830857083654635e+01,3.135147810606979135e+01,-1.231650110358056622e+02
4.419999999999999929e+00,2.000000000000000000e+00,6.123233995736766036e-17,-1.000000000000000000e+00,4.929592311928576009e+02,-3.135297461839667221e+01,3.196702155925045119e+01,-1.221138274908980037e+02
4.429999999999999716e+00,2.000000000000000000e+00,6.123233995736766036e-17,-1.000000000000000000e+00,4.932758434094678250e+02,-3.257966658391168835e+01,3.153898442014446246e+01,-1.228110755291261853e+02
4.440000000000000391e+00,2.000000000000000000e+00,6.123233995736766036e-17,-1.000000000000000000e+00,4.935907548458284282e+02,-3.379854414554171171e+01,3.149417170332327132e+01,-1.219030796697156518e+02
4.450000000000000178e+00,2.000000000000000000e+00,6.123233995736766036e-17,-1.000000000000000000e+00,4.939140884365995703e+02,-3.499173358179954363e+01,3.306715945559049175e+01,-1.175031281907380105e+02
4.459999999999999964e+00,2.000000000000000000e+00,6.123233995736766036e-17,-1.000000000000000000e+00,4.942268214452288930e+02,-3.619773419389840541e+01,3.028295302421712520e+01,-1.224792405309586627e+02
4.469999999999999751e+00,2.000000000000000000e+00,6.123233995736766036e-17,-1.000000000000000000e+00,4.945336685475985519e+02,-3.740536508127858895e+01,3.013287220236334818e+01,-1.214336765616318132e+02
4.480000000000000426e+00,2.000000000000000000e+00,6.123233995736766036e-17,-1.000000000000000000e+00,4.948318753992695633e+02,-3.861902802328724249e+01,2.975661743062754638e+01,-1.211974768065240369e+02
4.490000000000000213e+00,2.000000000000000000e+00,6.123233995736766036e-17,-1.000000000000000000e+00,4.951461493478972216e+02,-3.981417276851141906e+01,3.289729649362990926e+01,-1.183911018637876680e+02
4.500000000000000000e+00,2.000000000000000000e+00,6.123233995736766036e-17,-1.000000000000000000e+00,4.954455675760242457e+02,-4.102899623605642887e+01,2.843001644880259349e+01,-1.229789517289727740e+02
4.509999999999999787e+00,2.000000000000000000e+00,6.123233995736766036e-17,-1.000000000000000000e+00,4.957340574755829152e+02,-4.223424865667995931e+01,2.854042637574827879e+01,-1.220076183276964485e+02
4.520000000000000462e+00,2.000000000000000000e+00,6.123233995736766036e-17,-1.000000000000000000e+00,4.960092596228636808e+02,-4.346176061150315206e+01,2.705372114144362783e+01,-1.227820772469781900e+02
4.530000000000000249e+00,2.000000000000000000e+00,6.123233995736766036e-17,-1.000000000000000000e+00,4.962689418561043908e+02,-4.469808082548492223e+01,2.569880923778159598e+01,-1.237223156360474263e+02
4.540000000000000036e+00,2.000000000000000000e+00,6.123233995736766036e-17,-1.000000000000000000e+00,4.965246953250338038e+02,-4.593485745329362402e+01,2.551117774709943475e+01,-1.236330547986864303e+02
4.549999999999999822e+00,2.000000000000000000e+00,6.123233995736766036e-17,-1.000000000000000000e+00,4.967739131021115782e+02,-4.717315190790501589e+01,2.461421525067978422e+01,-1.239000249198125516e+02
4.560000000000000497e+00,2.000000000000000000e+00,6.123233995736766036e-17,-1.000000000000000000e+00,4.970207114345237756e+02,-4.839284990943594522e+01,2.494835723530416516e+01,-1.205937705798460229e+02
4.570000000000000284e+00,2.000000000000000000e+00,6.123233995736766036e-17,-1.000000000000000000e+00,4.972445278387191365e+02,-4.963768324734786574e+01,2.132027587414668091e+01,-1.265976499483423083e+02
4.580000000000000071e+00,2.000000000000000000e+00,6.123233995736766036e-17,-1.000000000000000000e+00,4.974600396970657812e+02,-5.088922742427845236e+01,2.111765984102113691e+01,-1.257593764476053337e+02
4.589999999999999858e+00,2.000000000000000000e+00,6.123233995736766036e-17,-1.000000000000000000e+00,4.976672357574371404e+02,-5.214554032850734444e+01,2.079884816979530981e+01,-1.252355842534048378e+02
4.600000000000000533e+00,2.000000000000000000e+00,6.123233995736766036e-17,-1.000000000000000000e+00,4.978745268978059357e+02,-5.339480963581139861e+01,2.080608568899093669e+01,-1.245182489734018247e+02
4.610000000000000320e+00,2.000000000000000000e+00,6.123233995736766036e-17,-1.000000000000000000e+00,4.980822904094725914e+02,-5.463174288782914800e+01,2.084292518551632512e+01,-1.235246025604802327e+02
4.620000000000000107e+00,2.000000000000000000e+00,6.123233995736766036e-17,-1.000000000000000000e+00,4.982908888384454258e+02,-5.586384277779352914e+01,2.090420329009809564e+01,-1.231716703945605786e+02
4.629999999999999893e+00,2.000000000000000000e+00,6.123233995736766036e-17,-1.000000000000000000e+00,4.984961754343991061e+02,-5.709714256112954445e+01,2.037650760644381620e+01,-1.235319086003056697e+02
4.639999999999999680e+00,2.000000000000000000e+00,6.123233995736766036e-17,-1.000000000000000000e+00,4.987110747795125008e+02,-5.830740577236965549e+01,2.188621044639300806e+01,-1.195951671250908817e+02
4.650000000000000355e+00,2.000000000000000000e+00,6.123233995736766036e-17,-1.000000000000000000e+00,4.989070810176688155e+02,-5.954095957785854409e+01,1.859339297648585898e+01,-1.253724420287934009e+02
4.660000000000000142e+00,2.000000000000000000e+00,6.123233995736766036e-17,-1.000000000000000000e+00,4.991008710825602748e+02,-6.077680676396553139e+01,1.896855137091618815e+01,-1.245946190028891039e+02
4.669999999999999929e+00,2.000000000000000000e+00,6.123233995736766036e-17,-1.000000000000000000e+00,4.992874512411745513e+02,-6.202686171223915323e+01,1.878331554055256802e+01,-1.247451819636448533e+02
4.679999999999999716e+00,2.000000000000000000e+00,6.123233995736766036e-17,-1.000000000000000000e+00,4.994730903528417798e+02,-6.327216657232769137e+01,1.871535581659602698e+01,-1.242659789735548088e+02
4.690000000000000391e+00,2.000000000000000000e+00,6.123233995736766036e-17,-1.000000000000000000e+00,4.996587869915583155e+02,-6.451457120036843662e+01,1.857188843971815473e+01,-1.243769437637710666e+02
4.700000000000000178e+00,2.000000000000000000e+00,6.123233995736766036e-17,-1.000000000000000000e+00,4.998401761727243411e+02,-6.576188032555117502e+01,1.808466937601328439e+01,-1.249039669028340569e+02
4.709999999999999964e+00,2.000000000000000000e+00,6.123233995736766036e-17,-1.000000000000000000e+00,5.000161510850043669e+02,-6.701170279978269662e+01,1.738360196754135245e+01,-1.250404513705004632e+02
4.719999999999999751e+00,2.000000000000000000e+00,6.123233995736766036e-17,-1.000000000000000000e+00,5.001892082051175521e+02,-6.824015086373367467e+01,1.751608097704563249e+01,-1.211471468859198950e+02
4.730000000000000426e+00,2.000000000000000000e+00,6.123233995736766036e-17,-1.000000000000000000e+00,5.003394035720210695e+02,-6.949335375662364811e+01,1.370090292592553993e+01,-1.276964385636655663e+02
4.740000000000000213e+00,2.000000000000000000e+00,6.123233995736766036e-17,-1.000000000000000000e+00,5.004904478039523497e+02,-7.074184122759332638e+01,1.585929674633045927e+01,-1.236480259635551704e+02
4.750000000000000000e+00,2.000000000000000000e+00,6.123233995736766036e-17,-1.000000000000000000e+00,5.006172688483024444e+02,-7.200070690206509028e+01,1.081437576167062176e+01,-1.271705888843772669e+02
4.759999999999999787e+00,2.000000000000000000e+00,6.123233995736766036e-17,-1.000000000000000000e+00,5.007255578735612858e+02,-7.326484923897690749e+01,1.076871195323541919e+01,-1.262265873302053336e+02
4.770000000000000462e+00,2.000000000000000000e+00,6.123233995736766036e-17,-1.000000000000000000e+00,5.008343311015271979e+02,-7.452318637993100481e+01,1.105522095361263446e+01,-1.256363378934220378e+02
4.780000000000000249e+00,2.000000000000000000e+00,6.123233995736766036e-17,-1.000000000000000000e+00,5.009467736273866763e+02,-7.577934571702968469e+01,1.147123859743622454e+01,-1.256109193613340835e+02
4.790000000000000036e+00,2.000000000000000000e+00,6.123233995736766036e-17,-1.000000000000000000e+00,5.010722945984159082e+02,-7.701624997013477980e+01,1.343659133560033148e+01,-1.222422914880540077e+02
4.799999999999999822e+00,2.000000000000000000e+00,6.123233995736766036e-17,-1.000000000000000000e+00,5.011974854404283519e+02,-7.828450442280980326e+01,1.202308026971788379e+01,-1.296137049068147746e+02
4.810000000000000497e+00,2.000000000000000000e+00,6.123233995736766036e-17,-1.000000000000000000e+00,5.013236657314867557e+02,-7.956129655477944596e+01,1.227824773605537167e+01,-1.284903520814175977e+02
4.820000000000000284e+00,2.000000000000000000e+00,6.123233995736766036e-17,-1.000000000000000000e+00,5.014413060245836959e+02,-8.084003454522726884e+01,1.154241507116588750e+01,-1.273806861906446244e+02
4.830000000000000071e+00,2.000000000000000000e+00,6.123233995736766036e-17,-1.000000000000000000e+00,5.015493607567613026e+02,-8.210830663435231713e+01,1.035770835363857501e+01,-1.264910965395653619e+02
4.839999999999999858e+00,2.000000000000000000e+00,6.123233995736766036e-17,-1.000000000000000000e+00,5.016474552687041637e+02,-8.336851247781423524e+01,9.689221972366906854e+00,-1.256961810848068524e+02
4.850000000000000533e+00,2.000000000000000000e+00,6.123233995736766036e-17,-1.000000000000000000e+00,5.017586433952346852e+02,-8.460452598407181313e+01,1.230011244887606026e+01,-1.222064663289509383e+02
4.860000000000000320e+00,2.000000000000000000e+00,6.123233995736766036e-17,-1.000000000000000000e+00,5.018458346115615996e+02,-8.585822720760738491e+01,7.930310548679369909e+00,-1.261274701856185203e+02
4.870000000000000107e+00,2.000000000000000000e+00,6.123233995736766036e-17,-1.000000000000000000e+00,5.019257884094492965e+02,-8.710515195931890275e+01,8.393089956982636934e+00,-1.234994924120557727e+02
4.879999999999999893e+00,2.000000000000000000e+00,6.123233995736766036e-17,-1.000000000000000000e+00,5.019917111313181977e+02,-8.838341537404606640e+01,6.053419896462608918e+00,-1.301696674556164055e+02
4.889999999999999680e+00,2.000000000000000000e+00,6.123233995736766036e-17,-1.000000000000000000e+00,5.020544153367983427e+02,-8.967675693456570230e+01,6.312395898573636366e+00,-1.291490020410600437e+02
4.900000000000000355e+00,2.000000000000000000e+00,6.123233995736766036e-17,-1.000000000000000000e+00,5.021174418378965356e+02,-9.096125752322157609e+01,6.323582168400567305e+00,-1.279582669504219439e+02
4.910000000000000142e+00,2.000000000000000000e+00,6.123233995736766036e-17,-1.000000000000000000e+00,5.021765155882115437e+02,-9.223493620421517392e+01,5.649634148961650837e+00,-1.269163863226039837e+02
4.919999999999999929e+00,2.000000000000000000e+00,6.123233995736766036e-17,-1.000000000000000000e+00,5.022258712621738255e+02,-9.350085092824042476e+01,4.536106926894913016e+00,-1.263224139085159266e+02
4.929999999999999716e+00,2.000000000000000000e+00,6.123233995736766036e-17,-1.000000000000000000e+00,5.022667568887186462e+02,-9.476100087169110964e+01,4.169949059719368911e+00,-1.257984993842369903e+02
4.940000000000000391e+00,2.000000000000000000e+00,6.123233995736766036e-17,-1.000000000000000000e+00,5.023345642595807021e+02,-9.597163591571663233e+01,8.594703219377990422e+00,-1.177282790424284684e+02
4.950000000000000178e+00,2.000000000000000000e+00,6.123233995736766036e-17,-1.000000000000000000e+00,5.023837376268422190e+02,-9.722976645519311489e+01,3.498658206268510096e+00,-1.278138897175139022e+02
4.959999999999999964e+00,2.000000000000000000e+00,6.123233995736766036e-17,-1.000000000000000000e+00,5.024285787751656471e+02,-9.849662359333294148e+01,3.661070840498404699e+00,-1.277341291508888190e+02
4.969999999999999751e+00,2.000000000000000000e+00,6.123233995736766036e-17,-1.000000000000000000e+00,5.024578630866004119e+02,-9.977662734817377554e+01,2.738155479051701313e+00,-1.278390164931168584e+02
4.980000000000000426e+00,2.000000000000000000e+00,6.123233995736766036e-17,-1.000000000000000000e+00,5.024803235597163393e+02,-1.010514520685494659e+02,2.024377304513081732e+00,-1.271524658991490782e+02
4.990000000000000213e+00,2.000000000000000000e+00,6.123233995736766036e-17,-1.000000000000000000e+00,5.024963451945543511e+02,-1.023175139579404913e+02,1.412218786889125832e+00,-1.261911654413761426e+02
5.000000000000000000e+00,2.000000000000000000e+00,6.123233995736766036e-17,-1.000000000000000000e+00,5.025075754288044436e+02,-1.035709375982377480e+02,1.019232421139237177e+00,-1.250037024205429077e+02
5.009999999999999787e+00,2.000000000000000000e+00,6.123233995736766036e-17,-1.000000000000000000e+00,5.025157339950786763e+02,-1.048174433869477582e+02,7.760606531438362099e-01,-1.245249640937983031e+02
5.020000000000000462e+00,2.000000000000000000e+00,6.123233995736766036e-17,-1.000000000000000000e+00,5.025370068345899313e+02,-1.060436590065906017e+02,3.340872452832507999e+00,-1.211570390025232626e+02
5.030000000000000249e+00,2.000000000000000000e+00,6.123233995736766036e-17,-1.000000000000000000e+00,5.025563412935566703e+02,-1.072910398071432354e+02,1.217128377965255970e+00,-1.268145389536940542e+02
5.040000000000000036e+00,2.000000000000000000e+00,6.123233995736766036e-17,-1.000000000000000000e+00,5.025844468395396234e+02,-1.085380523582072669e+02,3.800282577797438943e+00,-1.232080315479316539e+02
5.049999999999999822e+00,2.000000000000000000e+00,6.123233995736766036e-17,-1.000000000000000000e+00,5.025938726245047974e+02,-1.098124452193414413e+02,8.201841738059714171e-01,-1.275110997128465300e+02
5.060000000000000497e+00,2.000000000000000000e+00,6.123233995736766036e-17,-1.000000000000000000e+00,5.026000430264357419e+02,-1.110854535593878865e+02,5.548227539707095701e-01,-1.272407910027632028e+02
5.070000000000000284e+00,2.000000000000000000e+00,6.123233995736766036e-17,-1.000000000000000000e+00,5.026119927110692629e+02,-1.123495313125455937e+02,5.144594859846507440e-01,-1.265141256055538435e+02
5.080000000000000071e+00,2.000000000000000000e+00,6.123233995736766036e-17,-1.000000000000000000e+00,5.026237980868118598e+02,-1.135868860684763320e+02,1.800321342999525065e+00,-1.217305901799546746e+02
5.089999999999999858e+00,2.000000000000000000e+00,6.123233995736766036e-17,-1.000000000000000000e+00,5.026268063411099547e+02,-1.148433545602195949e+02,3.633976645839810671e-02,-1.261774994475853191e+02
5.100000000000000533e+00,2.000000000000000000e+00,6.123233995736766036e-17,-1.000000000000000000e+00,5.026220413865521550e+02,-1.161064530567797135e+02,-7.069711991704458187e-01,-1.263754751021570826e+02
5.110000000000000320e+00,2.000000000000000000e+00,6.123233995736766036e-17,-1.000000000000000000e+00,5.026138346318952017e+02,-1.173722455083946699e+02,-6.726658064943552562e-01,-1.266165095659338675e+02
5.120000000000000107e+00,2.000000000000000000e+00,6.123233995736766036e-17,-1.000000000000000000e+00,5.026040491347823718e+02,-1.186392837181671922e+02,-1.063672882262388875e+00,-1.267036943712595018e+02
5.129999999999999893e+00,2.000000000000000000e+00,6.123233995736766036e-17,-1.000000000000000000e+00,5.026001520472376001e+02,-1.198908521013808866e+02,2.215183128122830691e-01,-1.239261412304554710e+02
5.139999999999999680e+00,2.000000000000000000e+00,6.123233995736766036e-17,-1.000000000000000000e+00,5.025798421215475855e+02,-1.211545844463017829e+02,-3.389462126008918830e+00,-1.278092443217981895e+02
5.150000000000000355e+00,2.000000000000000000e+00,6.123233995736766036e-17,-1.000000000000000000e+00,5.025527502448143196e+02,-1.224157014292174921e+02,-3.775770452492908102e+00,-1.269544392149102094e+02
5.160000000000000142e+00,2.000000000000000000e+00,6.123233995736766036e-17,-1.000000000000000000e+00,5.025063575657800925e+02,-1.236816837276895313e+02,-4.930121790246907665e+00,-1.260986586254522024e+02
5.169999999999999929e+00,2.000000000000000000e+00,6.123233995736766036e-17,-1.000000000000000000e+00,5.024602618091619206e+02,-1.249171414902492785e+02,-3.910346694188656436e+00,-1.215572328688008241e+02
5.179999999999999716e+00,2.000000000000000000e+00,6.123233995736766036e-17,-1.000000000000000000e+00,5.024107461309993710e+02,-1.261694927230849714e+02,-5.299586151522685640e+00,-1.273395554028940069e+02
5.190000000000000391e+00,2.000000000000000000e+00,6.123233995736766036e-17,-1.000000000000000000e+00,5.023604970973331660e+02,-1.274358219817467415e+02,-5.039552267103815097e+00,-1.267652916979876494e+02
5.200000000000000178e+00,2.000000000000000000e+00,6.123233995736766036e-17,-1.000000000000000000e+00,5.023040570857666580e+02,-1.287070355970877245e+02,-5.702082876128979905e+00,-1.275922563306484108e+02
5.209999999999999964e+00,2.000000000000000000e+00,6.123233995736766036e-17,-1.000000000000000000e+00,5.022434395652998091e+02,-1.299883676091070015e+02,-6.198572352143134623e+00,-1.284121452878878245e+02
5.219999999999999751e+00,2.000000000000000000e+00,6.123233995736766036e-17,-1.000000000000000000e+00,5.021877920481230717e+02,-1.312675077807998889e+02,-6.224172722552453685e+00,-1.282526330044573513e+02
5.230000000000000426e+00,2.000000000000000000e+00,6.123233995736766036e-17,-1.000000000000000000e+00,5.021249296377387736e+02,-1.325475983766846753e+02,-6.261140590809091577e+00,-1.277202510326470133e+02
5.240000000000000213e+00,2.000000000000000000e+00,6.123233995736766036e-17,-1.000000000000000000e+00,5.020711766260829449e+02,-1.338009158042652018e+02,-4.741449761591318257e+00,-1.235704576256778608e+02
5.250000000000000000e+00,2.000000000000000000e+00,6.123233995736766036e-17,-1.000000000000000000e+00,5.019947794246943999e+02,-1.350628504891594162e+02,-9.386413938099080312e+00,-1.278408939586236954e+02
5.259999999999999787e+00,2.000000000000000000e+00,6.123233995736766036e-17,-1.000000000000000000e+00,5.019038290852220712e+02,-1.363047427436345060e+02,-9.456994298270242183e+00,-1.231198773606579948e+02
5.270000000000000462e+00,2.000000000000000000e+00,6.123233995736766036e-17,-1.000000000000000000e+00,5.017969495360852648e+02,-1.375857913452846049e+02,-1.066305338985665863e+01,-1.279780324832060927e+02
5.280000000000000249e+00,2.000000000000000000e+00,6.123233995736766036e-17,-1.000000000000000000e+00,5.016906672326794592e+02,-1.388638437244999011e+02,-1.039536941770160894e+01,-1.275391521491002322e+02
5.290000000000000036e+00,2.000000000000000000e+00,6.123233995736766036e-17,-1.000000000000000000e+00,5.015900608641285316e+02,-1.401353795101528306e+02,-9.751774579836951062e+00,-1.268617206236705783e+02
5.299999999999999822e+00,2.000000000000000000e+00,6.123233995736766036e-17,-1.000000000000000000e+00,5.014956381478428398e+02,-1.414011873087138156e+02,-9.177204354737508396e+00,-1.263187460401068734e+02
5.310000000000000497e+00,2.000000000000000000e+00,6.123233995736766036e-17,-1.000000000000000000e+00,5.014062659434823104e+02,-1.426627937707800697e+02,-8.716594455035437505e+00,-1.259959358598375871e+02
5.320000000000000284e+00,2.000000000000000000e+00,6.123233995736766036e-17,-1.000000000000000000e+00,5.013202540984104303e+02,-1.439202859793958567e+02,-8.615751609260161814e+00,-1.257157283962130947e+02
5.330000000000000071e+00,2.000000000000000000e+00,6.123233995736766036e-17,-1.000000000000000000e+00,5.012637068082333371e+02,-1.451378992211359673e+02,-3.285084800445149611e+00,-1.188676391487484665e+02
5.339999999999999858e+00,2.000000000000000000e+00,6.123233995736766036e-17,-1.000000000000000000e+00,5.011805726420580527e+02,-1.463916739982144861e+02,-9.668219044595998568e+00,-1.275946914293973293e+02
5.350000000000000533e+00,2.000000000000000000e+00,6.123233995736766036e-17,-1.000000000000000000e+00,5.010810204782512756e+02,-1.476486901409021470e+02,-1.072469778462125589e+01,-1.264701251448342418e+02
5.360000000000000320e+00,2.000000000000000000e+00,6.123233995736766036e-17,-1.000000000000000000e+00,5.009661262105033757e+02,-1.489110114936711113e+02,-1.164222762675333733e+01,-1.258293673045844514e+02
5.370000000000000107e+00,2.000000000000000000e+00,6.123233995736766036e-17,-1.000000000000000000e+00,5.008420993465346669e+02,-1.501680372899569136e+02,-1.269144935353650716e+01,-1.254272275345492034e+02
5.379999999999999893e+00,2.000000000000000000e+00,6.123233995736766036e-17,-1.000000000000000000e+00,5.007070456834570109e+02,-1.514216183569175485e+02,-1.390317381431561650e+01,-1.253629554337449008e+02
5.389999999999999680e+00,2.000000000000000000e+00,6.123233995736766036e-17,-1.000000000000000000e+00,5.005617280601085213e+02,-1.526765576047971820e+02,-1.475674045511004628e+01,-1.255248900917037105e+02
5.400000000000000355e+00,2.000000000000000000e+00,6.123233995736766036e-17,-1.000000000000000000e+00,5.004108565105029243e+02,-1.539330102232844979e+02,-1.518115644399269470e+01,-1.257229374545277381e+02
5.410000000000000142e+00,2.000000000000000000e+00,6.123233995736766036e-17,-1.000000000000000000e+00,5.002645243350693818e+02,-1.551649043226462084e+02,-1.415093135841496697e+01,-1.213274986447620449e+02
5.419999999999999929e+00,2.000000000000000000e+00,6.123233995736766036e-17,-1.000000000000000000e+00,5.001257496216281879e+02,-1.563925331520545683e+02,-1.345650878969180120e+01,-1.234151095374196530e+02
5.429999999999999716e+00,2.000000000000000000e+00,6.123233995736766036e-17,-1.000000000000000000e+00,4.999622228212343771e+02,-1.576479996226905484e+02,-1.705463719003007128e+01,-1.259729159652760444e+02
5.440000000000000391e+00,2.000000000000000000e+00,6.123233995736766036e-17,-1.000000000000000000e+00,4.997876618264879198e+02,-1.589066136584663127e+02,-1.754676237363536728e+01,-1.258470700173780870e+02
5.450000000000000178e+00,2.000000000000000000e+00,6.123233995736766036e-17,-1.000000000000000000e+00,4.996073044664595386e+02,-1.601721977028141168e+02,-1.824147746683803106e+01,-1.268634646202084042e+02
5.459999999999999964e+00,2.000000000000000000e+00,6.123233995736766036e-17,-1.000000000000000000e+00,4.994256482053542072e+02,-1.614374286029252801e+02,-1.826996191968255800e+01,-1.264689118100016145e+02
5.469999999999999751e+00,2.000000000000000000e+00,6.123233995736766036e-17,-1.000000000000000000e+00,4.992414336261314247e+02,-1.627020663797467250e+02,-1.842608648323150078e+01,-1.263953811116585513e+02
5.480000000000000426e+00,2.000000000000000000e+00,6.123233995736766036e-17,-1.000000000000000000e+00,4.990656999273862198e+02,-1.639416215609812468e+02,-1.685741538646818682e+01,-1.221224083427623839e+02
5.490000000000000213e+00,2.000000000000000000e+00,6.123233995736766036e-17,-1.000000000000000000e+00,4.988807550865394660e+02,-1.651935012293990610e+02,-1.934464117042772102e+01,-1.269327453775179038e+02
5.500000000000000000e+00,2.000000000000000000e+00,6.123233995736766036e-17,-1.000000000000000000e+00,4.986981836959453176e+02,-1.664343108222872445e+02,-1.749997288977907317e+01,-1.223070236018555761e+02
5.509999999999999787e+00,2.000000000000000000e+00,6.123233995736766036e-17,-1.000000000000000000e+00,4.985019349637282176e+02,-1.677011852146773094e+02,-1.971077715598624636e+01,-1.266406252024635819e+02
5.520000000000000462e+00,2.000000000000000000e+00,6.123233995736766036e-17,-1.000000000000000000e+00,4.983049693721849849e+02,-1.689552139625296547e+02,-1.977442101129084051e+01,-1.262108586612183956e+02
5.530000000000000249e+00,2.000000000000000000e+00,6.123233995736766036e-17,-1.000000000000000000e+00,4.981229714775504362e+02,-1.701982295042764690e+02,-1.693145524385809964e+01,-1.229072863489222556e+02
5.540000000000000036e+00,2.000000000000000000e+00,6.123233995736766036e-17,-1.000000000000000000e+00,4.979180848555224657e+02,-1.714632677821698508e+02,-2.089235468158819486e+01,-1.267234790911333562e+02
5.549999999999999822e+00,2.000000000000000000e+00,6.123233995736766036e-17,-1.000000000000000000e+00,4.977109239201354285e+02,-1.727263337107442567e+02,-2.049516962291853872e+01,-1.258252340329762688e+02
5.560000000000000497e+00,2.000000000000000000e+00,6.123233995736766036e-17,-1.000000000000000000e+00,4.975074015085204451e+02,-1.739795470567565872e+02,-2.020261061932283653e+01,-1.249678952710729476e+02
5.570000000000000284e+00,2.000000000000000000e+00,6.123233995736766036e-17,-1.000000000000000000e+00,4.973054534070411137e+02,-1.752272587364992660e+02,-2.012294673132586453e+01,-1.246167306105232910e+02
5.580000000000000071e+00,2.000000000000000000e+00,6.123233995736766036e-17,-1.000000000000000000e+00,4.971125858513747744e+02,-1.764533506657890882e+02,-1.857186499418146752e+01,-1.210619346737548767e+02
5.589999999999999858e+00,2.000000000000000000e+00,6.123233995736766036e-17,-1.000000000000000000e+00,4.969119677044234322e+02,-1.777013373744975979e+02,-2.083682464229704578e+01,-1.269319251337064429e+02
5.600000000000000533e+00,2.000000000000000000e+00,6.123233995736766036e-17,-1.000000000000000000e+00,4.967160055990262890e+02,-1.789433704860903731e+02,-1.900128080354885540e+01,-1.224847578226966505e+02
5.610000000000000320e+00,2.000000000000000000e+00,6.123233995736766036e-17,-1.000000000000000000e+00,4.965260007369805066e+02,-1.801909760228400899e+02,-1.755802090012674199e+01,-1.233002191040004618e+02
5.620000000000000107e+00,2.000000000000000000e+00,6.123233995736766036e-17,-1.000000000000000000e+00,4.963224456274151066e+02,-1.814500111645699860e+02,-2.057699755811070119e+01,-1.261040958506647485e+02
5.629999999999999893e+00,2.000000000000000000e+00,6.123233995736766036e-17,-1.000000000000000000e+00,4.961254085370580924e+02,-1.827084876553347215e+02,-1.913994976953960503e+01,-1.254463995396977367e+02
5.639999999999999680e+00,2.000000000000000000e+00,6.123233995736766036e-17,-1.000000000000000000e+00,4.959396622796037946e+02,-1.839602928102653436e+02,-1.810262629440002868e+01,-1.249941974988661286e+02
5.650000000000000355e+00,2.000000000000000000e+00,6.123233995736766036e-17,-1.000000000000000000e+00,4.957650903515509526e+02,-1.851910215722074611e+02,-1.683017227932920790e+01,-1.215851519927173285e+02
5.660000000000000142e+00,2.000000000000000000e+00,6.123233995736766036e-17,-1.000000000000000000e+00,4.955867395947448699e+02,-1.864539286317732092e+02,-1.774423827261702158e+01,-1.261959144443063821e+02
5.669999999999999929e+00,2.000000000000000000e+00,6.123233995736766036e-17,-1.000000000000000000e+00,4.954138055181380764e+02,-1.877124655673900406e+02,-1.712893983851242297e+01,-1.257625233935636402e+02
5.679999999999999716e+00,2.000000000000000000e+00,6.123233995736766036e-17,-1.000000000000000000e+00,4.952400963644827243e+02,-1.889649259035025466e+02,-1.747218400353771273e+01,-1.249981926147268467e+02
5.690000000000000391e+00,2.000000000000000000e+00,6.123233995736766036e-17,-1.000000000000000000e+00,4.950739911896163221e+02,-1.901935442434979677e+02,-1.568536429668780841e+01,-1.211362938391060453e+02
5.700000000000000178e+00,2.000000000000000000e+00,6.123233995736766036e-17,-1.000000000000000000e+00,4.948894835711197970e+02,-1.914328618383603953e+02,-2.000579006464361242e+01,-1.253807936463750252e+02
5.709999999999999964e+00,2.000000000000000000e+00,6.123233995736766036e-17,-1.000000000000000000e+00,4.947009240651889286e+02,-1.926668091655958506e+02,-2.007359039078480833e+01,-1.240664716755666745e+02
5.719999999999999751e+00,2.000000000000000000e+00,6.123233995736766036e-17,-1.000000000000000000e+00,4.945004361203106669e+02,-1.938820995531486915e+02,-1.985490643386016885e+01,-1.194769398323745122e+02
5.730000000000000426e+00,2.000000000000000000e+00,6.123233995736766036e-17,-1.000000000000000000e+00,4.942908956884701297e+02,-1.951203455626554728e+02,-2.091401383622765664e+01,-1.234917463940417690e+02
5.740000000000000213e+00,2.000000000000000000e+00,6.123233995736766036e-17,-1.000000000000000000e+00,4.940870461680628409e+02,-1.963494471840216420e+02,-2.016989743609539332e+01,-1.225274415231322820e+02
5.750000000000000000e+00,2.000000000000000000e+00,6.123233995736766036e-17,-1.000000000000000000e+00,4.938904891049563162e+02,-1.975721377642515790e+02,-1.920907237104271559e+01,-1.220882654798196398e+02
5.759999999999999787e+00,2.000000000000000000e+00,6.123233995736766036e-17,-1.000000000000000000e+00,4.937031956832108790e+02,-1.987934198047220207e+02,-1.833193447724228875e+01,-1.221746312892487651e+02
5.770000000000000462e+00,2.000000000000000000e+00,6.123233995736766036e-17,-1.000000000000000000e+00,4.935349171647693538e+02,-1.999996313561926513e+02,-1.566551332049112766e+01,-1.193456534647033891e+02
5.780000000000000249e+00,2.000000000000000000e+00,6.123233995736766036e-17,-1.000000000000000000e+00,4.933470330463974278e+02,-2.012268083234498590e+02,-2.044979294530428859e+01,-1.247019563680566989e+02
5.790000000000000036e+00,2.000000000000000000e+00,6.123233995736766036e-17,-1.000000000000000000e+00,4.931591805425354664e+02,-2.024447648170604168e+02,-2.025632876054109843e+01,-1.241449767525321732e+02
5.799999999999999822e+00,2.000000000000000000e+00,6.123233995736766036e-17,-1.000000000000000000e+00,4.929525707684030635e+02,-2.036855677861187246e+02,-2.063719281625153457e+01,-1.234056395323597002e+02
5.810000000000000497e+00,2.000000000000000000e+00,6.123233995736766036e-17,-1.000000000000000000e+00,4.927457118303856305e+02,-2.049135861300342185e+02,-2.051952643589975978e+01,-1.224352706719104731e+02
5.820000000000000284e+00,2.000000000000000000e+00,6.123233995736766036e-17,-1.000000000000000000e+00,4.925425857549721513e+02,-2.061340126306132277e+02,-2.013158855462866370e+01,-1.217860817268712168e+02
5.830000000000000071e+00,2.000000000000000000e+00,6.123233995736766036e-17,-1.000000000000000000e+00,4.923424405883573627e+02,-2.073510406435389655e+02,-1.986900269886628223e+01,-1.216543801583440683e+02
5.839999999999999858e+00,2.000000000000000000e+00,6.123233995736766036e-17,-1.000000000000000000e+00,4.921487452724214791e+02,-2.085677449593565882e+02,-1.920278979155111188e+01,-1.218063351820527913e+02
5.850000000000000533e+00,2.000000000000000000e+00,6.123233995736766036e-17,-1.000000000000000000e+00,4.919764288746272314e+02,-2.097389987201154327e+02,-1.551366535450731732e+01,-1.137229446478307011e+02
5.860000000000000320e+00,2.000000000000000000e+00,6.123233995736766036e-17,-1.000000000000000000e+00,4.917836343615753094e+02,-2.109480562113405142e+02,-2.069283381366625818e+01,-1.248326908020922303e+02
5.870000000000000107e+00,2.000000000000000000e+00,6.123233995736766036e-17,-1.000000000000000000e+00,4.915985345390822658e+02,-2.121612357496426000e+02,-2.018517532676396797e+01,-1.237103641732603734e+02
5.879999999999999893e+00,2.000000000000000000e+00,6.123233995736766036e-17,-1.000000000000000000e+00,4.913930920713929709e+02,-2.134006987358545757e+02,-2.055366512166589388e+01,-1.232987513224731373e+02
5.889999999999999680e+00,2.000000000000000000e+00,6.123233995736766036e-17,-1.000000000000000000e+00,4.911864646788457662e+02,-2.146237124676328563e+02,-2.073263316269454748e+01,-1.217370343006459024e+02
5.900000000000000355e+00,2.000000000000000000e+00,6.123233995736766036e-17,-1.000000000000000000e+00,4.909786647711808882e+02,-2.158360657654533554e+02,-2.073030699901162066e+01,-1.209736985602487778e+02
5.910000000000000142e+00,2.000000000000000000e+00,6.123233995736766036e-17,-1.000000000000000000e+00,4.907763147325003956e+02,-2.170438027826946268e+02,-1.993764173303575049e+01,-1.206394029484445127e+02
5.919999999999999929e+00,2.000000000000000000e+00,6.123233995736766036e-17,-1.000000000000000000e+00,4.905920668084494309e+02,-2.182053928134714340e+02,-1.700129552118303877e+01,-1.123254938815682067e+02
5.929999999999999716e+00,2.000000000000000000e+00,6.123233995736766036e-17,-1.000000000000000000e+00,4.903957002425812561e+02,-2.194082828142973653e+02,-2.055268654323764821e+01,-1.228589914638220222e+02
5.940000000000000391e+00,2.000000000000000000e+00,6.123233995736766036e-17,-1.000000000000000000e+00,4.902074399709827617e+02,-2.206202451894390606e+02,-1.991538423139037306e+01,-1.223722928124014118e+02
5.950000000000000178e+00,2.000000000000000000e+00,6.123233995736766036e-17,-1.000000000000000000e+00,4.900072994686548782e+02,-2.218453603091099922e+02,-1.991992354321450875e+01,-1.221162107618495725e+02
5.959999999999999964e+00,2.000000000000000000e+00,6.123233995736766036e-17,-1.000000000000000000e+00,4.898053278446692502e+02,-2.230639121964683795e+02,-2.027882027312264057e+01,-1.215131784916874409e+02
5.969999999999999751e+00,2.000000000000000000e+00,6.123233995736766036e-17,-1.000000000000000000e+00,4.896034583236670983e+02,-2.242720923519941323e+02,-2.019948757057213484e+01,-1.203883620756009805e+02
5.980000000000000426e+00,2.000000000000000000e+00,6.123233995736766036e-17,-1.000000000000000000e+00,4.894074373781923555e+02,-2.254464534499069828e+02,-1.911104624759443738e+01,-1.155516435508408506e+02
5.990000000000000213e+00,2.000000000000000000e+00,6.123233995736766036e-17,-1.000000000000000000e+00,4.892034989839462469e+02,-2.266362559872919178e+02,-2.105837103642369357e+01,-1.209530917787184734e+02
6.000000000000000000e+00,2.000000000000000000e+00,6.123233995736766036e-17,-1.000000000000000000e+00,4.890062800958654634e+02,-2.278178663498335936e+02,-1.915215530841539859e+01,-1.164193471808286944e+02
6.009999999999999787e+00,2.000000000000000000e+00,6.123233995736766036e-17,-1.000000000000000000e+00,4.888025435988735694e+02,-2.290156756866234105e+02,-2.089136059891648500e+01,-1.216927364446211470e+02
6.020000000000000462e+00,2.000000000000000000e+00,6.123233995736766036e-17,-1.000000000000000000e+00,4.886085590813705721e+02,-2.301861904989567904e+02,-2.079982559772322404e+01,-1.162413002452624511e+02
6.030000000000000249e+00,2.000000000000000000e+00,6.123233995736766036e-17,-1.000000000000000000e+00,4.883951374443256555e+02,-2.313831534469725852e+02,-2.139700385169839336e+01,-1.214188719411876605e+02
6.040000000000000036e+00,2.000000000000000000e+00,6.123233995736766036e-17,-1.000000000000000000e+00,4.881769537447075322e+02,-2.325900422199659090e+02,-2.209074913590229983e+01,-1.204020075099598870e+02
6.049999999999999822e+00,2.000000000000000000e+00,6.123233995736766036e-17,-1.000000000000000000e+00,4.879514736193212343e+02,-2.337950291910337342e+02,-2.285376287419003916e+01,-1.204376742382189178e+02
6.060000000000000497e+00,2.000000000000000000e+00,6.123233995736766036e-17,-1.000000000000000000e+00,4.877245774896560420e+02,-2.349932465780736095e+02,-2.254643291544764949e+01,-1.194730299283563113e+02
6.070000000000000284e+00,2.000000000000000000e+00,6.123233995736766036e-17,-1.000000000000000000e+00,4.875140576562437786e+02,-2.361649461796752689e+02,-2.002014003625007987e+01,-1.152424588826571608e+02
6.080000000000000071e+00,2.000000000000000000e+00,6.123233995736766036e-17,-1.000000000000000000e+00,4.872936090516026866e+02,-2.373488238172451190e+02,-2.280079920382167913e+01,-1.205959850520997918e+02
6.089999999999999858e+00,2.000000000000000000e+00,6.123233995736766036e-17,-1.000000000000000000e+00,4.870824885933852215e+02,-2.385451730499042355e+02,-2.118428856061102294e+01,-1.199270518173117779e+02
6.100000000000000533e+00,2.000000000000000000e+00,6.123233995736766036e-17,-1.000000000000000000e+00,4.868647955054958061e+02,-2.397115049550880599e+02,-2.151352367820214440e+01,-1.148478657766543307e+02
6.110000000000000320e+00,2.000000000000000000e+00,6.123233995736766036e-17,-1.000000000000000000e+00,4.866471044098859693e+02,-2.408963819518608886e+02,-2.197776613501686427e+01,-1.205198984663891366e+02
6.120000000000000107e+00,2.000000000000000000e+00,6.123233995736766036e-17,-1.000000000000000000e+00,4.864266520362098163e+02,-2.420761957715373001e+02,-2.214860998528297031e+01,-1.162235963910538885e+02
6.129999999999999893e+00,2.000000000000000000e+00,6.123233995736766036e-17,-1.000000000000000000e+00,4.862050030392734357e+02,-2.432808322123228209e+02,-2.228697452326641937e+01,-1.212766197812654241e+02
6.140000000000000568e+00,2.000000000000000000e+00,6.123233995736766036e-17,-1.000000000000000000e+00,4.859798132100755765e+02,-2.444865649620390968e+02,-2.270642744888672482e+01,-1.200250646746437297e+02
6.150000000000000355e+00,2.000000000000000000e+00,6.123233995736766036e-17,-1.000000000000000000e+00,4.857529257330076575e+02,-2.456867191651079452e+02,-2.267960089312608929e+01,-1.197100867503889248e+02
6.160000000000000142e+00,2.000000000000000000e+00,6.123233995736766036e-17,-1.000000000000000000e+00,4.855379932805633985e+02,-2.468592525312780879e+02,-2.068631126099960227e+01,-1.153774108981229745e+02
6.169999999999999929e+00,2.000000000000000000e+00,6.123233995736766036e-17,-1.000000000000000000e+00,4.853173258146558169e+02,-2.480467875124128341e+02,-2.258565919489197782e+01,-1.208576141662865098e+02
6.179999999999999716e+00,2.000000000000000000e+00,6.123233995736766036e-17,-1.000000000000000000e+00,4.851035251659649248e+02,-2.492443372313387044e+02,-2.155481753702299130e+01,-1.206910049100491875e+02
6.190000000000000391e+00,2.000000000000000000e+00,6.123233995736766036e-17,-1.000000000000000000e+00,4.848826682770130105e+02,-2.504254147526869758e+02,-2.209566703059679327e+01,-1.164402064433039925e+02
6.200000000000000178e+00,2.000000000000000000e+00,6.123233995736766036e-17,-1.000000000000000000e+00,4.846620519363575568e+02,-2.516245014565614611e+02,-2.202169864259062848e+01,-1.218639217893574482e+02
6.209999999999999964e+00,2.000000000000000000e+00,6.123233995736766036e-17,-1.000000000000000000e+00,4.844403284435475143e+02,-2.528307868833886971e+02,-2.221683419560838857e+01,-1.213691216607132759e+02
6.219999999999999751e+00,2.000000000000000000e+00,6.123233995736766036e-17,-1.000000000000000000e+00,4.842161722752106812e+02,-2.540410086729640966e+02,-2.259650227189796468e+01,-1.205252069569472013e+02
6.230000000000000426e+00,2.000000000000000000e+00,6.123233995736766036e-17,-1.000000000000000000e+00,4.839962361310230676e+02,-2.552440596142033655e+02,-2.195096560790065610e+01,-1.201238657372368408e+02
6.240000000000000213e+00,2.000000000000000000e+00,6.123233995736766036e-17,-1.000000000000000000e+00,4.837791581767093589e+02,-2.564442528831578443e+02,-2.158656626255687172e+01,-1.197183185637968847e+02
6.250000000000000000e+00,2.000000000000000000e+00,6.123233995736766036e-17,-1.000000000000000000e+00,4.835693312537731572e+02,-2.576143705530217289e+02,-2.053483746839338409e+01,-1.150678183162467008e+02
6.259999999999999787e+00,2.000000000000000000e+00,6.123233995736766036e-17,-1.000000000000000000e+00,4.833573513191836923e+02,-2.588017543907768072e+02,-2.147243679482990331e+01,-1.209657605343447386e+02
6.270000000000000462e+00,2.000000000000000000e+00,6.123233995736766036e-17,-1.000000000000000000e+00,4.831515781405553298e+02,-2.599865122682433594e+02,-2.023383704588675158e+01,-1.169088058122810025e+02
6.280000000000000249e+00,2.000000000000000000e+00,6.123233995736766036e-17,-1.000000000000000000e+00,4.829365375747541407e+02,-2.611614018937236210e+02,-2.216901219864275063e+01,-1.174798076372266564e+02
6.290000000000000036e+00,2.000000000000000000e+00,6.123233995736766036e-17,-1.000000000000000000e+00,4.827309117279965562e+02,-2.623670831626212134e+02,-2.031509404469784386e+01,-1.210443013194525435e+02
6.299999999999999822e+00,2.000000000000000000e+00,6.123233995736766036e-17,-1.000000000000000000e+00,4.825261500182348300e+02,-2.635714266369117809e+02,-2.043434528456305088e+01,-1.200281988074072785e+02
6.310000000000000497e+00,2.000000000000000000e+00,6.123233995736766036e-17,-1.000000000000000000e+00,4.823209676950963285e+02,-2.647742227146700316e+02,-2.058106559939793812e+01,-1.203428270654827088e+02
6.320000000000000284e+00,2.000000000000000000e+00,6.123233995736766036e-17,-1.000000000000000000e+00,4.821140266036177877e+02,-2.659828918008170149e+02,-2.092630797165441336e+01,-1.208697888395133191e+02
6.330000000000000071e+00,2.000000000000000000e+00,6.123233995736766036e-17,-1.000000000000000000e+00,4.819157916407330049e+02,-2.671746238574198742e+02,-2.042908315657774310e+01,-1.203924783574476578e+02
6.339999999999999858e+00,2.000000000000000000e+00,6.123233995736766036e-17,-1.000000000000000000e+00,4.817099290651182173e+02,-2.683790990454077132e+02,-2.052237574217206628e+01,-1.202274896891634768e+02
6.350000000000000533e+00,2.000000000000000000e+00,6.123233995736766036e-17,-1.000000000000000000e+00,4.815059439774067869e+02,-2.695552807753893489e+02,-2.032881983765673439e+01,-1.156550199846391251e+02
6.360000000000000320e+00,2.000000000000000000e+00,6.123233995736766036e-17,-1.000000000000000000e+00,4.813003186293021258e+02,-2.707484491483052125e+02,-2.071093929719425830e+01,-1.212232656810614344e+02
6.370000000000000107e+00,2.000000000000000000e+00,6.123233995736766036e-17,-1.000000000000000000e+00,4.810943143529668191e+02,-2.719280002369878844e+02,-2.070523878331695755e+01,-1.159071558463590463e+02
6.379999999999999893e+00,2.000000000000000000e+00,6.123233995736766036e-17,-1.000000000000000000e+00,4.808784485779702891e+02,-2.731151143122680764e+02,-2.230762699071383182e+01,-1.171766951076748597e+02
6.390000000000000568e+00,2.000000000000000000e+00,6.123233995736766036e-17,-1.000000000000000000e+00,4.806731141912080147e+02,-2.743279774335153434e+02,-2.085035843614095441e+01,-1.209130375416235239e+02
6.400000000000000355e+00,2.000000000000000000e+00,6.123233995736766036e-17,-1.000000000000000000e+00,4.804591593419117430e+02,-2.755364050846612258e+02,-2.159808118843733737e+01,-1.206095928610591272e+02
6.410000000000000142e+00,2.000000000000000000e+00,6.123233995736766036e-17,-1.000000000000000000e+00,4.802509601238955383e+02,-2.767158757700477736e+02,-2.040264482635305754e+01,-1.159113788100098645e+02
6.419999999999999929e+00,2.000000000000000000e+00,6.123233995736766036e-17,-1.000000000000000000e+00,4.800251383888145256e+02,-2.779157052348386401e+02,-2.277615466403475608e+01,-1.194724624992211233e+02
6.429999999999999716e+00,2.000000000000000000e+00,6.123233995736766036e-17,-1.000000000000000000e+00,4.797987174658972549e+02,-2.791032302375499512e+02,-2.289109942089063310e+01,-1.184355287725736190e+02
6.440000000000000391e+00,2.000000000000000000e+00,6.123233995736766036e-17,-1.000000000000000000e+00,4.795683895870728293e+02,-2.802633535072565110e+02,-2.321997336348302099e+01,-1.141989187678104543e+02
6.450000000000000178e+00,2.000000000000000000e+00,6.123233995736766036e-17,-1.000000000000000000e+00,4.793326592069058165e+02,-2.814459642396880668e+02,-2.379194269506754011e+01,-1.204079103988462691e+02
6.459999999999999964e+00,2.000000000000000000e+00,6.123233995736766036e-17,-1.000000000000000000e+00,4.790936380109872630e+02,-2.826224534735944189e+02,-2.417844560793836806e+01,-1.157648460904863867e+02
6.469999999999999751e+00,2.000000000000000000e+00,6.123233995736766036e-17,-1.000000000000000000e+00,4.788536675514894227e+02,-2.838155196497025941e+02,-2.413193140044285556e+01,-1.212003023188480171e+02
6.480000000000000426e+00,2.000000000000000000e+00,6.123233995736766036e-17,-1.000000000000000000e+00,4.786108775515756975e+02,-2.850121391475839232e+02,-2.435515450225716805e+01,-1.193247757176510362e+02
6.490000000000000213e+00,2.000000000000000000e+00,6.123233995736766036e-17,-1.000000000000000000e+00,4.783670286258173405e+02,-2.861953669664245581e+02,-2.450266697149108097e+01,-1.178334708336804937e+02
6.500000000000000000e+00,2.000000000000000000e+00,6.123233995736766036e-17,-1.000000000000000000e+00,4.781127055469108882e+02,-2.873467247910895708e+02,-2.617250750111539404e+01,-1.131828604701868812e+02
6.509999999999999787e+00,2.000000000000000000e+00,6.123233995736766036e-17,-1.000000000000000000e+00,4.778636339722261255e+02,-2.885104961064226359e+02,-2.440894005917705201e+01,-1.182816912701166530e+02
6.520000000000000462e+00,2.000000000000000000e+00,6.123233995736766036e-17,-1.000000000000000000e+00,4.776089456478247826e+02,-2.896776066952910469e+02,-2.515823335137532979e+01,-1.180910430112800782e+02
6.530000000000000249e+00,2.000000000000000000e+00,6.123233995736766036e-17,-1.000000000000000000e+00,4.773663398031030169e+02,-2.908418048493207380e+02,-2.410337580813286706e+01,-1.146939680828524644e+02
6.540000000000000036e+00,2.000000000000000000e+00,6.123233995736766036e-17,-1.000000000000000000e+00,4.771165406646181282e+02,-2.920322354768664468e+02,-2.524297075784091504e+01,-1.196092207815603388e+02
6.549999999999999822e+00,2.000000000000000000e+00,6.123233995736766036e-17,-1.000000000000000000e+00,4.768652143018932179e+02,-2.932228903198673606e+02,-2.524689825301886259e+01,-1.186178443149492239e+02
6.560000000000000497e+00,2.000000000000000000e+00,6.123233995736766036e-17,-1.000000000000000000e+00,4.766139476375957997e+02,-2.944024201472289519e+02,-2.511864698479073255e+01,-1.174612920381751024e+02
6.570000000000000284e+00,2.000000000000000000e+00,6.123233995736766036e-17,-1.000000000000000000e+00,4.763629894230299442e+02,-2.955720078105677544e+02,-2.510549952726772815e+01,-1.166065891726943988e+02
6.580000000000000071e+00,2.000000000000000000e+00,6.123233995736766036e-17,-1.000000000000000000e+00,4.761019364942686138e+02,-2.967164595966359002e+02,-2.697849121434986586e+01,-1.128535991430793501e+02
6.589999999999999858e+00,2.000000000000000000e+00,6.123233995736766036e-17,-1.000000000000000000e+00,4.758604614564801523e+02,-2.978561158765758137e+02,-2.283509790106714377e+01,-1.144151921068093287e+02
6.600000000000000533e+00,2.000000000000000000e+00,6.123233995736766036e-17,-1.000000000000000000e+00,4.756254795700872364e+02,-2.990324067525671694e+02,-2.323040579569521569e+01,-1.197986688181583048e+02
6.610000000000000320e+00,2.000000000000000000e+00,6.123233995736766036e-17,-1.000000000000000000e+00,4.753907531700903633e+02,-3.002052618746262169e+02,-2.381275764289761554e+01,-1.155782203403745285e+02
6.620000000000000107e+00,2.000000000000000000e+00,6.123233995736766036e-17,-1.000000000000000000e+00,4.751597064205955689e+02,-3.013958390046327054e+02,-2.305401198039439947e+01,-1.208177424229741774e+02
6.629999999999999893e+00,2.000000000000000000e+00,6.123233995736766036e-17,-1.000000000000000000e+00,4.749308085107871307e+02,-3.025909032771337479e+02,-2.270532056432516299e+01,-1.191115782397064891e+02
6.640000000000000568e+00,2.000000000000000000e+00,6.123233995736766036e-17,-1.000000000000000000e+00,4.747083423746507265e+02,-3.037775921572633706e+02,-2.194498326523331855e+01,-1.183170310646598296e+02
6.650000000000000355e+00,2.000000000000000000e+00,6.123233995736766036e-17,-1.000000000000000000e+00,4.744925399874088043e+02,-3.049600278598047112e+02,-2.134008981598543997e+01,-1.180972100817945005e+02
6.660000000000000142e+00,2.000000000000000000e+00,6.123233995736766036e-17,-1.000000000000000000e+00,4.742822271643095178e+02,-3.061402505391399700e+02,-2.090379920148515325e+01,-1.182297845484069541e+02
6.669999999999999929e+00,2.000000000000000000e+00,6.123233995736766036e-17,-1.000000000000000000e+00,4.740699633113582081e+02,-3.073045079397689960e+02,-2.146554119781830750e+01,-1.147708599521701132e+02
6.679999999999999716e+00,2.000000000000000000e+00,6.123233995736766036e-17,-1.000000000000000000e+00,4.738660025502130679e+02,-3.084881054941495222e+02,-1.999715455373129558e+01,-1.205172150754759457e+02
6.690000000000000391e+00,2.000000000000000000e+00,6.123233995736766036e-17,-1.000000000000000000e+00,4.736447287238880790e+02,-3.096485272238058428e+02,-2.159921108072729012e+01,-1.151625215381691305e+02
6.700000000000000178e+00,2.000000000000000000e+00,6.123233995736766036e-17,-1.000000000000000000e+00,4.734425944280377507e+02,-3.108364382578861864e+02,-1.980837651375261999e+01,-1.206200126983294467e+02
6.709999999999999964e+00,2.000000000000000000e+00,6.123233995736766036e-17,-1.000000000000000000e+00,4.732416890190010577e+02,-3.120365647573495380e+02,-2.011007770982024567e+01,-1.199648258991221610e+02
6.719999999999999751e+00,2.000000000000000000e+00,6.123233995736766036e-17,-1.000000000000000000e+00,4.730389624602735239e+02,-3.132380309215278658e+02,-2.048339429037514137e+01,-1.201492036970194022e+02
6.730000000000000426e+00,2.000000000000000000e+00,6.123233995736766036e-17,-1.000000000000000000e+00,4.728351426898177010e+02,-3.144335716002425443e+02,-2.090491944036486061e+01,-1.203408740747756269e+02
6.740000000000000213e+00,2.000000000000000000e+00,6.123233995736766036e-17,-1.000000000000000000e+00,4.726234882779116333e+02,-3.156307038542429950e+02,-2.137946551501544690e+01,-1.194863368383350775e+02
6.750000000000000000e+00,2.000000000000000000e+00,6.123233995736766036e-17,-1.000000000000000000e+00,4.724054928741803110e+02,-3.168001456052166986e+02,-2.235729157544210111e+01,-1.149972720164909248e+02
6.759999999999999787e+00,2.000000000000000000e+00,6.123233995736766036e-17,-1.000000000000000000e+00,4.721976680330666341e+02,-3.179883661839784281e+02,-2.033014262081503176e+01,-1.208088210583674567e+02
6.770000000000000462e+00,2.000000000000000000e+00,6.123233995736766036e-17,-1.000000000000000000e+00,4.719876316345562373e+02,-3.191683068356571198e+02,-2.107434614462374611e+01,-1.162894784533825288e+02
6.780000000000000249e+00,2.000000000000000000e+00,6.123233995736766036e-17,-1.000000000000000000e+00,4.717959055437052598e+02,-3.203783348547335663e+02,-1.880869384572824288e+01,-1.210587698404477948e+02
6.790000000000000036e+00,2.000000000000000000e+00,6.123233995736766036e-17,-1.000000000000000000e+00,4.716095731526811505e+02,-3.215889911989956431e+02,-1.847765793063457807e+01,-1.208093666459319167e+02
6.799999999999999822e+00,2.000000000000000000e+00,6.123233995736766036e-17,-1.000000000000000000e+00,4.714260684877377230e+02,-3.227748883365727579e+02,-1.869609658414765008e+01,-1.198691858899950660e+02
6.810000000000000497e+00,2.000000000000000000e+00,6.123233995736766036e-17,-1.000000000000000000e+00,4.712397749811818244e+02,-3.239716980710495022e+02,-1.858558331834465704e+01,-1.192800644783707469e+02
6.820000000000000284e+00,2.000000000000000000e+00,6.123233995736766036e-17,-1.000000000000000000e+00,4.710509337766342242e+02,-3.251428506948373069e+02,-1.924289012496026174e+01,-1.155595153078859454e+02
6.830000000000000071e+00,2.000000000000000000e+00,6.123233995736766036e-17,-1.000000000000000000e+00,4.708730847672998721e+02,-3.263400499483181534e+02,-1.717651848658627856e+01,-1.220805043577671825e+02
6.839999999999999858e+00,2.000000000000000000e+00,6.123233995736766036e-17,-1.000000000000000000e+00,4.706926448621056238e+02,-3.275297245901564338e+02,-1.832370412826692530e+01,-1.169984224648822959e+02
6.850000000000000533e+00,2.000000000000000000e+00,6.123233995736766036e-17,-1.000000000000000000e+00,4.705259824491269569e+02,-3.287334975798391952e+02,-1.595094940248763749e+01,-1.223384201539454637e+02
6.860000000000000320e+00,2.000000000000000000e+00,6.123233995736766036e-17,-1.000000000000000000e+00,4.703604166151566801e+02,-3.299455233191847014e+02,-1.608471032455367222e+01,-1.220690786446217970e+02
6.870000000000000107e+00,2.000000000000000000e+00,6.123233995736766036e-17,-1.000000000000000000e+00,4.702067264269155658e+02,-3.311406663200274920e+02,-1.498534328945514993e+01,-1.175332404734690073e+02
6.879999999999999893e+00,2.000000000000000000e+00,6.123233995736766036e-17,-1.000000000000000000e+00,4.700503076367501194e+02,-3.323559616394638851e+02,-1.567348228730270421e+01,-1.220224063028016133e+02
6.890000000000000568e+00,2.000000000000000000e+00,6.123233995736766036e-17,-1.000000000000000000e+00,4.698952815855360541e+02,-3.335737429536069953e+02,-1.547294191924872919e+01,-1.215527716848840498e+02
6.900000000000000355e+00,2.000000000000000000e+00,6.123233995736766036e-17,-1.000000000000000000e+00,4.697332279259111942e+02,-3.347696642038007440e+02,-1.677600347403410908e+01,-1.181175708734145502e+02
6.910000000000000142e+00,2.000000000000000000e+00,6.123233995736766036e-17,-1.000000000000000000e+00,4.695827375069133609e+02,-3.359874726857337350e+02,-1.433545383456482014e+01,-1.236527685014598035e+02
6.919999999999999929e+00,2.000000000000000000e+00,6.123233995736766036e-17,-1.000000000000000000e+00,4.694276164071357016e+02,-3.372059420896839015e+02,-1.499880964921608850e+01,-1.229524259738723657e+02
6.929999999999999716e+00,2.000000000000000000e+00,6.123233995736766036e-17,-1.000000000000000000e+00,4.692803777356335218e+02,-3.384389150223507272e+02,-1.475970980613183414e+01,-1.230285237178395192e+02
6.940000000000000391e+00,2.000000000000000000e+00,6.123233995736766036e-17,-1.000000000000000000e+00,4.691369038072284638e+02,-3.396432368482350057e+02,-1.414180037014291536e+01,-1.187110955145605828e+02
6.950000000000000178e+00,2.000000000000000000e+00,6.123233995736766036e-17,-1.000000000000000000e+00,4.689955900369958499e+02,-3.408681800423398158e+02,-1.421892130254838804e+01,-1.246961367513707017e+02
6.959999999999999964e+00,2.000000000000000000e+00,6.123233995736766036e-17,-1.000000000000000000e+00,4.688533838747982827e+02,-3.420976913345334083e+02,-1.406556364950924198e+01,-1.237263497569788484e+02
6.969999999999999751e+00,2.000000000000000000e+00,6.123233995736766036e-17,-1.000000000000000000e+00,4.687156111935756826e+02,-3.433319403204941409e+02,-1.358814592888601069e+01,-1.231280605879564689e+02
6.980000000000000426e+00,2.000000000000000000e+00,6.123233995736766036e-17,-1.000000000000000000e+00,4.685841706724433493e+02,-3.445608830465968140e+02,-1.301288050449399769e+01,-1.225951454328408943e+02
6.990000000000000213e+00,2.000000000000000000e+00,6.123233995736766036e-17,-1.000000000000000000e+00,4.684434587217882040e+02,-3.457614662979337936e+02,-1.480298821032591228e+01,-1.181595024314578239e+02
7.000000000000000000e+00,2.000000000000000000e+00,6.123233995736766036e-17,-1.000000000000000000e+00,4.683141225940224786e+02,-3.469798464722202880e+02,-1.214585948735342669e+01,-1.236680482430908370e+02
7.009999999999999787e+00,2.000000000000000000e+00,6.123233995736766036e-17,-1.000000000000000000e+00,4.681866806908072931e+02,-3.481986476089904272e+02,-1.214203005177676253e+01,-1.229744231879375036e+02
7.020000000000000462e+00,2.000000000000000000e+00,6.123233995736766036e-17,-1.000000000000000000e+00,4.680684453155362235e+02,-3.494308562262185092e+02,-1.174578776229091659e+01,-1.232258600241789708e+02
7.030000000000000249e+00,2.000000000000000000e+00,6.123233995736766036e-17,-1.000000000000000000e+00,4.679508037049209292e+02,-3.506600297658618501e+02,-1.180674429440182571e+01,-1.227314226920705806e+02
7.040000000000000036e+00,2.000000000000000000e+00,6.123233995736766036e-17,-1.000000000000000000e+00,4.678294958550501406e+02,-3.518617994708184824e+02,-1.242699288533300539e+01,-1.183155064393360192e+02
7.049999999999999822e+00,2.000000000000000000e+00,6.123233995736766036e-17,-1.000000000000000000e+00,4.677077127808189516e+02,-3.530808731279541348e+02,-1.216778243359300404e+01,-1.239006223090026282e+02
7.060000000000000497e+00,2.000000000000000000e+00,6.123233995736766036e-17,-1.000000000000000000e+00,4.675820912160785952e+02,-3.542945463588055190e+02,-1.284244627846901921e+01,-1.197066592724930274e+02
7.070000000000000284e+00,2.000000000000000000e+00,6.123233995736766036e-17,-1.000000000000000000e+00,4.674588761906694003e+02,-3.555375886550963855e+02,-1.235549424460122481e+01,-1.249361464054733517e+02
7.080000000000000071e+00,2.000000000000000000e+00,6.123233995736766036e-17,-1.000000000000000000e+00,4.673333997521963852e+02,-3.567798338232544211e+02,-1.264018854519599877e+01,-1.238169636620049374e+02
7.089999999999999858e+00,2.000000000000000000e+00,6.123233995736766036e-17,-1.000000000000000000e+00,4.672116792688490818e+02,-3.580133136795869859e+02,-1.206330717072573933e+01,-1.232953663062821477e+02
7.100000000000000533e+00,2.000000000000000000e+00,6.123233995736766036e-17,-1.000000000000000000e+00,4.670932798742312571e+02,-3.592466244096154924e+02,-1.164138075012586171e+01,-1.234691890240816576e+02
7.110000000000000320e+00,2.000000000000000000e+00,6.123233995736766036e-17,-1.000000000000000000e+00,4.669647675973823198e+02,-3.604584171898080172e+02,-1.366021042394057794e+01,-1.194893984892156453e+02
7.120000000000000107e+00,2.000000000000000000e+00,6.123233995736766036e-17,-1.000000000000000000e+00,4.668559373788447147e+02,-3.616696275522514838e+02,-1.092627442216846845e+01,-1.191833653648689335e+02
7.129999999999999893e+00,2.000000000000000000e+00,6.123233995736766036e-17,-1.000000000000000000e+00,4.667441795445757293e+02,-3.628961084509907096e+02,-1.097813484393811301e+01,-1.245779560423759591e+02
7.140000000000000568e+00,2.000000000000000000e+00,6.123233995736766036e-17,-1.000000000000000000e+00,4.666343940467568814e+02,-3.641187180379569668e+02,-1.094920648398058027e+01,-1.234177159969113120e+02
7.150000000000000355e+00,2.000000000000000000e+00,6.123233995736766036e-17,-1.000000000000000000e+00,4.665262883616048271e+02,-3.653568283671571066e+02,-1.094187920467889974e+01,-1.235143239160013735e+02
7.160000000000000142e+00,2.000000000000000000e+00,6.123233995736766036e-17,-1.000000000000000000e+00,4.664145975857419444e+02,-3.665878724347710431e+02,-1.135910781258053248e+01,-1.228000756628347574e+02
7.169999999999999929e+00,2.000000000000000000e+00,6.123233995736766036e-17,-1.000000000000000000e+00,4.663033104199764125e+02,-3.678181307361190875e+02,-1.117412347974181053e+01,-1.229544492513032168e+02
7.179999999999999716e+00,2.000000000000000000e+00,6.123233995736766036e-17,-1.000000000000000000e+00,4.661951685093625315e+02,-3.690451673476024439e+02,-1.067689131529755642e+01,-1.224995846369010764e+02
7.190000000000000391e+00,2.000000000000000000e+00,6.123233995736766036e-17,-1.000000000000000000e+00,4.660939177204099337e+02,-3.702515108378797777e+02,-1.039574673038459807e+01,-1.219684141936867547e+02
7.200000000000000178e+00,2.000000000000000000e+00,6.123233995736766036e-17,-1.000000000000000000e+00,4.659798605322055209e+02,-3.714419697096964796e+02,-1.100870730862060221e+01,-1.180993947532130903e+02
7.209999999999999964e+00,2.000000000000000000e+00,6.123233995736766036e-17,-1.000000000000000000e+00,4.658737248611266750e+02,-3.726592938269954516e+02,-1.059227930813724861e+01,-1.239140681561001571e+02
7.219999999999999751e+00,2.000000000000000000e+00,6.123233995736766036e-17,-1.000000000000000000e+00,4.657587335217691589e+02,-3.738762187905143151e+02,-1.208574102774623071e+01,-1.198871248924952226e+02
7.230000000000000426e+00,2.000000000000000000e+00,6.123233995736766036e-17,-1.000000000000000000e+00,4.656468781795999803e+02,-3.751134156051024320e+02,-1.142333268943106361e+01,-1.240893205657492189e+02
7.240000000000000213e+00,2.000000000000000000e+00,6.123233995736766036e-17,-1.000000000000000000e+00,4.655294779892211636e+02,-3.763504311046378348e+02,-1.181076726133259847e+01,-1.233170510466785146e+02
7.250000000000000000e+00,2.000000000000000000e+00,6.123233995736766036e-17,-1.000000000000000000e+00,4.654139657771867178e+02,-3.775789393413387529e+02,-1.153204684312284201e+01,-1.224596252484113137e+02
7.259999999999999787e+00,2.000000000000000000e+00,6.123233995736766036e-17,-1.000000000000000000e+00,4.653017391191560819e+02,-3.787967569510136627e+02,-1.109109401593354960e+01,-1.215031862294941192e+02
7.270000000000000462e+00,2.000000000000000000e+00,6.123233995736766036e-17,-1.000000000000000000e+00,4.651940889862327708e+02,-3.799861339163388152e+02,-1.048401866755320810e+01,-1.170686104058880801e+02
7.280000000000000249e+00,2.000000000000000000e+00,6.123233995736766036e-17,-1.000000000000000000e+00,4.650931615074409251e+02,-3.811943432078867886e+02,-9.808142322699470839e+00,-1.229905175718168522e+02
7.290000000000000036e+00,2.000000000000000000e+00,6.123233995736766036e-17,-1.000000000000000000e+00,4.649884340216411829e+02,-3.823817692809711275e+02,-1.103204232571917132e+01,-1.185689989719957254e+02
7.299999999999999822e+00,2.000000000000000000e+00,6.123233995736766036e-17,-1.000000000000000000e+00,4.648971174793362593e+02,-3.836048168519232036e+02,-8.408896259356771097e+00,-1.238699403296790820e+02
7.310000000000000497e+00,2.000000000000000000e+00,6.123233995736766036e-17,-1.000000000000000000e+00,4.647979041701062215e+02,-3.848184010408286895e+02,-9.370263667642619865e+00,-1.223401586323395378e+02
7.320000000000000284e+00,2.000000000000000000e+00,6.123233995736766036e-17,-1.000000000000000000e+00,4.647053429527445019e+02,-3.860421377179894193e+02,-9.387280007750298694e+00,-1.220780370674002171e+02
7.330000000000000071e+00,2.000000000000000000e+00,6.123233995736766036e-17,-1.000000000000000000e+00,4.646127040889963951e+02,-3.872673200742908648e+02,-9.264902599788671367e+00,-1.227176856092349766e+02
7.339999999999999858e+00,2.000000000000000000e+00,6.123233995736766036e-17,-1.000000000000000000e+00,4.645206790486200816e+02,-3.884997419238787870e+02,-9.176809563639386269e+00,-1.232471977031951411e+02
7.350000000000000533e+00,2.000000000000000000e+00,6.123233995736766036e-17,-1.000000000000000000e+00,4.644343280006326040e+02,-3.897130979964654784e+02,-9.052085469178779320e+00,-1.227079703650697979e+02
7.360000000000000320e+00,2.000000000000000000e+00,6.123233995736766036e-17,-1.000000000000000000e+00,4.643380604270719232e+02,-3.909169541623614350e+02,-9.968016771857744374e+00,-1.183738353845069184e+02
7.370000000000000107e+00,2.000000000000000000e+00,6.123233995736766036e-17,-1.000000000000000000e+00,4.642476989879916118e+02,-3.921347818132772431e+02,-8.715455113211383775e+00,-1.236869805497712349e+02
7.379999999999999893e+00,2.000000000000000000e+00,6.123233995736766036e-17,-1.000000000000000000e+00,4.641527708303320878e+02,-3.933402453826558940e+02,-9.912845193440018576e+00,-1.184961420501357452e+02
7.390000000000000568e+00,2.000000000000000000e+00,6.123233995736766036e-17,-1.000000000000000000e+00,4.640622700502752878e+02,-3.945572403957010579e+02,-8.990537188848286121e+00,-1.234325218976999139e+02
7.400000000000000355e+00,2.000000000000000000e+00,6.123233995736766036e-17,-1.000000000000000000e+00,4.639525527625404493e+02,-3.957598631885842906e+02,-1.217129606037598322e+01,-1.187537553545141833e+02
7.410000000000000142e+00,2.000000000000000000e+00,6.123233995736766036e-17,-1.000000000000000000e+00,4.638577743464117589e+02,-3.969856256930103200e+02,-9.503156162694320841e+00,-1.230306194784222669e+02
7.419999999999999929e+00,2.000000000000000000e+00,6.123233995736766036e-17,-1.000000000000000000e+00,4.637585216971716591e+02,-3.982164527947243755e+02,-1.006115642267956467e+01,-1.226625322774264504e+02
7.429999999999999716e+00,2.000000000000000000e+00,6.123233995736766036e-17,-1.000000000000000000e+00,4.636618822892736489e+02,-3.994143849970155316e+02,-9.546051964922408928e+00,-1.176578454266502831e+02
7.440000000000000391e+00,2.000000000000000000e+00,6.123233995736766036e-17,-1.000000000000000000e+00,4.635560295181276729e+02,-4.006346574790172781e+02,-1.074584923529207536e+01,-1.216553664288929895e+02
7.450000000000000178e+00,2.000000000000000000e+00,6.123233995736766036e-17,-1.000000000000000000e+00,4.634488946300450607e+02,-4.018468846691870908e+02,-1.098925887685646785e+01,-1.209929967101085850e+02
7.459999999999999964e+00,2.000000000000000000e+00,6.123233995736766036e-17,-1.000000000000000000e+00,4.633330623133010704e+02,-4.030348545268126941e+02,-1.222304591877338353e+01,-1.170390964378018595e+02
7.469999999999999751e+00,2.000000000000000000e+00,6.123233995736766036e-17,-1.000000000000000000e+00,4.632145109202510298e+02,-4.042405650986318619e+02,-1.161269753366024560e+01,-1.226280820891131498e+02
7.480000000000000426e+00,2.000000000000000000e+00,6.123233995736766036e-17,-1.000000000000000000e+00,4.630918507091574270e+02,-4.054416398241010029e+02,-1.278511472303719998e+01,-1.183206662132783435e+02
7.490000000000000213e+00,2.000000000000000000e+00,6.123233995736766036e-17,-1.000000000000000000e+00,4.629779312100936295e+02,-4.066674280644460282e+02,-1.147432132870419075e+01,-1.229328068127711617e+02
7.500000000000000000e+00,2.000000000000000000e+00,6.123233995736766036e-17,-1.000000000000000000e+00,4.628603873072532338e+02,-4.078866915008625824e+02,-1.190071893662046065e+01,-1.214318121193419131e+02
7.509999999999999787e+00,2.000000000000000000e+00,6.123233995736766036e-17,-1.000000000000000000e+00,4.627408761659280572e+02,-4.090937852742622454e+02,-1.201727756589151141e+01,-1.202767436919896795e+02
7.520000000000000462e+00,2.000000000000000000e+00,6.123233995736766036e-17,-1.000000000000000000e+00,4.626097041978514426e+02,-4.102748896835758501e+02,-1.413976258227416771e+01,-1.163953643424412263e+02
7.530000000000000249e+00,2.000000000000000000e+00,6.123233995736766036e-17,-1.000000000000000000e+00,4.624893201352398933e+02,-4.114703088523352790e+02,-1.103828440588887361e+01,-1.214797040513671220e+02
7.540000000000000036e+00,2.000000000000000000e+00,6.123233995736766036e-17,-1.000000000000000000e+00,4.623651340954577904e+02,-4.126713814865485688e+02,-1.216078949775654294e+01,-1.207220900597949935e+02
7.549999999999999822e+00,2.000000000000000000e+00,6.123233995736766036e-17,-1.000000000000000000e+00,4.622415345472898593e+02,-4.138568181797145371e+02,-1.282493587308884919e+01,-1.167543706542741688e+02
7.560000000000000497e+00,2.000000000000000000e+00,6.123233995736766036e-17,-1.000000000000000000e+00,4.621195678680545029e+02,-4.150653999565629420e+02,-1.228136213838820190e+01,-1.228588400571733104e+02
7.570000000000000284e+00,2.000000000000000000e+00,6.123233995736766036e-17,-1.000000000000000000e+00,4.619974153904593095e+02,-4.162838357351197374e+02,-1.217115971026563415e+01,-1.215124451357387727e+02
7.580000000000000071e+00,2.000000000000000000e+00,6.123233995736766036e-17,-1.000000000000000000e+00,4.618776505767685308e+02,-4.174920648535281771e+02,-1.187294050665172307e+01,-1.203690481439218871e+02
7.589999999999999858e+00,2.000000000000000000e+00,6.123233995736766036e-17,-1.000000000000000000e+00,4.617567799159052697e+02,-4.186922349431370094e+02,-1.223073989277748375e+01,-1.196651570397167887e+02
7.600000000000000533e+00,2.000000000000000000e+00,6.123233995736766036e-17,-1.000000000000000000e+00,4.616357290047961328e+02,-4.198874374082079726e+02,-1.211032889778576838e+01,-1.193964632060084483e+02
7.610000000000000320e+00,2.000000000000000000e+00,6.123233995736766036e-17,-1.000000000000000000e+00,4.614948951398340569e+02,-4.210373644900528234e+02,-1.570195889351785290e+01,-1.119920382624108584e+02
7.620000000000000107e+00,2.000000000000000000e+00,6.123233995736766036e-17,-1.000000000000000000e+00,4.613903840901476769e+02,-4.222379638229467673e+02,-1.008115936330258222e+01,-1.224239694680999264e+02
7.629999999999999893e+00,2.000000000000000000e+00,6.123233995736766036e-17,-1.000000000000000000e+00,4.612720028380608710e+02,-4.234362618145761985e+02,-1.212554229168881115e+01,-1.179168365448565226e+02
7.640000000000000568e+00,2.000000000000000000e+00,6.123233995736766036e-17,-1.000000000000000000e+00,4.611646392460580159e+02,-4.246500095795115044e+02,-1.048421457067371598e+01,-1.231418004373015691e+02
7.650000000000000355e+00,2.000000000000000000e+00,6.123233995736766036e-17,-1.000000000000000000e+00,4.610573825383484632e+02,-4.258679404413063594e+02,-1.065453327294184405e+01,-1.213001994342255045e+02
7.660000000000000142e+00,2.000000000000000000e+00,6.123233995736766036e-17,-1.000000000000000000e+00,4.609519503889024463e+02,-4.270757261818138204e+02,-1.049076534088275459e+01,-1.203622857978330103e+02
7.669999999999999929e+00,2.000000000000000000e+00,6.123233995736766036e-17,-1.000000000000000000e+00,4.608503413489277136e+02,-4.282730740236736438e+02,-1.006398379463958648e+01,-1.196425469597174072e+02
7.679999999999999716e+00,2.000000000000000000e+00,6.123233995736766036e-17,-1.000000000000000000e+00,4.607524947920533691e+02,-4.294672022559913103e+02,-9.582721502432486105e+00,-1.191981438201036951e+02
7.690000000000000391e+00,2.000000000000000000e+00,6.123233995736766036e-17,-1.000000000000000000e+00,4.606531198467579884e+02,-4.306368822891378159e+02,-1.037654624463096198e+01,-1.151106535807329863e+02
7.700000000000000178e+00,2.000000000000000000e+00,6.123233995736766036e-17,-1.000000000000000000e+00,4.605663592657975869e+02,-4.318278049280763753e+02,-7.962140676753720392e+00,-1.211310671376303816e+02
7.709999999999999964e+00,2.000000000000000000e+00,6.123233995736766036e-17,-1.000000000000000000e+00,4.604755587647814536e+02,-4.330104447816734137e+02,-9.490506260692777474e+00,-1.164837556730785337e+02
7.719999999999999751e+00,2.000000000000000000e+00,6.123233995736766036e-17,-1.000000000000000000e+00,4.603882914193508782e+02,-4.342092086958705295e+02,-8.713425596154454666e+00,-1.205423124983704355e+02
7.730000000000000426e+00,2.000000000000000000e+00,6.123233995736766036e-17,-1.000000000000000000e+00,4.602964810154967950e+02,-4.354149054345190848e+02,-9.483995400319660263e+00,-1.204664414805467771e+02
7.740000000000000213e+00,2.000000000000000000e+00,6.123233995736766036e-17,-1.000000000000000000e+00,4.601993162587411916e+02,-4.366212174378118220e+02,-9.921721261902417766e+00,-1.207263763114331709e+02
7.750000000000000000e+00,2.000000000000000000e+00,6.123233995736766036e-17,-1.000000000000000000e+00,4.600994036330335462e+02,-4.378276091744032215e+02,-1.022133382731120399e+01,-1.204673086560033255e+02
7.759999999999999787e+00,2.000000000000000000e+00,6.123233995736766036e-17,-1.000000000000000000e+00,4.599955548598460382e+02,-4.390271519575729258e+02,-1.045887733786402229e+01,-1.198051675365096287e+02
7.770000000000000462e+00,2.000000000000000000e+00,6.123233995736766036e-17,-1.000000000000000000e+00,4.598885034048474267e+02,-4.402013335904494511e+02,-1.114135317509540535e+01,-1.155269036378373499e+02
7.780000000000000249e+00,2.000000000000000000e+00,6.123233995736766036e-17,-1.000000000000000000e+00,4.597940763688521884e+02,-4.413950373568441137e+02,-8.777173015919775168e+00,-1.213827479152925832e+02
7.790000000000000036e+00,2.000000000000000000e+00,6.123233995736766036e-17,-1.000000000000000000e+00,4.596995900901221148e+02,-4.425888725629124565e+02,-8.650057973683084711e+00,-1.206148391367424750e+02
7.799999999999999822e+00,2.000000000000000000e+00,6.123233995736766036e-17,-1.000000000000000000e+00,4.596183486399256708e+02,-4.438005516215443436e+02,-7.956451511452177883e+00,-1.210386153546640315e+02
7.810000000000000497e+00,2.000000000000000000e+00,6.123233995736766036e-17,-1.000000000000000000e+00,4.595388032841568133e+02,-4.450082415054738476e+02,-7.988603804497615535e+00,-1.204844956481406371e+02
7.820000000000000284e+00,2.000000000000000000e+00,6.123233995736766036e-17,-1.000000000000000000e+00,4.594535624132203111e+02,-4.461990173762131917e+02,-7.869495883728562902e+00,-1.196209749220857219e+02
7.830000000000000071e+00,2.000000000000000000e+00,6.123233995736766036e-17,-1.000000000000000000e+00,4.593755642315717864e+02,-4.473921237292496471e+02,-7.806413595790993476e+00,-1.191513726601444887e+02
7.839999999999999858e+00,2.000000000000000000e+00,6.123233995736766036e-17,-1.000000000000000000e+00,4.592941182129491722e+02,-4.485671669621200408e+02,-8.500104811852473574e+00,-1.162499074791629710e+02
7.850000000000000533e+00,2.000000000000000000e+00,6.123233995736766036e-17,-1.000000000000000000e+00,4.592226442193372122e+02,-4.497712832207988640e+02,-6.629026927011494763e+00,-1.226328411873514312e+02
7.860000000000000320e+00,2.000000000000000000e+00,6.123233995736766036e-17,-1.000000000000000000e+00,4.591474644164576375e+02,-4.509668302536534270e+02,-7.786616968582511511e+00,-1.176354150928211340e+02
7.870000000000000107e+00,2.000000000000000000e+00,6.123233995736766036e-17,-1.000000000000000000e+00,4.590869568651960435e+02,-4.521798527018528944e+02,-5.287146543268711696e+00,-1.236026956884213917e+02
7.879999999999999893e+00,2.000000000000000000e+00,6.123233995736766036e-17,-1.000000000000000000e+00,4.590287731173622774e+02,-4.534062842455093687e+02,-5.509126768496792614e+00,-1.226660103551398180e+02
7.890000000000000568e+00,2.000000000000000000e+00,6.123233995736766036e-17,-1.000000000000000000e+00,4.589806194160183281e+02,-4.546064123610870524e+02,-4.416191219888959907e+00,-1.180369285595456006e+02
7.900000000000000355e+00,2.000000000000000000e+00,6.123233995736766036e-17,-1.000000000000000000e+00,4.589297055566398740e+02,-4.558332110362097183e+02,-4.920045766894663331e+00,-1.224537016728669272e+02
7.910000000000000142e+00,2.000000000000000000e+00,6.123233995736766036e-17,-1.000000000000000000e+00,4.588831187342217959e+02,-4.570554737241180305e+02,-4.560256176314776866e+00,-1.221518886092300278e+02
7.919999999999999929e+00,2.000000000000000000e+00,6.123233995736766036e-17,-1.000000000000000000e+00,4.588306411769852957e+02,-4.582585340298834353e+02,-5.919643347268864986e+00,-1.185939328395889731e+02
7.930000000000000604e+00,2.000000000000000000e+00,6.123233995736766036e-17,-1.000000000000000000e+00,4.587880482672700282e+02,-4.594788388950602780e+02,-3.492000106925920111e+00,-1.239879648796878655e+02
7.940000000000000391e+00,2.000000000000000000e+00,6.123233995736766036e-17,-1.000000000000000000e+00,4.587474200968511582e+02,-4.607136909495518466e+02,-4.037952109688640157e+00,-1.233296354062598539e+02
7.950000000000000178e+00,2.000000000000000000e+00,6.123233995736766036e-17,-1.000000000000000000e+00,4.587084608541944135e+02,-4.619189957718460278e+02,-3.870920966795970308e+00,-1.181408021302914761e+02
7.959999999999999964e+00,2.000000000000000000e+00,6.123233995736766036e-17,-1.000000000000000000e+00,4.586709492256489966e+02,-4.631444087699218812e+02,-3.756809909282897486e+00,-1.249761013927276139e+02
7.969999999999999751e+00,2.000000000000000000e+00,6.123233995736766036e-17,-1.000000000000000000e+00,4.586323685415235900e+02,-4.643577254058118911e+02,-3.735792401068692481e+00,-1.195382052841628422e+02
7.980000000000000426e+00,2.000000000000000000e+00,6.123233995736766036e-17,-1.000000000000000000e+00,4.585973043118223131e+02,-4.655951546451332206e+02,-3.481775477956178921e+00,-1.233318390688775281e+02
7.990000000000000213e+00,2.000000000000000000e+00,6.123233995736766036e-17,-1.000000000000000000e+00,4.585594079413415898e+02,-4.668210199333838659e+02,-3.952351261718267672e+00,-1.221504326726348495e+02
8.000000000000000000e+00,2.000000000000000000e+00,6.123233995736766036e-17,-1.000000000000000000e+00,4.585097733535397992e+02,-4.680233949066918626e+02,-5.821865478678277306e+00,-1.186458676490369726e+02
8.009999999999999787e+00,3.000000000000000000e+00,1.000000000000000000e+00,0.000000000000000000e+00,4.586230917526307849e+02,-4.690267384452229749e+02,2.084561685793722319e+01,-8.840905754728754573e+01
8.019999999999999574e+00,3.000000000000000000e+00,1.000000000000000000e+00,0.000000000000000000e+00,4.587801863845613752e+02,-4.701022527012978003e+02,1.586462552774155732e+01,-1.182696875491706408e+02
8.029999999999999361e+00,3.000000000000000000e+00,1.000000000000000000e+00,0.000000000000000000e+00,4.591000076682036024e+02,-4.710535126820777236e+02,4.110196172441546736e+01,-7.935256251820750606e+01
8.040000000000000924e+00,3.000000000000000000e+00,1.000000000000000000e+00,0.000000000000000000e+00,4.593868061010480801e+02,-4.720920396949037467e+02,2.551540227429696728e+01,-1.160322242910530690e+02
8.050000000000000711e+00,3.000000000000000000e+00,1.000000000000000000e+00,0.000000000000000000e+00,4.596556389173965727e+02,-4.731197242133295617e+02,2.456065103870544419e+01,-9.656950479331715087e+01
8.060000000000000497e+00,3.000000000000000000e+00,1.000000000000000000e+00,0.000000000000000000e+00,4.599518624648468972e+02,-4.741707643764939917e+02,3.110064602507780052e+01,-1.094426046857796706e+02
8.070000000000000284e+00,3.000000000000000000e+00,1.000000000000000000e+00,0.000000000000000000e+00,4.602501212876925933e+02,-4.751971264491233455e+02,2.885066050035175422e+01,-9.823395821860138710e+01
8.080000000000000071e+00,3.000000000000000000e+00,1.000000000000000000e+00,0.000000000000000000e+00,4.605584932438189867e+02,-4.762734388642179510e+02,3.180134826800930625e+01,-1.127370347001743340e+02
8.089999999999999858e+00,3.000000000000000000e+00,1.000000000000000000e+00,0.000000000000000000e+00,4.608472550532399055e+02,-4.773193482819713154e+02,2.872267780253240943e+01,-1.024775151950832850e+02
8.099999999999999645e+00,3.000000000000000000e+00,1.000000000000000000e+00,0.000000000000000000e+00,4.611421563283568048e+02,-4.783780237528895327e+02,2.983337528324330634e+01,-1.082156584046287406e+02
8.109999999999999432e+00,3.000000000000000000e+00,1.000000000000000000e+00,0.000000000000000000e+00,4.614359012611370190e+02,-4.794256100037379156e+02,2.904252057390751673e+01,-1.025217716671006798e+02
8.120000000000000995e+00,3.000000000000000000e+00,1.000000000000000000e+00,0.000000000000000000e+00,4.617319582637593385e+02,-4.804841841500950181e+02,2.992559153194589427e+01,-1.081223750370740930e+02
8.130000000000000782e+00,3.000000000000000000e+00,1.000000000000000000e+00,0.000000000000000000e+00,4.620262123840037134e+02,-4.815309712108740996e+02,2.910669110495906864e+01,-1.024703947304921030e+02
8.140000000000000568e+00,3.000000000000000000e+00,1.000000000000000000e+00,0.000000000000000000e+00,4.623205608808337388e+02,-4.825871251548775831e+02,2.975199727692424645e+01,-1.078672598710670911e+02
8.150000000000000355e+00,3.000000000000000000e+00,1.000000000000000000e+00,0.000000000000000000e+00,4.626119379836091525e+02,-4.836309975537577657e+02,2.890980851636451732e+01,-1.022671303135842606e+02
8.160000000000000142e+00,3.000000000000000000e+00,1.000000000000000000e+00,0.000000000000000000e+00,4.628766922146501770e+02,-4.846985039057840368e+02,2.487551381778548176e+01,-1.099837605145883117e+02
8.169999999999999929e+00,3.000000000000000000e+00,1.000000000000000000e+00,0.000000000000000000e+00,4.631555399125883241e+02,-4.857461976191457325e+02,2.991321473806686626e+01,-1.015971516036299249e+02
8.179999999999999716e+00,3.000000000000000000e+00,1.000000000000000000e+00,0.000000000000000000e+00,4.634264507216021798e+02,-4.868076102704838490e+02,2.544386539605714148e+01,-1.094141621760803389e+02
8.189999999999999503e+00,3.000000000000000000e+00,1.000000000000000000e+00,0.000000000000000000e+00,4.637105358894808091e+02,-4.878501165597097042e+02,3.042699389995160431e+01,-1.011633454650932720e+02
8.199999999999999289e+00,3.000000000000000000e+00,1.000000000000000000e+00,0.000000000000000000e+00,4.639848350799067020e+02,-4.889070159638540645e+02,2.574902773720025806e+01,-1.089892692329498090e+02
8.210000000000000853e+00,3.000000000000000000e+00,1.000000000000000000e+00,0.000000000000000000e+00,4.642414296358833781e+02,-4.899451944205564473e+02,2.554538542486348263e+01,-1.008299421552495119e+02
8.220000000000000639e+00,3.000000000000000000e+00,1.000000000000000000e+00,0.000000000000000000e+00,4.645244067814367099e+02,-4.909857115214560395e+02,3.297757274762756197e+01,-1.045790255620265015e+02
8.230000000000000426e+00,3.000000000000000000e+00,1.000000000000000000e+00,0.000000000000000000e+00,4.648480431296780466e+02,-4.919950102929674358e+02,3.342140161640510598e+01,-9.833108091408725215e+01
8.240000000000000213e+00,3.000000000000000000e+00,1.000000000000000000e+00,0.000000000000000000e+00,4.652085830364609365e+02,-4.929830804065395569e+02,3.789615446792416265e+01,-9.922204351200093697e+01
8.250000000000000000e+00,3.000000000000000000e+00,1.000000000000000000e+00,0.000000000000000000e+00,4.656239868218306128e+02,-4.939215804867569091e+02,4.417738140570872218e+01,-9.043270337087868427e+01
8.259999999999999787e+00,3.000000000000000000e+00,1.000000000000000000e+00,0.000000000000000000e+00,4.661060434727447159e+02,-4.948250387009528026e+02,5.089485647261385992e+01,-9.043555447498891908e+01
8.269999999999999574e+00,3.000000000000000000e+00,1.000000000000000000e+00,0.000000000000000000e+00,4.666784213182000940e+02,-4.956709578827548626e+02,6.177666147310623046e+01,-8.089317897656206924e+01
8.279999999999999361e+00,3.000000000000000000e+00,1.000000000000000000e+00,0.000000000000000000e+00,4.673790646382099112e+02,-4.964573841203877009e+02,7.544631626431251448e+01,-7.718304749809112764e+01
8.290000000000000924e+00,3.000000000000000000e+00,1.000000000000000000e+00,0.000000000000000000e+00,4.682315576878028764e+02,-4.971493173468816167e+02,9.132983673757811971e+01,-6.408934523167941677e+01
8.300000000000000711e+00,3.000000000000000000e+00,1.000000000000000000e+00,0.000000000000000000e+00,4.691665452673977939e+02,-4.977891602629939598e+02,9.522768830904973925e+01,-6.371113338199830878e+01
8.310000000000000497e+00,3.000000000000000000e+00,1.000000000000000000e+00,0.000000000000000000e+00,4.702148247684408489e+02,-4.983432538266483220e+02,1.102839353040407246e+02,-5.048010769991031310e+01
8.320000000000000284e+00,3.000000000000000000e+00,1.000000000000000000e+00,0.000000000000000000e+00,4.712765514752435365e+02,-4.988907092904644855e+02,1.027453147595834650e+02,-5.842790769865702316e+01
8.330000000000000071e+00,3.000000000000000000e+00,1.000000000000000000e+00,0.000000000000000000e+00,4.723795924322511155e+02,-4.993873600440192604e+02,1.139524632904795851e+02,-4.612864734411021317e+01
8.339999999999999858e+00,3.000000000000000000e+00,1.000000000000000000e+00,0.000000000000000000e+00,4.734604492372884010e+02,-4.998756669229122167e+02,1.036449288883758584e+02,-5.123546336567621751e+01
8.349999999999999645e+00,3.000000000000000000e+00,1.000000000000000000e+00,0.000000000000000000e+00,4.746001427107583481e+02,-5.003413174162727159e+02,1.169615818597433048e+02,-4.429816383831921911e+01
8.359999999999999432e+00,3.000000000000000000e+00,1.000000000000000000e+00,0.000000000000000000e+00,4.757268504250813521e+02,-5.008256844377580705e+02,1.102569005526760719e+02,-5.095580884506487962e+01
8.370000000000000995e+00,3.000000000000000000e+00,1.000000000000000000e+00,0.000000000000000000e+00,4.768942999528084101e+02,-5.012821756222660383e+02,1.188237588457403717e+02,-4.350024661019326544e+01
8.380000000000000782e+00,3.000000000000000000e+00,1.000000000000000000e+00,0.000000000000000000e+00,4.780488448903825542e+02,-5.017487148403915853e+02,1.128477241560900382e+02,-4.894979255199331902e+01
8.390000000000000568e+00,3.000000000000000000e+00,1.000000000000000000e+00,0.000000000000000000e+00,4.792249798339988729e+02,-5.021898960019834703e+02,1.205192361803023289e+02,-4.131077189979453124e+01
8.400000000000000355e+00,3.000000000000000000e+00,1.000000000000000000e+00,0.000000000000000000e+00,4.803837738158882189e+02,-5.026377992890180622e+02,1.131435515909658989e+02,-4.692990992648174853e+01
8.410000000000000142e+00,3.000000000000000000e+00,1.000000000000000000e+00,0.000000000000000000e+00,4.815740555111814842e+02,-5.030538734094826623e+02,1.229423469590565503e+02,-3.831750909070959210e+01
8.419999999999999929e+00,3.000000000000000000e+00,1.000000000000000000e+00,0.000000000000000000e+00,4.827264096156574738e+02,-5.034834847107686073e+02,1.101556126519900545e+02,-4.630070754488747298e+01
8.429999999999999716e+00,3.000000000000000000e+00,1.000000000000000000e+00,0.000000000000000000e+00,4.839324444177999567e+02,-5.038787841032621486e+02,1.250413663125259092e+02,-3.706047666342150393e+01
8.439999999999999503e+00,3.000000000000000000e+00,1.000000000000000000e+00,0.000000000000000000e+00,4.851342988740621536e+02,-5.042735720844832485e+02,1.197233843167796721e+02,-4.035861703635678310e+01
8.449999999999999289e+00,3.000000000000000000e+00,1.000000000000000000e+00,0.000000000000000000e+00,4.863635282542857681e+02,-5.046434909409060765e+02,1.243717169764505570e+02,-3.525700623773790454e+01
8.460000000000000853e+00,3.000000000000000000e+00,1.000000000000000000e+00,0.000000000000000000e+00,4.875823946755654106e+02,-5.050047641958568079e+02,1.203064971309859743e+02,-3.677922392815033703e+01
8.470000000000000639e+00,3.000000000000000000e+00,1.000000000000000000e+00,0.000000000000000000e+00,4.888118218561585877e+02,-5.053426097312892011e+02,1.246157574939231978e+02,-3.214146805354402403e+01
8.480000000000000426e+00,3.000000000000000000e+00,1.000000000000000000e+00,0.000000000000000000e+00,4.900302981715157102e+02,-5.056760498822407044e+02,1.205428005731266268e+02,-3.426421803528956644e+01
8.490000000000000213e+00,3.000000000000000000e+00,1.000000000000000000e+00,0.000000000000000000e+00,4.912659664455535449e+02,-5.059967569743029117e+02,1.256052892774781355e+02,-3.081524089813386169e+01
8.500000000000000000e+00,3.000000000000000000e+00,1.000000000000000000e+00,0.000000000000000000e+00,4.924626547086269284e+02,-5.063413757986897963e+02,1.160349906671764160e+02,-3.685929597271054092e+01
8.509999999999999787e+00,3.000000000000000000e+00,1.000000000000000000e+00,0.000000000000000000e+00,4.936933516459141060e+02,-5.066733125383682932e+02,1.270608925871783583e+02,-3.124457817208477906e+01
8.519999999999999574e+00,3.000000000000000000e+00,1.000000000000000000e+00,0.000000000000000000e+00,4.948852373043984585e+02,-5.070474892573467400e+02,1.143777360970514820e+02,-4.127722853881630982e+01
8.529999999999999361e+00,3.000000000000000000e+00,1.000000000000000000e+00,0.000000000000000000e+00,4.961317623485344370e+02,-5.073792235191921236e+02,1.263750196766814327e+02,-3.154465818282950096e+01
8.540000000000000924e+00,3.000000000000000000e+00,1.000000000000000000e+00,0.000000000000000000e+00,4.973626422803666287e+02,-5.077058081957914055e+02,1.213031953277285737e+02,-3.335281338468868739e+01
8.550000000000000711e+00,3.000000000000000000e+00,1.000000000000000000e+00,0.000000000000000000e+00,4.986003295513972375e+02,-5.080029665031743775e+02,1.253061496551599419e+02,-2.757754715975246995e+01
8.560000000000000497e+00,3.000000000000000000e+00,1.000000000000000000e+00,0.000000000000000000e+00,4.998084123922775461e+02,-5.082854364510130836e+02,1.176226861431550503e+02,-2.901975396871920410e+01
8.570000000000000284e+00,3.000000000000000000e+00,1.000000000000000000e+00,0.000000000000000000e+00,5.010663943897394006e+02,-5.085299959642018166e+02,1.280816729652682966e+02,-2.309690951577860218e+01
8.580000000000000071e+00,3.000000000000000000e+00,1.000000000000000000e+00,0.000000000000000000e+00,5.023190345086758839e+02,-5.087806235426591570e+02,1.235351434144204887e+02,-2.643721636108195128e+01
8.589999999999999858e+00,3.000000000000000000e+00,1.000000000000000000e+00,0.000000000000000000e+00,5.035804429598445608e+02,-5.090291941043939232e+02,1.274152490311863346e+02,-2.419944442497249071e+01
8.599999999999999645e+00,3.000000000000000000e+00,1.000000000000000000e+00,0.000000000000000000e+00,5.048284057786653420e+02,-5.092952643020713595e+02,1.232604444518453590e+02,-2.818704541109814343e+01
8.609999999999999432e+00,3.000000000000000000e+00,1.000000000000000000e+00,0.000000000000000000e+00,5.060876916026341519e+02,-5.095619295829689577e+02,1.274803663018788029e+02,-2.561616771514486501e+01
8.620000000000000995e+00,3.000000000000000000e+00,1.000000000000000000e+00,0.000000000000000000e+00,5.073144089081638413e+02,-5.098556668725225904e+02,1.195747943319039734e+02,-3.188027843972835029e+01
8.630000000000000782e+00,3.000000000000000000e+00,1.000000000000000000e+00,0.000000000000000000e+00,5.085475507473876178e+02,-5.101282853260912020e+02,1.278107251663153079e+02,-2.411513648136236299e+01
8.640000000000000568e+00,3.000000000000000000e+00,1.000000000000000000e+00,0.000000000000000000e+00,5.097834922209645470e+02,-5.103975161968334078e+02,1.208650019180511634e+02,-2.884198421939901991e+01
8.650000000000000355e+00,3.000000000000000000e+00,1.000000000000000000e+00,0.000000000000000000e+00,5.110464714390901690e+02,-5.106334442484088072e+02,1.275004401407150851e+02,-2.187541997851287334e+01
8.660000000000000142e+00,3.000000000000000000e+00,1.000000000000000000e+00,0.000000000000000000e+00,5.122987094164782320e+02,-5.108639792551915662e+02,1.237836512413358321e+02,-2.404354430623952155e+01
8.669999999999999929e+00,3.000000000000000000e+00,1.000000000000000000e+00,0.000000000000000000e+00,5.135535921886748838e+02,-5.110804461199287516e+02,1.264395201682556120e+02,-2.029477456146163306e+01
8.679999999999999716e+00,3.000000000000000000e+00,1.000000000000000000e+00,0.000000000000000000e+00,5.148042099386040036e+02,-5.112987368921513962e+02,1.240883817608771125e+02,-2.316445067131785862e+01
8.689999999999999503e+00,3.000000000000000000e+00,1.000000000000000000e+00,0.000000000000000000e+00,5.160614083820835276e+02,-5.115094563987919400e+02,1.267239376556264858e+02,-1.973851380378131637e+01
8.700000000000001066e+00,3.000000000000000000e+00,1.000000000000000000e+00,0.000000000000000000e+00,5.173039441295725283e+02,-5.117373636011037092e+02,1.239072651475114242e+02,-2.398596467072682970e+01
8.710000000000000853e+00,3.000000000000000000e+00,1.000000000000000000e+00,0.000000000000000000e+00,5.185607842543183779e+02,-5.119543276672754359e+02,1.265018100280737627e+02,-2.041883846754262422e+01
8.720000000000000639e+00,3.000000000000000000e+00,1.000000000000000000e+00,0.000000000000000000e+00,5.197912337924632311e+02,-5.121896953677811553e+02,1.206583324554643610e+02,-2.577486340219977734e+01
8.730000000000000426e+00,3.000000000000000000e+00,1.000000000000000000e+00,0.000000000000000000e+00,5.210376628519978794e+02,-5.124048180095027192e+02,1.266122963680278417e+02,-1.914519380031511986e+01
8.740000000000000213e+00,3.000000000000000000e+00,1.000000000000000000e+00,0.000000000000000000e+00,5.222810707809566111e+02,-5.126272260565630177e+02,1.244036073765266934e+02,-2.331696037583419923e+01
8.750000000000000000e+00,3.000000000000000000e+00,1.000000000000000000e+00,0.000000000000000000e+00,5.235298483270690895e+02,-5.128369015192507732e+02,1.251771014976737177e+02,-1.956674565059078219e+01
8.759999999999999787e+00,3.000000000000000000e+00,1.000000000000000000e+00,0.000000000000000000e+00,5.247817162423550599e+02,-5.130447880715341853e+02,1.251046812555563150e+02,-2.186737055805312835e+01
8.769999999999999574e+00,3.000000000000000000e+00,1.000000000000000000e+00,0.000000000000000000e+00,5.260387819136711869e+02,-5.132373089993089934e+02,1.261659237885830862e+02,-1.754624385126323816e+01
8.779999999999999361e+00,3.000000000000000000e+00,1.000000000000000000e+00,0.000000000000000000e+00,5.272718205403131151e+02,-5.134369067358231860e+02,1.213056775740953839e+02,-2.191657697303246266e+01
8.790000000000000924e+00,3.000000000000000000e+00,1.000000000000000000e+00,0.000000000000000000e+00,5.285294866757467389e+02,-5.136151962842901639e+02,1.261566818726648052e+02,-1.625262815315173270e+01
8.800000000000000711e+00,3.000000000000000000e+00,1.000000000000000000e+00,0.000000000000000000e+00,5.297879209481293401e+02,-5.137776037842229471e+02,1.255182911714328071e+02,-1.611969396733834614e+01
8.810000000000000497e+00,3.000000000000000000e+00,1.000000000000000000e+00,0.000000000000000000e+00,5.310445808117217439e+02,-5.139326434540647597e+02,1.254677294751006684e+02,-1.533879570808226411e+01
8.820000000000000284e+00,3.000000000000000000e+00,1.000000000000000000e+00,0.000000000000000000e+00,5.322860577846913657e+02,-5.140970434740673909e+02,1.230264226005486421e+02,-1.761445529221172279e+01
8.830000000000000071e+00,3.000000000000000000e+00,1.000000000000000000e+00,0.000000000000000000e+00,5.335422656894073725e+02,-5.142405360017878593e+02,1.259197311673275266e+02,-1.390674990219381613e+01
8.839999999999999858e+00,3.000000000000000000e+00,1.000000000000000000e+00,0.000000000000000000e+00,5.347990467976931086e+02,-5.143809695380602989e+02,1.256419404509614139e+02,-1.423575959388908352e+01
8.849999999999999645e+00,3.000000000000000000e+00,1.000000000000000000e+00,0.000000000000000000e+00,5.360558304136525294e+02,-5.145266222275187147e+02,1.257644204346945997e+02,-1.481894563450605951e+01
8.859999999999999432e+00,3.000000000000000000e+00,1.000000000000000000e+00,0.000000000000000000e+00,5.372924898214254199e+02,-5.146872323661126529e+02,1.221166871158504819e+02,-1.696088728551249147e+01
8.870000000000000995e+00,3.000000000000000000e+00,1.000000000000000000e+00,0.000000000000000000e+00,5.385445987420675920e+02,-5.148397123214604107e+02,1.270962499529739915e+02,-1.424840754730291259e+01
8.880000000000000782e+00,3.000000000000000000e+00,1.000000000000000000e+00,0.000000000000000000e+00,5.398065322575724849e+02,-5.149831694350319822e+02,1.271709675056449669e+02,-1.370572543612283667e+01
8.890000000000000568e+00,3.000000000000000000e+00,1.000000000000000000e+00,0.000000000000000000e+00,5.410788901432247258e+02,-5.151143557740614369e+02,1.273844790091307431e+02,-1.282328313175883849e+01
8.900000000000000355e+00,3.000000000000000000e+00,1.000000000000000000e+00,0.000000000000000000e+00,5.423564749240392757e+02,-5.152355658224878425e+02,1.277983328962757810e+02,-1.203533316141319531e+01
8.910000000000000142e+00,3.000000000000000000e+00,1.000000000000000000e+00,0.000000000000000000e+00,5.436326362043195104e+02,-5.153579523104009468e+02,1.275571088309238093e+02,-1.240616118315590377e+01
8.919999999999999929e+00,3.000000000000000000e+00,1.000000000000000000e+00,0.000000000000000000e+00,5.449143125943874111e+02,-5.154780119332767754e+02,1.284156923160770702e+02,-1.193529157101476557e+01
8.929999999999999716e+00,3.000000000000000000e+00,1.000000000000000000e+00,0.000000000000000000e+00,5.462007030814215796e+02,-5.155921206457322796e+02,1.288317917700198336e+02,-1.137565609299852198e+01
8.939999999999999503e+00,3.000000000000000000e+00,1.000000000000000000e+00,0.000000000000000000e+00,5.474869066003819853e+02,-5.157026144673038743e+02,1.285466613081884759e+02,-1.094401741689553909e+01
8.950000000000001066e+00,3.000000000000000000e+00,1.000000000000000000e+00,0.000000000000000000e+00,5.487251704214588699e+02,-5.158380358363106097e+02,1.203199839404554723e+02,-1.562389221606975376e+01
8.960000000000000853e+00,3.000000000000000000e+00,1.000000000000000000e+00,0.000000000000000000e+00,5.499925828923370545e+02,-5.159382731984710517e+02,1.292559983712667986e+02,-8.060961673539049244e+00
8.970000000000000639e+00,3.000000000000000000e+00,1.000000000000000000e+00,0.000000000000000000e+00,5.512757483806140044e+02,-5.160116365790801183e+02,1.290555207747053146e+02,-6.519003285465668540e+00
8.980000000000000426e+00,3.000000000000000000e+00,1.000000000000000000e+00,0.000000000000000000e+00,5.525650359325915133e+02,-5.160664722542335312e+02,1.286893327992615923e+02,-5.097098219977603151e+00
8.990000000000000213e+00,3.000000000000000000e+00,1.000000000000000000e+00,0.000000000000000000e+00,5.538501730200800921e+02,-5.161124855416351238e+02,1.283631671197560422e+02,-4.504349344212847939e+00
9.000000000000000000e+00,3.000000000000000000e+00,1.000000000000000000e+00,0.000000000000000000e+00,5.551303045241742211e+02,-5.161577781088595884e+02,1.277514075426633866e+02,-4.663238717461250182e+00
9.009999999999999787e+00,3.000000000000000000e+00,1.000000000000000000e+00,0.000000000000000000e+00,5.564025382980876202e+02,-5.162072608647745255e+02,1.270141137030487641e+02,-5.237914614669488600e+00
9.019999999999999574e+00,3.000000000000000000e+00,1.000000000000000000e+00,0.000000000000000000e+00,5.576466573365771637e+02,-5.162734937983492500e+02,1.225931453405693929e+02,-7.486637305543225374e+00
9.029999999999999361e+00,3.000000000000000000e+00,1.000000000000000000e+00,0.000000000000000000e+00,5.589132039990961403e+02,-5.163432188400468021e+02,1.290506241700338705e+02,-6.854160491468261007e+00
9.040000000000000924e+00,3.000000000000000000e+00,1.000000000000000000e+00,0.000000000000000000e+00,5.602028504747527222e+02,-5.164179716777797466e+02,1.292224897012984854e+02,-7.711292607201344573e+00
9.050000000000000711e+00,3.000000000000000000e+00,1.000000000000000000e+00,0.000000000000000000e+00,5.614951330854627258e+02,-5.164914137608437841e+02,1.290037689615612635e+02,-7.127654826605304805e+00
9.060000000000000497e+00,3.000000000000000000e+00,1.000000000000000000e+00,0.000000000000000000e+00,5.627642931684382575e+02,-5.165704157906238834e+02,1.253603324851785743e+02,-8.668573816479693050e+00
9.070000000000000284e+00,3.000000000000000000e+00,1.000000000000000000e+00,0.000000000000000000e+00,5.640454782479474716e+02,-5.166240700619869131e+02,1.295668121798805430e+02,-3.795174020820166749e+00
9.080000000000000071e+00,3.000000000000000000e+00,1.000000000000000000e+00,0.000000000000000000e+00,5.653250433547497096e+02,-5.166627594703800241e+02,1.279543653341966234e+02,-3.487793593452891194e+00
9.089999999999999858e+00,3.000000000000000000e+00,1.000000000000000000e+00,0.000000000000000000e+00,5.666047826125078473e+02,-5.166869362222021209e+02,1.279437121528294199e+02,-1.924057708713469372e+00
9.099999999999999645e+00,3.000000000000000000e+00,1.000000000000000000e+00,0.000000000000000000e+00,5.678860422820563372e+02,-5.166973080636712439e+02,1.281151044401298691e+02,-7.963889251139633085e-01
9.109999999999999432e+00,3.000000000000000000e+00,1.000000000000000000e+00,0.000000000000000000e+00,5.691454520133563619e+02,-5.167102508357116903e+02,1.240828830481760292e+02,-1.903474643812063105e+00
9.120000000000000995e+00,3.000000000000000000e+00,1.000000000000000000e+00,0.000000000000000000e+00,5.704254758337942803e+02,-5.167144327903641852e+02,1.282973898662628187e+02,-4.233659655056366544e-01
9.130000000000000782e+00,3.000000000000000000e+00,1.000000000000000000e+00,0.000000000000000000e+00,5.717031863279062236e+02,-5.167224701577910082e+02,1.272935942842700285e+02,-1.117959393252279998e+00
9.140000000000000568e+00,3.000000000000000000e+00,1.000000000000000000e+00,0.000000000000000000e+00,5.729724422082151705e+02,-5.167390308040679656e+02,1.266111050016215103e+02,-2.060743482163413631e+00
9.150000000000000355e+00,3.000000000000000000e+00,1.000000000000000000e+00,0.000000000000000000e+00,5.742374404240626973e+02,-5.167635033239529321e+02,1.263373112152875279e+02,-2.726695865274081143e+00
9.160000000000000142e+00,3.000000000000000000e+00,1.000000000000000000e+00,0.000000000000000000e+00,5.754882797165831789e+02,-5.168097407354900952e+02,1.239403059255100175e+02,-6.099220920102515819e+00
9.169999999999999929e+00,3.000000000000000000e+00,1.000000000000000000e+00,0.000000000000000000e+00,5.767534841361366489e+02,-5.168373006120420996e+02,1.268615449626889387e+02,-2.306527496501108221e+00
9.179999999999999716e+00,3.000000000000000000e+00,1.000000000000000000e+00,0.000000000000000000e+00,5.779985018035929443e+02,-5.168620832146210660e+02,1.227746265871187035e+02,-2.779831529470873974e+00
9.189999999999999503e+00,3.000000000000000000e+00,1.000000000000000000e+00,0.000000000000000000e+00,5.792582462053667314e+02,-5.168694745520998595e+02,1.278965295727987552e+02,4.099070264498742011e-01
9.200000000000001066e+00,3.000000000000000000e+00,1.000000000000000000e+00,0.000000000000000000e+00,5.805305725777403723e+02,-5.168563268324365936e+02,1.271010211895497832e+02,1.707759572688018812e+00
9.210000000000000853e+00,3.000000000000000000e+00,1.000000000000000000e+00,0.000000000000000000e+00,5.817956555519776884e+02,-5.168322944234026863e+02,1.260567412205365798e+02,2.755885825938596767e+00
9.220000000000000639e+00,3.000000000000000000e+00,1.000000000000000000e+00,0.000000000000000000e+00,5.830517511478471988e+02,-5.167974665405330370e+02,1.253433364100318528e+02,3.809125980883262041e+00
9.230000000000000426e+00,3.000000000000000000e+00,1.000000000000000000e+00,0.000000000000000000e+00,5.843055370063124201e+02,-5.167532155639408984e+02,1.254600882228226624e+02,4.707558745306656078e+00
9.240000000000000213e+00,3.000000000000000000e+00,1.000000000000000000e+00,0.000000000000000000e+00,5.855432854816987174e+02,-5.167146147559769815e+02,1.226050708213762590e+02,3.019137493781713477e+00
9.250000000000000000e+00,3.000000000000000000e+00,1.000000000000000000e+00,0.000000000000000000e+00,5.867979760744734676e+02,-5.166625025918149277e+02,1.271380479079704457e+02,6.524825559859497304e+00
9.259999999999999787e+00,3.000000000000000000e+00,1.000000000000000000e+00,0.000000000000000000e+00,5.880535014909880829e+02,-5.166090083275399820e+02,1.265248701251020691e+02,6.115116610354923488e+00
9.269999999999999574e+00,3.000000000000000000e+00,1.000000000000000000e+00,0.000000000000000000e+00,5.893188691611233025e+02,-5.165480672132601967e+02,1.262721136086578611e+02,5.842562630626715325e+00
9.279999999999999361e+00,3.000000000000000000e+00,1.000000000000000000e+00,0.000000000000000000e+00,5.905795721645365575e+02,-5.164929016751668769e+02,1.259520576461367227e+02,5.273902377765955052e+00
9.290000000000000924e+00,3.000000000000000000e+00,1.000000000000000000e+00,0.000000000000000000e+00,5.918382147664514150e+02,-5.164429628373075047e+02,1.258991954410543883e+02,4.753281297077045053e+00
9.300000000000000711e+00,3.000000000000000000e+00,1.000000000000000000e+00,0.000000000000000000e+00,5.930757216041370157e+02,-5.164071120801357893e+02,1.220643819791111184e+02,2.624951988637568956e+00
9.310000000000000497e+00,3.000000000000000000e+00,1.000000000000000000e+00,0.000000000000000000e+00,5.943345137610940583e+02,-5.163707026610891262e+02,1.282567161583718303e+02,4.189357741855777029e+00
9.320000000000000284e+00,3.000000000000000000e+00,1.000000000000000000e+00,0.000000000000000000e+00,5.956063434102796919e+02,-5.163337642258429696e+02,1.271566321182508403e+02,3.626139292609004805e+00
9.330000000000000071e+00,3.000000000000000000e+00,1.000000000000000000e+00,0.000000000000000000e+00,5.968646673178436686e+02,-5.163104796964069010e+02,1.263582468618135124e+02,3.282834849762954033e+00
9.339999999999999858e+00,3.000000000000000000e+00,1.000000000000000000e+00,0.000000000000000000e+00,5.981259710373121834e+02,-5.162778504258617431e+02,1.256300476008154874e+02,2.854065144158024925e+00
9.349999999999999645e+00,3.000000000000000000e+00,1.000000000000000000e+00,0.000000000000000000e+00,5.993693811378833516e+02,-5.162540622285133622e+02,1.250390374555097281e+02,2.051589671379169033e+00
9.359999999999999432e+00,3.000000000000000000e+00,1.000000000000000000e+00,0.000000000000000000e+00,6.006159675508605460e+02,-5.162364324492072001e+02,1.243845171426993801e+02,1.540947291636663996e+00
9.370000000000000995e+00,3.000000000000000000e+00,1.000000000000000000e+00,0.000000000000000000e+00,6.018577319689998149e+02,-5.162172267503287912e+02,1.241362138131349724e+02,2.113335846452037092e+00
9.380000000000000782e+00,3.000000000000000000e+00,1.000000000000000000e+00,0.000000000000000000e+00,6.030838010694259310e+02,-5.161984660507151830e+02,1.213985983555447348e+02,1.372582371723580108e+00
9.390000000000000568e+00,3.000000000000000000e+00,1.000000000000000000e+00,0.000000000000000000e+00,6.043288803557412621e+02,-5.161638266699188762e+02,1.262531642047316325e+02,4.759132519462487387e+00
9.400000000000000355e+00,3.000000000000000000e+00,1.000000000000000000e+00,0.000000000000000000e+00,6.055651042452967658e+02,-5.161234213277141407e+02,1.217397160477507754e+02,3.358515100775720352e+00
9.410000000000000142e+00,3.000000000000000000e+00,1.000000000000000000e+00,0.000000000000000000e+00,6.068068827283117344e+02,-5.160620961318952595e+02,1.242444951000161382e+02,6.923833654257277814e+00
9.419999999999999929e+00,3.000000000000000000e+00,1.000000000000000000e+00,0.000000000000000000e+00,6.080421324528050491e+02,-5.159870896000713856e+02,1.230165629179898161e+02,7.535373746161695863e+00
9.429999999999999716e+00,3.000000000000000000e+00,1.000000000000000000e+00,0.000000000000000000e+00,6.092646703568291287e+02,-5.159117766611365141e+02,1.218141917402254819e+02,7.408315789850501432e+00
9.439999999999999503e+00,3.000000000000000000e+00,1.000000000000000000e+00,0.000000000000000000e+00,6.104778776158728988e+02,-5.158371347922237646e+02,1.210624519884582213e+02,7.377096351512994588e+00
9.450000000000001066e+00,3.000000000000000000e+00,1.000000000000000000e+00,0.000000000000000000e+00,6.116642294373066306e+02,-5.157692460109466310e+02,1.168578785699435230e+02,6.220539709287678853e+00
9.460000000000000853e+00,3.000000000000000000e+00,1.000000000000000000e+00,0.000000000000000000e+00,6.128612079406823341e+02,-5.157092832609889683e+02,1.189755184697372385e+02,4.691999613550374093e+00
9.470000000000000639e+00,3.000000000000000000e+00,1.000000000000000000e+00,0.000000000000000000e+00,6.140818575629527913e+02,-5.156335279124501767e+02,1.237720176776432481e+02,9.049479388770835797e+00
9.480000000000000426e+00,3.000000000000000000e+00,1.000000000000000000e+00,0.000000000000000000e+00,6.153074577710203812e+02,-5.155570863894065496e+02,1.235628727445216413e+02,8.530215552622989250e+00
9.490000000000000213e+00,3.000000000000000000e+00,1.000000000000000000e+00,0.000000000000000000e+00,6.165480413121825904e+02,-5.154687040756637089e+02,1.238812736809241244e+02,8.673086731888449918e+00
9.500000000000000000e+00,3.000000000000000000e+00,1.000000000000000000e+00,0.000000000000000000e+00,6.177838515792789167e+02,-5.153832416113372119e+02,1.234027125696800766e+02,8.470446490234326831e+00
9.509999999999999787e+00,3.000000000000000000e+00,1.000000000000000000e+00,0.000000000000000000e+00,6.190131899488337694e+02,-5.152975265325310374e+02,1.230090644340965866e+02,8.683792083356419056e+00
9.519999999999999574e+00,3.000000000000000000e+00,1.000000000000000000e+00,0.000000000000000000e+00,6.202432377796480978e+02,-5.152069149730801882e+02,1.227937412180896075e+02,9.293251761136444244e+00
9.529999999999999361e+00,3.000000000000000000e+00,1.000000000000000000e+00,0.000000000000000000e+00,6.214467309710477139e+02,-5.151228788574618420e+02,1.186327533476244867e+02,7.655041038423421540e+00
9.540000000000000924e+00,3.000000000000000000e+00,1.000000000000000000e+00,0.000000000000000000e+00,6.226629423871667086e+02,-5.150272305212699848e+02,1.233245603589230512e+02,1.057590386127256998e+01
9.550000000000000711e+00,3.000000000000000000e+00,1.000000000000000000e+00,0.000000000000000000e+00,6.238776518778013269e+02,-5.149345440587748044e+02,1.200822010237069293e+02,8.154983250074293366e+00
9.560000000000000497e+00,3.000000000000000000e+00,1.000000000000000000e+00,0.000000000000000000e+00,6.251180554285607514e+02,-5.148327963698667418e+02,1.236980454471778330e+02,9.713263738336022968e+00
9.570000000000000284e+00,3.000000000000000000e+00,1.000000000000000000e+00,0.000000000000000000e+00,6.263489050763035948e+02,-5.147413268183098580e+02,1.228057045609406401e+02,8.734603590734982603e+00
9.580000000000000071e+00,3.000000000000000000e+00,1.000000000000000000e+00,0.000000000000000000e+00,6.275764834013112932e+02,-5.146554909145364718e+02,1.226598864704325962e+02,8.539488032600468514e+00
9.589999999999999858e+00,3.000000000000000000e+00,1.000000000000000000e+00,0.000000000000000000e+00,6.288040312297290484e+02,-5.145653147245926675e+02,1.227353279836063535e+02,9.203826028183593522e+00
9.599999999999999645e+00,3.000000000000000000e+00,1.000000000000000000e+00,0.000000000000000000e+00,6.300294707009963986e+02,-5.144678140274642146e+02,1.223292760061458466e+02,1.003500277819685493e+01
9.609999999999999432e+00,3.000000000000000000e+00,1.000000000000000000e+00,0.000000000000000000e+00,6.312170651743728058e+02,-5.143906910599263256e+02,1.177006633625138363e+02,7.995056882350751515e+00
9.620000000000000995e+00,3.000000000000000000e+00,1.000000000000000000e+00,0.000000000000000000e+00,6.324279444435263713e+02,-5.142852118664031877e+02,1.228621166346876947e+02,1.162752892887305478e+01
9.630000000000000782e+00,3.000000000000000000e+00,1.000000000000000000e+00,0.000000000000000000e+00,6.336362954395201541e+02,-5.141768091162465453e+02,1.217830826672097828e+02,1.143961626340275473e+01
9.640000000000000568e+00,3.000000000000000000e+00,1.000000000000000000e+00,0.000000000000000000e+00,6.348517345945003854e+02,-5.140599751518195717e+02,1.212437782817297460e+02,1.156301745762485034e+01
9.650000000000000355e+00,3.000000000000000000e+00,1.000000000000000000e+00,0.000000000000000000e+00,6.360637560068801122e+02,-5.139440164538938234e+02,1.211902034831635433e+02,1.153642261460510454e+01
9.660000000000000142e+00,3.000000000000000000e+00,1.000000000000000000e+00,0.000000000000000000e+00,6.372791337302777492e+02,-5.138279390110994882e+02,1.218384329248707303e+02,1.156677868454854874e+01
9.669999999999999929e+00,3.000000000000000000e+00,1.000000000000000000e+00,0.000000000000000000e+00,6.385036001904977638e+02,-5.137123003903392373e+02,1.228146387980782634e+02,1.137934286881573520e+01
9.679999999999999716e+00,3.000000000000000000e+00,1.000000000000000000e+00,0.000000000000000000e+00,6.397130463101518671e+02,-5.136067445243537577e+02,1.194250595495143017e+02,9.862083074283630069e+00
9.689999999999999503e+00,3.000000000000000000e+00,1.000000000000000000e+00,0.000000000000000000e+00,6.409453659955529474e+02,-5.134933151891029866e+02,1.252828818596313170e+02,1.194482934281935549e+01
9.700000000000001066e+00,3.000000000000000000e+00,1.000000000000000000e+00,0.000000000000000000e+00,6.421781532537575004e+02,-5.133827627038282344e+02,1.243883064184524869e+02,1.136190024077525607e+01
9.710000000000000853e+00,3.000000000000000000e+00,1.000000000000000000e+00,0.000000000000000000e+00,6.434099898735337320e+02,-5.132872704499336578e+02,1.216177650558753385e+02,7.939023005845690761e+00
9.720000000000000639e+00,3.000000000000000000e+00,1.000000000000000000e+00,0.000000000000000000e+00,6.446557038926047198e+02,-5.131756610532210061e+02,1.241903833244397504e+02,1.071792137572699666e+01
9.730000000000000426e+00,3.000000000000000000e+00,1.000000000000000000e+00,0.000000000000000000e+00,6.458873106320395436e+02,-5.130670904290340104e+02,1.226962659357376566e+02,1.083169091086004698e+01
9.740000000000000213e+00,3.000000000000000000e+00,1.000000000000000000e+00,0.000000000000000000e+00,6.471096199745322792e+02,-5.129570970694043126e+02,1.219936132207125183e+02,1.112494979717381938e+01
9.750000000000000000e+00,3.000000000000000000e+00,1.000000000000000000e+00,0.000000000000000000e+00,6.483271719899064465e+02,-5.128391887079970957e+02,1.217155429253457868e+02,1.220607123255070903e+01
9.759999999999999787e+00,3.000000000000000000e+00,1.000000000000000000e+00,0.000000000000000000e+00,6.495240416152328180e+02,-5.127209982175567120e+02,1.179231991666324291e+02,1.114698372906530821e+01
9.769999999999999574e+00,3.000000000000000000e+00,1.000000000000000000e+00,0.000000000000000000e+00,6.507323927951739506e+02,-5.125861394399455548e+02,1.225411825143150679e+02,1.464558972928725922e+01
9.779999999999999361e+00,3.000000000000000000e+00,1.000000000000000000e+00,0.000000000000000000e+00,6.519293698380475917e+02,-5.124525721691580884e+02,1.178905301698359978e+02,1.239585380607842957e+01
9.790000000000000924e+00,3.000000000000000000e+00,1.000000000000000000e+00,0.000000000000000000e+00,6.531360178303741577e+02,-5.123083052680441369e+02,1.223114110921749784e+02,1.555179945708468914e+01
9.800000000000000711e+00,3.000000000000000000e+00,1.000000000000000000e+00,0.000000000000000000e+00,6.543257156074570275e+02,-5.121620685088112168e+02,1.170855739518449354e+02,1.418392526370445061e+01
9.810000000000000497e+00,3.000000000000000000e+00,1.000000000000000000e+00,0.000000000000000000e+00,6.555449970588415454e+02,-5.120128175674028626e+02,1.215926963615900860e+02,1.463410401281305973e+01
9.820000000000000284e+00,3.000000000000000000e+00,1.000000000000000000e+00,0.000000000000000000e+00,6.567585442031514731e+02,-5.118712327472524066e+02,1.213065508458749377e+02,1.414211767145926402e+01
9.830000000000000071e+00,3.000000000000000000e+00,1.000000000000000000e+00,0.000000000000000000e+00,6.579708422086666815e+02,-5.117309454459411313e+02,1.211279591008779022e+02,1.387599724852094951e+01
9.839999999999999858e+00,3.000000000000000000e+00,1.000000000000000000e+00,0.000000000000000000e+00,6.591802123723903151e+02,-5.115910478559346188e+02,1.208592471713319441e+02,1.407585985493670933e+01
9.849999999999999645e+00,3.000000000000000000e+00,1.000000000000000000e+00,0.000000000000000000e+00,6.603694408577190416e+02,-5.114602144497202971e+02,1.175296326013015573e+02,1.228812479937836066e+01
9.859999999999999432e+00,3.000000000000000000e+00,1.000000000000000000e+00,0.000000000000000000e+00,6.615742639097985602e+02,-5.113099542542776135e+02,1.223384650274287395e+02,1.669920772287270694e+01
9.870000000000000995e+00,3.000000000000000000e+00,1.000000000000000000e+00,0.000000000000000000e+00,6.627772712805337960e+02,-5.111618687849106664e+02,1.191468236275732266e+02,1.352570225002022752e+01
9.880000000000000782e+00,3.000000000000000000e+00,1.000000000000000000e+00,0.000000000000000000e+00,6.639848546775306204e+02,-5.110037352651132210e+02,1.189551041571159828e+02,1.528135873521381605e+01
9.890000000000000568e+00,3.000000000000000000e+00,1.000000000000000000e+00,0.000000000000000000e+00,6.652077389378388261e+02,-5.108382702285046548e+02,1.243147473955296363e+02,1.710238975968040975e+01
9.900000000000000355e+00,3.000000000000000000e+00,1.000000000000000000e+00,0.000000000000000000e+00,6.664456317981928350e+02,-5.106679087177715246e+02,1.236633965679517502e+02,1.681428501010927690e+01
9.910000000000000142e+00,3.000000000000000000e+00,1.000000000000000000e+00,0.000000000000000000e+00,6.676815286859063008e+02,-5.104989978346879980e+02,1.235001727663116071e+02,1.695952764189861028e+01
9.919999999999999929e+00,3.000000000000000000e+00,1.000000000000000000e+00,0.000000000000000000e+00,6.689174477354092687e+02,-5.103279600074641280e+02,1.236522096536268407e+02,1.698782921812576063e+01
9.929999999999999716e+00,3.000000000000000000e+00,1.000000000000000000e+00,0.000000000000000000e+00,6.701474825975832346e+02,-5.101559144806688550e+02,1.228223393020465579e+02,1.726467251146613435e+01
9.939999999999999503e+00,3.000000000000000000e+00,1.000000000000000000e+00,0.000000000000000000e+00,6.713518692670777455e+02,-5.099902194597615335e+02,1.186255979755013783e+02,1.588123801731189388e+01
9.950000000000001066e+00,3.000000000000000000e+00,1.000000000000000000e+00,0.000000000000000000e+00,6.725641206926878795e+02,-5.098117581082677248e+02,1.235546254437739861e+02,2.025356701444743734e+01
9.960000000000000853e+00,3.000000000000000000e+00,1.000000000000000000e+00,0.000000000000000000e+00,6.737751262860003862e+02,-5.096157455962360245e+02,1.193177662463230462e+02,1.890009338296945174e+01
9.970000000000000639e+00,3.000000000000000000e+00,1.000000000000000000e+00,0.000000000000000000e+00,6.749981689428943810e+02,-5.093984273004282386e+02,1.237996769903701164e+02,2.309823119627585797e+01
9.980000000000000426e+00,3.000000000000000000e+00,1.000000000000000000e+00,0.000000000000000000e+00,6.762268392109389197e+02,-5.091669200450809285e+02,1.226247980072076729e+02,2.329667443934944515e+01
9.990000000000000213e+00,3.000000000000000000e+00,1.000000000000000000e+00,0.000000000000000000e+00,6.774488379608822015e+02,-5.089346489199502344e+02,1.218114319309135709e+02,2.300959241489794849e+01
1.000000000000000000e+01,3.000000000000000000e+00,1.000000000000000000e+00,0.000000000000000000e+00,6.786629801744154520e+02,-5.087083473596078420e+02,1.211859879534098212e+02,2.231356219964488474e+01
1.000999999999999979e+01,3.000000000000000000e+00,1.000000000000000000e+00,0.000000000000000000e+00,6.798692180258977942e+02,-5.084895668021111987e+02,1.206997158131812142e+02,2.157248527770228463e+01
1.001999999999999957e+01,3.000000000000000000e+00,1.000000000000000000e+00,0.000000000000000000e+00,6.810581907684958196e+02,-5.082888309426570004e+02,1.176796695558038266e+02,1.894156051944947805e+01
1.002999999999999936e+01,3.000000000000000000e+00,1.000000000000000000e+00,0.000000000000000000e+00,6.822775307522425692e+02,-5.080858279821219412e+02,1.245058594879264007e+02,2.101631487939900111e+01
1.004000000000000092e+01,3.000000000000000000e+00,1.000000000000000000e+00,0.000000000000000000e+00,6.835107934649660137e+02,-5.078848919396286874e+02,1.245831163851978545e+02,2.061014328263484785e+01
1.005000000000000071e+01,3.000000000000000000e+00,1.000000000000000000e+00,0.000000000000000000e+00,6.847563776109109313e+02,-5.076785996661276386e+02,1.242437167245434182e+02,2.047174923310887351e+01
1.006000000000000050e+01,3.000000000000000000e+00,1.000000000000000000e+00,0.000000000000000000e+00,6.859787170020587155e+02,-5.074917450352385799e+02,1.206937541508699780e+02,1.726303009529852162e+01
1.007000000000000028e+01,3.000000000000000000e+00,1.000000000000000000e+00,0.000000000000000000e+00,6.872135028809821051e+02,-5.072815151936683833e+02,1.230994783639869183e+02,2.099854350956048066e+01
1.008000000000000007e+01,3.000000000000000000e+00,1.000000000000000000e+00,0.000000000000000000e+00,6.884320980696669494e+02,-5.070663847446552381e+02,1.225941964608276464e+02,2.199821235993917767e+01
1.008999999999999986e+01,3.000000000000000000e+00,1.000000000000000000e+00,0.000000000000000000e+00,6.896529444965724451e+02,-5.068412540949448157e+02,1.217230955544913655e+02,2.285819781700649500e+01
1.009999999999999964e+01,3.000000000000000000e+00,1.000000000000000000e+00,0.000000000000000000e+00,6.908462074931080679e+02,-5.066189047472345806e+02,1.175487741645043513e+02,2.175047223941549746e+01
1.010999999999999943e+01,3.000000000000000000e+00,1.000000000000000000e+00,0.000000000000000000e+00,6.920513058000722140e+02,-5.063800374900162069e+02,1.222010012940123715e+02,2.485560184154351049e+01
1.012000000000000099e+01,3.000000000000000000e+00,1.000000000000000000e+00,0.000000000000000000e+00,6.932461988802837141e+02,-5.061484803083887414e+02,1.175585699000833984e+02,2.229722706224353601e+01
1.013000000000000078e+01,3.000000000000000000e+00,1.000000000000000000e+00,0.000000000000000000e+00,6.944548594366699490e+02,-5.059030781869776092e+02,1.211931055721356500e+02,2.462574850599476406e+01
1.014000000000000057e+01,3.000000000000000000e+00,1.000000000000000000e+00,0.000000000000000000e+00,6.956670994577114016e+02,-5.056599160118376517e+02,1.210293119301044413e+02,2.416691824493797824e+01
1.015000000000000036e+01,3.000000000000000000e+00,1.000000000000000000e+00,0.000000000000000000e+00,6.968780340104235620e+02,-5.054201830237574882e+02,1.211951526480250720e+02,2.391277989309022445e+01
1.016000000000000014e+01,3.000000000000000000e+00,1.000000000000000000e+00,0.000000000000000000e+00,6.980949000379931704e+02,-5.051779539335494178e+02,1.217096315066399796e+02,2.424962253614282304e+01
1.016999999999999993e+01,3.000000000000000000e+00,1.000000000000000000e+00,0.000000000000000000e+00,6.992988239044602778e+02,-5.049348876768510195e+02,1.212351874241685721e+02,2.435889337581143721e+01
1.017999999999999972e+01,3.000000000000000000e+00,1.000000000000000000e+00,0.000000000000000000e+00,7.004912887060945650e+02,-5.047004418669876600e+02,1.176057341808316892e+02,2.262867332589538805e+01
1.018999999999999950e+01,3.000000000000000000e+00,1.000000000000000000e+00,0.000000000000000000e+00,7.017027312822305021e+02,-5.044505834100482957e+02,1.231852827688988015e+02,2.610740335526409694e+01
1.020000000000000107e+01,3.000000000000000000e+00,1.000000000000000000e+00,0.000000000000000000e+00,7.029211514432470267e+02,-5.042019969289805772e+02,1.230429914597092278e+02,2.579666867421227039e+01
1.021000000000000085e+01,3.000000000000000000e+00,1.000000000000000000e+00,0.000000000000000000e+00,7.041553241443642719e+02,-5.039389423450153913e+02,1.231173392876981438e+02,2.638195111428260731e+01
1.022000000000000064e+01,3.000000000000000000e+00,1.000000000000000000e+00,0.000000000000000000e+00,7.053769757570659067e+02,-5.036758626385224602e+02,1.215835725635173219e+02,2.632725208884895807e+01
1.023000000000000043e+01,3.000000000000000000e+00,1.000000000000000000e+00,0.000000000000000000e+00,7.065892297097086612e+02,-5.034125406369250868e+02,1.208959023268403570e+02,2.628642756408982706e+01
1.024000000000000021e+01,3.000000000000000000e+00,1.000000000000000000e+00,0.000000000000000000e+00,7.077729363427820317e+02,-5.031573726177403501e+02,1.167021780612873698e+02,2.518884331705794111e+01
1.025000000000000000e+01,3.000000000000000000e+00,1.000000000000000000e+00,0.000000000000000000e+00,7.089721776586641226e+02,-5.028925430329263122e+02,1.219573147388893375e+02,2.733854844535818529e+01
1.025999999999999979e+01,3.000000000000000000e+00,1.000000000000000000e+00,0.000000000000000000e+00,7.101620628475960757e+02,-5.026294424277738244e+02,1.171289048640660155e+02,2.601167608305819812e+01
1.026999999999999957e+01,3.000000000000000000e+00,1.000000000000000000e+00,0.000000000000000000e+00,7.113761762371566419e+02,-5.023555942499767752e+02,1.210137342907414109e+02,2.730234887979327496e+01
1.027999999999999936e+01,3.000000000000000000e+00,1.000000000000000000e+00,0.000000000000000000e+00,7.125809205501929000e+02,-5.020848761731679701e+02,1.202168793495614239e+02,2.704523456131829207e+01
1.029000000000000092e+01,3.000000000000000000e+00,1.000000000000000000e+00,0.000000000000000000e+00,7.137592598206805405e+02,-5.018138711736663709e+02,1.160227200370528351e+02,2.706032970456567810e+01
1.030000000000000071e+01,3.000000000000000000e+00,1.000000000000000000e+00,0.000000000000000000e+00,7.149419680040933827e+02,-5.015549288738417886e+02,1.191932063019949624e+02,2.489813141050679590e+01
1.031000000000000050e+01,3.000000000000000000e+00,1.000000000000000000e+00,0.000000000000000000e+00,7.161525519616578777e+02,-5.012787308233652084e+02,1.224388252473625585e+02,2.733779785795509198e+01
1.032000000000000028e+01,3.000000000000000000e+00,1.000000000000000000e+00,0.000000000000000000e+00,7.173803659804822246e+02,-5.010108790923194420e+02,1.224600120708112740e+02,2.676125085320594366e+01
1.033000000000000007e+01,3.000000000000000000e+00,1.000000000000000000e+00,0.000000000000000000e+00,7.185990111077121583e+02,-5.007466689491608918e+02,1.214575264571838460e+02,2.621089018008116867e+01
1.033999999999999986e+01,3.000000000000000000e+00,1.000000000000000000e+00,0.000000000000000000e+00,7.198100191236825367e+02,-5.004875791774021536e+02,1.208297784253683886e+02,2.570907810990708597e+01
1.034999999999999964e+01,3.000000000000000000e+00,1.000000000000000000e+00,0.000000000000000000e+00,7.209961352067442704e+02,-5.002398003318140809e+02,1.169024387790693567e+02,2.406224652448680956e+01
1.035999999999999943e+01,3.000000000000000000e+00,1.000000000000000000e+00,0.000000000000000000e+00,7.221951269761094636e+02,-4.999861553790058224e+02,1.233106693441847739e+02,2.557386666316433477e+01
1.037000000000000099e+01,3.000000000000000000e+00,1.000000000000000000e+00,0.000000000000000000e+00,7.234096029757788529e+02,-4.997420786490835098e+02,1.198235045750364804e+02,2.382076514748386842e+01
1.038000000000000078e+01,3.000000000000000000e+00,1.000000000000000000e+00,0.000000000000000000e+00,7.246376518378151559e+02,-4.994967266790358735e+02,1.249309747731595905e+02,2.504540345564506154e+01
1.039000000000000057e+01,3.000000000000000000e+00,1.000000000000000000e+00,0.000000000000000000e+00,7.258743035589462806e+02,-4.992530926114611134e+02,1.242870186338912220e+02,2.469357398918932844e+01
1.040000000000000036e+01,3.000000000000000000e+00,1.000000000000000000e+00,0.000000000000000000e+00,7.271117017129940905e+02,-4.990035046496534505e+02,1.232871473696607723e+02,2.511731959165246408e+01
1.041000000000000014e+01,3.000000000000000000e+00,1.000000000000000000e+00,0.000000000000000000e+00,7.283394137692107506e+02,-4.987488566914414037e+02,1.223721042512118942e+02,2.571765616951824285e+01
1.041999999999999993e+01,3.000000000000000000e+00,1.000000000000000000e+00,0.000000000000000000e+00,7.295375808804622011e+02,-4.984910332710844614e+02,1.179976802664832718e+02,2.584211413795446788e+01
1.042999999999999972e+01,3.000000000000000000e+00,1.000000000000000000e+00,0.000000000000000000e+00,7.307561749658417511e+02,-4.982236242588580808e+02,1.243288051681431057e+02,2.724188469123060585e+01
1.043999999999999950e+01,3.000000000000000000e+00,1.000000000000000000e+00,0.000000000000000000e+00,7.319680603244929671e+02,-4.979539648538412848e+02,1.230860147127385744e+02,2.680627486384869584e+01
1.045000000000000107e+01,3.000000000000000000e+00,1.000000000000000000e+00,0.000000000000000000e+00,7.331864434078015620e+02,-4.976951838609481911e+02,1.227455016236085328e+02,2.652818765163809545e+01
1.046000000000000085e+01,3.000000000000000000e+00,1.000000000000000000e+00,0.000000000000000000e+00,7.344158349172043927e+02,-4.974297723225261620e+02,1.226770983767105463e+02,2.644506783264803218e+01
1.047000000000000064e+01,3.000000000000000000e+00,1.000000000000000000e+00,0.000000000000000000e+00,7.356465500085274698e+02,-4.971664208410266497e+02,1.232193939436582468e+02,2.634594952096545484e+01
1.048000000000000043e+01,3.000000000000000000e+00,1.000000000000000000e+00,0.000000000000000000e+00,7.368783089139276399e+02,-4.969041585580972651e+02,1.231370201718604989e+02,2.619686067173483224e+01
1.049000000000000021e+01,3.000000000000000000e+00,1.000000000000000000e+00,0.000000000000000000e+00,7.381066705319377661e+02,-4.966430086010062155e+02,1.226517661747029422e+02,2.609576382045734633e+01
1.050000000000000000e+01,3.000000000000000000e+00,1.000000000000000000e+00,0.000000000000000000e+00,7.393083863851061324e+02,-4.963791317563816392e+02,1.183771995438724076e+02,2.663708265856363155e+01
1.050999999999999979e+01,3.000000000000000000e+00,1.000000000000000000e+00,0.000000000000000000e+00,7.405100558630825844e+02,-4.961248159432886951e+02,1.209028587083492425e+02,2.470625443141271305e+01
1.051999999999999957e+01,3.000000000000000000e+00,1.000000000000000000e+00,0.000000000000000000e+00,7.417389037123738262e+02,-4.958585818556518916e+02,1.265976562333468962e+02,2.726828461902022838e+01
1.052999999999999936e+01,3.000000000000000000e+00,1.000000000000000000e+00,0.000000000000000000e+00,7.429949468959582646e+02,-4.955916588000598040e+02,1.250773026385880229e+02,2.694855413165115721e+01
1.054000000000000092e+01,3.000000000000000000e+00,1.000000000000000000e+00,0.000000000000000000e+00,7.442431346337035620e+02,-4.953229784286236281e+02,1.245410685196363261e+02,2.687834199131880908e+01
1.055000000000000071e+01,3.000000000000000000e+00,1.000000000000000000e+00,0.000000000000000000e+00,7.454893468901833558e+02,-4.950567611242372550e+02,1.246165810877390925e+02,2.648458228723121266e+01
1.056000000000000050e+01,3.000000000000000000e+00,1.000000000000000000e+00,0.000000000000000000e+00,7.467336179559105176e+02,-4.947953951489336077e+02,1.243007979800785137e+02,2.591860001708388239e+01
1.057000000000000028e+01,3.000000000000000000e+00,1.000000000000000000e+00,0.000000000000000000e+00,7.479266283051987330e+02,-4.945318118948550818e+02,1.155357672939854723e+02,2.662660048764083953e+01
1.058000000000000007e+01,3.000000000000000000e+00,1.000000000000000000e+00,0.000000000000000000e+00,7.491652946320382398e+02,-4.942802374003454133e+02,1.258034210754689752e+02,2.563340785849511150e+01
1.058999999999999986e+01,3.000000000000000000e+00,1.000000000000000000e+00,0.000000000000000000e+00,7.504090808733958511e+02,-4.940212426275068651e+02,1.250302622665453214e+02,2.620487275314075148e+01
1.059999999999999964e+01,3.000000000000000000e+00,1.000000000000000000e+00,0.000000000000000000e+00,7.516609331653844492e+02,-4.937567253081673471e+02,1.248462254013930277e+02,2.678867680862722267e+01
1.060999999999999943e+01,3.000000000000000000e+00,1.000000000000000000e+00,0.000000000000000000e+00,7.529026922820864911e+02,-4.934868557019443074e+02,1.238269695173507756e+02,2.730232455428753724e+01
1.062000000000000099e+01,3.000000000000000000e+00,1.000000000000000000e+00,0.000000000000000000e+00,7.541378882204758156e+02,-4.932122434738155334e+02,1.233381204926812984e+02,2.771456422950382859e+01
1.063000000000000078e+01,3.000000000000000000e+00,1.000000000000000000e+00,0.000000000000000000e+00,7.553455804459723595e+02,-4.929413763292026260e+02,1.187299704532306635e+02,2.686194040429318264e+01
1.064000000000000057e+01,3.000000000000000000e+00,1.000000000000000000e+00,0.000000000000000000e+00,7.565669063953854447e+02,-4.926680662662622581e+02,1.241480957267977914e+02,2.747205320409904417e+01
1.065000000000000036e+01,3.000000000000000000e+00,1.000000000000000000e+00,0.000000000000000000e+00,7.577924802720102662e+02,-4.924023493742334381e+02,1.233460852032757629e+02,2.638700275999125111e+01
1.066000000000000014e+01,3.000000000000000000e+00,1.000000000000000000e+00,0.000000000000000000e+00,7.590024645011337725e+02,-4.921353014379331512e+02,1.193072054340691182e+02,2.686667696981254139e+01
1.066999999999999993e+01,3.000000000000000000e+00,1.000000000000000000e+00,0.000000000000000000e+00,7.602335275984391956e+02,-4.918746236363126627e+02,1.255694886051640111e+02,2.551423854811555358e+01
1.067999999999999972e+01,3.000000000000000000e+00,1.000000000000000000e+00,0.000000000000000000e+00,7.614700690576119086e+02,-4.916144135910703881e+02,1.248802445233305747e+02,2.592555181879190229e+01
1.068999999999999950e+01,3.000000000000000000e+00,1.000000000000000000e+00,0.000000000000000000e+00,7.627174512869578393e+02,-4.913569801226923914e+02,1.243560428788236294e+02,2.570020417567453563e+01
1.070000000000000107e+01,3.000000000000000000e+00,1.000000000000000000e+00,0.000000000000000000e+00,7.639565177924123418e+02,-4.911061118673825376e+02,1.234481079328314479e+02,2.479251750351793149e+01
1.071000000000000085e+01,3.000000000000000000e+00,1.000000000000000000e+00,0.000000000000000000e+00,7.651871241409519371e+02,-4.908634843649534218e+02,1.226341578783026591e+02,2.401468218051743975e+01
1.072000000000000064e+01,3.000000000000000000e+00,1.000000000000000000e+00,0.000000000000000000e+00,7.663909030140804362e+02,-4.906303287611892756e+02,1.186763656004706604e+02,2.287959168559459400e+01
1.073000000000000043e+01,3.000000000000000000e+00,1.000000000000000000e+00,0.000000000000000000e+00,7.676097255877715497e+02,-4.903970520397502355e+02,1.236428566401959586e+02,2.367799829413291590e+01
1.074000000000000021e+01,3.000000000000000000e+00,1.000000000000000000e+00,0.000000000000000000e+00,7.688300318407326586e+02,-4.901615806006835214e+02,1.227055647467899320e+02,2.397998110825086826e+01
1.075000000000000000e+01,3.000000000000000000e+00,1.000000000000000000e+00,0.000000000000000000e+00,7.700322604124432928e+02,-4.899124756395875124e+02,1.183233454283866877e+02,2.564485802476065857e+01
1.075999999999999979e+01,3.000000000000000000e+00,1.000000000000000000e+00,0.000000000000000000e+00,7.712535669465764840e+02,-4.896708276976278853e+02,1.241863267830452600e+02,2.388251822567364613e+01
1.076999999999999957e+01,3.000000000000000000e+00,1.000000000000000000e+00,0.000000000000000000e+00,7.724850151321946896e+02,-4.894293219572163594e+02,1.231380265665551974e+02,2.395475448559513154e+01
1.077999999999999936e+01,3.000000000000000000e+00,1.000000000000000000e+00,0.000000000000000000e+00,7.737188510654543734e+02,-4.891957353840869018e+02,1.233021603702656250e+02,2.303886269961865452e+01
1.079000000000000092e+01,3.000000000000000000e+00,1.000000000000000000e+00,0.000000000000000000e+00,7.749543928442493552e+02,-4.889709017086990457e+02,1.236582093421686182e+02,2.204610458105521076e+01
1.080000000000000071e+01,3.000000000000000000e+00,1.000000000000000000e+00,0.000000000000000000e+00,7.761659441955571310e+02,-4.887597985679347516e+02,1.192551949721847109e+02,2.045039888407541184e+01
1.081000000000000050e+01,3.000000000000000000e+00,1.000000000000000000e+00,0.000000000000000000e+00,7.774068419734092004e+02,-4.885457707959116078e+02,1.237732639095594749e+02,2.118876224393938656e+01
1.082000000000000028e+01,3.000000000000000000e+00,1.000000000000000000e+00,0.000000000000000000e+00,7.786386835382041909e+02,-4.883364276839678269e+02,1.229195109774311732e+02,2.093761832711772897e+01
1.083000000000000007e+01,3.000000000000000000e+00,1.000000000000000000e+00,0.000000000000000000e+00,7.798419816683478984e+02,-4.881220647357225744e+02,1.184885778066451962e+02,2.184997311952115240e+01
1.083999999999999986e+01,3.000000000000000000e+00,1.000000000000000000e+00,0.000000000000000000e+00,7.810657166140318850e+02,-4.879071929656949465e+02,1.247364517332106857e+02,2.151518153512004972e+01
1.084999999999999964e+01,3.000000000000000000e+00,1.000000000000000000e+00,0.000000000000000000e+00,7.823006335365910218e+02,-4.876875372158156097e+02,1.252647027715566566e+02,2.175291249258521376e+01
1.085999999999999943e+01,3.000000000000000000e+00,1.000000000000000000e+00,0.000000000000000000e+00,7.835592201364726179e+02,-4.874745607601893767e+02,1.256207639499960464e+02,2.125669752854685157e+01
1.087000000000000099e+01,3.000000000000000000e+00,1.000000000000000000e+00,0.000000000000000000e+00,7.848119471595647383e+02,-4.872630771122682063e+02,1.248551963470428348e+02,2.107103876861058822e+01
1.088000000000000078e+01,3.000000000000000000e+00,1.000000000000000000e+00,0.000000000000000000e+00,7.860451035672549551e+02,-4.870590721907924490e+02,1.243900935866552544e+02,2.085183304478378474e+01
1.089000000000000057e+01,3.000000000000000000e+00,1.000000000000000000e+00,0.000000000000000000e+00,7.872749275805396110e+02,-4.868436588644159997e+02,1.240431444614768850e+02,2.089726700721140773e+01
1.090000000000000036e+01,3.000000000000000000e+00,1.000000000000000000e+00,0.000000000000000000e+00,7.885161889444923418e+02,-4.866370116319463364e+02,1.238991284905721386e+02,2.084420875513979254e+01
1.091000000000000014e+01,3.000000000000000000e+00,1.000000000000000000e+00,0.000000000000000000e+00,7.897515135094047309e+02,-4.864225679143472121e+02,1.234054933609370863e+02,2.182767565289929834e+01
1.091999999999999993e+01,3.000000000000000000e+00,1.000000000000000000e+00,0.000000000000000000e+00,7.909600389028388463e+02,-4.862067606300745979e+02,1.189403466922658481e+02,2.164393540866211296e+01
1.092999999999999972e+01,3.000000000000000000e+00,1.000000000000000000e+00,0.000000000000000000e+00,7.921872834504501952e+02,-4.859956636220574637e+02,1.248453965618252539e+02,2.086260297352530912e+01
1.093999999999999950e+01,3.000000000000000000e+00,1.000000000000000000e+00,0.000000000000000000e+00,7.934070754261221055e+02,-4.857878952688234335e+02,1.199502071507833989e+02,2.076478885325406054e+01
1.095000000000000107e+01,3.000000000000000000e+00,1.000000000000000000e+00,0.000000000000000000e+00,7.946495565072949603e+02,-4.855841192577981928e+02,1.237763773319440048e+02,2.042038425740494745e+01
1.096000000000000085e+01,3.000000000000000000e+00,1.000000000000000000e+00,0.000000000000000000e+00,7.958837339245529847e+02,-4.853814273348482402e+02,1.230966471768243764e+02,2.025245946154595700e+01
1.097000000000000064e+01,3.000000000000000000e+00,1.000000000000000000e+00,0.000000000000000000e+00,7.971120122673264632e+02,-4.851785828345272762e+02,1.227496417075046367e+02,2.037499559832975393e+01
1.098000000000000043e+01,3.000000000000000000e+00,1.000000000000000000e+00,0.000000000000000000e+00,7.983172067757792547e+02,-4.849668341033989805e+02,1.188346899053321408e+02,2.187034164487691612e+01
1.099000000000000021e+01,3.000000000000000000e+00,1.000000000000000000e+00,0.000000000000000000e+00,7.995186786424879983e+02,-4.847689380783659772e+02,1.190449242336591169e+02,1.942038428412424622e+01
1.100000000000000000e+01,3.000000000000000000e+00,1.000000000000000000e+00,0.000000000000000000e+00,8.007441573630093217e+02,-4.845708834820250104e+02,1.244746299654157156e+02,1.990960568751015813e+01
1.100999999999999979e+01,3.000000000000000000e+00,1.000000000000000000e+00,0.000000000000000000e+00,8.019592406362662587e+02,-4.843730321288708183e+02,1.199346323013210167e+02,1.980771307268332748e+01
1.101999999999999957e+01,3.000000000000000000e+00,1.000000000000000000e+00,0.000000000000000000e+00,8.032018129765569938e+02,-4.841724081416209629e+02,1.251390728992620325e+02,2.016276359696802700e+01
1.102999999999999936e+01,3.000000000000000000e+00,1.000000000000000000e+00,0.000000000000000000e+00,8.044524483895110052e+02,-4.839701699547338762e+02,1.246910331256853510e+02,2.043087645532157026e+01
1.104000000000000092e+01,3.000000000000000000e+00,1.000000000000000000e+00,0.000000000000000000e+00,8.056963490920926461e+02,-4.837678031905234093e+02,1.240252843900378110e+02,2.026268345879465826e+01
1.105000000000000071e+01,3.000000000000000000e+00,1.000000000000000000e+00,0.000000000000000000e+00,8.069317270053406901e+02,-4.835683959002355436e+02,1.231848479135955472e+02,1.985728055628292665e+01
1.106000000000000050e+01,3.000000000000000000e+00,1.000000000000000000e+00,0.000000000000000000e+00,8.081603229171573730e+02,-4.833723861675538274e+02,1.226506058117244180e+02,1.950634917160289206e+01
1.107000000000000028e+01,3.000000000000000000e+00,1.000000000000000000e+00,0.000000000000000000e+00,8.093588541202497026e+02,-4.831770748782236069e+02,1.178035864275354498e+02,1.957394911408283633e+01
1.108000000000000007e+01,3.000000000000000000e+00,1.000000000000000000e+00,0.000000000000000000e+00,8.105780992757230479e+02,-4.829821708250994448e+02,1.240374250542324290e+02,1.973100449754786467e+01
1.108999999999999986e+01,3.000000000000000000e+00,1.000000000000000000e+00,0.000000000000000000e+00,8.117982250346997262e+02,-4.827839106777653342e+02,1.235062956170250885e+02,2.001463660883718632e+01
1.109999999999999964e+01,3.000000000000000000e+00,1.000000000000000000e+00,0.000000000000000000e+00,8.130084033802411341e+02,-4.825772280234152731e+02,1.191568703824261064e+02,2.143337306645954854e+01
1.110999999999999943e+01,3.000000000000000000e+00,1.000000000000000000e+00,0.000000000000000000e+00,8.142299660280185662e+02,-4.823815022247480897e+02,1.238392626217325017e+02,1.871738292943712167e+01
1.112000000000000099e+01,3.000000000000000000e+00,1.000000000000000000e+00,0.000000000000000000e+00,8.154627627083126526e+02,-4.821929423963154022e+02,1.231380991801023868e+02,1.856325427353674939e+01
1.113000000000000078e+01,3.000000000000000000e+00,1.000000000000000000e+00,0.000000000000000000e+00,8.166946922361386214e+02,-4.820092008711793596e+02,1.231257861251758214e+02,1.825312978472300429e+01
1.114000000000000057e+01,3.000000000000000000e+00,1.000000000000000000e+00,0.000000000000000000e+00,8.179264718044032634e+02,-4.818285597186229552e+02,1.229440518082867868e+02,1.789680692090386671e+01
1.115000000000000036e+01,3.000000000000000000e+00,1.000000000000000000e+00,0.000000000000000000e+00,8.191288917961618381e+02,-4.816482920410374504e+02,1.183975651441216712e+02,1.813195275443948873e+01
1.116000000000000014e+01,3.000000000000000000e+00,1.000000000000000000e+00,0.000000000000000000e+00,8.203535504713684077e+02,-4.814721342381436671e+02,1.244356276204764384e+02,1.768506433303364389e+01
1.116999999999999993e+01,3.000000000000000000e+00,1.000000000000000000e+00,0.000000000000000000e+00,8.215633946268828822e+02,-4.812878340163842381e+02,1.192352002922478960e+02,1.908083933744962479e+01
1.117999999999999972e+01,3.000000000000000000e+00,1.000000000000000000e+00,0.000000000000000000e+00,8.227892110436458779e+02,-4.810974663647259035e+02,1.246301542545554639e+02,1.913649853227076036e+01
1.118999999999999950e+01,3.000000000000000000e+00,1.000000000000000000e+00,0.000000000000000000e+00,8.240263425838887770e+02,-4.809039859339735017e+02,1.237822353188349922e+02,1.938708937145861455e+01
1.120000000000000107e+01,3.000000000000000000e+00,1.000000000000000000e+00,0.000000000000000000e+00,8.252639884771358538e+02,-4.807100317080989953e+02,1.236909809230512423e+02,1.947921838017004248e+01
1.121000000000000085e+01,3.000000000000000000e+00,1.000000000000000000e+00,0.000000000000000000e+00,8.264793798033986150e+02,-4.805049230834626428e+02,1.196033089914743499e+02,2.140368292620382462e+01
1.122000000000000064e+01,3.000000000000000000e+00,1.000000000000000000e+00,0.000000000000000000e+00,8.277077451783759443e+02,-4.803106871977220749e+02,1.245685944668575473e+02,1.895768675860253083e+01
1.123000000000000043e+01,3.000000000000000000e+00,1.000000000000000000e+00,0.000000000000000000e+00,8.289235554507563393e+02,-4.801077993407513986e+02,1.231298826583042256e+02,2.034924692862031392e+01
1.124000000000000021e+01,3.000000000000000000e+00,1.000000000000000000e+00,0.000000000000000000e+00,8.301506307979117310e+02,-4.799033542346977583e+02,1.225059393898087592e+02,2.066674147492521740e+01
1.125000000000000000e+01,3.000000000000000000e+00,1.000000000000000000e+00,0.000000000000000000e+00,8.313754173054320518e+02,-4.796972560413400970e+02,1.222620135661161243e+02,2.070736139351070193e+01
1.125999999999999979e+01,3.000000000000000000e+00,1.000000000000000000e+00,0.000000000000000000e+00,8.325954390250871029e+02,-4.794945926107255332e+02,1.217881036020963563e+02,2.004551460595121171e+01
1.126999999999999957e+01,3.000000000000000000e+00,1.000000000000000000e+00,0.000000000000000000e+00,8.338148043230861504e+02,-4.792998545818665548e+02,1.219480412080192764e+02,1.912051471168214789e+01
1.127999999999999936e+01,3.000000000000000000e+00,1.000000000000000000e+00,0.000000000000000000e+00,8.349985124261257852e+02,-4.790972527835505161e+02,1.173355056533463454e+02,1.957621043847126430e+01
1.129000000000000092e+01,3.000000000000000000e+00,1.000000000000000000e+00,0.000000000000000000e+00,8.362162616372309003e+02,-4.789137184913988108e+02,1.241140163491932782e+02,1.796121710551122064e+01
1.130000000000000071e+01,3.000000000000000000e+00,1.000000000000000000e+00,0.000000000000000000e+00,8.374327029170631249e+02,-4.787348309955956438e+02,1.199157100277988661e+02,1.777307637172250665e+01
1.131000000000000050e+01,3.000000000000000000e+00,1.000000000000000000e+00,0.000000000000000000e+00,8.386751866541475238e+02,-4.785676556217762254e+02,1.247379880624312136e+02,1.650580489424153541e+01
1.132000000000000028e+01,3.000000000000000000e+00,1.000000000000000000e+00,0.000000000000000000e+00,8.399165202945084729e+02,-4.784048909370601450e+02,1.236560103367314127e+02,1.608306183750023877e+01
1.133000000000000007e+01,3.000000000000000000e+00,1.000000000000000000e+00,0.000000000000000000e+00,8.411472447645838884e+02,-4.782472128470840289e+02,1.227186039741838357e+02,1.557074967830266665e+01
1.133999999999999986e+01,3.000000000000000000e+00,1.000000000000000000e+00,0.000000000000000000e+00,8.423732324933382642e+02,-4.780950656643647676e+02,1.224999565116003026e+02,1.499228749529835980e+01
1.134999999999999964e+01,3.000000000000000000e+00,1.000000000000000000e+00,0.000000000000000000e+00,8.435614065562574524e+02,-4.779424260794739325e+02,1.184090695891778893e+02,1.597923929935048371e+01
1.135999999999999943e+01,3.000000000000000000e+00,1.000000000000000000e+00,0.000000000000000000e+00,8.447985780765279742e+02,-4.777999543642225149e+02,1.261195614022300333e+02,1.322232899027070907e+01
1.137000000000000099e+01,3.000000000000000000e+00,1.000000000000000000e+00,0.000000000000000000e+00,8.460443062336942148e+02,-4.776605197731741441e+02,1.253315006017580373e+02,1.330412097368234825e+01
1.138000000000000078e+01,3.000000000000000000e+00,1.000000000000000000e+00,0.000000000000000000e+00,8.472953829590520627e+02,-4.775280848693007556e+02,1.248632632716497142e+02,1.335299540692191655e+01
1.139000000000000057e+01,3.000000000000000000e+00,1.000000000000000000e+00,0.000000000000000000e+00,8.485417490067551398e+02,-4.773911230125834209e+02,1.244470461501760070e+02,1.395334147851373707e+01
1.140000000000000036e+01,3.000000000000000000e+00,1.000000000000000000e+00,0.000000000000000000e+00,8.497837286498076992e+02,-4.772477407426649165e+02,1.240555420753377547e+02,1.460858113441649486e+01
1.141000000000000014e+01,3.000000000000000000e+00,1.000000000000000000e+00,0.000000000000000000e+00,8.510011243687251863e+02,-4.770994320508424948e+02,1.200275653995156944e+02,1.504437594168280334e+01
1.141999999999999993e+01,3.000000000000000000e+00,1.000000000000000000e+00,0.000000000000000000e+00,8.522408462345559883e+02,-4.769468510199200182e+02,1.260511116374548664e+02,1.540770045299458246e+01
1.142999999999999972e+01,3.000000000000000000e+00,1.000000000000000000e+00,0.000000000000000000e+00,8.534577037736976308e+02,-4.767852110313212393e+02,1.206961331702918869e+02,1.695905008457501140e+01
1.143999999999999950e+01,3.000000000000000000e+00,1.000000000000000000e+00,0.000000000000000000e+00,8.546940400356412511e+02,-4.766395196108177856e+02,1.253302816948974368e+02,1.371532930423039964e+01
1.145000000000000107e+01,3.000000000000000000e+00,1.000000000000000000e+00,0.000000000000000000e+00,8.559365709984992918e+02,-4.764942659135330700e+02,1.240314292602583208e+02,1.431407814262003697e+01
1.146000000000000085e+01,3.000000000000000000e+00,1.000000000000000000e+00,0.000000000000000000e+00,8.571802039044165440e+02,-4.763543429858272589e+02,1.245627878953398096e+02,1.404167182565908334e+01
1.147000000000000064e+01,3.000000000000000000e+00,1.000000000000000000e+00,0.000000000000000000e+00,8.584257441867893021e+02,-4.762147064966246148e+02,1.245162170637192247e+02,1.393981698908686795e+01
1.148000000000000043e+01,3.000000000000000000e+00,1.000000000000000000e+00,0.000000000000000000e+00,8.596675975829292611e+02,-4.760758905088754886e+02,1.239887334020457956e+02,1.387473042689394376e+01
1.149000000000000021e+01,3.000000000000000000e+00,1.000000000000000000e+00,0.000000000000000000e+00,8.609054428304166322e+02,-4.759375716354115298e+02,1.236721423791660186e+02,1.384165749547422664e+01
1.150000000000000000e+01,3.000000000000000000e+00,1.000000000000000000e+00,0.000000000000000000e+00,8.621043956715479908e+02,-4.757974053784923285e+02,1.196018970185271968e+02,1.483403999176570132e+01
1.150999999999999979e+01,3.000000000000000000e+00,1.000000000000000000e+00,0.000000000000000000e+00,8.633503262452816216e+02,-4.756570743689945857e+02,1.271597220763428311e+02,1.361392959093183386e+01
1.151999999999999957e+01,3.000000000000000000e+00,1.000000000000000000e+00,0.000000000000000000e+00,8.646072401038821909e+02,-4.755134558651957377e+02,1.262303173083642491e+02,1.418572919901473739e+01
1.152999999999999936e+01,3.000000000000000000e+00,1.000000000000000000e+00,0.000000000000000000e+00,8.658670967857455025e+02,-4.753718169765537596e+02,1.257000816835719377e+02,1.422388204011351931e+01
1.154000000000000092e+01,3.000000000000000000e+00,1.000000000000000000e+00,0.000000000000000000e+00,8.671246349368187794e+02,-4.752331716289569954e+02,1.257477954602529593e+02,1.366677904784505770e+01
1.155000000000000071e+01,3.000000000000000000e+00,1.000000000000000000e+00,0.000000000000000000e+00,8.683793403524397263e+02,-4.750999081006937104e+02,1.253564958309708999e+02,1.308193121260785929e+01
1.156000000000000050e+01,3.000000000000000000e+00,1.000000000000000000e+00,0.000000000000000000e+00,8.695842728830222086e+02,-4.749613625040503848e+02,1.167809429775661414e+02,1.451002348653752883e+01
1.157000000000000028e+01,3.000000000000000000e+00,1.000000000000000000e+00,0.000000000000000000e+00,8.708230415706194663e+02,-4.748375390457447907e+02,1.278183658806631371e+02,1.159154802268754558e+01
1.158000000000000007e+01,3.000000000000000000e+00,1.000000000000000000e+00,0.000000000000000000e+00,8.720841289318963163e+02,-4.747074413025990793e+02,1.259601429671542974e+02,1.316096875239920827e+01
1.158999999999999986e+01,3.000000000000000000e+00,1.000000000000000000e+00,0.000000000000000000e+00,8.733407645342589376e+02,-4.745769787514799987e+02,1.252868979823661562e+02,1.316860797615263579e+01
1.159999999999999964e+01,3.000000000000000000e+00,1.000000000000000000e+00,0.000000000000000000e+00,8.745893598478254489e+02,-4.744412925157637915e+02,1.245404799244067107e+02,1.393803217435011810e+01
1.160999999999999943e+01,3.000000000000000000e+00,1.000000000000000000e+00,0.000000000000000000e+00,8.758336469442418775e+02,-4.742994971213939834e+02,1.243195947460190638e+02,1.450527237590465468e+01
1.162000000000000099e+01,3.000000000000000000e+00,1.000000000000000000e+00,0.000000000000000000e+00,8.770751036668652887e+02,-4.741559550659047773e+02,1.239458692386281626e+02,1.444947018292537599e+01
1.163000000000000078e+01,3.000000000000000000e+00,1.000000000000000000e+00,0.000000000000000000e+00,8.782947871567579341e+02,-4.740142712234054443e+02,1.231881297337268961e+02,1.418277921337692327e+01
1.164000000000000057e+01,3.000000000000000000e+00,1.000000000000000000e+00,0.000000000000000000e+00,8.795284068039352405e+02,-4.738772966383787093e+02,1.231132842829322698e+02,1.341403808090131022e+01
1.165000000000000036e+01,3.000000000000000000e+00,1.000000000000000000e+00,0.000000000000000000e+00,8.807382091746358128e+02,-4.737372971058248368e+02,1.194275719728921956e+02,1.441788513478629241e+01
1.166000000000000014e+01,3.000000000000000000e+00,1.000000000000000000e+00,0.000000000000000000e+00,8.819695628908783647e+02,-4.736047290300788859e+02,1.255751712547674686e+02,1.245580944805610457e+01
1.166999999999999993e+01,3.000000000000000000e+00,1.000000000000000000e+00,0.000000000000000000e+00,8.832070418337938236e+02,-4.734716162666273931e+02,1.222096879072006601e+02,1.391631100758185724e+01
1.167999999999999972e+01,3.000000000000000000e+00,1.000000000000000000e+00,0.000000000000000000e+00,8.844692345606758863e+02,-4.733512672799628831e+02,1.260209388900442917e+02,1.212412679049647402e+01
1.168999999999999950e+01,3.000000000000000000e+00,1.000000000000000000e+00,0.000000000000000000e+00,8.857256147730607836e+02,-4.732341517353949030e+02,1.252788125614046066e+02,1.139979999946935862e+01
1.170000000000000107e+01,3.000000000000000000e+00,1.000000000000000000e+00,0.000000000000000000e+00,8.869764061796174701e+02,-4.731250353328863980e+02,1.247096055605140918e+02,1.067739507419282852e+01
1.171000000000000085e+01,3.000000000000000000e+00,1.000000000000000000e+00,0.000000000000000000e+00,8.881939341014528964e+02,-4.730200353863387477e+02,1.196463169696162510e+02,1.034780181648035047e+01
1.172000000000000064e+01,3.000000000000000000e+00,1.000000000000000000e+00,0.000000000000000000e+00,8.894205309654346365e+02,-4.729148566519905330e+02,1.245061992856967237e+02,1.064322608382149760e+01
1.173000000000000043e+01,3.000000000000000000e+00,1.000000000000000000e+00,0.000000000000000000e+00,8.906535370175624848e+02,-4.728072834241601186e+02,1.231201722360994495e+02,1.094699971092133595e+01
1.174000000000000021e+01,3.000000000000000000e+00,1.000000000000000000e+00,0.000000000000000000e+00,8.918605585265324862e+02,-4.726878865572065820e+02,1.188686634354742182e+02,1.273681012824175696e+01
1.175000000000000000e+01,3.000000000000000000e+00,1.000000000000000000e+00,0.000000000000000000e+00,8.930872746609300066e+02,-4.725795103406634325e+02,1.248588236708404082e+02,1.031008833448010797e+01
1.175999999999999979e+01,3.000000000000000000e+00,1.000000000000000000e+00,0.000000000000000000e+00,8.943231400819829560e+02,-4.724661749826767050e+02,1.245659895177119552e+02,1.093990386703168483e+01
1.176999999999999957e+01,3.000000000000000000e+00,1.000000000000000000e+00,0.000000000000000000e+00,8.955701957371625213e+02,-4.723605183967222843e+02,1.246061156458155352e+02,1.042862090477858850e+01
1.177999999999999936e+01,3.000000000000000000e+00,1.000000000000000000e+00,0.000000000000000000e+00,8.968171713059604144e+02,-4.722617199020542103e+02,1.247302364352705268e+02,9.439123637235455888e+00
1.179000000000000092e+01,3.000000000000000000e+00,1.000000000000000000e+00,0.000000000000000000e+00,8.980430326126206637e+02,-4.721751829104729268e+02,1.206082931035962815e+02,8.154799224433691762e+00
1.180000000000000071e+01,3.000000000000000000e+00,1.000000000000000000e+00,0.000000000000000000e+00,8.992996744349208029e+02,-4.720907029713304155e+02,1.254437046261548403e+02,8.182704713756020709e+00
1.181000000000000050e+01,3.000000000000000000e+00,1.000000000000000000e+00,0.000000000000000000e+00,9.005462130052939074e+02,-4.720111832459634797e+02,1.243974395476790846e+02,7.793366987879308816e+00
1.182000000000000028e+01,3.000000000000000000e+00,1.000000000000000000e+00,0.000000000000000000e+00,9.017655794806678387e+02,-4.719274394311263450e+02,1.199610306812635372e+02,8.943144556206707563e+00
1.183000000000000007e+01,3.000000000000000000e+00,1.000000000000000000e+00,0.000000000000000000e+00,9.030013688889115429e+02,-4.718451417743725074e+02,1.257840740044299679e+02,8.091916656989903700e+00
1.183999999999999986e+01,3.000000000000000000e+00,1.000000000000000000e+00,0.000000000000000000e+00,9.042428776941894739e+02,-4.717532837897878721e+02,1.256218329682425434e+02,9.195269488921162804e+00
1.184999999999999964e+01,3.000000000000000000e+00,1.000000000000000000e+00,0.000000000000000000e+00,9.055023538341586118e+02,-4.716668598289555803e+02,1.257497473888434598e+02,8.559220723343862858e+00
1.185999999999999943e+01,3.000000000000000000e+00,1.000000000000000000e+00,0.000000000000000000e+00,9.067586047777446083e+02,-4.715826523912907646e+02,1.253939767738163340e+02,8.339064646283988580e+00
1.187000000000000099e+01,3.000000000000000000e+00,1.000000000000000000e+00,0.000000000000000000e+00,9.080016964164090041e+02,-4.715047694749342782e+02,1.255366991778075487e+02,8.060451413658608288e+00
1.188000000000000078e+01,3.000000000000000000e+00,1.000000000000000000e+00,0.000000000000000000e+00,9.092430406653685395e+02,-4.714154806610343371e+02,1.250079995112942441e+02,8.194332324107287846e+00
1.189000000000000057e+01,3.000000000000000000e+00,1.000000000000000000e+00,0.000000000000000000e+00,9.104928385078188739e+02,-4.713356153278897409e+02,1.247322148528605226e+02,8.202102389786599446e+00
1.190000000000000036e+01,3.000000000000000000e+00,1.000000000000000000e+00,0.000000000000000000e+00,9.117377254245292306e+02,-4.712473097903677512e+02,1.244897163281111006e+02,9.119115334407876361e+00
1.191000000000000014e+01,3.000000000000000000e+00,1.000000000000000000e+00,0.000000000000000000e+00,9.129574765241219438e+02,-4.711555027261471764e+02,1.200532716327866325e+02,9.414912296407461412e+00
1.191999999999999993e+01,3.000000000000000000e+00,1.000000000000000000e+00,0.000000000000000000e+00,9.141962228458203299e+02,-4.710686280699547979e+02,1.258638282742578838e+02,8.457832854255171284e+00
1.192999999999999972e+01,3.000000000000000000e+00,1.000000000000000000e+00,0.000000000000000000e+00,9.154225297596357223e+02,-4.709788145116792180e+02,1.205240165644364794e+02,9.207214783532839064e+00
1.193999999999999950e+01,3.000000000000000000e+00,1.000000000000000000e+00,0.000000000000000000e+00,9.166661756976284323e+02,-4.708994545033098120e+02,1.246522414707379056e+02,7.909059134546171599e+00
1.195000000000000107e+01,3.000000000000000000e+00,1.000000000000000000e+00,0.000000000000000000e+00,9.179070222008789415e+02,-4.708196730791740947e+02,1.236029241410973327e+02,7.944764419406637579e+00
1.196000000000000085e+01,3.000000000000000000e+00,1.000000000000000000e+00,0.000000000000000000e+00,9.191391026862696663e+02,-4.707405839234313589e+02,1.229522297543213654e+02,7.954284448573583965e+00
1.197000000000000064e+01,3.000000000000000000e+00,1.000000000000000000e+00,0.000000000000000000e+00,9.203478480071522654e+02,-4.706508278088983275e+02,1.194264012034927305e+02,9.776558211137075460e+00
1.198000000000000043e+01,3.000000000000000000e+00,1.000000000000000000e+00,0.000000000000000000e+00,9.215823796893346298e+02,-4.705822585907480402e+02,1.237915089961673800e+02,6.613970398208874002e+00
1.199000000000000021e+01,3.000000000000000000e+00,1.000000000000000000e+00,0.000000000000000000e+00,9.227923900029319384e+02,-4.705100236440520121e+02,1.189304615368306912e+02,7.390092609164305770e+00
1.200000000000000000e+01,3.000000000000000000e+00,1.000000000000000000e+00,0.000000000000000000e+00,9.240155661700378005e+02,-4.704384667416831007e+02,1.242373825820583164e+02,7.140540217686609736e+00
