time_s,phase,x_cm,y_cm,vx_cm_s,vy_cm_s
1.000000000000000021e-02,1.000000000000000000e+00,2.594507281886377914e-01,-1.146496657411981770e-02,4.547916556848801406e+01,-1.312185224744136791e-01
2.000000000000000042e-02,1.000000000000000000e+00,6.282780580317971486e-01,-5.523543901429280728e-03,3.422975144811434944e+01,8.372724862340169549e-01
2.999999999999999889e-02,1.000000000000000000e+00,1.136177770897665029e+00,1.434164885535161617e-02,5.738605224461412746e+01,2.952096296798605302e+00
4.000000000000000083e-02,1.000000000000000000e+00,1.580387166390676779e+00,1.279629155342331369e-02,4.184904499388565569e+01,1.014951624950178211e+00
5.000000000000000278e-02,1.000000000000000000e+00,2.024657643543839480e+00,3.117794058134308599e-02,4.407264668753185077e+01,1.747349525276876925e+00
5.999999999999999778e-02,1.000000000000000000e+00,2.464600712249342074e+00,4.356976620446907644e-02,4.390662993129669900e+01,1.387739580936383943e+00
7.000000000000000666e-02,1.000000000000000000e+00,2.905485902489884253e+00,5.981763940000341812e-02,4.392625658391000343e+01,1.630340136731001532e+00
8.000000000000000167e-02,1.000000000000000000e+00,3.345383029700705002e+00,7.432141022365797156e-02,4.384528908912871259e+01,1.522998021857242756e+00
8.999999999999999667e-02,1.000000000000000000e+00,3.784168839866845158e+00,9.049557678773302583e-02,4.374974925789922509e+01,1.639083658995948989e+00
1.000000000000000056e-01,1.000000000000000000e+00,4.221367650375534630e+00,1.059826070181910385e-01,4.361598292219521511e+01,1.596480470603193647e+00
1.100000000000000006e-01,1.000000000000000000e+00,4.657660136947838758e+00,1.221170650683528064e-01,4.353918002541060162e+01,1.641044508927502754e+00
1.199999999999999956e-01,1.000000000000000000e+00,5.067411462189031823e+00,1.227549599337464936e-01,3.903085734747000402e+01,-1.008072147422795384e+00
1.300000000000000044e-01,1.000000000000000000e+00,5.499875818425408625e+00,1.546567465533785213e-01,4.313314611171788471e+01,2.789892566334525981e+00
1.400000000000000133e-01,1.000000000000000000e+00,5.925239371424820156e+00,1.466852754673279302e-01,4.014004440077905400e+01,-1.428351207665152334e+00
1.499999999999999944e-01,1.000000000000000000e+00,6.351297441627165696e+00,1.887568840383376245e-01,4.335652852283898540e+01,3.261499871269633921e+00
1.600000000000000033e-01,1.000000000000000000e+00,6.751585697702434885e+00,1.937769238423504292e-01,3.597831564930583426e+01,3.680759380176920059e-01
1.700000000000000122e-01,1.000000000000000000e+00,7.180716577209899754e+00,2.249898426972909149e-01,4.508399133255731783e+01,1.931563616782836945e+00
1.799999999999999933e-01,1.000000000000000000e+00,7.597579115128971772e+00,2.457147977321198495e-01,3.955527556421202462e+01,3.099507448820785438e+00
1.900000000000000022e-01,1.000000000000000000e+00,8.027439991139676323e+00,2.560333387588396570e-01,4.511172907393374487e+01,3.082026357107556791e-01
2.000000000000000111e-01,1.000000000000000000e+00,8.445795776679384304e+00,2.915835077248656870e-01,3.975360754580654543e+01,4.074928610500982096e+00
2.099999999999999922e-01,1.000000000000000000e+00,8.875021831853091570e+00,2.916617333794800371e-01,4.545885807345282359e+01,-9.298981273967062144e-02
2.200000000000000011e-01,1.000000000000000000e+00,9.314449806381547958e+00,3.332277025813553117e-01,4.406486294514099455e+01,2.698068906892439056e+00
2.300000000000000100e-01,1.000000000000000000e+00,9.753507503114285271e+00,3.366044002419195658e-01,4.369903459460233819e+01,7.600370313590266713e-01
2.399999999999999911e-01,1.000000000000000000e+00,1.015896477041657953e+01,3.551859528404587851e-01,3.836633592848172469e+01,1.298185956067106295e+00
2.500000000000000000e-01,1.000000000000000000e+00,1.057627399665595469e+01,3.720253519478963211e-01,4.371487117404780065e+01,2.118746153393411102e+00
2.600000000000000089e-01,1.000000000000000000e+00,1.099611261607143575e+01,3.789519326597143301e-01,4.105459832201566428e+01,2.553659895334382812e-02
2.700000000000000178e-01,1.000000000000000000e+00,1.152490214632977050e+01,3.964758730439815193e-01,6.104778953359544147e+01,2.170405389129838269e+00
2.800000000000000266e-01,1.000000000000000000e+00,1.218688329258442060e+01,3.924651119885827488e-01,7.002943933889638117e+01,-1.477836214743275312e+00
2.899999999999999800e-01,1.000000000000000000e+00,1.303574113406388335e+01,3.875429658012323753e-01,9.461956400760864483e+01,-6.340713646138644854e-01
2.999999999999999889e-01,1.000000000000000000e+00,1.404017365558964414e+01,3.712812809095638600e-01,1.037236836320105198e+02,-2.140351418808028594e+00
3.099999999999999978e-01,1.000000000000000000e+00,1.513213516886570709e+01,3.554858159616853808e-01,1.090810825749640713e+02,-1.583814070520931594e+00
3.200000000000000067e-01,1.000000000000000000e+00,1.627353846254639791e+01,3.341885657895979911e-01,1.176407347087360620e+02,-2.308695340539058893e+00
3.300000000000000155e-01,1.000000000000000000e+00,1.742502833452338962e+01,3.205979279024600004e-01,1.132544274658449979e+02,-1.096501328729149405e+00
3.400000000000000244e-01,1.000000000000000000e+00,1.859236435758892370e+01,3.002145305446792256e-01,1.186062363687340451e+02,-2.332662066379350474e+00
3.500000000000000333e-01,1.000000000000000000e+00,1.974549792589895958e+01,2.820257679652564131e-01,1.133625588227526748e+02,-1.661895954432216715e+00
3.599999999999999867e-01,1.000000000000000000e+00,2.088452109008742497e+01,2.536261211180315112e-01,1.139631610823249588e+02,-3.596056586117578391e+00
3.699999999999999956e-01,1.000000000000000000e+00,2.203011641367409723e+01,2.368209840391003462e-01,1.149669115934335792e+02,-1.007307283078533233e+00
3.800000000000000044e-01,1.000000000000000000e+00,2.318652093467684949e+01,2.033267309383315069e-01,1.135738779059013410e+02,-3.750974984603595797e+00
3.900000000000000133e-01,1.000000000000000000e+00,2.434539217818436185e+01,1.934981182064913485e-01,1.137770655188295592e+02,-8.457056285926576322e-01
4.000000000000000222e-01,1.000000000000000000e+00,2.551740945810143657e+01,1.698869934734137943e-01,1.191728398409660912e+02,-2.858856396812675449e+00
4.100000000000000311e-01,1.000000000000000000e+00,2.668440190792167854e+01,1.507784576597800130e-01,1.150222795319392048e+02,-1.461954548599878168e+00
4.199999999999999845e-01,1.000000000000000000e+00,2.788413193215957264e+01,1.264636703097134773e-01,1.202296733316149329e+02,-2.208110762948650940e+00
4.299999999999999933e-01,1.000000000000000000e+00,2.906833098612152710e+01,1.011982420527104548e-01,1.171948027683574338e+02,-2.712552315247841683e+00
4.400000000000000022e-01,1.000000000000000000e+00,3.027348352399338793e+01,8.849919462159616668e-02,1.221616647563228355e+02,-3.949418957127864283e-01
4.500000000000000111e-01,1.000000000000000000e+00,3.146698175581729728e+01,7.790701944441745519e-02,1.174758175784102150e+02,-1.254575876069981000e+00
4.600000000000000200e-01,1.000000000000000000e+00,3.265484740493838700e+01,8.235516944519044591e-02,1.171304897369135176e+02,6.966660750352581255e-01
4.700000000000000289e-01,1.000000000000000000e+00,3.385979248725600854e+01,7.598080139237486930e-02,1.223163203040664087e+02,-1.203183251954755395e+00
4.799999999999999822e-01,1.000000000000000000e+00,3.506075976980070408e+01,6.830096976724610303e-02,1.212601253796826768e+02,-1.383012763250127897e+00
4.899999999999999911e-01,1.000000000000000000e+00,3.628143380210760682e+01,5.210742063142795311e-02,1.222000873183027352e+02,-1.770144856452232185e+00
5.000000000000000000e-01,1.000000000000000000e+00,3.749485128140134549e+01,2.659937564042437821e-02,1.220802065210640563e+02,-2.233173634382524586e+00
5.100000000000000089e-01,1.000000000000000000e+00,3.871384228819859885e+01,6.898028340541307452e-03,1.217453937420049641e+02,-1.997945152367600841e+00
5.200000000000000178e-01,1.000000000000000000e+00,3.992700383256699581e+01,-1.347843499185551880e-02,1.210275226521781349e+02,-2.030822603602804755e+00
5.300000000000000266e-01,1.000000000000000000e+00,4.111350531817290488e+01,-3.170328392193463157e-02,1.168215296121147162e+02,-1.754751824156447482e+00
5.400000000000000355e-01,1.000000000000000000e+00,4.232153031103545970e+01,-5.557753260809298462e-02,1.231048524520578269e+02,-2.702859392232134450e+00
5.500000000000000444e-01,1.000000000000000000e+00,4.352738757620303289e+01,-7.732157534495190387e-02,1.215935757902859535e+02,-2.261006877290755224e+00
5.600000000000000533e-01,1.000000000000000000e+00,4.474653414330073531e+01,-1.004410595640644471e-01,1.215320746642570668e+02,-2.213689548083897396e+00
5.700000000000000622e-01,1.000000000000000000e+00,4.596052560350917560e+01,-1.209474448394432522e-01,1.213103620574698169e+02,-1.973926086764112409e+00
5.799999999999999600e-01,1.000000000000000000e+00,4.715289293780207203e+01,-1.429823069480628817e-01,1.176263574491706692e+02,-2.417406961732674553e+00
5.899999999999999689e-01,1.000000000000000000e+00,4.835465659100168523e+01,-1.573596866229182989e-01,1.220339102721117257e+02,-8.417403749494740683e-01
5.999999999999999778e-01,1.000000000000000000e+00,4.955210403375303230e+01,-1.694458589548271943e-01,1.207200038640556414e+02,-7.601305318698153846e-01
6.099999999999999867e-01,1.000000000000000000e+00,5.075853837540865499e+01,-1.749333160340381110e-01,1.202285166320891818e+02,-4.687241079576280334e-01
6.199999999999999956e-01,1.000000000000000000e+00,5.196056695706585771e+01,-1.780758135886585658e-01,1.202027664357697461e+02,-2.253266810802703191e-01
6.300000000000000044e-01,1.000000000000000000e+00,5.316690749384730452e+01,-1.844279229137678611e-01,1.207178767627726614e+02,-9.083360485593825473e-01
6.400000000000000133e-01,1.000000000000000000e+00,5.434793599279973364e+01,-1.954698250788023950e-01,1.162382127492431323e+02,-1.314448225342849552e+00
6.500000000000000222e-01,1.000000000000000000e+00,5.555208252527377510e+01,-2.082200671091275213e-01,1.224576550666486128e+02,-1.462575257536922635e+00
6.600000000000000311e-01,1.000000000000000000e+00,5.672755075125457580e+01,-2.305196836380576653e-01,1.165913601766238799e+02,-1.571621723896932776e+00
6.700000000000000400e-01,1.000000000000000000e+00,5.793661589876869300e+01,-2.417651099127827163e-01,1.212369446343788582e+02,-9.976272873834072241e-01
6.800000000000000488e-01,1.000000000000000000e+00,5.912509682082812645e+01,-2.410468218018878006e-01,1.169425959037538405e+02,9.265684982945714410e-01
6.900000000000000577e-01,1.000000000000000000e+00,6.034091633569997981e+01,-2.497669791010571072e-01,1.213233786197530577e+02,-4.308457090492940900e-01
7.000000000000000666e-01,1.000000000000000000e+00,6.155488209097741503e+01,-2.459238746649304863e-01,1.213931055140337065e+02,7.654409307882888980e-01
7.099999999999999645e-01,1.000000000000000000e+00,6.274903233591611951e+01,-2.437368373081355288e-01,1.176245517677506029e+02,5.938206759507277943e-02
7.199999999999999734e-01,1.000000000000000000e+00,6.396266580305811544e+01,-2.367521476856702112e-01,1.231570297558611742e+02,1.163461373051589032e+00
7.299999999999999822e-01,1.000000000000000000e+00,6.516765505520432100e+01,-2.325955472471751551e-01,1.185720139073179240e+02,9.042794491929598277e-02
7.399999999999999911e-01,1.000000000000000000e+00,6.639129862906798962e+01,-2.215543582300059655e-01,1.231284269466410564e+02,1.174764633037020944e+00
7.500000000000000000e-01,1.000000000000000000e+00,6.762176447662675116e+01,-2.135966986684167401e-01,1.229031284261325112e+02,5.069531211342355181e-01
7.600000000000000089e-01,1.000000000000000000e+00,6.882638363398466197e+01,-2.086789455299369322e-01,1.185552788945347373e+02,3.846051799457806952e-01
7.700000000000000178e-01,1.000000000000000000e+00,7.004579608937154944e+01,-2.146218161783155221e-01,1.238182051925379028e+02,-1.099618847262913368e+00
7.800000000000000266e-01,1.000000000000000000e+00,7.126052241353148986e+01,-2.206062148516991506e-01,1.225876713949326700e+02,-8.994311169128867967e-01
7.900000000000000355e-01,1.000000000000000000e+00,7.246567472607291904e+01,-2.389763475744171028e-01,1.185118103629766608e+02,-2.445052003510966188e+00
8.000000000000000444e-01,1.000000000000000000e+00,7.368940734896631284e+01,-2.465131472122654988e-01,1.228455853617487605e+02,-4.950941306291405941e-01
8.100000000000000533e-01,1.000000000000000000e+00,7.491973621440439501e+01,-2.520295243037913302e-01,1.227461306606639795e+02,-3.420905012842109794e-01
8.200000000000000622e-01,1.000000000000000000e+00,7.613993443380518045e+01,-2.510062278948718695e-01,1.219660762246292478e+02,2.508248822427250890e-01
8.300000000000000711e-01,1.000000000000000000e+00,7.735678332240743771e+01,-2.480705666736164605e-01,1.214903779415522678e+02,3.077214470075024799e-01
8.399999999999999689e-01,1.000000000000000000e+00,7.854597918714219418e+01,-2.478713020004659484e-01,1.169693383012788672e+02,-1.536918505538817925e-01
8.499999999999999778e-01,1.000000000000000000e+00,7.975292946296306695e+01,-2.509438824772619037e-01,1.227019942696383907e+02,-5.199386159700833954e-01
8.599999999999999867e-01,1.000000000000000000e+00,8.095405255571213843e+01,-2.619128634131778210e-01,1.185320761628274653e+02,-1.539555508018729757e+00
8.699999999999999956e-01,1.000000000000000000e+00,8.218931145284828688e+01,-2.786579082763261939e-01,1.236680489402229171e+02,-1.951216811807878537e+00
8.800000000000000044e-01,1.000000000000000000e+00,8.342756925686441605e+01,-3.007993283491646186e-01,1.237563407475209800e+02,-2.370897003388334756e+00
8.900000000000000133e-01,1.000000000000000000e+00,8.463731400058202325e+01,-3.291307588592373712e-01,1.192373132035952352e+02,-3.357831244981753116e+00
9.000000000000000222e-01,1.000000000000000000e+00,8.586334554137306441e+01,-3.460676093011837429e-01,1.244128833471751960e+02,-8.653698909547612450e-01
9.100000000000000311e-01,1.000000000000000000e+00,8.706871538406149114e+01,-3.593288872439064363e-01,1.193313622562491645e+02,-6.669281200540311261e-01
9.200000000000000400e-01,1.000000000000000000e+00,8.829891846434823321e+01,-3.734068789684304446e-01,1.248491821881822403e+02,-1.791003574006059695e+00
9.300000000000000488e-01,1.000000000000000000e+00,8.952400333643444696e+01,-3.857362380535833690e-01,1.234074400529880933e+02,-1.447987882215377553e+00
9.400000000000000577e-01,1.000000000000000000e+00,9.075567641303391042e+01,-4.015408661117208511e-01,1.226215931118042022e+02,-1.616312917122965320e+00
9.500000000000000666e-01,1.000000000000000000e+00,9.197892154445258939e+01,-4.166108652544301405e-01,1.220830621138197785e+02,-1.569406301830856387e+00
9.599999999999999645e-01,1.000000000000000000e+00,9.319938270387346790e+01,-4.347301798191181010e-01,1.220445769047163083e+02,-1.931841705709484769e+00
9.699999999999999734e-01,1.000000000000000000e+00,9.439863574981318095e+01,-4.596507967782466619e-01,1.180662702559966135e+02,-2.880419604647367127e+00
9.799999999999999822e-01,1.000000000000000000e+00,9.560768110086092975e+01,-4.839278089304019925e-01,1.226475712513978067e+02,-2.136503960096056254e+00
9.899999999999999911e-01,1.000000000000000000e+00,9.681149678272552705e+01,-5.099103345805757748e-01,1.214959120888328528e+02,-2.401045290874679772e+00
1.000000000000000000e+00,1.000000000000000000e+00,9.802728474662885105e+01,-5.316516915069748883e-01,1.214326427118489704e+02,-2.131007700478958267e+00
1.010000000000000009e+00,1.000000000000000000e+00,9.924326551108211447e+01,-5.474966416233386646e-01,1.216594592258800134e+02,-1.235368979504973819e+00
1.020000000000000018e+00,1.000000000000000000e+00,1.004221220710436882e+02,-5.630809703011913081e-01,1.145637558910260765e+02,-1.752374806281133734e+00
1.030000000000000027e+00,1.000000000000000000e+00,1.016417841632399899e+02,-5.661956480437594363e-01,1.262238865791971705e+02,4.092752738002381485e-01
1.040000000000000036e+00,1.000000000000000000e+00,1.028655825938264741e+02,-5.707010819673432600e-01,1.233904592272970575e+02,-6.874908123373880686e-01
1.050000000000000044e+00,1.000000000000000000e+00,1.040956950348236347e+02,-5.793692535626081552e-01,1.223339347862055178e+02,-1.084661912575210829e+00
1.060000000000000053e+00,1.000000000000000000e+00,1.053161422735206401e+02,-5.915705777437173518e-01,1.216899164393572477e+02,-1.470565178030379005e+00
1.070000000000000062e+00,1.000000000000000000e+00,1.065339977060481402e+02,-6.089563858143989261e-01,1.217943859774482291e+02,-2.009576339403445822e+00
1.080000000000000071e+00,1.000000000000000000e+00,1.077451090839104211e+02,-6.289000242584344980e-01,1.209706869182340512e+02,-2.246685558934784499e+00
1.090000000000000080e+00,1.000000000000000000e+00,1.089322392607916328e+02,-6.525948078797155771e-01,1.167513901083511882e+02,-2.571343307256695354e+00
1.100000000000000089e+00,1.000000000000000000e+00,1.101378843380283854e+02,-6.712964513675796496e-01,1.225129774527935638e+02,-1.555069316886713571e+00
1.110000000000000098e+00,1.000000000000000000e+00,1.113136233618041473e+02,-7.025680052810059362e-01,1.141616050543013472e+02,-4.077626427175530921e+00
1.120000000000000107e+00,1.000000000000000000e+00,1.125457526657738470e+02,-7.103436727241378978e-01,1.232957660390336230e+02,-8.258646078957093684e-01
1.130000000000000115e+00,1.000000000000000000e+00,1.137735688969434165e+02,-7.226269200595559772e-01,1.225131823433894596e+02,-1.236936750412114261e+00
1.140000000000000124e+00,1.000000000000000000e+00,1.149755065893020429e+02,-7.358339141189196297e-01,1.182951306642713689e+02,-1.316268475497607282e+00
1.150000000000000133e+00,1.000000000000000000e+00,1.161936376327573157e+02,-7.584397169175229880e-01,1.237865853638200093e+02,-2.923215217892221496e+00
1.159999999999999920e+00,1.000000000000000000e+00,1.174198773571459640e+02,-7.803009293701060889e-01,1.233359797800237061e+02,-2.114448242516611121e+00
1.169999999999999929e+00,1.000000000000000000e+00,1.186284118625566180e+02,-8.030773049844890377e-01,1.188083938387019174e+02,-2.479441061972120774e+00
1.179999999999999938e+00,1.000000000000000000e+00,1.198464655704371040e+02,-8.158232968261464046e-01,1.233684545090694371e+02,-5.375970990152167950e-01
1.189999999999999947e+00,1.000000000000000000e+00,1.210535970187916206e+02,-8.280373699422515221e-01,1.217554420033828393e+02,-6.745437183881646259e-01
1.199999999999999956e+00,1.000000000000000000e+00,1.222693186053440400e+02,-8.357076147158224444e-01,1.211731111026283543e+02,-1.006074086840379245e+00
1.209999999999999964e+00,1.000000000000000000e+00,1.234767882326947728e+02,-8.491980318315273113e-01,1.205650514522799313e+02,-1.636933525575311243e+00
1.219999999999999973e+00,1.000000000000000000e+00,1.246616248604642436e+02,-8.664414543515278622e-01,1.169083946215831986e+02,-1.924342994092698156e+00
1.229999999999999982e+00,1.000000000000000000e+00,1.258736041511142787e+02,-8.828273622445157454e-01,1.234124763936194142e+02,-1.592359712284852735e+00
1.239999999999999991e+00,1.000000000000000000e+00,1.270795921930583745e+02,-8.993129165798410263e-01,1.186455823310786428e+02,-1.774900125375242999e+00
1.250000000000000000e+00,1.000000000000000000e+00,1.282994694223223178e+02,-9.295423438400627347e-01,1.232232847956317130e+02,-2.560147769569339093e+00
1.260000000000000009e+00,1.000000000000000000e+00,1.295197652317823156e+02,-9.515440245067918745e-01,1.230507068616431070e+02,-3.234607436141596182e+00
1.270000000000000018e+00,1.000000000000000000e+00,1.307505731117410619e+02,-9.894886689721983375e-01,1.225369275386653243e+02,-4.227592572874759647e+00
1.280000000000000027e+00,1.000000000000000000e+00,1.319683912349365187e+02,-1.035825549032696413e+00,1.213321477233963321e+02,-4.978092745399359309e+00
1.290000000000000036e+00,1.000000000000000000e+00,1.331543150358069170e+02,-1.091521492274995841e+00,1.166557773509976812e+02,-6.052156656038816251e+00
1.300000000000000044e+00,1.000000000000000000e+00,1.343559866402642058e+02,-1.145108136703059776e+00,1.222037013166331008e+02,-5.042962479883239091e+00
1.310000000000000053e+00,1.000000000000000000e+00,1.355443117783944444e+02,-1.200583786139200360e+00,1.168835752268015540e+02,-5.601967596055209775e+00
1.320000000000000062e+00,1.000000000000000000e+00,1.367468949039300412e+02,-1.244277558571981190e+00,1.221023847518448662e+02,-3.681635247800372213e+00
1.330000000000000071e+00,1.000000000000000000e+00,1.379596129303911312e+02,-1.279277888226324489e+00,1.210533312949548161e+02,-3.063259957490426455e+00
1.340000000000000080e+00,1.000000000000000000e+00,1.391462918415539036e+02,-1.302850057710913223e+00,1.166451422220474115e+02,-1.881643429491232089e+00
1.350000000000000089e+00,1.000000000000000000e+00,1.403419668190418577e+02,-1.337386496015227078e+00,1.222800143493185487e+02,-3.183539515649304263e+00
1.360000000000000098e+00,1.000000000000000000e+00,1.415482266207558268e+02,-1.364675474925150622e+00,1.200901156657014468e+02,-2.753160534172256924e+00
1.370000000000000107e+00,1.000000000000000000e+00,1.427425630297294390e+02,-1.390159452762018466e+00,1.189793200664452684e+02,-2.464774705255743381e+00
1.380000000000000115e+00,1.000000000000000000e+00,1.439312605432887437e+02,-1.413619939168748507e+00,1.187357443400778294e+02,-2.308066788804052916e+00
1.390000000000000124e+00,1.000000000000000000e+00,1.451005355212630832e+02,-1.441052905909661286e+00,1.153820352167260808e+02,-3.139670456896644257e+00
1.400000000000000133e+00,1.000000000000000000e+00,1.462974307001536545e+02,-1.461032902192916261e+00,1.218543348779793689e+02,-1.716007503822757796e+00
1.409999999999999920e+00,1.000000000000000000e+00,1.474869443350560800e+02,-1.490813255695691453e+00,1.172009316345752552e+02,-3.448703206261599874e+00
1.419999999999999929e+00,1.000000000000000000e+00,1.486756863554129779e+02,-1.504532067295684117e+00,1.175573019835872657e+02,-8.353396788733841172e-01
1.429999999999999938e+00,1.000000000000000000e+00,1.498972501407219795e+02,-1.528381356478988318e+00,1.217650819404710489e+02,-2.250753354633357350e+00
1.439999999999999947e+00,1.000000000000000000e+00,1.511107883074150209e+02,-1.548041869184833663e+00,1.211885082472149406e+02,-1.833417811430016364e+00
1.449999999999999956e+00,1.000000000000000000e+00,1.523254950488390307e+02,-1.563049423974689489e+00,1.216339730242884229e+02,-1.210555447463397272e+00
1.459999999999999964e+00,1.000000000000000000e+00,1.535194092377783477e+02,-1.577707214290381410e+00,1.175972453957221546e+02,-1.467450305417630219e+00
1.469999999999999973e+00,1.000000000000000000e+00,1.547290475503381515e+02,-1.580187831164275858e+00,1.228446632536389131e+02,5.335440374745151759e-01
1.479999999999999982e+00,1.000000000000000000e+00,1.559277953454947294e+02,-1.582615070851420391e+00,1.179088166622035629e+02,-6.400533327513472370e-01
1.489999999999999991e+00,1.000000000000000000e+00,1.571186378458385491e+02,-1.573468005546573734e+00,1.174551407837303856e+02,1.201970130237617562e+00
1.500000000000000000e+00,1.000000000000000000e+00,1.583254627002366419e+02,-1.575511076266864041e+00,1.224890381369822592e+02,-8.515693726026936083e-01
1.510000000000000009e+00,1.000000000000000000e+00,1.595436457579910154e+02,-1.581862119633474117e+00,1.218131034412763114e+02,-9.446795902815238177e-01
1.520000000000000018e+00,1.000000000000000000e+00,1.607673313249723321e+02,-1.593410140438343170e+00,1.227031377020222180e+02,-1.357422871036506162e+00
1.530000000000000027e+00,1.000000000000000000e+00,1.619828928777194506e+02,-1.614156337083844761e+00,1.228197755251015053e+02,-1.503531652818001607e+00
1.540000000000000036e+00,1.000000000000000000e+00,1.632103389916348135e+02,-1.627641022117308767e+00,1.224363643047577739e+02,-1.449881316859973346e+00
1.550000000000000044e+00,1.000000000000000000e+00,1.644357565572423141e+02,-1.640582653820381598e+00,1.223255848295108308e+02,-1.354352307847133119e+00
1.560000000000000053e+00,1.000000000000000000e+00,1.656353642235029611e+02,-1.652113332104259147e+00,1.181272388787339338e+02,-9.633025635961103283e-01
1.570000000000000062e+00,1.000000000000000000e+00,1.668560212264228539e+02,-1.668703282536091903e+00,1.243010798410506510e+02,-2.017060154787611026e+00
1.580000000000000071e+00,1.000000000000000000e+00,1.680852298905380167e+02,-1.683778908521533113e+00,1.226042801587141611e+02,-1.419137267482421194e+00
1.590000000000000080e+00,1.000000000000000000e+00,1.693082571143582697e+02,-1.695619839465630330e+00,1.221565409027335818e+02,-1.001778719696996944e+00
1.600000000000000089e+00,1.000000000000000000e+00,1.705078833041787618e+02,-1.706943123079220026e+00,1.182895729334606330e+02,-1.228819785754390770e+00
1.610000000000000098e+00,1.000000000000000000e+00,1.717229203567665365e+02,-1.713197850835666225e+00,1.235317488621299162e+02,-9.536435977321577884e-02
1.620000000000000107e+00,1.000000000000000000e+00,1.729239964603126509e+02,-1.717367674080495510e+00,1.180840198461641961e+02,-5.949033852070194639e-01
1.630000000000000115e+00,1.000000000000000000e+00,1.741328915022592696e+02,-1.714256324845260249e+00,1.223749088447826381e+02,8.238113301000309363e-01
1.640000000000000124e+00,1.000000000000000000e+00,1.753474150259001192e+02,-1.705720419081547146e+00,1.212203779761650537e+02,1.054025315584436573e+00
1.650000000000000133e+00,1.000000000000000000e+00,1.765600255847545270e+02,-1.696163194612301695e+00,1.212793527063699344e+02,7.645162127442568512e-01
1.660000000000000142e+00,1.000000000000000000e+00,1.777555429939199030e+02,-1.688611311632173484e+00,1.179534726586371534e+02,7.046017030037250439e-01
1.669999999999999929e+00,1.000000000000000000e+00,1.789690576561793307e+02,-1.685606398157741381e+00,1.232579182915608129e+02,7.107005265240187719e-02
1.679999999999999938e+00,1.000000000000000000e+00,1.801687254109044432e+02,-1.681911136200991974e+00,1.179360127822347550e+02,4.557645679686693763e-01
1.689999999999999947e+00,1.000000000000000000e+00,1.813697730897529823e+02,-1.682425888795376467e+00,1.227901222785418724e+02,4.092765729992776103e-01
1.699999999999999956e+00,1.000000000000000000e+00,1.825822154319330650e+02,-1.673135466853457487e+00,1.218686556103607472e+02,1.124398714644424535e+00
1.709999999999999964e+00,1.000000000000000000e+00,1.837863524480469835e+02,-1.651468842232657552e+00,1.217370380716647844e+02,1.956045065350038525e+00
1.719999999999999973e+00,1.000000000000000000e+00,1.850126683064847555e+02,-1.628871113455786501e+00,1.228572728468871844e+02,2.662212447147665806e+00
1.729999999999999982e+00,1.000000000000000000e+00,1.862400074407989052e+02,-1.599702928365114962e+00,1.225622317329197557e+02,3.124053520424237451e+00
1.739999999999999991e+00,1.000000000000000000e+00,1.874449854155169533e+02,-1.573262908419199801e+00,1.186581806979659461e+02,2.421785993304323092e+00
1.750000000000000000e+00,1.000000000000000000e+00,1.886732253491460085e+02,-1.542160919796825125e+00,1.246708419252110929e+02,3.586987810639834073e+00
1.760000000000000009e+00,1.000000000000000000e+00,1.899067211284471455e+02,-1.508075010642191183e+00,1.231566258892508472e+02,3.554027019085300054e+00
1.770000000000000018e+00,1.000000000000000000e+00,1.911295617506320639e+02,-1.473911103391859934e+00,1.220142729158855417e+02,3.198713981360605363e+00
1.780000000000000027e+00,1.000000000000000000e+00,1.923267217771487765e+02,-1.439481124275564961e+00,1.179367042926960778e+02,3.521331544695016635e+00
1.790000000000000036e+00,1.000000000000000000e+00,1.935403844560838138e+02,-1.413306165570894501e+00,1.234097110805941924e+02,2.092828468396731090e+00
1.800000000000000044e+00,1.000000000000000000e+00,1.947473107706053099e+02,-1.386580567074124248e+00,1.187747772904637031e+02,2.985893847517823829e+00
1.810000000000000053e+00,1.000000000000000000e+00,1.959434954252394903e+02,-1.370607333019539853e+00,1.196786934609598916e+02,8.351852922065617912e-01
1.820000000000000062e+00,1.000000000000000000e+00,1.971772181464002358e+02,-1.336393888044870693e+00,1.231474763839892859e+02,3.642416471899879937e+00
1.830000000000000071e+00,1.000000000000000000e+00,1.984067905098211497e+02,-1.297614800713266181e+00,1.227478006939283688e+02,4.225313415856548183e+00
1.840000000000000080e+00,1.000000000000000000e+00,1.996346984369019140e+02,-1.252811375402298477e+00,1.227919653410044560e+02,4.744450040909340416e+00
1.850000000000000089e+00,1.000000000000000000e+00,2.008462194786941097e+02,-1.194758792483392229e+00,1.196518414776936936e+02,6.576733424460750044e+00
1.860000000000000098e+00,1.000000000000000000e+00,2.020547635303711047e+02,-1.154184867588847307e+00,1.187136673216284919e+02,4.057759136927069576e+00
1.870000000000000107e+00,1.000000000000000000e+00,2.032751655565188003e+02,-1.105924196295633655e+00,1.239258446696721307e+02,4.841789585296308651e+00
1.880000000000000115e+00,1.000000000000000000e+00,2.044901732884219427e+02,-1.061435675787746780e+00,1.225003165820004511e+02,4.402095128531716028e+00
1.890000000000000124e+00,1.000000000000000000e+00,2.057156850134793729e+02,-1.020794794203796263e+00,1.221429455553588070e+02,3.806018076305148323e+00
1.900000000000000133e+00,1.000000000000000000e+00,2.069368219556346844e+02,-9.855460890348620717e-01,1.219934064578919788e+02,3.274408096764755971e+00
1.910000000000000142e+00,1.000000000000000000e+00,2.081603891090597642e+02,-9.544089593339787347e-01,1.224029040896689366e+02,2.919273223969614861e+00
1.919999999999999929e+00,1.000000000000000000e+00,2.093741229090945808e+02,-9.299531673043676117e-01,1.220789101502414411e+02,2.702319604636939765e+00
1.929999999999999938e+00,1.000000000000000000e+00,2.105831163143108711e+02,-9.006351568183801337e-01,1.213933029807049451e+02,2.371010094011117619e+00
1.939999999999999947e+00,1.000000000000000000e+00,2.117727039776217453e+02,-8.752830781262925797e-01,1.170940971522648368e+02,2.661580446348445150e+00
1.949999999999999956e+00,1.000000000000000000e+00,2.129835190353604730e+02,-8.533701314121370229e-01,1.235188551372679058e+02,1.870699575688878458e+00
1.959999999999999964e+00,1.000000000000000000e+00,2.141982360749103407e+02,-8.338420154291463771e-01,1.202736262946831403e+02,1.933432805287830458e+00
1.969999999999999973e+00,1.000000000000000000e+00,2.154376550689904946e+02,-8.159536808975005329e-01,1.242767232706207778e+02,1.869295357371898669e+00
1.979999999999999982e+00,1.000000000000000000e+00,2.166785319637566545e+02,-7.982034975503633500e-01,1.238167630898250735e+02,1.702102222732824632e+00
1.989999999999999991e+00,1.000000000000000000e+00,2.178948563740955251e+02,-7.887635718717734834e-01,1.198112190450303416e+02,3.431008447114244353e-01
2.000000000000000000e+00,1.000000000000000000e+00,2.191275798346427166e+02,-7.770164058256219253e-01,1.249694651880998890e+02,1.377071289635404927e+00
2.010000000000000231e+00,1.000000000000000000e+00,2.203683239650279404e+02,-7.691097441060290585e-01,1.238052585888061401e+02,6.068952994528609146e-01
2.020000000000000018e+00,1.000000000000000000e+00,2.216054508281502535e+02,-7.617542140339146339e-01,1.235445610407197847e+02,8.699779896279710156e-01
2.030000000000000249e+00,1.000000000000000000e+00,2.228384639885953789e+02,-7.454610044515405098e-01,1.234059234572834782e+02,1.980830138356690195e+00
2.040000000000000036e+00,1.000000000000000000e+00,2.240679330956592423e+02,-7.224801791136896689e-01,1.226810307509822167e+02,2.692761985319788831e+00
2.049999999999999822e+00,1.000000000000000000e+00,2.252694321029838989e+02,-6.911021798262592108e-01,1.182064872772176471e+02,3.510857810617905361e+00
2.060000000000000053e+00,1.000000000000000000e+00,2.264909484412408744e+02,-6.606730751340790242e-01,1.242025668932509603e+02,3.008940033804142544e+00
2.069999999999999840e+00,1.000000000000000000e+00,2.276995168720733318e+02,-6.283210870131603620e-01,1.187772611546213284e+02,3.226888559790047850e+00
2.080000000000000071e+00,1.000000000000000000e+00,2.289307186541543899e+02,-6.004826486246801487e-01,1.226809511639712582e+02,2.676765065436685020e+00
2.089999999999999858e+00,1.000000000000000000e+00,2.301531095697173157e+02,-5.749118082268996899e-01,1.220846607461742366e+02,2.360144390836780293e+00
2.100000000000000089e+00,1.000000000000000000e+00,2.313722866790273258e+02,-5.539673239310124453e-01,1.217209182932954974e+02,1.803997433177318532e+00
2.109999999999999876e+00,1.000000000000000000e+00,2.325552985988931880e+02,-5.336752313907680012e-01,1.179096793434986097e+02,1.005419390573467409e+00
2.120000000000000107e+00,1.000000000000000000e+00,2.337747017378832766e+02,-5.163765918781891839e-01,1.236007262773300681e+02,2.260653816870906496e+00
2.129999999999999893e+00,1.000000000000000000e+00,2.349903996563706983e+02,-4.975776735669964479e-01,1.221780534060117560e+02,2.215411044909819882e+00
2.140000000000000124e+00,1.000000000000000000e+00,2.362082638316369980e+02,-4.762078190072432937e-01,1.215043350697310132e+02,2.148395412024946438e+00
2.149999999999999911e+00,1.000000000000000000e+00,2.374255697322836625e+02,-4.561748982730867152e-01,1.217730527944314076e+02,1.858372125880812797e+00
2.160000000000000142e+00,1.000000000000000000e+00,2.386396332421122963e+02,-4.422271650307928459e-01,1.212838533910157679e+02,1.054422858575559507e+00
2.169999999999999929e+00,1.000000000000000000e+00,2.398313455008023141e+02,-4.312145031253197813e-01,1.171526487823703349e+02,1.101484586244534158e+00
2.180000000000000160e+00,1.000000000000000000e+00,2.410462883017924582e+02,-4.254038728723860685e-01,1.235897615272638603e+02,3.757690904131377740e-01
2.189999999999999947e+00,1.000000000000000000e+00,2.422575224600167587e+02,-4.155219431893986681e-01,1.221215853870646839e+02,1.005760216345439995e+00
2.200000000000000178e+00,1.000000000000000000e+00,2.434614507898427576e+02,-4.109590676797175157e-01,1.212224456680786489e+02,1.155849459342615404e+00
2.209999999999999964e+00,1.000000000000000000e+00,2.446657255130852491e+02,-3.950440443753608921e-01,1.208052360223152704e+02,1.114692395671688319e+00
2.220000000000000195e+00,1.000000000000000000e+00,2.458679135020652495e+02,-3.815241927916299125e-01,1.198403530441611906e+02,1.481514899640540062e+00
2.229999999999999982e+00,1.000000000000000000e+00,2.470644436651122362e+02,-3.697793937067764269e-01,1.194669495215212152e+02,9.713956684511368955e-01
2.240000000000000213e+00,1.000000000000000000e+00,2.482370425665209837e+02,-3.654366148597388286e-01,1.154552575866327544e+02,7.692480439415996796e-02
2.250000000000000000e+00,1.000000000000000000e+00,2.494327745794814462e+02,-3.623766078783788869e-01,1.219296051301320887e+02,5.297480957552151981e-01
2.260000000000000231e+00,1.000000000000000000e+00,2.506240621652413552e+02,-3.576719070813687562e-01,1.173789633948348268e+02,4.206049080055486167e-01
2.270000000000000018e+00,1.000000000000000000e+00,2.518345416220076629e+02,-3.528695833361971124e-01,1.232191926057884359e+02,4.391038002871152646e-01
2.280000000000000249e+00,1.000000000000000000e+00,2.530402100327540893e+02,-3.591527873204626853e-01,1.218640600779171024e+02,-1.145038607724732538e+00
2.290000000000000036e+00,1.000000000000000000e+00,2.542449554581156121e+02,-3.697191334062938650e-01,1.187306355612234512e+02,-1.155182332839667758e+00
2.300000000000000266e+00,1.000000000000000000e+00,2.554711115864371038e+02,-4.024331870373374920e-01,1.219849679323685336e+02,-3.747844536966255635e+00
2.310000000000000053e+00,1.000000000000000000e+00,2.566802700853473311e+02,-4.424212781998941857e-01,1.203951736146672431e+02,-4.410042722285003158e+00
2.319999999999999840e+00,1.000000000000000000e+00,2.578563375331884231e+02,-4.937994003047688207e-01,1.154956407342513813e+02,-5.604817842393783778e+00
2.330000000000000071e+00,1.000000000000000000e+00,2.590449692871105185e+02,-5.373236130415615097e-01,1.207273515589242834e+02,-3.843862541868256599e+00
2.339999999999999858e+00,1.000000000000000000e+00,2.602209425180481617e+02,-5.844422249842718964e-01,1.155693697615344888e+02,-4.927165984123910825e+00
2.350000000000000089e+00,1.000000000000000000e+00,2.614206914838837292e+02,-6.182371633408824119e-01,1.197283464855170934e+02,-3.226612130421317115e+00
2.359999999999999876e+00,1.000000000000000000e+00,2.626157728526619053e+02,-6.503542368488323122e-01,1.193456344391636605e+02,-2.990611855612694381e+00
2.370000000000000107e+00,1.000000000000000000e+00,2.637828584483544319e+02,-6.780583466220632127e-01,1.146298163747838146e+02,-2.602337331077486660e+00
2.379999999999999893e+00,1.000000000000000000e+00,2.649609990392327177e+02,-7.085758258015102395e-01,1.196019515901569150e+02,-3.313523548721520662e+00
2.390000000000000124e+00,1.000000000000000000e+00,2.661406728671298652e+02,-7.443617885181850191e-01,1.177848834197213250e+02,-3.680331022567088439e+00
2.399999999999999911e+00,1.000000000000000000e+00,2.673169303342004355e+02,-7.822864427325699754e-01,1.175674730625291033e+02,-3.926174554487381396e+00
2.410000000000000142e+00,1.000000000000000000e+00,2.684972492595933318e+02,-8.229174934795256968e-01,1.183407878039770935e+02,-4.204628843684973027e+00
2.419999999999999929e+00,1.000000000000000000e+00,2.696667927010619792e+02,-8.734742332409438648e-01,1.154850304274663131e+02,-5.843224494919412315e+00
2.430000000000000160e+00,1.000000000000000000e+00,2.708644912901067414e+02,-9.223983628206721130e-01,1.222668622485987271e+02,-4.529313682554063192e+00
2.439999999999999947e+00,1.000000000000000000e+00,2.720431402717234732e+02,-9.750009157810978211e-01,1.174182423288138182e+02,-6.116410077621401875e+00
2.450000000000000178e+00,1.000000000000000000e+00,2.732537619004075964e+02,-1.025886696863143710e+00,1.227506618618742209e+02,-4.735006471057052302e+00
2.459999999999999964e+00,1.000000000000000000e+00,2.744729397294098590e+02,-1.077472603792615669e+00,1.215641516285542565e+02,-5.224981578335139432e+00
2.470000000000000195e+00,1.000000000000000000e+00,2.756841130851915977e+02,-1.130845827474895149e+00,1.206674581378910318e+02,-5.356599610859957394e+00
2.479999999999999982e+00,1.000000000000000000e+00,2.768843609372323158e+02,-1.181510506783749692e+00,1.196356069962960760e+02,-4.862005896245839232e+00
2.490000000000000213e+00,1.000000000000000000e+00,2.780585486828563262e+02,-1.232098824021485628e+00,1.155066679985186937e+02,-5.273556287720908564e+00
2.500000000000000000e+00,1.000000000000000000e+00,2.792435311902149806e+02,-1.277532022808104850e+00,1.205860229904810694e+02,-3.923491670168732792e+00
2.510000000000000231e+00,1.000000000000000000e+00,2.804124830136538549e+02,-1.321464675907559894e+00,1.164578192006677284e+02,-5.291543201682185504e+00
2.520000000000000018e+00,1.000000000000000000e+00,2.816094886166146125e+02,-1.369014872590502030e+00,1.211724977131244430e+02,-4.594713429668476401e+00
2.530000000000000249e+00,1.000000000000000000e+00,2.828040308941219791e+02,-1.421040525653981312e+00,1.199090840226150618e+02,-5.206116617798304702e+00
2.540000000000000036e+00,1.000000000000000000e+00,2.839992894500619514e+02,-1.474692025901960468e+00,1.193118712937835824e+02,-5.543101526491859055e+00
2.550000000000000266e+00,1.000000000000000000e+00,2.851959424284288502e+02,-1.526905973008538364e+00,1.198750903272257915e+02,-4.890949742516484733e+00
2.560000000000000053e+00,1.000000000000000000e+00,2.863788896752740243e+02,-1.580737214234331445e+00,1.167812281615211845e+02,-5.846644862469428716e+00
2.569999999999999840e+00,1.000000000000000000e+00,2.875771252849334587e+02,-1.619425215200101187e+00,1.217779446576505507e+02,-2.979777591436043149e+00
2.580000000000000071e+00,1.000000000000000000e+00,2.887475772216124597e+02,-1.665606931705647664e+00,1.163403159071568496e+02,-5.518885377019450367e+00
2.589999999999999858e+00,1.000000000000000000e+00,2.899578447229273479e+02,-1.690471421857576262e+00,1.203467362422855587e+02,-2.551885139836332250e+00
2.600000000000000089e+00,1.000000000000000000e+00,2.911543014461296366e+02,-1.721172530852863147e+00,1.192172078280911478e+02,-2.916674326280863649e+00
2.609999999999999876e+00,1.000000000000000000e+00,2.923430915458461641e+02,-1.750689017026451078e+00,1.184646874499512847e+02,-3.140258135519907068e+00
2.620000000000000107e+00,1.000000000000000000e+00,2.935275565613811750e+02,-1.781492651096744817e+00,1.184106611682153414e+02,-3.167579782854960779e+00
2.629999999999999893e+00,1.000000000000000000e+00,2.947127383477930493e+02,-1.814887082366162918e+00,1.184583553189191889e+02,-3.549265953879035429e+00
2.640000000000000124e+00,1.000000000000000000e+00,2.958767462131989987e+02,-1.847616019565113676e+00,1.147101985314818933e+02,-3.353108775070346770e+00
2.649999999999999911e+00,1.000000000000000000e+00,2.970390998659275397e+02,-1.886254694068912885e+00,1.167387288280052218e+02,-4.423631905904742645e+00
2.660000000000000142e+00,1.000000000000000000e+00,2.982243420704511436e+02,-1.902040705711623758e+00,1.168001272093075755e+02,-1.589255305755531422e+00
2.669999999999999929e+00,1.000000000000000000e+00,2.994367030139304120e+02,-1.917391938174480392e+00,1.210965556052409937e+02,-1.526912550262568669e+00
2.680000000000000160e+00,1.000000000000000000e+00,3.006493928296280842e+02,-1.933265709270288069e+00,1.214300748225259241e+02,-1.762032472033376429e+00
2.689999999999999947e+00,1.000000000000000000e+00,3.018361018606224775e+02,-1.949096109591899495e+00,1.167339415063942880e+02,-1.501456285157547921e+00
2.700000000000000178e+00,1.000000000000000000e+00,3.030384203930765921e+02,-1.972122630020905598e+00,1.221457864080664422e+02,-2.946685946847786397e+00
2.709999999999999964e+00,1.000000000000000000e+00,3.042425818756240119e+02,-1.998516854577336188e+00,1.210326900175139997e+02,-2.858291926414156414e+00
2.720000000000000195e+00,1.000000000000000000e+00,3.054275096403745806e+02,-2.034180445033171747e+00,1.163679687263345244e+02,-4.159352574087978205e+00
2.729999999999999982e+00,1.000000000000000000e+00,3.066248414176446317e+02,-2.057529673249707702e+00,1.214446150454138404e+02,-1.537924900920151661e+00
2.740000000000000213e+00,1.000000000000000000e+00,3.078222402621818219e+02,-2.081137185772198528e+00,1.207144599063662014e+02,-1.667102182061469540e+00
2.750000000000000000e+00,1.000000000000000000e+00,3.090317612465258321e+02,-2.093308958813480114e+00,1.209905082990128307e+02,-8.328716931338457918e-01
2.760000000000000231e+00,1.000000000000000000e+00,3.102414319038975918e+02,-2.096966929927513767e+00,1.209159261296392884e+02,-1.179503455794052857e-01
2.770000000000000018e+00,1.000000000000000000e+00,3.114291201002463367e+02,-2.098676641816953570e+00,1.169628152913879831e+02,-1.200721845823319034e-01
2.780000000000000249e+00,1.000000000000000000e+00,3.126335861402511114e+02,-2.095534118285669489e+00,1.223302256851987835e+02,5.379333910084969084e-01
2.790000000000000036e+00,1.000000000000000000e+00,3.138303502298056742e+02,-2.089112476543539820e+00,1.178175700238729888e+02,7.542004089983633808e-01
2.800000000000000266e+00,1.000000000000000000e+00,3.150540913328404145e+02,-2.078825920865835286e+00,1.225131746707181861e+02,1.185054216584462639e+00
2.810000000000000053e+00,1.000000000000000000e+00,3.162730681443206322e+02,-2.069931972144726018e+00,1.216079017433007863e+02,7.082613608097504398e-01
2.819999999999999840e+00,1.000000000000000000e+00,3.174679132865459223e+02,-2.053593980803746444e+00,1.176936857597318209e+02,2.153706224536353631e+00
2.830000000000000071e+00,1.000000000000000000e+00,3.186894339245015999e+02,-2.048456016028732840e+00,1.218537050347604804e+02,7.220730732404623264e-01
2.839999999999999858e+00,1.000000000000000000e+00,3.198805725602557004e+02,-2.041132799276191623e+00,1.170850350227519385e+02,4.880222870928797585e-01
2.850000000000000089e+00,1.000000000000000000e+00,3.210869257402009112e+02,-2.022645263683795491e+00,1.226179379340022706e+02,2.690893632206656338e+00
2.859999999999999876e+00,1.000000000000000000e+00,3.222917922380567006e+02,-1.999034186117534473e+00,1.189711148583439240e+02,2.527094134881828325e+00
2.870000000000000107e+00,1.000000000000000000e+00,3.235322530114389110e+02,-1.956643785324583051e+00,1.242917300537759644e+02,4.684653329092897778e+00
2.879999999999999893e+00,1.000000000000000000e+00,3.247739629060107518e+02,-1.909190646433058358e+00,1.239579431448365057e+02,4.918438095967656132e+00
2.890000000000000124e+00,1.000000000000000000e+00,3.259774934371777704e+02,-1.854002987639802313e+00,1.183929788874922480e+02,5.660189214184803141e+00
2.899999999999999911e+00,1.000000000000000000e+00,3.271987274957572822e+02,-1.800569670563524349e+00,1.240566222864649717e+02,5.311102288221478673e+00
2.910000000000000142e+00,1.000000000000000000e+00,3.284068675773414157e+02,-1.743044892071434537e+00,1.187268009170782506e+02,5.946932290046182068e+00
2.919999999999999929e+00,1.000000000000000000e+00,3.296340466011084231e+02,-1.687808236807521789e+00,1.228495380760616200e+02,5.531393725778979586e+00
2.930000000000000160e+00,1.000000000000000000e+00,3.308568281000959246e+02,-1.631178490648094170e+00,1.218648161444041591e+02,5.770549469339774085e+00
2.939999999999999947e+00,1.000000000000000000e+00,3.320597104021861696e+02,-1.578915762342814055e+00,1.216529803070618385e+02,5.622774960464731464e+00
2.950000000000000178e+00,1.000000000000000000e+00,3.332787398884161689e+02,-1.523460303800560078e+00,1.215415062385293226e+02,5.419150925724420809e+00
2.959999999999999964e+00,1.000000000000000000e+00,3.344892874418598581e+02,-1.471161673878221610e+00,1.206823181122844062e+02,5.123662357854866123e+00
2.970000000000000195e+00,1.000000000000000000e+00,3.356580942674149242e+02,-1.407695901527598270e+00,1.161954451721588129e+02,5.843051321625152283e+00
2.979999999999999982e+00,1.000000000000000000e+00,3.368598527176453672e+02,-1.358798760055876631e+00,1.223874996159764521e+02,4.559005475606605629e+00
2.990000000000000213e+00,1.000000000000000000e+00,3.380624299119381817e+02,-1.305086484431049021e+00,1.186390829226979520e+02,6.049092983074178420e+00
3.000000000000000000e+00,1.000000000000000000e+00,3.392843909864307648e+02,-1.246190048299256725e+00,1.240767409821778244e+02,5.954075743677996080e+00
3.010000000000000231e+00,1.000000000000000000e+00,3.405049271946138560e+02,-1.182818976680632961e+00,1.224896216995649638e+02,6.210235531853420810e+00
3.020000000000000018e+00,1.000000000000000000e+00,3.417093394281526457e+02,-1.126620625887332805e+00,1.213099297311415654e+02,5.844571070249231504e+00
3.030000000000000249e+00,1.000000000000000000e+00,3.429230981624313017e+02,-1.069160387378506938e+00,1.209073359231222895e+02,5.588106073548765096e+00
3.040000000000000036e+00,1.000000000000000000e+00,3.441300966324611181e+02,-1.016682900498574238e+00,1.203538760943223309e+02,5.040433087808056101e+00
3.050000000000000266e+00,1.000000000000000000e+00,3.453334989522476803e+02,-9.685198896788180800e-01,1.201526173140354103e+02,4.588974398737617477e+00
3.060000000000000053e+00,1.000000000000000000e+00,3.465333968644068250e+02,-9.250126628249387695e-01,1.202261434085091452e+02,4.234360712676674687e+00
3.070000000000000284e+00,1.000000000000000000e+00,3.477354582718713800e+02,-8.855968592921129590e-01,1.202067570583905649e+02,3.769118534857820890e+00
3.080000000000000071e+00,1.000000000000000000e+00,3.488899197737043210e+02,-8.361526821464692061e-01,1.118632665999237190e+02,5.825095899848962588e+00
3.089999999999999858e+00,1.000000000000000000e+00,3.500883147217624014e+02,-8.075981689379538864e-01,1.219416012260466715e+02,2.727515855485231011e+00
3.100000000000000089e+00,1.000000000000000000e+00,3.512834912840536958e+02,-7.772430548091884273e-01,1.179390381205052591e+02,2.936142469190314408e+00
3.109999999999999876e+00,1.000000000000000000e+00,3.525061962011015453e+02,-7.515785526894784851e-01,1.249022016473127366e+02,2.395384619382891156e+00
3.120000000000000107e+00,1.000000000000000000e+00,3.537342812225398916e+02,-7.228410391523941714e-01,1.235346634599321192e+02,3.042441279123836662e+00
3.129999999999999893e+00,1.000000000000000000e+00,3.549725995913949532e+02,-6.905445572324453440e-01,1.237326362797265915e+02,3.495955864871284291e+00
3.140000000000000124e+00,1.000000000000000000e+00,3.561845753712131568e+02,-6.609658414950086991e-01,1.192807437677750499e+02,2.602890601252589420e+00
3.149999999999999911e+00,1.000000000000000000e+00,3.573977840919664573e+02,-6.136595350133096094e-01,1.194185133371565826e+02,5.284957331636581657e+00
3.160000000000000142e+00,1.000000000000000000e+00,3.586208692232393105e+02,-5.799034229951530728e-01,1.239299193616350721e+02,2.641718653593980726e+00
3.169999999999999929e+00,1.000000000000000000e+00,3.598523997393632499e+02,-5.481715101531434708e-01,1.228756107139905396e+02,3.084449652552663235e+00
3.180000000000000160e+00,1.000000000000000000e+00,3.610823013611469037e+02,-5.187713274548575448e-01,1.228617950791448550e+02,2.834409673444836297e+00
3.189999999999999947e+00,1.000000000000000000e+00,3.623086688247008169e+02,-4.934947671617674336e-01,1.223665444519582763e+02,2.255199372932739532e+00
3.200000000000000178e+00,1.000000000000000000e+00,3.635098716392381561e+02,-4.748535529771469865e-01,1.184272692044946211e+02,1.679556779502330954e+00
3.209999999999999964e+00,1.000000000000000000e+00,3.647314748048382285e+02,-4.573994048560997006e-01,1.242518164155596878e+02,1.692750154353872993e+00
3.220000000000000195e+00,1.000000000000000000e+00,3.659386432637975872e+02,-4.451605958773772187e-01,1.187828300874676586e+02,1.010442711790334736e+00
3.229999999999999982e+00,1.000000000000000000e+00,3.671664229931354271e+02,-4.365434298735989538e-01,1.222725028776719256e+02,6.197357031514759695e-01
3.240000000000000213e+00,1.000000000000000000e+00,3.683637028639006985e+02,-4.252126816320382918e-01,1.179999054269692493e+02,1.508697278485079840e+00
3.250000000000000000e+00,1.000000000000000000e+00,3.695805381118628929e+02,-4.248617972674919585e-01,1.235787088795440951e+02,-6.418331436023732017e-01
3.260000000000000231e+00,1.000000000000000000e+00,3.708025513181140127e+02,-4.238094760707292741e-01,1.229271671597167455e+02,-4.762527197124131195e-01
3.270000000000000018e+00,1.000000000000000000e+00,3.720339583319355938e+02,-4.319508134928172760e-01,1.230175869174789085e+02,-7.735386386005745907e-01
3.280000000000000249e+00,1.000000000000000000e+00,3.732407451578826567e+02,-4.453651251674951017e-01,1.186708551952638118e+02,-1.746568715545370187e+00
3.290000000000000036e+00,1.000000000000000000e+00,3.744614517458838350e+02,-4.498449528972715550e-01,1.240289687121887852e+02,1.214919758924792870e-01
3.300000000000000266e+00,1.000000000000000000e+00,3.756923456177744356e+02,-4.577849354348403343e-01,1.231554983005095210e+02,-1.010765584044027277e+00
3.310000000000000053e+00,1.000000000000000000e+00,3.769257651790060777e+02,-4.744829914563641893e-01,1.234194920409480147e+02,-2.310180575754551491e+00
3.320000000000000284e+00,1.000000000000000000e+00,3.781440402586015352e+02,-5.027494945020674066e-01,1.203438873528512261e+02,-3.274013433146653718e+00
3.330000000000000071e+00,1.000000000000000000e+00,3.793795688404142652e+02,-5.447334102777805498e-01,1.253024352271462618e+02,-4.984605057607951473e+00
3.339999999999999858e+00,1.000000000000000000e+00,3.806182348741468786e+02,-5.991319247939960180e-01,1.244571164170820339e+02,-6.174559778370236174e+00
3.350000000000000089e+00,1.000000000000000000e+00,3.818560080606291081e+02,-6.632942056659326679e-01,1.232784767183846952e+02,-6.569286494052752445e+00
3.359999999999999876e+00,1.000000000000000000e+00,3.830615933399328128e+02,-7.401077165763941812e-01,1.185268701737055750e+02,-8.554075372237454289e+00
3.370000000000000107e+00,1.000000000000000000e+00,3.842721970118670924e+02,-8.069850854119717809e-01,1.227412832487640060e+02,-5.977127598564793587e+00
3.379999999999999893e+00,1.000000000000000000e+00,3.854902339411979710e+02,-8.758349463386192468e-01,1.214464906903133254e+02,-6.851835021700251716e+00
3.390000000000000124e+00,1.000000000000000000e+00,3.867002248227278187e+02,-9.453759734175284368e-01,1.207698527704359321e+02,-7.121247955151180697e+00
3.399999999999999911e+00,1.000000000000000000e+00,3.878837569669501022e+02,-1.021075276874100712e+00,1.164586146513471050e+02,-7.950674243964270360e+00
3.410000000000000142e+00,1.000000000000000000e+00,3.890852674684730914e+02,-1.099586107209114205e+00,1.221350902607261588e+02,-8.087843368858962378e+00
3.419999999999999929e+00,1.000000000000000000e+00,3.902904503105402227e+02,-1.187174445834579872e+00,1.210909815120429585e+02,-9.061919973754251956e+00
3.430000000000000160e+00,1.000000000000000000e+00,3.914947545838441556e+02,-1.282040615884161738e+00,1.199654499429546348e+02,-9.821141997694430970e+00
3.439999999999999947e+00,1.000000000000000000e+00,3.926918142677542960e+02,-1.382917252402173558e+00,1.195351500567008145e+02,-1.034232021421066783e+01
3.450000000000000178e+00,1.000000000000000000e+00,3.938815118329560505e+02,-1.491044831861607411e+00,1.196487730525497710e+02,-9.919844639048571722e+00
3.459999999999999964e+00,1.000000000000000000e+00,3.950422094610553927e+02,-1.595215910331449605e+00,1.151898848830503255e+02,-1.099634239367773603e+01
3.470000000000000195e+00,1.000000000000000000e+00,3.962244449509704509e+02,-1.683318327578954943e+00,1.199230967144283824e+02,-7.755607781423996983e+00
3.479999999999999982e+00,1.000000000000000000e+00,3.973954457222267251e+02,-1.774402178695751120e+00,1.151567437404389551e+02,-9.766179176412324026e+00
3.490000000000000213e+00,1.000000000000000000e+00,3.985814066200627508e+02,-1.852275757042360471e+00,1.189117946313326399e+02,-7.736747591281961434e+00
3.500000000000000000e+00,1.000000000000000000e+00,3.997668431071412556e+02,-1.933997782550759714e+00,1.182088279162277757e+02,-8.382341766443168751e+00
3.510000000000000231e+00,1.000000000000000000e+00,4.009493442104480323e+02,-2.019929814202044760e+00,1.182606722775500145e+02,-8.834611929489383897e+00
3.520000000000000018e+00,1.000000000000000000e+00,4.021368862322217979e+02,-2.109174665132482751e+00,1.191521250227871320e+02,-9.075279473942025277e+00
3.530000000000000249e+00,1.000000000000000000e+00,4.033050200692868543e+02,-2.202889177336025739e+00,1.156506522086262976e+02,-1.003242870342248416e+01
3.540000000000000036e+00,1.000000000000000000e+00,4.045063612585703936e+02,-2.288636814798326036e+00,1.225256096835873905e+02,-8.091584620682054307e+00
3.550000000000000266e+00,1.000000000000000000e+00,4.057066095259094709e+02,-2.380637825121468598e+00,1.183332006313523976e+02,-9.637933330406522003e+00
3.560000000000000053e+00,1.000000000000000000e+00,4.069235173914781285e+02,-2.461268155842953220e+00,1.232571747288841806e+02,-7.447541492153249010e+00
3.570000000000000284e+00,1.000000000000000000e+00,4.081446640996307451e+02,-2.537406936476209296e+00,1.225528054131052897e+02,-6.970433714515042567e+00
3.580000000000000071e+00,1.000000000000000000e+00,4.093588814127860473e+02,-2.611190887655329362e+00,1.215973331795156156e+02,-6.645031049731605854e+00
3.589999999999999858e+00,1.000000000000000000e+00,4.105713320149258152e+02,-2.673815316899326167e+00,1.210382890684746542e+02,-6.060089171106422867e+00
3.600000000000000089e+00,1.000000000000000000e+00,4.117802863486493266e+02,-2.729774095258941102e+00,1.209831455680937040e+02,-5.431100289761469746e+00
3.609999999999999876e+00,1.000000000000000000e+00,4.129668597148411209e+02,-2.794838206046741824e+00,1.168203479019926476e+02,-7.255444609887446106e+00
3.620000000000000107e+00,1.000000000000000000e+00,4.141714627312297807e+02,-2.852311734320685410e+00,1.223985925819095542e+02,-5.357461604623905416e+00
3.629999999999999893e+00,1.000000000000000000e+00,4.153702751019757216e+02,-2.923465866899532362e+00,1.180804654419828097e+02,-8.227379820417107581e+00
3.640000000000000124e+00,1.000000000000000000e+00,4.165910185083538977e+02,-2.989271704235157312e+00,1.217457907113574009e+02,-7.140571966990377994e+00
3.649999999999999911e+00,1.000000000000000000e+00,4.178045126942923844e+02,-3.067758220178602890e+00,1.211328754763749629e+02,-8.275098501581059196e+00
3.660000000000000142e+00,1.000000000000000000e+00,4.189949021669635272e+02,-3.148895890393780483e+00,1.170308245293242919e+02,-8.069727968835652021e+00
3.669999999999999929e+00,1.000000000000000000e+00,4.202110716072929222e+02,-3.230735887125361749e+00,1.211208921757872332e+02,-8.118686592416944237e+00
3.680000000000000160e+00,1.000000000000000000e+00,4.214144953310769210e+02,-3.309507620619271506e+00,1.200196521831551593e+02,-7.649356129540708871e+00
3.689999999999999947e+00,1.000000000000000000e+00,4.225876718941030958e+02,-3.396604487587975285e+00,1.155738690627654819e+02,-9.132448313943188012e+00
3.700000000000000178e+00,1.000000000000000000e+00,4.237773657511436340e+02,-3.471266181262722128e+00,1.209903130380581615e+02,-6.753312402486357335e+00
3.709999999999999964e+00,1.000000000000000000e+00,4.249616174941562008e+02,-3.551520386130212703e+00,1.166164910736200824e+02,-8.828236530092622658e+00
3.720000000000000195e+00,1.000000000000000000e+00,4.261529751516304714e+02,-3.628111556570714935e+00,1.207147938421393860e+02,-7.144730225437101012e+00
3.729999999999999982e+00,1.000000000000000000e+00,4.273524662790842967e+02,-3.704937072878079274e+00,1.197370864876680798e+02,-7.881316025405454617e+00
3.740000000000000213e+00,1.000000000000000000e+00,4.285495365717862910e+02,-3.784711798038474573e+00,1.197641097433844521e+02,-7.963700565852287028e+00
3.750000000000000000e+00,1.000000000000000000e+00,4.297286971705502197e+02,-3.862956120675963501e+00,1.162161455918281376e+02,-7.904418926054364469e+00
3.760000000000000231e+00,1.000000000000000000e+00,4.309270685640381657e+02,-3.935246281256724821e+00,1.218009970815106016e+02,-6.938713351746256031e+00
3.770000000000000018e+00,1.000000000000000000e+00,4.321325150619461510e+02,-4.005847435990075311e+00,1.215140310482541395e+02,-6.794689840617598620e+00
3.780000000000000249e+00,1.000000000000000000e+00,4.333288112104687571e+02,-4.090507885080771011e+00,1.179655574140140288e+02,-9.694958542502364551e+00
3.790000000000000036e+00,1.000000000000000000e+00,4.345376869125756230e+02,-4.153023609205506617e+00,1.212778007539962175e+02,-5.857588666258362053e+00
3.800000000000000266e+00,1.000000000000000000e+00,4.357467896493384956e+02,-4.215100126036841921e+00,1.205182498349328881e+02,-6.263871171355714473e+00
3.810000000000000053e+00,1.000000000000000000e+00,4.369501129027322577e+02,-4.279356503557583125e+00,1.202371278813412232e+02,-6.540353606121357188e+00
3.820000000000000284e+00,1.000000000000000000e+00,4.381548541977339823e+02,-4.345473964623516316e+00,1.206744301694605781e+02,-6.712409482575222519e+00
3.830000000000000071e+00,1.000000000000000000e+00,4.393489756937296420e+02,-4.417489868676931941e+00,1.183845966070307725e+02,-7.693999208867803752e+00
3.839999999999999858e+00,1.000000000000000000e+00,4.405693087617736410e+02,-4.480920678802044144e+00,1.239049800024186538e+02,-5.881871902652639150e+00
3.850000000000000089e+00,1.000000000000000000e+00,4.417827835732571202e+02,-4.551745205112717407e+00,1.195367333136440067e+02,-7.678597280793344027e+00
3.859999999999999876e+00,1.000000000000000000e+00,4.430215866534451834e+02,-4.604361951297701872e+00,1.234731599847173129e+02,-5.429802937433093390e+00
3.870000000000000107e+00,1.000000000000000000e+00,4.442345423909928286e+02,-4.659964303673985953e+00,1.225454994222081666e+02,-5.356323635851006237e+00
3.879999999999999893e+00,1.000000000000000000e+00,4.454630415723192414e+02,-4.707776979238945003e+00,1.226550262081051130e+02,-4.461471238798953465e+00
3.890000000000000124e+00,1.000000000000000000e+00,4.466896829892688743e+02,-4.750158505174534085e+00,1.227378113167876705e+02,-3.930983244700541501e+00
3.899999999999999911e+00,1.000000000000000000e+00,4.479190183119092126e+02,-4.790123411282752208e+00,1.227867561639988310e+02,-4.069932987061092966e+00
3.910000000000000142e+00,1.000000000000000000e+00,4.491422144312721798e+02,-4.829417718157618999e+00,1.220035164500395553e+02,-3.892085082912704497e+00
3.919999999999999929e+00,1.000000000000000000e+00,4.503383449102290683e+02,-4.874392298627458153e+00,1.178258639394214242e+02,-5.088029629504889684e+00
3.930000000000000160e+00,1.000000000000000000e+00,4.515533506696251607e+02,-4.899594827081537929e+00,1.236490836352936782e+02,-1.210998367834793754e+00
3.939999999999999947e+00,1.000000000000000000e+00,4.527725053198273599e+02,-4.921722786989762177e+00,1.226260713659236501e+02,-1.404608353366427087e+00
3.950000000000000178e+00,1.000000000000000000e+00,4.539942365348262001e+02,-4.931877666218899670e+00,1.219216421020594083e+02,-8.133259937970084286e-01
3.959999999999999964e+00,1.000000000000000000e+00,4.551890931878858737e+02,-4.938977776346184179e+00,1.176746400392377723e+02,-6.980110861835011615e-01
3.970000000000000195e+00,1.000000000000000000e+00,4.564004386285110400e+02,-4.944717758556753218e+00,1.231116612336277285e+02,-5.387331972940998526e-01
3.979999999999999982e+00,1.000000000000000000e+00,4.576094717330385038e+02,-4.954091067071257015e+00,1.221283603360692211e+02,-1.072209329136291078e+00
3.990000000000000213e+00,1.000000000000000000e+00,4.588355765777878332e+02,-4.967107679490501582e+00,1.225292610223317666e+02,-1.547087983139255218e+00
4.000000000000000000e+00,1.000000000000000000e+00,4.600492629930484441e+02,-4.993747055122852885e+00,1.229548570219160837e+02,-2.191496692278054326e+00
4.009999999999999787e+00,2.000000000000000000e+00,4.610852492645561824e+02,-5.022897586206745757e+00,9.326283081037985312e+01,-4.438787345039524546e+00
4.020000000000000462e+00,2.000000000000000000e+00,4.622240408489749939e+02,-5.038006955751269444e+00,1.238708128551256493e+02,4.871309441052650291e-01
4.030000000000000249e+00,2.000000000000000000e+00,4.633286296798297030e+02,-5.042606216243238570e+00,1.019608715162060975e+02,-9.168180221880435354e-01
4.040000000000000036e+00,2.000000000000000000e+00,4.644943682564962160e+02,-5.041060478580562609e+00,1.267977239174469446e+02,9.551286768874234223e-01
4.049999999999999822e+00,2.000000000000000000e+00,4.656677816509791228e+02,-5.041958370123916566e+00,1.150224131715997515e+02,-5.016980953895550099e-01
4.060000000000000497e+00,2.000000000000000000e+00,4.668923281625161508e+02,-5.034028783387510586e+00,1.268430841719382158e+02,1.594334195843862378e+00
4.070000000000000284e+00,2.000000000000000000e+00,4.681073111346926225e+02,-5.022000111329087524e+00,1.185206965111046600e+02,1.322143791535334012e+00
4.080000000000000071e+00,2.000000000000000000e+00,4.693247750387556039e+02,-5.015108002937418874e+00,1.201979290667858180e+02,5.833633207766282247e-01
4.089999999999999858e+00,2.000000000000000000e+00,4.705048186701604891e+02,-5.010236028040063516e+00,1.162896893282396888e+02,4.315158828657430501e-01
4.099999999999999645e+00,2.000000000000000000e+00,4.716449532051628353e+02,-5.006084074262025396e+00,1.123437405609039246e+02,4.707569056942561003e-01
4.110000000000000320e+00,2.000000000000000000e+00,4.727478540101854492e+02,-5.000171890213893633e+00,1.089233657730944884e+02,7.506180869386588350e-01
4.120000000000000107e+00,2.000000000000000000e+00,4.738241169436730047e+02,-4.991850977446085302e+00,1.067923989988522209e+02,9.039795044556810932e-01
4.129999999999999893e+00,2.000000000000000000e+00,4.748811262236183097e+02,-4.983405530955505647e+00,1.054295024659625852e+02,9.007335594999061890e-01
4.139999999999999680e+00,2.000000000000000000e+00,4.759298886530698951e+02,-4.973972977264766726e+00,1.041176929970390148e+02,1.027520346709403176e+00
4.150000000000000355e+00,2.000000000000000000e+00,4.769550953426703472e+02,-4.960984321981213085e+00,1.013275119792076566e+02,1.386189181041146190e+00
4.160000000000000142e+00,2.000000000000000000e+00,4.779471318029782765e+02,-4.945842532751623999e+00,9.753972653193264364e+01,1.588803353178797062e+00
4.169999999999999929e+00,2.000000000000000000e+00,4.788994772132472235e+02,-4.928359713263281705e+00,9.331994857963104550e+01,1.873155605106183952e+00
4.179999999999999716e+00,2.000000000000000000e+00,4.798103236221752468e+02,-4.908102458674084900e+00,9.002918325643857145e+01,2.119365544470556806e+00
4.190000000000000391e+00,2.000000000000000000e+00,4.806948911178279786e+02,-4.887925741350373166e+00,8.734175188904171705e+01,2.105368202498031582e+00
4.200000000000000178e+00,2.000000000000000000e+00,4.815501999217458433e+02,-4.865710430094195793e+00,8.408776308856442938e+01,2.365942338444044779e+00
4.209999999999999964e+00,2.000000000000000000e+00,4.823690307039124150e+02,-4.840242665829736168e+00,8.019630365530024108e+01,2.710788910413184372e+00
4.219999999999999751e+00,2.000000000000000000e+00,4.831456879822407018e+02,-4.811881844243318440e+00,7.577501059236804792e+01,2.928138935272219801e+00
4.230000000000000426e+00,2.000000000000000000e+00,4.838780562367598463e+02,-4.781604626748670483e+00,7.146283153108089437e+01,3.191789051123619103e+00
4.240000000000000213e+00,2.000000000000000000e+00,4.845689771174801308e+02,-4.747924055916036501e+00,6.749133052539258415e+01,3.403168185425417658e+00
4.250000000000000000e+00,2.000000000000000000e+00,4.852224503070467563e+02,-4.715334533869910416e+00,6.375181077419899367e+01,3.155165114410623417e+00
4.259999999999999787e+00,2.000000000000000000e+00,4.858374684335516918e+02,-4.685754102109027208e+00,5.990438221419717024e+01,2.792456362115157020e+00
4.270000000000000462e+00,2.000000000000000000e+00,4.864157995431526160e+02,-4.658860387728364749e+00,5.646476204550135947e+01,2.696181846315875319e+00
4.280000000000000249e+00,2.000000000000000000e+00,4.869658150408052393e+02,-4.631454540458895153e+00,5.362348793939364100e+01,2.785610899728412360e+00
4.290000000000000036e+00,2.000000000000000000e+00,4.874839489926024498e+02,-4.602605511336227195e+00,5.095506508081906105e+01,2.965960587560941164e+00
4.299999999999999822e+00,2.000000000000000000e+00,4.879840129557384785e+02,-4.571810316506762284e+00,4.917123514038778609e+01,3.172699417366452668e+00
4.310000000000000497e+00,2.000000000000000000e+00,4.884703782539000940e+02,-4.539402231697367895e+00,4.820294410779127503e+01,3.279629714277445984e+00
4.320000000000000284e+00,2.000000000000000000e+00,4.889472879030802233e+02,-4.506389827257283542e+00,4.726115735207235247e+01,3.309111438488549162e+00
4.330000000000000071e+00,2.000000000000000000e+00,4.894137426271094569e+02,-4.473411397054753991e+00,4.605069882605422293e+01,3.246966742797211758e+00
4.339999999999999858e+00,2.000000000000000000e+00,4.898624820247447360e+02,-4.443143771316234947e+00,4.375456714672015579e+01,2.792327192032118877e+00
4.350000000000000533e+00,2.000000000000000000e+00,4.902838156414450168e+02,-4.419092008547755412e+00,4.076298218031120513e+01,2.061587994747178243e+00
4.360000000000000320e+00,2.000000000000000000e+00,4.906756359228173210e+02,-4.402707002625846577e+00,3.792304360430962618e+01,1.320144880469994675e+00
4.370000000000000107e+00,2.000000000000000000e+00,4.910413121682909150e+02,-4.392971676402079417e+00,3.549414524196686926e+01,7.266330233934735761e-01
4.379999999999999893e+00,2.000000000000000000e+00,4.913851667470324287e+02,-4.388135096110145739e+00,3.349114371037443050e+01,3.430896753493845597e-01
4.389999999999999680e+00,2.000000000000000000e+00,4.917125698646754017e+02,-4.385495783561309757e+00,3.224661104191770278e+01,2.240425491443541473e-01
4.400000000000000355e+00,2.000000000000000000e+00,4.920290007432833477e+02,-4.382931565256914297e+00,3.115852341723198649e+01,2.878127354297077001e-01
4.410000000000000142e+00,2.000000000000000000e+00,4.923344992748201889e+02,-4.379237349617104869e+00,3.006326402418116928e+01,4.413010293842307696e-01
4.419999999999999929e+00,2.000000000000000000e+00,4.926284101867453273e+02,-4.373471696605569115e+00,2.885728603430390393e+01,6.842725127398452400e-01
4.429999999999999716e+00,2.000000000000000000e+00,4.929095010810031567e+02,-4.364950592748074953e+00,2.752945146619000738e+01,9.770099854679019646e-01
4.440000000000000391e+00,2.000000000000000000e+00,4.931759034065293008e+02,-4.353234954236107512e+00,2.601850651991697205e+01,1.259744863498685641e+00
4.450000000000000178e+00,2.000000000000000000e+00,4.934274201530224104e+02,-4.339671115255739231e+00,2.447577925039911051e+01,1.400081918633195643e+00
4.459999999999999964e+00,2.000000000000000000e+00,4.936635998287449070e+02,-4.325567497997941047e+00,2.296182053032184811e+01,1.389655411076097025e+00
4.469999999999999751e+00,2.000000000000000000e+00,4.938852469849981617e+02,-4.312341366038769941e+00,2.159526789325196106e+01,1.261945084892255320e+00
4.480000000000000426e+00,2.000000000000000000e+00,4.940948783762102039e+02,-4.300564917052101421e+00,2.051263267195887607e+01,1.106872982672308048e+00
4.490000000000000213e+00,2.000000000000000000e+00,4.942936407897246909e+02,-4.290855351263799911e+00,1.948153954415612432e+01,8.873442904630960415e-01
4.500000000000000000e+00,2.000000000000000000e+00,4.944833628601439273e+02,-4.283167784453074667e+00,1.862345461500661870e+01,6.818514577995623549e-01
4.509999999999999787e+00,2.000000000000000000e+00,4.946654728365377309e+02,-4.277344501848194369e+00,1.792368419578461314e+01,5.100574211274612191e-01
4.520000000000000462e+00,2.000000000000000000e+00,4.948412967398508044e+02,-4.272989582558776256e+00,1.733940685157214290e+01,3.820954613347583573e-01
4.530000000000000249e+00,2.000000000000000000e+00,4.950117631847439839e+02,-4.269662614087352814e+00,1.683605892816417082e+01,2.978046662434884473e-01
4.540000000000000036e+00,2.000000000000000000e+00,4.951775594217770617e+02,-4.266953122642261675e+00,1.639476846573726121e+01,2.536070390352828663e-01
4.549999999999999822e+00,2.000000000000000000e+00,4.953392466187055447e+02,-4.264486542596572782e+00,1.600728146127958951e+01,2.436770426980446602e-01
4.560000000000000497e+00,2.000000000000000000e+00,4.954973161168589399e+02,-4.261963244681600926e+00,1.566462272747262752e+01,2.583244550184796706e-01
4.570000000000000284e+00,2.000000000000000000e+00,4.956521621137331977e+02,-4.259231284589214184e+00,1.535609369347136521e+01,2.851699988142760156e-01
4.580000000000000071e+00,2.000000000000000000e+00,4.958040698808330831e+02,-4.256199757171176934e+00,1.507533590685184777e+01,3.079574801476501755e-01
4.589999999999999858e+00,2.000000000000000000e+00,4.959529188791476599e+02,-4.253340653276184824e+00,1.473030138005565526e+01,2.563551742452473414e-01
4.600000000000000533e+00,2.000000000000000000e+00,4.960976743876079240e+02,-4.251602048911209408e+00,1.427590880281099572e+01,1.018167336806764939e-01
4.610000000000000320e+00,2.000000000000000000e+00,4.962371983479371806e+02,-4.251945550330058055e+00,1.370039262705790506e+01,-1.410922807022648717e-01
4.620000000000000107e+00,2.000000000000000000e+00,4.963702858392310873e+02,-4.255090865489368213e+00,1.300986358544480304e+01,-4.445611694053145380e-01
4.629999999999999893e+00,2.000000000000000000e+00,4.964960948039033610e+02,-4.261465629104628228e+00,1.226147941173765865e+01,-7.763457946600405002e-01
4.639999999999999680e+00,2.000000000000000000e+00,4.966143899285958128e+02,-4.271166052444341332e+00,1.151396104377260343e+01,-1.108459402064156940e+00
4.650000000000000355e+00,2.000000000000000000e+00,4.967254853624858697e+02,-4.283994474341863423e+00,1.082314265709117329e+01,-1.405504349013827481e+00
4.660000000000000142e+00,2.000000000000000000e+00,4.968301681584706557e+02,-4.299404326001222465e+00,1.021732875330770085e+01,-1.634473539716249757e+00
4.669999999999999929e+00,2.000000000000000000e+00,4.969293054158325162e+02,-4.316597807214900939e+00,9.698357085924833143e+00,-1.775678882796733360e+00
4.679999999999999716e+00,2.000000000000000000e+00,4.970244396705129475e+02,-4.334594795195399364e+00,9.434249339256197686e+00,-1.803024527629464968e+00
4.690000000000000391e+00,2.000000000000000000e+00,4.971182427980780290e+02,-4.352249825764280544e+00,9.345581712664410290e+00,-1.732573327936512086e+00
4.700000000000000178e+00,2.000000000000000000e+00,4.972113800683456475e+02,-4.368863067904135811e+00,9.291123513726740057e+00,-1.604764190672478108e+00
4.709999999999999964e+00,2.000000000000000000e+00,4.973039949971883402e+02,-4.383970415398659171e+00,9.239607001233487438e+00,-1.439314077304551853e+00
4.719999999999999751e+00,2.000000000000000000e+00,4.973959553688901565e+02,-4.397348589247035200e+00,9.156380312916786224e+00,-1.265385939574409813e+00
4.730000000000000426e+00,2.000000000000000000e+00,4.974866539817761577e+02,-4.409111234927586054e+00,8.996469466640309776e+00,-1.117266266224246074e+00
4.740000000000000213e+00,2.000000000000000000e+00,4.975751939865127724e+02,-4.419665245111445095e+00,8.739594642627663390e+00,-1.018208289727190019e+00
4.750000000000000000e+00,2.000000000000000000e+00,4.976605555981992097e+02,-4.429587669129359639e+00,8.375152383025826097e+00,-9.827593891650366897e-01
4.759999999999999787e+00,2.000000000000000000e+00,4.977416863146141282e+02,-4.439606482021891232e+00,7.914745658671501261e+00,-1.026845467803850775e+00
4.770000000000000462e+00,2.000000000000000000e+00,4.978178744788608583e+02,-4.450462372960661384e+00,7.402015773055459213e+00,-1.135115889552520851e+00
4.780000000000000249e+00,2.000000000000000000e+00,4.978887724528466947e+02,-4.462585918053883383e+00,6.864053296102452961e+00,-1.269845081329033620e+00
4.790000000000000036e+00,2.000000000000000000e+00,4.979542560840064311e+02,-4.476060640261906087e+00,6.324662809270595432e+00,-1.403195955079959090e+00
4.799999999999999822e+00,2.000000000000000000e+00,4.980144540126860875e+02,-4.490711623006665043e+00,5.801747946133367861e+00,-1.506380020118040619e+00
4.810000000000000497e+00,2.000000000000000000e+00,4.980695402489844241e+02,-4.506092994467252311e+00,5.300851061967523314e+00,-1.555361121959316417e+00
4.820000000000000284e+00,2.000000000000000000e+00,4.981198819932353103e+02,-4.521584868768355747e+00,4.846522672520422681e+00,-1.537130234685630814e+00
4.830000000000000071e+00,2.000000000000000000e+00,4.981659581245461936e+02,-4.536438109474037361e+00,4.431070091925005450e+00,-1.432405068807485637e+00
4.839999999999999858e+00,2.000000000000000000e+00,4.982067460218000292e+02,-4.551839293557172539e+00,4.138599413851844488e+00,-1.453102752440411649e+00
4.850000000000000533e+00,2.000000000000000000e+00,4.982484260208546516e+02,-4.565929012724580183e+00,4.206162805914254399e+00,-1.349394157439207209e+00
4.860000000000000320e+00,2.000000000000000000e+00,4.982913078134253624e+02,-4.578071159247173227e+00,4.346813771761876666e+00,-1.115654551833407782e+00
4.870000000000000107e+00,2.000000000000000000e+00,4.983360852120281947e+02,-4.587589557788812833e+00,4.563700853564681914e+00,-8.317675116419309678e-01
4.879999999999999893e+00,2.000000000000000000e+00,4.983827112715287626e+02,-4.593891643935675617e+00,4.713261521505384799e+00,-4.926266092924294626e-01
4.889999999999999680e+00,2.000000000000000000e+00,4.984297908313106973e+02,-4.596778276924911921e+00,4.668826294227740981e+00,-1.702890218002922340e-01
4.900000000000000355e+00,2.000000000000000000e+00,4.984749882833136212e+02,-4.597511248788144655e+00,4.398151183451997071e+00,-3.887743504194990374e-02
4.910000000000000142e+00,2.000000000000000000e+00,4.985165728020256779e+02,-4.598314654242821931e+00,3.987587882516506976e+00,-1.377470594791379011e-01
4.919999999999999929e+00,2.000000000000000000e+00,4.985534738824471219e+02,-4.601483613629818059e+00,3.488660960760391561e+00,-4.606629394765922036e-01
4.929999999999999716e+00,2.000000000000000000e+00,4.985852962220920972e+02,-4.608680037745393143e+00,2.975645227533230575e+00,-8.991421508969819065e-01
4.940000000000000391e+00,2.000000000000000000e+00,4.986119450109528657e+02,-4.620412581925508633e+00,2.457086868503330912e+00,-1.352419114106164111e+00
4.950000000000000178e+00,2.000000000000000000e+00,4.986333480469988331e+02,-4.636228618105673327e+00,1.927986231599473577e+00,-1.714261554560938094e+00
4.959999999999999964e+00,2.000000000000000000e+00,4.986496133877097918e+02,-4.654582143938585048e+00,1.413953645804058468e+00,-1.858984339964115939e+00
4.969999999999999751e+00,2.000000000000000000e+00,4.986610439070637995e+02,-4.671899300262403187e+00,1.115522054480038827e+00,-1.621972210946361459e+00
4.980000000000000426e+00,2.000000000000000000e+00,4.986733252444718687e+02,-4.686275748454117540e+00,1.301643826766095913e+00,-1.317391443683308294e+00
4.990000000000000213e+00,2.000000000000000000e+00,4.986874929713320626e+02,-4.697715065270878121e+00,1.494119372867640072e+00,-1.030919364925039661e+00
5.000000000000000000e+00,2.000000000000000000e+00,4.987035924378354821e+02,-4.706408914989197001e+00,1.686797939891814924e+00,-7.642478186484175096e-01
5.009999999999999787e+00,2.000000000000000000e+00,4.987216924115274992e+02,-4.712549134225333169e+00,1.897736180462281874e+00,-5.162696201129810536e-01
5.020000000000000462e+00,2.000000000000000000e+00,4.987420543749809099e+02,-4.716234035222852228e+00,2.123620092272223481e+00,-2.638781547830946206e-01
5.030000000000000249e+00,2.000000000000000000e+00,4.987643120038820257e+02,-4.717190925031804483e+00,2.279594049665045308e+00,1.593490796960569597e-02
5.040000000000000036e+00,2.000000000000000000e+00,4.987874237263303598e+02,-4.715417570890164889e+00,2.313847465096665168e+00,2.790253911830344880e-01
5.049999999999999822e+00,2.000000000000000000e+00,4.988099343391469347e+02,-4.711391306095695342e+00,2.187249128119607366e+00,4.695632350005835010e-01
5.060000000000000497e+00,2.000000000000000000e+00,4.988302531751299966e+02,-4.706235788381288643e+00,1.911138779883981176e+00,5.268744853451619026e-01
5.070000000000000284e+00,2.000000000000000000e+00,4.988471581304237361e+02,-4.701391686918550583e+00,1.533448490645780593e+00,4.348896236090192269e-01
5.080000000000000071e+00,2.000000000000000000e+00,4.988599833599295152e+02,-4.698336973557016627e+00,1.112874341603123707e+00,2.058681224732471504e-01
5.089999999999999858e+00,2.000000000000000000e+00,4.988684800710693708e+02,-4.697957303033060583e+00,6.726404476833581780e-01,-7.526531651200844830e-02
5.100000000000000533e+00,2.000000000000000000e+00,4.988724825108429854e+02,-4.700348463285132894e+00,2.156124162017407087e-01,-3.419354672086777902e-01
5.110000000000000320e+00,2.000000000000000000e+00,4.988717801376501484e+02,-4.704970629033983442e+00,-2.626215957082014829e-01,-5.277452997209725050e-01
5.120000000000000107e+00,2.000000000000000000e+00,4.988663190445320765e+02,-4.710690120962161664e+00,-7.409349519677937979e-01,-5.660884075522669701e-01
5.129999999999999893e+00,2.000000000000000000e+00,4.988559839157435363e+02,-4.715380027093745596e+00,-1.211049664998048891e+00,-4.034526611079538583e-01
5.139999999999999680e+00,2.000000000000000000e+00,4.988433631728736373e+02,-4.718018714603603669e+00,-1.226984525695727690e+00,-1.574526588347209544e-01
5.150000000000000355e+00,2.000000000000000000e+00,4.988321539432926670e+02,-4.717970218789337089e+00,-1.044901977089208955e+00,1.111932172943358305e-01
5.160000000000000142e+00,2.000000000000000000e+00,4.988228529949479366e+02,-4.715296033323211233e+00,-8.531388912711761474e-01,3.708153253716831022e-01
5.169999999999999929e+00,2.000000000000000000e+00,4.988155973924874047e+02,-4.710066147834607087e+00,-6.340554028231513151e-01,6.229616972904062910e-01
5.179999999999999716e+00,2.000000000000000000e+00,4.988106794401612092e+02,-4.702255933393787224e+00,-4.033294049496168321e-01,8.956502519537165030e-01
5.190000000000000391e+00,2.000000000000000000e+00,4.988076410064523429e+02,-4.691397665593411759e+00,-2.538022051730783324e-01,1.215510663589317586e+00
5.200000000000000178e+00,2.000000000000000000e+00,4.988052773379480982e+02,-4.677670805551277233e+00,-2.412131644566931910e-01,1.456755139406744171e+00
5.209999999999999964e+00,2.000000000000000000e+00,4.988023759165843103e+02,-4.662496346148365056e+00,-3.350104429691605490e-01,1.535484490530819368e+00
5.219999999999999751e+00,2.000000000000000000e+00,4.987979427590210548e+02,-4.647543607892171913e+00,-5.268628098826223516e-01,1.444663827776592635e+00
5.230000000000000426e+00,2.000000000000000000e+00,4.987912307015847091e+02,-4.634420356196956803e+00,-7.728984520644408551e-01,1.209947809469678282e+00
5.240000000000000213e+00,2.000000000000000000e+00,4.987818155374012008e+02,-4.624107213225077118e+00,-1.058270458688235882e+00,9.097852003104349716e-01
5.250000000000000000e+00,2.000000000000000000e+00,4.987693981716587359e+02,-4.616819550533658223e+00,-1.367453559133502639e+00,6.119578486414479768e-01
5.259999999999999787e+00,2.000000000000000000e+00,4.987537285007711034e+02,-4.612182182771949357e+00,-1.703293838624962975e+00,3.774153564334425393e-01
5.270000000000000462e+00,2.000000000000000000e+00,4.987346549786633432e+02,-4.609264091982944400e+00,-2.038120515192923587e+00,2.512544717292444774e-01
5.280000000000000249e+00,2.000000000000000000e+00,4.987119322909889547e+02,-4.606003025481405722e+00,-2.437294265062210474e+00,4.163554443048380627e-01
5.290000000000000036e+00,2.000000000000000000e+00,4.986856795591098148e+02,-4.600406484072294688e+00,-2.690698556341545533e+00,6.643792692076792017e-01
5.299999999999999822e+00,2.000000000000000000e+00,4.986597263008497407e+02,-4.591932313605203930e+00,-2.536607003804610017e+00,9.672144470520745996e-01
5.310000000000000497e+00,2.000000000000000000e+00,4.986352309323769418e+02,-4.580494629713358634e+00,-2.391536892245137658e+00,1.260587774738636258e+00
5.320000000000000284e+00,2.000000000000000000e+00,4.986122237690030943e+02,-4.566151322795261258e+00,-2.235834550985988045e+00,1.549230541988977805e+00
5.330000000000000071e+00,2.000000000000000000e+00,4.985910045830020181e+02,-4.548784120373360551e+00,-2.047269544623806503e+00,1.869177823744627265e+00
5.339999999999999858e+00,2.000000000000000000e+00,4.985714334197363087e+02,-4.528179679903566957e+00,-1.906548733530327056e+00,2.177632516827584297e+00
5.350000000000000533e+00,2.000000000000000000e+00,4.985527800614831335e+02,-4.505207403651822595e+00,-1.849057212441806541e+00,2.355427329829376859e+00
5.360000000000000320e+00,2.000000000000000000e+00,4.985342449965803553e+02,-4.481444422612792522e+00,-1.863596707154097087e+00,2.366695743574567246e+00
5.370000000000000107e+00,2.000000000000000000e+00,4.985152900700499572e+02,-4.458595026686454688e+00,-1.925738462207581936e+00,2.211811554739285590e+00
5.379999999999999893e+00,2.000000000000000000e+00,4.984953211282469852e+02,-4.438005824895329354e+00,-2.051610868130505416e+00,1.945827428168129147e+00
5.389999999999999680e+00,2.000000000000000000e+00,4.984738148299753675e+02,-4.420443530949031086e+00,-2.220119834160156902e+00,1.628257853596721372e+00
5.400000000000000355e+00,2.000000000000000000e+00,4.984505034957006728e+02,-4.406070721529589562e+00,-2.406879473617522081e+00,1.312811561460408116e+00
5.410000000000000142e+00,2.000000000000000000e+00,4.984252598011555619e+02,-4.394589251875528291e+00,-2.603559377159117005e+00,1.049253917924313217e+00
5.419999999999999929e+00,2.000000000000000000e+00,4.983981421966325911e+02,-4.385183995122433842e+00,-2.776239382289955593e+00,8.820401609601927762e-01
5.429999999999999716e+00,2.000000000000000000e+00,4.983694036622295016e+02,-4.376445248433442181e+00,-2.976319907314226576e+00,9.468054093674488358e-01
5.440000000000000391e+00,2.000000000000000000e+00,4.983387786255431138e+02,-4.365029207032670833e+00,-3.040368888739011233e+00,1.276733797334091758e+00
5.450000000000000178e+00,2.000000000000000000e+00,4.983089122237013271e+02,-4.350201402127634509e+00,-2.951901078144434365e+00,1.620653593287859184e+00
5.459999999999999964e+00,2.000000000000000000e+00,4.982799292936924758e+02,-4.331830606106632509e+00,-2.860055579097023237e+00,1.987253728516336526e+00
5.469999999999999751e+00,2.000000000000000000e+00,4.982520411717234765e+02,-4.309602073323519633e+00,-2.739779069979360493e+00,2.377138280801803116e+00
5.480000000000000426e+00,2.000000000000000000e+00,4.982253448560266520e+02,-4.283700098380601062e+00,-2.626006165391764569e+00,2.723444658308229460e+00
5.490000000000000213e+00,2.000000000000000000e+00,4.981995571216345979e+02,-4.254978510445732276e+00,-2.554770248035442837e+00,2.951089270144884313e+00
5.500000000000000000e+00,2.000000000000000000e+00,4.981741714197383430e+02,-4.224864787023490109e+00,-2.531421925030957532e+00,3.031488315476221551e+00
5.509999999999999787e+00,2.000000000000000000e+00,4.981488488960271752e+02,-4.194855234543797273e+00,-2.537528916816082170e+00,2.962633342306451034e+00
5.520000000000000462e+00,2.000000000000000000e+00,4.981231719271791576e+02,-4.166237995999388488e+00,-2.594772259052487762e+00,2.782585197326442383e+00
5.530000000000000249e+00,2.000000000000000000e+00,4.980966803733442134e+02,-4.139866302526205466e+00,-2.686570907300092070e+00,2.533711042251242329e+00
5.540000000000000036e+00,2.000000000000000000e+00,4.980692332777082925e+02,-4.116137329482777218e+00,-2.784025166271005158e+00,2.266077020368591377e+00
5.549999999999999822e+00,2.000000000000000000e+00,4.980408782366857849e+02,-4.095027781750920859e+00,-2.864896616194401613e+00,2.011317924950023706e+00
5.560000000000000497e+00,2.000000000000000000e+00,4.980120299723624271e+02,-4.076214501509134891e+00,-2.890112600512693586e+00,1.803667493034191605e+00
5.570000000000000284e+00,2.000000000000000000e+00,4.979832542664556172e+02,-4.059004801528602435e+00,-2.862427885398679539e+00,1.677828153879158624e+00
5.580000000000000071e+00,2.000000000000000000e+00,4.979559588166910089e+02,-4.042452829973661288e+00,-2.609030714171349352e+00,1.653452016975774930e+00
5.589999999999999858e+00,2.000000000000000000e+00,4.979313922934954348e+02,-4.025597791227036204e+00,-2.381937749033416374e+00,1.742768890800763693e+00
5.600000000000000533e+00,2.000000000000000000e+00,4.979079523442243840e+02,-4.006114348122813418e+00,-2.326139044547203660e+00,2.090778832610812543e+00
5.610000000000000320e+00,2.000000000000000000e+00,4.978849532731654790e+02,-3.982941957986256387e+00,-2.279686665000964840e+00,2.470597439637662873e+00
5.620000000000000107e+00,2.000000000000000000e+00,4.978629230418547991e+02,-3.961130809367266359e+00,-2.206574470931994103e+00,2.422377809876141708e+00
5.629999999999999893e+00,2.000000000000000000e+00,4.978407465018948415e+02,-3.934726814600693512e+00,-2.232506411106090383e+00,2.799264248522151277e+00
5.639999999999999680e+00,2.000000000000000000e+00,4.978180603925753189e+02,-3.904496957152978620e+00,-2.297640427836143751e+00,3.160278535880171713e+00
5.650000000000000355e+00,2.000000000000000000e+00,4.977944572135372141e+02,-3.871316274487393017e+00,-2.407475491071285223e+00,3.404978394340622216e+00
5.660000000000000142e+00,2.000000000000000000e+00,4.977695668946719252e+02,-3.836618231290096936e+00,-2.549192915995269537e+00,3.492157860385554535e+00
5.669999999999999929e+00,2.000000000000000000e+00,4.977429926599785972e+02,-3.801885837715349048e+00,-2.733560613535185535e+00,3.445764934564624848e+00
5.679999999999999716e+00,2.000000000000000000e+00,4.977145333260323241e+02,-3.768188081819822344e+00,-2.917628810251083671e+00,3.309688355963649187e+00
5.690000000000000391e+00,2.000000000000000000e+00,4.976844101715394117e+02,-3.736154822517257834e+00,-3.068655684438764908e+00,3.130974202425468533e+00
5.700000000000000178e+00,2.000000000000000000e+00,4.976532303393764209e+02,-3.705953741677810331e+00,-3.136095915613827056e+00,2.946619880129863311e+00
5.709999999999999964e+00,2.000000000000000000e+00,4.976221435214808935e+02,-3.677509050197492968e+00,-3.043199551215223231e+00,2.782020504290460661e+00
5.719999999999999751e+00,2.000000000000000000e+00,4.975975345857697221e+02,-3.648231265721543881e+00,-2.360312808964540210e+00,2.870314528961772194e+00
5.730000000000000426e+00,2.000000000000000000e+00,4.975721078420600634e+02,-3.621787102287742588e+00,-2.373091951834541025e+00,2.652270852900790121e+00
5.740000000000000213e+00,2.000000000000000000e+00,4.975532782290205205e+02,-3.593341730762735775e+00,-1.867854561720434070e+00,2.800987231172650027e+00
5.750000000000000000e+00,2.000000000000000000e+00,4.975318139592566240e+02,-3.567280838994714376e+00,-2.008034341837255710e+00,2.656990544788877084e+00
5.759999999999999787e+00,2.000000000000000000e+00,4.975164030939860140e+02,-3.538126726163000946e+00,-1.555257861731994762e+00,2.908617603014953534e+00
5.770000000000000462e+00,2.000000000000000000e+00,4.974975782040445438e+02,-3.510597778297359195e+00,-1.760699545399061927e+00,2.834590628112851451e+00
5.780000000000000249e+00,2.000000000000000000e+00,4.974845808478597178e+02,-3.479306264290676687e+00,-1.319162749339421792e+00,3.150921104907209003e+00
5.790000000000000036e+00,2.000000000000000000e+00,4.974681138442862789e+02,-3.449068740301443281e+00,-1.532471810824232339e+00,3.117961417499394816e+00
5.799999999999999822e+00,2.000000000000000000e+00,4.974532849931060809e+02,-3.417391673757139703e+00,-1.422246570212084338e+00,3.206141126738005553e+00
5.810000000000000497e+00,2.000000000000000000e+00,4.974404245819724224e+02,-3.384852322925402390e+00,-1.181403592480303910e+00,3.279473159437985785e+00
5.820000000000000284e+00,2.000000000000000000e+00,4.974303274788580893e+02,-3.351998085364048308e+00,-9.006830474983247292e-01,3.277433942874799389e+00
5.830000000000000071e+00,2.000000000000000000e+00,4.974227552453710359e+02,-3.319624731528984185e+00,-6.692869508575203241e-01,3.201814298774705136e+00
5.839999999999999858e+00,2.000000000000000000e+00,4.974171133425737139e+02,-3.288361602272590112e+00,-5.037214123010489430e-01,3.069914558186933817e+00
5.850000000000000533e+00,2.000000000000000000e+00,4.974126934156679454e+02,-3.258628042878473074e+00,-4.061103760907776028e-01,2.906806829489696042e+00
5.860000000000000320e+00,2.000000000000000000e+00,4.974090942449120689e+02,-3.230586699842816323e+00,-3.295597910052310286e-01,2.736956263569481074e+00
5.870000000000000107e+00,2.000000000000000000e+00,4.974064004074525087e+02,-3.204177884792549946e+00,-2.204525341520230663e-01,2.579184302831196263e+00
5.879999999999999893e+00,2.000000000000000000e+00,4.974052423773334226e+02,-3.179201879548460674e+00,-3.574970173033077681e-02,2.447957679114955543e+00
5.889999999999999680e+00,2.000000000000000000e+00,4.974066805945889200e+02,-3.155305877967117034e+00,2.950717672541073866e-01,2.356800155430673893e+00
5.900000000000000355e+00,2.000000000000000000e+00,4.974117651978406229e+02,-3.131938367565644477e+00,6.429838717643743262e-01,2.333242544137507757e+00
5.910000000000000142e+00,2.000000000000000000e+00,4.974200043490965299e+02,-3.108403911268007747e+00,9.379059634526176747e-01,2.374515701459554595e+00
5.919999999999999929e+00,2.000000000000000000e+00,4.974308983672012801e+02,-3.084133201027203341e+00,1.184047889051503821e+00,2.468646555829363987e+00
5.929999999999999716e+00,2.000000000000000000e+00,4.974439802077531567e+02,-3.058645329391643131e+00,1.385500594351801062e+00,2.607587015047157841e+00
5.940000000000000391e+00,2.000000000000000000e+00,4.974588590087245734e+02,-3.031545104548035496e+00,1.552801458063997719e+00,2.782367675145007269e+00
5.950000000000000178e+00,2.000000000000000000e+00,4.974752976327135343e+02,-3.002491864664985854e+00,1.702532185687483546e+00,2.992909592016236964e+00
5.959999999999999964e+00,2.000000000000000000e+00,4.974932005747940025e+02,-2.971152130716670392e+00,1.851116998717267093e+00,3.227294038395254194e+00
5.969999999999999751e+00,2.000000000000000000e+00,4.975127736565387977e+02,-2.937610172590831681e+00,2.034533467055005485e+00,3.433635101332153106e+00
5.980000000000000426e+00,2.000000000000000000e+00,4.975345406063009932e+02,-2.902255387102104844e+00,2.284077821899967109e+00,3.597032260838157303e+00
5.990000000000000213e+00,2.000000000000000000e+00,4.975589887675871523e+02,-2.865632571596912204e+00,2.546201011977751616e+00,3.698698401887203779e+00
6.000000000000000000e+00,2.000000000000000000e+00,4.975857502287678358e+02,-2.828280841203230977e+00,2.752779763579678463e+00,3.754474727261460920e+00
6.009999999999999787e+00,2.000000000000000000e+00,4.976140976100015791e+02,-2.790555373553847307e+00,2.878727228958452233e+00,3.781962811425360727e+00
6.020000000000000462e+00,2.000000000000000000e+00,4.976432133225130201e+02,-2.752639119285087865e+00,2.925297633926543739e+00,3.797463697801684024e+00
6.030000000000000249e+00,2.000000000000000000e+00,4.976725909229883200e+02,-2.714565810973423421e+00,2.946764842025169528e+00,3.816679667091551931e+00
6.040000000000000036e+00,2.000000000000000000e+00,4.977022908185149390e+02,-2.676190838941169048e+00,2.992239029684562013e+00,3.853866526593579422e+00
6.049999999999999822e+00,2.000000000000000000e+00,4.977328778716407669e+02,-2.637320590960681166e+00,3.116653314772187766e+00,3.912468543459578729e+00
6.060000000000000497e+00,2.000000000000000000e+00,4.977706649611952798e+02,-2.603051934539211132e+00,3.619185047670443023e+00,3.488846326481834126e+00
6.070000000000000284e+00,2.000000000000000000e+00,4.978081457625230541e+02,-2.567816686371702239e+00,3.902370219810546104e+00,3.545024484659103248e+00
6.080000000000000071e+00,2.000000000000000000e+00,4.978493065290575146e+02,-2.531439520097349405e+00,4.267310801149585942e+00,3.706922497102818514e+00
6.089999999999999858e+00,2.000000000000000000e+00,4.978916145218368570e+02,-2.490861970055245678e+00,4.218562160421131857e+00,4.279221877802330987e+00
6.100000000000000533e+00,2.000000000000000000e+00,4.979333328900276570e+02,-2.445171403755129536e+00,4.143762560494269387e+00,4.781802383863333006e+00
6.110000000000000320e+00,2.000000000000000000e+00,4.979745303584542739e+02,-2.395041280908343673e+00,4.102300635537802442e+00,5.192110918833489741e+00
6.120000000000000107e+00,2.000000000000000000e+00,4.980154616846546105e+02,-2.340806882470729988e+00,4.094354332043202760e+00,5.605726129544763126e+00
6.129999999999999893e+00,2.000000000000000000e+00,4.980564761193242020e+02,-2.282147274386485236e+00,4.098958041821223475e+00,6.067488911492921133e+00
6.140000000000000568e+00,2.000000000000000000e+00,4.980973081833539595e+02,-2.218694312260714341e+00,4.077863636971114758e+00,6.543406065641418579e+00
6.150000000000000355e+00,2.000000000000000000e+00,4.981378906584099013e+02,-2.150694707721255927e+00,4.036666825107959156e+00,6.983360481620377591e+00
6.160000000000000142e+00,2.000000000000000000e+00,4.981777333708308220e+02,-2.078363534800830248e+00,3.949153651689429001e+00,7.408891907914032515e+00
6.169999999999999929e+00,2.000000000000000000e+00,4.982167995287216513e+02,-2.002003425895171773e+00,3.871157884498395596e+00,7.795406186652432012e+00
6.179999999999999716e+00,2.000000000000000000e+00,4.982549520622670798e+02,-1.921837215484969663e+00,3.775128954284827199e+00,8.174596909864790817e+00
6.190000000000000391e+00,2.000000000000000000e+00,4.982922926803805694e+02,-1.837850116784466747e+00,3.710946666025237484e+00,8.558220572421165073e+00
6.200000000000000178e+00,2.000000000000000000e+00,4.983293185447575979e+02,-1.749924282039069467e+00,3.704191833749627349e+00,8.958583582223669239e+00
6.209999999999999964e+00,2.000000000000000000e+00,4.983668613866749979e+02,-1.657999660773402217e+00,3.807868721942557322e+00,9.354499520423507519e+00
6.219999999999999751e+00,2.000000000000000000e+00,4.984063582814488882e+02,-1.562280140298205167e+00,4.063695817297956481e+00,9.722479237799150908e+00
6.230000000000000426e+00,2.000000000000000000e+00,4.984516362265526936e+02,-1.463771434231703861e+00,4.828980901743896936e+00,9.945564179511112712e+00
6.240000000000000213e+00,2.000000000000000000e+00,4.985034524282887105e+02,-1.363129837950768142e+00,5.428580212943939998e+00,1.014843649591397323e+01
6.250000000000000000e+00,2.000000000000000000e+00,4.985606415925859665e+02,-1.260713786699361183e+00,5.929673433943649208e+00,1.031204687555900179e+01
6.259999999999999787e+00,2.000000000000000000e+00,4.986224710642114246e+02,-1.156823207806760401e+00,6.366823548780778275e+00,1.044664457918814371e+01
6.270000000000000462e+00,2.000000000000000000e+00,4.986886213187743806e+02,-1.052002985209207875e+00,6.799249909262010227e+00,1.053196101969477994e+01
6.280000000000000249e+00,2.000000000000000000e+00,4.987589953828121452e+02,-9.461334540418318007e-01,7.201530679350049091e+00,1.063331205191059148e+01
6.290000000000000036e+00,2.000000000000000000e+00,4.988330988391938376e+02,-8.388565308291131561e-01,7.557120969007594447e+00,1.079961127258390796e+01
6.299999999999999822e+00,2.000000000000000000e+00,4.989105181450551072e+02,-7.294407763692268842e-01,7.866881677839798748e+00,1.105529981347345192e+01
6.310000000000000497e+00,2.000000000000000000e+00,4.989908037826282339e+02,-6.167105140073497749e-01,8.140985037196571739e+00,1.144427875185077603e+01
6.320000000000000284e+00,2.000000000000000000e+00,4.990737387666856080e+02,-4.991765845961519954e-01,8.392402511307906821e+00,1.198754620146085692e+01
6.330000000000000071e+00,2.000000000000000000e+00,4.991584909682995317e+02,-3.757913956647228604e-01,8.513988050680213249e+00,1.258298982281228717e+01
6.339999999999999858e+00,2.000000000000000000e+00,4.992435619474767918e+02,-2.468011782442226520e-01,8.486702924287911287e+00,1.311358066867280314e+01
6.350000000000000533e+00,2.000000000000000000e+00,4.993277803201152665e+02,-1.129158767705681909e-01,8.373285076364462398e+00,1.357579018027020545e+01
6.360000000000000320e+00,2.000000000000000000e+00,4.994108398036320295e+02,2.538894898882446474e-02,8.264676370911496761e+00,1.400716995116296282e+01
6.370000000000000107e+00,2.000000000000000000e+00,4.994932407827210454e+02,1.677155581573162857e-01,8.235707400021048841e+00,1.437668816271882832e+01
6.379999999999999893e+00,2.000000000000000000e+00,4.995759772150715321e+02,3.128606031393708631e-01,8.363160558328692318e+00,1.456942233867721548e+01
6.390000000000000568e+00,2.000000000000000000e+00,4.996626125342541513e+02,4.577465918233505904e-01,8.823874915714121414e+00,1.437744358685361945e+01
6.400000000000000355e+00,2.000000000000000000e+00,4.997525359091164319e+02,5.995391908249195767e-01,9.116813207734418611e+00,1.403918689693711919e+01
6.410000000000000142e+00,2.000000000000000000e+00,4.998451865662578371e+02,7.380567878546520078e-01,9.364726407825735066e+00,1.369174456158273401e+01
6.419999999999999929e+00,2.000000000000000000e+00,4.999397235578701384e+02,8.721690343105391596e-01,9.500372829966277521e+00,1.318199681897109166e+01
6.429999999999999716e+00,2.000000000000000000e+00,5.000348395439972933e+02,1.000442191408544845e+00,9.500468189753490833e+00,1.256408110855526417e+01
6.440000000000000391e+00,2.000000000000000000e+00,5.001290245544020650e+02,1.122649668158475000e+00,9.333904378489668474e+00,1.197581640734382091e+01
6.450000000000000178e+00,2.000000000000000000e+00,5.002205611982890900e+02,1.239380770898560247e+00,9.004359482573928375e+00,1.146199140178513787e+01
6.459999999999999964e+00,2.000000000000000000e+00,5.003081078411133262e+02,1.351565525268807244e+00,8.565527399210823845e+00,1.105780289541166894e+01
6.469999999999999751e+00,2.000000000000000000e+00,5.003909094898967851e+02,1.460270673309357559e+00,8.070599903738211012e+00,1.074353653932435471e+01
6.480000000000000426e+00,2.000000000000000000e+00,5.004685094012227751e+02,1.566070488650282311e+00,7.538305952000502685e+00,1.046235794013012033e+01
6.490000000000000213e+00,2.000000000000000000e+00,5.005407076824715205e+02,1.668927511050016799e+00,6.992091381502905989e+00,1.015406977578322234e+01
6.500000000000000000e+00,2.000000000000000000e+00,5.006072955385322416e+02,1.768386559412364001e+00,6.416257765744433073e+00,9.789163351653836997e+00
6.509999999999999787e+00,2.000000000000000000e+00,5.006681401152086437e+02,1.863865961874049848e+00,5.853712731129719238e+00,9.380198328341021963e+00
6.520000000000000462e+00,2.000000000000000000e+00,5.007238300886643856e+02,1.955558230784750551e+00,5.370832758033151855e+00,9.023179148825954954e+00
6.530000000000000249e+00,2.000000000000000000e+00,5.007750647276117775e+02,2.043983091466677227e+00,4.946365295064532042e+00,8.713463734781766945e+00
6.540000000000000036e+00,2.000000000000000000e+00,5.008223089608716805e+02,2.129466251153689704e+00,4.565063801470669702e+00,8.427333470798568982e+00
6.549999999999999822e+00,2.000000000000000000e+00,5.008659539870232607e+02,2.212137013775629768e+00,4.219053336785148822e+00,8.148256668878433473e+00
6.560000000000000497e+00,2.000000000000000000e+00,5.009062422283158753e+02,2.292017785412150399e+00,3.889329539456812146e+00,7.872251600401919625e+00
6.570000000000000284e+00,2.000000000000000000e+00,5.009432412901315388e+02,2.369143345538825773e+00,3.563359857910904260e+00,7.593636707857672086e+00
6.580000000000000071e+00,2.000000000000000000e+00,5.009770643672047754e+02,2.443336275402389735e+00,3.250095993386000526e+00,7.293059460307861563e+00
6.589999999999999858e+00,2.000000000000000000e+00,5.010076581728878864e+02,2.514607879617063002e+00,2.913906175040996249e+00,7.011400894937541928e+00
6.600000000000000533e+00,2.000000000000000000e+00,5.010346105865639288e+02,2.583287225686301092e+00,2.533749426304330310e+00,6.769964199902917201e+00
6.610000000000000320e+00,2.000000000000000000e+00,5.010575737598937849e+02,2.649793524193060357e+00,2.123655206703375153e+00,6.569535547079290438e+00
6.620000000000000107e+00,2.000000000000000000e+00,5.010762983938892035e+02,2.714525620927592975e+00,1.691140014725133200e+00,6.407517030697407634e+00
6.629999999999999893e+00,2.000000000000000000e+00,5.010906106848746049e+02,2.777807405063724921e+00,1.247707362768480044e+00,6.273039705762410989e+00
6.640000000000000568e+00,2.000000000000000000e+00,5.011005084700566385e+02,2.839833873483601501e+00,8.083164516200381788e-01,6.155779693649074069e+00
6.650000000000000355e+00,2.000000000000000000e+00,5.011061252681524252e+02,2.900784718149917119e+00,3.888211250057948543e-01,6.051658182027587429e+00
6.660000000000000142e+00,2.000000000000000000e+00,5.011077521070777721e+02,2.960666988620092699e+00,7.094582892723652265e-03,5.939519158744303695e+00
6.669999999999999929e+00,2.000000000000000000e+00,5.011059074549703496e+02,3.019255734926026502e+00,-3.154871134324643278e-01,5.795669685143183258e+00
6.679999999999999716e+00,2.000000000000000000e+00,5.011011250885612753e+02,3.076221180876553607e+00,-5.916683645730321794e-01,5.621529331540518371e+00
6.690000000000000391e+00,2.000000000000000000e+00,5.010938299910629894e+02,3.131305681136506980e+00,-8.243331233729990215e-01,5.422830740685339102e+00
6.700000000000000178e+00,2.000000000000000000e+00,5.010852868700536078e+02,3.183328287428482284e+00,-8.788799885442976079e-01,5.046587527015696573e+00
6.709999999999999964e+00,2.000000000000000000e+00,5.010762184397590318e+02,3.231666338679017869e+00,-9.292786470700222790e-01,4.677463857635954625e+00
6.719999999999999751e+00,2.000000000000000000e+00,5.010618589651508046e+02,3.274640879404770555e+00,-1.348429015731130054e+00,4.293286928148789983e+00
6.730000000000000426e+00,2.000000000000000000e+00,5.010485341505053611e+02,3.316774972854891868e+00,-1.314840183423969799e+00,4.156997692508301867e+00
6.740000000000000213e+00,2.000000000000000000e+00,5.010354333946725660e+02,3.357497037339058465e+00,-1.321088691987167829e+00,4.016299901858974231e+00
6.750000000000000000e+00,2.000000000000000000e+00,5.010216552874081231e+02,3.396910091367563833e+00,-1.426185917764253075e+00,3.897612393744236847e+00
6.759999999999999787e+00,2.000000000000000000e+00,5.010063762643861764e+02,3.435445948120335657e+00,-1.605694626096047406e+00,3.832468788680672755e+00
6.770000000000000462e+00,2.000000000000000000e+00,5.009888358796471834e+02,3.473811579626548962e+00,-1.860236063221628378e+00,3.854477664333519904e+00
6.780000000000000249e+00,2.000000000000000000e+00,5.009685404109440015e+02,3.512862167841907635e+00,-2.148486944819846478e+00,3.933497453803170618e+00
6.790000000000000036e+00,2.000000000000000000e+00,5.009452734688310898e+02,3.552400539686737524e+00,-2.438306628454359970e+00,3.961806971873823358e+00
6.799999999999999822e+00,2.000000000000000000e+00,5.009193915126832621e+02,3.591640360144045196e+00,-2.683488836712393244e+00,3.894675942489028486e+00
6.810000000000000497e+00,2.000000000000000000e+00,5.008913242002104198e+02,3.629983838432407239e+00,-2.880609229866850640e+00,3.788351762588981764e+00
6.820000000000000284e+00,2.000000000000000000e+00,5.008617306969553056e+02,3.666921813513952966e+00,-2.969253489462937434e+00,3.580187478971445625e+00
6.830000000000000071e+00,2.000000000000000000e+00,5.008328541677565795e+02,3.699917731902421014e+00,-2.828039575547270701e+00,3.108775144032517090e+00
6.839999999999999858e+00,2.000000000000000000e+00,5.008051703157877910e+02,3.728869492906055960e+00,-2.732021006389321549e+00,2.759125269141579739e+00
6.850000000000000533e+00,2.000000000000000000e+00,5.007783244727062311e+02,3.754566850933691136e+00,-2.655124251176403050e+00,2.448192237046547870e+00
6.860000000000000320e+00,2.000000000000000000e+00,5.007521526028315861e+02,3.777342314218918418e+00,-2.593803062775209334e+00,2.166881508826763891e+00
6.870000000000000107e+00,2.000000000000000000e+00,5.007265213032958400e+02,3.797413374167582401e+00,-2.543346803094591380e+00,1.901853596689700332e+00
6.879999999999999893e+00,2.000000000000000000e+00,5.007013591045356407e+02,3.814846165566539327e+00,-2.499300933775354672e+00,1.637312759942485041e+00
6.890000000000000568e+00,2.000000000000000000e+00,5.006766121348969705e+02,3.829637685254879020e+00,-2.457619439069708811e+00,1.376344031014779423e+00
6.900000000000000355e+00,2.000000000000000000e+00,5.006522907835558271e+02,3.841844750298775590e+00,-2.416309361413940149e+00,1.113188090083564674e+00
6.910000000000000142e+00,2.000000000000000000e+00,5.006283628287112037e+02,3.851229142012575046e+00,-2.377155947772126687e+00,8.168697390630936805e-01
6.919999999999999929e+00,2.000000000000000000e+00,5.006048063674186892e+02,3.857408559653084712e+00,-2.343382690856170125e+00,4.791028874564896567e-01
6.929999999999999716e+00,2.000000000000000000e+00,5.005814733512261796e+02,3.859928260507958342e+00,-2.328130002581475289e+00,9.668641170654511396e-02
6.940000000000000391e+00,2.000000000000000000e+00,5.005582645859258832e+02,3.858488620833840699e+00,-2.313961026683124089e+00,-3.058179993643281858e-01
6.950000000000000178e+00,2.000000000000000000e+00,5.005352857507808721e+02,3.853022578120672392e+00,-2.287436355776458097e+00,-7.073964911596256622e-01
6.959999999999999964e+00,2.000000000000000000e+00,5.005126326629746245e+02,3.843584116072250811e+00,-2.247535085433617574e+00,-1.098304458844014286e+00
6.969999999999999751e+00,2.000000000000000000e+00,5.004905287738217794e+02,3.830391940469830114e+00,-2.181897836258339218e+00,-1.462704140604856207e+00
6.980000000000000426e+00,2.000000000000000000e+00,5.004692250082824785e+02,3.813798146798800914e+00,-2.101362957035903367e+00,-1.764052725247620579e+00
6.990000000000000213e+00,2.000000000000000000e+00,5.004491088428518424e+02,3.794587531800858393e+00,-1.947353027802797509e+00,-2.027763702798421441e+00
7.000000000000000000e+00,2.000000000000000000e+00,5.004306468371630672e+02,3.772759330568060232e+00,-1.777155446745613210e+00,-2.284871739053953021e+00
7.009999999999999787e+00,2.000000000000000000e+00,5.004139641255333686e+02,3.748410072771324320e+00,-1.592798724496185647e+00,-2.533999799697804978e+00
7.020000000000000462e+00,2.000000000000000000e+00,5.003992043797255747e+02,3.721598752521122044e+00,-1.398856481292545029e+00,-2.778527297586559808e+00
7.030000000000000249e+00,2.000000000000000000e+00,5.003863469519855016e+02,3.692425996102268737e+00,-1.212368158205128221e+00,-3.005944400694261720e+00
7.040000000000000036e+00,2.000000000000000000e+00,5.003752227929537639e+02,3.661122388165127806e+00,-1.049633479511713707e+00,-3.211301417668330327e+00
7.049999999999999822e+00,2.000000000000000000e+00,5.003655440232759020e+02,3.627848358572853371e+00,-9.176602692247392001e-01,-3.403019108216678745e+00
7.060000000000000497e+00,2.000000000000000000e+00,5.003569495739526474e+02,3.592747403175472698e+00,-8.269579352107987447e-01,-3.578685231712429804e+00
7.070000000000000284e+00,2.000000000000000000e+00,5.003489968287245233e+02,3.556035301518497338e+00,-7.795292854322806164e-01,-3.728784209420457074e+00
7.080000000000000071e+00,2.000000000000000000e+00,5.003412865336214850e+02,3.518063410438673877e+00,-7.688649482438828509e-01,-3.837119711687918322e+00
7.089999999999999858e+00,2.000000000000000000e+00,5.003335522471215313e+02,3.479251643234166469e+00,-7.804460599473026505e-01,-3.905639930766739099e+00
7.100000000000000533e+00,2.000000000000000000e+00,5.003255936402719044e+02,3.439928000852630952e+00,-8.075410585733966418e-01,-3.946612200160477979e+00
7.110000000000000320e+00,2.000000000000000000e+00,5.003203577112500966e+02,3.403176492936246245e+00,-5.534527334118999331e-01,-3.690688317413813646e+00
7.120000000000000107e+00,2.000000000000000000e+00,5.003150184002948890e+02,3.366567373829883802e+00,-5.419902435353981529e-01,-3.668506969660418449e+00
7.129999999999999893e+00,2.000000000000000000e+00,5.003092737779999197e+02,3.329356415219262288e+00,-5.970418987311792991e-01,-3.764309597713584754e+00
7.140000000000000568e+00,2.000000000000000000e+00,5.003030420562159293e+02,3.290924782426977835e+00,-6.363024964354770940e-01,-3.898543436578892685e+00
7.150000000000000355e+00,2.000000000000000000e+00,5.002966360263148999e+02,3.251065276191422715e+00,-6.381141910401119111e-01,-4.044857800934394731e+00
7.160000000000000142e+00,2.000000000000000000e+00,5.002904441003907436e+02,3.209732808255365111e+00,-6.019736872935113059e-01,-4.191803179976170135e+00
7.169999999999999929e+00,2.000000000000000000e+00,5.002847789310286544e+02,3.166996013298080559e+00,-5.395914234347419791e-01,-4.325750068842396878e+00
7.179999999999999716e+00,2.000000000000000000e+00,5.002798461096485880e+02,3.122981842103356165e+00,-4.637810500851257123e-01,-4.452943239608651460e+00
7.190000000000000391e+00,2.000000000000000000e+00,5.002756703079904241e+02,3.077731902180241619e+00,-3.869676418888368108e-01,-4.571238183026222757e+00
7.200000000000000178e+00,2.000000000000000000e+00,5.002722110603749570e+02,3.031382749657179687e+00,-3.209285086109330276e-01,-4.675094424993946340e+00
7.209999999999999964e+00,2.000000000000000000e+00,5.002692850284355472e+02,2.984112205542278407e+00,-2.773125646698914037e-01,-4.758616809555769045e+00
7.219999999999999751e+00,2.000000000000000000e+00,5.002666220365831009e+02,2.936150833475684507e+00,-2.630991741551242935e-01,-4.817847493612448240e+00
7.230000000000000426e+00,2.000000000000000000e+00,5.002639164396247793e+02,2.887739945875413827e+00,-2.794286604255134532e-01,-4.853729808013194535e+00
7.240000000000000213e+00,2.000000000000000000e+00,5.002609008970094351e+02,2.839097357669921440e+00,-3.179816186703233738e-01,-4.868224592380749449e+00
7.250000000000000000e+00,2.000000000000000000e+00,5.002574211525964643e+02,2.790438587257135783e+00,-3.710157444675591387e-01,-4.860669896075011209e+00
7.259999999999999787e+00,2.000000000000000000e+00,5.002533324490051427e+02,2.741999551584528572e+00,-4.324850727736189171e-01,-4.831379041856683543e+00
7.270000000000000462e+00,2.000000000000000000e+00,5.002487214431379812e+02,2.693878869377293483e+00,-4.785135379804502098e-01,-4.799332631354023881e+00
7.280000000000000249e+00,2.000000000000000000e+00,5.002437357716277688e+02,2.646053903533246654e+00,-5.094452504536861603e-01,-4.772268045598063502e+00
7.290000000000000036e+00,2.000000000000000000e+00,5.002410788133032042e+02,2.601737290167392302e+00,-2.774362127180349247e-01,-4.438283468093546347e+00
7.299999999999999822e+00,2.000000000000000000e+00,5.002386926513430581e+02,2.557880784643085548e+00,-2.289329011633716993e-01,-4.379761038674515383e+00
7.310000000000000497e+00,2.000000000000000000e+00,5.002363995496718871e+02,2.513780592037802464e+00,-2.299900815564870915e-01,-4.436117342647149187e+00
7.320000000000000284e+00,2.000000000000000000e+00,5.002341587596487216e+02,2.468996689093507779e+00,-2.166791204608013721e-01,-4.504723551828742956e+00
7.330000000000000071e+00,2.000000000000000000e+00,5.002322064646338617e+02,2.423703362820427643e+00,-1.769497718215068127e-01,-4.539415660372569938e+00
7.339999999999999858e+00,2.000000000000000000e+00,5.002308404293210629e+02,2.378344894254009301e+00,-1.066653477666654748e-01,-4.527325368787124660e+00
7.350000000000000533e+00,2.000000000000000000e+00,5.002302739276545935e+02,2.333390644326602814e+00,-2.215064385145485912e-02,-4.467488216719059047e+00
7.360000000000000320e+00,2.000000000000000000e+00,5.002305972839711785e+02,2.289347718788639074e+00,6.920433276885498697e-02,-4.355003577192861464e+00
7.370000000000000107e+00,2.000000000000000000e+00,5.002318435854577388e+02,2.246742900292875600e+00,1.613098284782812919e-01,-4.190950434709173500e+00
7.379999999999999893e+00,2.000000000000000000e+00,5.002339933985042535e+02,2.206054541023886983e+00,2.503480174409533632e-01,-3.981940410268832498e+00
7.390000000000000568e+00,2.000000000000000000e+00,5.002370109591625464e+02,2.167689416600181662e+00,3.353805420609130561e-01,-3.735087341022831797e+00
7.400000000000000355e+00,2.000000000000000000e+00,5.002408493733860269e+02,2.131957921486599350e+00,4.154602982395207977e-01,-3.463445934182317831e+00
7.410000000000000142e+00,2.000000000000000000e+00,5.002454695327800778e+02,2.098979896803860434e+00,4.932595833294641241e-01,-3.187958067799346651e+00
7.419999999999999929e+00,2.000000000000000000e+00,5.002508894156630390e+02,2.068733952348450256e+00,5.751724601325067798e-01,-2.916387604357399077e+00
7.429999999999999716e+00,2.000000000000000000e+00,5.002571562441447099e+02,2.041164651159402599e+00,6.613439849719713326e-01,-2.651594379200826967e+00
7.440000000000000391e+00,2.000000000000000000e+00,5.002642989831515479e+02,2.016193118346865099e+00,7.499073558437188147e-01,-2.395546005419784574e+00
7.450000000000000178e+00,2.000000000000000000e+00,5.002723430499610799e+02,1.993718329188906235e+00,8.410664004001033867e-01,-2.150234199075424790e+00
7.459999999999999964e+00,2.000000000000000000e+00,5.002813093453480064e+02,1.973633789472485356e+00,9.334496349064311804e-01,-1.915101369751693206e+00
7.469999999999999751e+00,2.000000000000000000e+00,5.002911647106668056e+02,1.955849618345680607e+00,1.019093693387831845e+00,-1.688024404497497022e+00
7.480000000000000426e+00,2.000000000000000000e+00,5.003018311611930926e+02,1.940316296574667421e+00,1.097390258867647850e+00,-1.463675628836037523e+00
7.490000000000000213e+00,2.000000000000000000e+00,5.003132470617133549e+02,1.927029607998203664e+00,1.170588285255955485e+00,-1.238555792604681072e+00
7.500000000000000000e+00,2.000000000000000000e+00,5.003253656310481574e+02,1.915998635844613052e+00,1.238368821289817401e+00,-1.012712628237311563e+00
7.509999999999999787e+00,2.000000000000000000e+00,5.003381080095774678e+02,1.907227511798938790e+00,1.296626193491574819e+00,-7.867884702031112676e-01
7.520000000000000462e+00,2.000000000000000000e+00,5.003513576900196540e+02,1.900707846524379407e+00,1.341966820742070743e+00,-5.624454032238488388e-01
7.530000000000000249e+00,2.000000000000000000e+00,5.003649719325405840e+02,1.896409446286570599e+00,1.372320724572970718e+00,-3.421690962234181788e-01
7.540000000000000036e+00,2.000000000000000000e+00,5.003787960854743346e+02,1.894273980331303786e+00,1.387143127494442796e+00,-1.289923481832142560e-01
7.549999999999999822e+00,2.000000000000000000e+00,5.003926882354247141e+02,1.894204421360038193e+00,1.389056602370937421e+00,7.261339950480351357e-02
7.560000000000000497e+00,2.000000000000000000e+00,5.004065353696884131e+02,1.896071234132992611e+00,1.380620848350647689e+00,2.610945725465620426e-01
7.570000000000000284e+00,2.000000000000000000e+00,5.004202508084109127e+02,1.899746699701615915e+00,1.364808803614342647e+00,4.368081971959099086e-01
7.580000000000000071e+00,2.000000000000000000e+00,5.004337787605150538e+02,1.905100159842396890e+00,1.344130604431325038e+00,5.991721960640082889e-01
7.589999999999999858e+00,2.000000000000000000e+00,5.004470690122225278e+02,1.911991276117818828e+00,1.318203934203918903e+00,7.471015060223822335e-01
7.600000000000000533e+00,2.000000000000000000e+00,5.004600642143572031e+02,1.920272767974802397e+00,1.286210819164329333e+00,8.802119685510306768e-01
7.610000000000000320e+00,2.000000000000000000e+00,5.004727031558794579e+02,1.929797819776785550e+00,1.248237353475713851e+00,9.988121750457150672e-01
7.620000000000000107e+00,2.000000000000000000e+00,5.004849265899848092e+02,1.940426382815770401e+00,1.204292750543935142e+00,1.103856665448180063e+00
7.629999999999999893e+00,2.000000000000000000e+00,5.004966777928884198e+02,1.952035757911570579e+00,1.154992692797419007e+00,1.197695527131880544e+00
7.640000000000000568e+00,2.000000000000000000e+00,5.005079056920689027e+02,1.964531737191802296e+00,1.100623345375418838e+00,1.283183127604300200e+00
7.650000000000000355e+00,2.000000000000000000e+00,5.005185571948654797e+02,1.977837520483588962e+00,1.040726856403343392e+00,1.361184877086154543e+00
7.660000000000000142e+00,2.000000000000000000e+00,5.005285738565769407e+02,1.991878263729917720e+00,9.747952447439321988e-01,1.431637533485648595e+00
7.669999999999999929e+00,2.000000000000000000e+00,5.005378934130854987e+02,2.006575972446186906e+00,9.025479304368253519e-01,1.494084546525498602e+00
7.679999999999999716e+00,2.000000000000000000e+00,5.005464526539992676e+02,2.021846742218707860e+00,8.240209265983921005e-01,1.547870641187648166e+00
7.690000000000000391e+00,2.000000000000000000e+00,5.005541907431783102e+02,2.037599870696828130e+00,7.395842981667504201e-01,1.592322155329236821e+00
7.700000000000000178e+00,2.000000000000000000e+00,5.005610523885758880e+02,2.053738612814342446e+00,6.499083340051435842e-01,1.626898892548865216e+00
7.709999999999999964e+00,2.000000000000000000e+00,5.005669904733684348e+02,2.070162222655616002e+00,5.558986853598574251e-01,1.651306099810949668e+00
7.719999999999999751e+00,2.000000000000000000e+00,5.005719698123847365e+02,2.086770694691929773e+00,4.590584704736304089e-01,1.666000119270078406e+00
7.730000000000000426e+00,2.000000000000000000e+00,5.005759723984841116e+02,2.103472623880192849e+00,3.609498400916455463e-01,1.671836679439415940e+00
7.740000000000000213e+00,2.000000000000000000e+00,5.005789907586581080e+02,2.120182320803285059e+00,2.624211035948454951e-01,1.669317716834275211e+00
7.750000000000000000e+00,2.000000000000000000e+00,5.005810250241028143e+02,2.136820031533713138e+00,1.641757428575054689e-01,1.659094993146023267e+00
7.759999999999999787e+00,2.000000000000000000e+00,5.005820815507871089e+02,2.153313240332199285e+00,6.678391591170883268e-02,1.641933980623198508e+00
7.770000000000000462e+00,2.000000000000000000e+00,5.005821716790053983e+02,2.169597494598205500e+00,-2.930099264784648966e-02,1.618660666160779860e+00
7.780000000000000249e+00,2.000000000000000000e+00,5.005813107077657946e+02,2.185616672341069489e+00,-1.237176996405208312e-01,1.590105631814691112e+00
7.790000000000000036e+00,2.000000000000000000e+00,5.005795171513955211e+02,2.201322724339873638e+00,-2.161670182474634549e-01,1.557054770776565178e+00
7.799999999999999822e+00,2.000000000000000000e+00,5.005768123027182810e+02,2.216674994497943807e+00,-3.063814616935963686e-01,1.520212399488410693e+00
7.810000000000000497e+00,2.000000000000000000e+00,5.005732200769260771e+02,2.231639261101443950e+00,-3.940992969100264309e-01,1.480179517706168069e+00
7.820000000000000284e+00,2.000000000000000000e+00,5.005687670697923863e+02,2.246186653423296598e+00,-4.790464419870179014e-01,1.437447400494491934e+00
7.830000000000000071e+00,2.000000000000000000e+00,5.005634827418094801e+02,2.260292587300249512e+00,-5.609275969705818099e-01,1.392404677432742321e+00
7.839999999999999858e+00,2.000000000000000000e+00,5.005573996375459274e+02,2.273935835983576847e+00,-6.394261169451392890e-01,1.345354662114605082e+00
7.850000000000000533e+00,2.000000000000000000e+00,5.005505535627873996e+02,2.287097815228258391e+00,-7.142108387766851196e-01,1.296538951149250662e+00
7.860000000000000320e+00,2.000000000000000000e+00,5.005429836639216319e+02,2.299762120433098467e+00,-7.849474961134436102e-01,1.246163161901343353e+00
7.870000000000000107e+00,2.000000000000000000e+00,5.005347323780564466e+02,2.311914314135974369e+00,-8.513123540019471580e-01,1.194421040268565326e+00
7.879999999999999893e+00,2.000000000000000000e+00,5.005258452443628698e+02,2.323541928843404047e+00,-9.130059992371852839e-01,1.141513943977406242e+00
7.890000000000000568e+00,2.000000000000000000e+00,5.005163705853861416e+02,2.334634626403276680e+00,-9.697656248055923633e-01,1.087663763539983730e+00
7.900000000000000355e+00,2.000000000000000000e+00,5.005063590811928975e+02,2.345184442787141776e+00,-1.021374563135102553e+00,1.033118520016197861e+00
7.910000000000000142e+00,2.000000000000000000e+00,5.004958632690784270e+02,2.355186046385447707e+00,-1.067668260515045819e+00,9.781510011468690369e-01
7.919999999999999929e+00,2.000000000000000000e+00,5.004849370067944392e+02,2.364636947231593567e+00,-1.108536363450254303e+00,9.230517104610456158e-01
7.930000000000000604e+00,2.000000000000000000e+00,5.004736349375546638e+02,2.373537611183474727e+00,-1.143921086473940196e+00,8.681180020203914660e-01
7.940000000000000391e+00,2.000000000000000000e+00,5.004620119905788442e+02,2.381891453550832427e+00,-1.173812486991398840e+00,8.136415146544215826e-01
7.950000000000000178e+00,2.000000000000000000e+00,5.004501229425318343e+02,2.389704707469967992e+00,-1.198241609953526021e+00,7.598959240544164162e-01
7.959999999999999964e+00,2.000000000000000000e+00,5.004380220544601343e+02,2.396986180508326569e+00,-1.217272628073649221e+00,7.071266676180677502e-01
7.969999999999999751e+00,2.000000000000000000e+00,5.004257627875841195e+02,2.403746926419690233e+00,-1.230995076414971079e+00,6.555437627931627320e-01
7.980000000000000426e+00,2.000000000000000000e+00,5.004133975913464383e+02,2.409999866591615802e+00,-1.239517089382130122e+00,6.053182399167553740e-01
7.990000000000000213e+00,2.000000000000000000e+00,5.004009777497761888e+02,2.415759397458140612e+00,-1.242960248986043625e+00,5.565821402115969097e-01
8.000000000000000000e+00,2.000000000000000000e+00,5.003885532681698010e+02,2.421041016745519858e+00,-1.241456313208918250e+00,5.094315616721419859e-01
8.009999999999999787e+00,3.000000000000000000e+00,5.002071750824154606e+02,2.401898458945413317e+00,-2.917803976822345291e+01,-3.739657886647334450e+00
8.019999999999999574e+00,3.000000000000000000e+00,5.000665399159261142e+02,2.428030580662784210e+00,-9.509394253853495016e+00,2.136362929292027424e+00
8.029999999999999361e+00,3.000000000000000000e+00,4.997495390964122066e+02,2.422169896101008746e+00,-4.565873664701926060e+01,-1.979955121760412773e+00
8.040000000000000924e+00,3.000000000000000000e+00,4.994189655775326742e+02,2.477300558812726816e+00,-3.578065364486151623e+01,4.299517752774545620e+00
8.050000000000000711e+00,3.000000000000000000e+00,4.989932169256971406e+02,2.480786600220136862e+00,-4.380438458074596753e+01,-2.129838905405635696e+00
8.060000000000000497e+00,3.000000000000000000e+00,4.985413354184784112e+02,2.556289025637033419e+00,-4.440131410393322398e+01,6.788692604540940145e+00
8.070000000000000284e+00,3.000000000000000000e+00,4.981213573585858398e+02,2.556267637582906538e+00,-3.974242221323424928e+01,-3.496613619844370024e+00
8.080000000000000071e+00,3.000000000000000000e+00,4.976683723063333105e+02,2.648113572257647874e+00,-4.529152081945318287e+01,8.005339616240854994e+00
8.089999999999999858e+00,3.000000000000000000e+00,4.972354627054997422e+02,2.642251680291055393e+00,-4.203384628292717196e+01,-5.889748196910471023e+00
8.099999999999999645e+00,3.000000000000000000e+00,4.968019823870520213e+02,2.735406444497863632e+00,-4.544539279190382075e+01,9.477619686455804882e+00
8.109999999999999432e+00,3.000000000000000000e+00,4.963710208379356459e+02,2.729620264596165136e+00,-4.222730360321446597e+01,-5.372672864948935256e+00
8.120000000000000995e+00,3.000000000000000000e+00,4.959272932337797783e+02,2.827568119350669207e+00,-4.601614892613410746e+01,9.456700727878288859e+00
8.130000000000000782e+00,3.000000000000000000e+00,4.954983500003976360e+02,2.817755740890373506e+00,-4.233129746213905520e+01,-5.553630088267640375e+00
8.140000000000000568e+00,3.000000000000000000e+00,4.950346909889750577e+02,2.930986608918831227e+00,-5.044328742365703278e+01,1.309483520688794833e+01
8.150000000000000355e+00,3.000000000000000000e+00,4.945365537868660795e+02,2.918251202470296235e+00,-5.233993420487635007e+01,-7.025063631197888903e+00
8.160000000000000142e+00,3.000000000000000000e+00,4.939670214642139285e+02,3.023543730117118411e+00,-6.236478280803179075e+01,1.198187288414956697e+01
8.169999999999999929e+00,3.000000000000000000e+00,4.933589652712901170e+02,3.001165317661632859e+00,-6.282898025611465442e+01,-7.742507812202749307e+00
8.179999999999999716e+00,3.000000000000000000e+00,4.926434530244236498e+02,3.093230563024741642e+00,-7.907730230832882512e+01,1.024042336304239242e+01
8.189999999999999503e+00,3.000000000000000000e+00,4.920156800786672875e+02,3.069343303777246401e+00,-5.722977426573433490e+01,-5.821495530559296583e+00
8.199999999999999289e+00,3.000000000000000000e+00,4.912640155397312469e+02,3.099789609979957117e+00,-8.361416586925068373e+01,4.515158005635137251e+00
8.210000000000000853e+00,3.000000000000000000e+00,4.905441588727913995e+02,3.030631648458858241e+00,-7.042177573900232801e+01,-1.051722924648829327e+01
8.220000000000000639e+00,3.000000000000000000e+00,4.897264433404906185e+02,3.040466307407232005e+00,-9.129927908875751541e+01,5.525016680736816177e+00
8.230000000000000426e+00,3.000000000000000000e+00,4.888288501906483816e+02,2.978242843226672765e+00,-8.770014990112041176e+01,-7.661415659403165712e+00
8.240000000000000213e+00,3.000000000000000000e+00,4.878894276883365819e+02,3.010664711551464201e+00,-1.003207601115666563e+02,7.155922567125647227e+00
8.250000000000000000e+00,3.000000000000000000e+00,4.869341666338627306e+02,2.944027173585412438e+00,-9.769598577971746067e+01,-8.035598982336816576e+00
8.259999999999999787e+00,3.000000000000000000e+00,4.859807396270601885e+02,2.979926309474144386e+00,-9.759037512105635415e+01,6.450687758853246301e+00
8.269999999999999574e+00,3.000000000000000000e+00,4.849938221555183873e+02,2.925878081934606634e+00,-1.068824661956159190e+02,-8.374560889188387591e+00
8.279999999999999361e+00,3.000000000000000000e+00,4.840106456879705092e+02,2.971027787833766975e+00,-9.806010981705838958e+01,6.822599789557487249e+00
8.290000000000000924e+00,3.000000000000000000e+00,4.829974261873268802e+02,2.916716271022165241e+00,-1.064705389328675693e+02,-8.406540936969221889e+00
8.300000000000000711e+00,3.000000000000000000e+00,4.819824964619670027e+02,2.959865767675105452e+00,-1.030616677423437295e+02,6.751945150531760476e+00
8.310000000000000497e+00,3.000000000000000000e+00,4.809766961963470635e+02,2.884015934900020284e+00,-1.069061289682442464e+02,-1.014903986996267982e+01
8.320000000000000284e+00,3.000000000000000000e+00,4.799916814060007368e+02,2.929483432419696776e+00,-9.944521424164004486e+01,4.501023998322053465e+00
8.330000000000000071e+00,3.000000000000000000e+00,4.789806054456173570e+02,2.878509496989937855e+00,-1.068197657682540012e+02,-7.387375671561368762e+00
8.339999999999999858e+00,3.000000000000000000e+00,4.780286640806661467e+02,2.904019660081593734e+00,-9.418923541981901337e+01,3.874680086713432114e+00
8.349999999999999645e+00,3.000000000000000000e+00,4.770184771165496613e+02,2.855113466287713564e+00,-1.081884833983017131e+02,-7.921799773352971918e+00
8.359999999999999432e+00,3.000000000000000000e+00,4.760324148320681843e+02,2.874215421062644271e+00,-9.603330279369063760e+01,3.274894403868993997e+00
8.370000000000000995e+00,3.000000000000000000e+00,4.750035652654327691e+02,2.811151185365601268e+00,-1.118178023945839357e+02,-9.444596450679068056e+00
8.380000000000000782e+00,3.000000000000000000e+00,4.739868622476179212e+02,2.829818597220744358e+00,-1.017197838947796242e+02,4.754281808220134131e+00
8.390000000000000568e+00,3.000000000000000000e+00,4.729517727671819216e+02,2.760547303380330053e+00,-1.102369847745863041e+02,-9.615823752724139695e+00
8.400000000000000355e+00,3.000000000000000000e+00,4.719399802473985801e+02,2.778032018958373595e+00,-1.023768672906831227e+02,5.026334616312516879e+00
8.410000000000000142e+00,3.000000000000000000e+00,4.708953719362226025e+02,2.703945200283467631e+00,-1.095157145021949106e+02,-9.410389487459642766e+00
8.419999999999999929e+00,3.000000000000000000e+00,4.699072491211470606e+02,2.718137675935141662e+00,-1.002439695820684449e+02,3.136901051158841991e+00
8.429999999999999716e+00,3.000000000000000000e+00,4.688732802377717235e+02,2.671655097736260753e+00,-1.061735907793437406e+02,-5.838837903051671496e+00
8.439999999999999503e+00,3.000000000000000000e+00,4.678460390608618695e+02,2.683811080375494651e+00,-1.044393215204962360e+02,3.054064755075664550e+00
8.449999999999999289e+00,3.000000000000000000e+00,4.668309638673418931e+02,2.655619504497070960e+00,-1.010932256609666098e+02,-3.128826239798995879e+00
8.460000000000000853e+00,3.000000000000000000e+00,4.657752014542042502e+02,2.663871058604676101e+00,-1.071743857882856474e+02,-5.014448022188798815e-01
8.470000000000000639e+00,3.000000000000000000e+00,4.647252681540199433e+02,2.658077155321208807e+00,-1.034816577888184810e+02,-2.601518722687773053e-02
8.480000000000000426e+00,3.000000000000000000e+00,4.636374818497512251e+02,2.665618180525714198e+00,-1.110230556240528870e+02,1.262730723616389827e+00
8.490000000000000213e+00,3.000000000000000000e+00,4.625459805118110239e+02,2.683484266242026184e+00,-1.104427297679547024e+02,2.212519697671739838e+00
8.500000000000000000e+00,3.000000000000000000e+00,4.614424668591300360e+02,2.708473807576551096e+00,-1.099951800621712863e+02,2.807916270470953268e+00
8.509999999999999787e+00,3.000000000000000000e+00,4.603706705475605077e+02,2.746115018908068528e+00,-1.052578442497258635e+02,4.665768328795520503e+00
8.519999999999999574e+00,3.000000000000000000e+00,4.593109968798698901e+02,2.766850957617956297e+00,-1.061174479671638977e+02,9.709681329916404202e-01
8.529999999999999361e+00,3.000000000000000000e+00,4.582300496320705179e+02,2.791814788036970363e+00,-1.114667253405803251e+02,1.681298231194427562e+00
8.540000000000000924e+00,3.000000000000000000e+00,4.571305882630443875e+02,2.801270774559681875e+00,-1.113002168795334796e+02,9.663677546423354858e-01
8.550000000000000711e+00,3.000000000000000000e+00,4.560128353346212293e+02,2.814476828123074981e+00,-1.116147729426001121e+02,1.608871292964068944e+00
8.560000000000000497e+00,3.000000000000000000e+00,4.548957083284556688e+02,2.832766825351360929e+00,-1.116843649993655134e+02,2.046270438308630535e+00
8.570000000000000284e+00,3.000000000000000000e+00,4.537812725865823040e+02,2.851563706521789143e+00,-1.110567859172121956e+02,1.781186156095920792e+00
8.580000000000000071e+00,3.000000000000000000e+00,4.526950263347439432e+02,2.873336634514244370e+00,-1.069577954646857734e+02,2.436689779450578630e+00
8.589999999999999858e+00,3.000000000000000000e+00,4.516043982267744923e+02,2.885252496751439466e+00,-1.118608112338980618e+02,1.125844531948665628e+00
8.599999999999999645e+00,3.000000000000000000e+00,4.505121703582386203e+02,2.904435464658186472e+00,-1.071511331346326727e+02,2.231657970200259911e+00
8.609999999999999432e+00,3.000000000000000000e+00,4.494070585526073387e+02,2.912528219700946774e+00,-1.125146778906437106e+02,1.812445336991267419e-01
8.620000000000000995e+00,3.000000000000000000e+00,4.483141382054365636e+02,2.929833272027342339e+00,-1.073183220684803274e+02,2.118339670383869056e+00
8.630000000000000782e+00,3.000000000000000000e+00,4.472012081179789220e+02,2.934196865596546022e+00,-1.119171818389041988e+02,2.975462619349255045e-01
8.640000000000000568e+00,3.000000000000000000e+00,4.460788443401428367e+02,2.940153062536582595e+00,-1.123649672290835753e+02,6.359533160586020584e-01
8.650000000000000355e+00,3.000000000000000000e+00,4.449719030669734252e+02,2.949107189803288787e+00,-1.092640688273964287e+02,1.028806562138022684e+00
8.660000000000000142e+00,3.000000000000000000e+00,4.438546332469216509e+02,2.963747214173728217e+00,-1.154207707822849898e+02,4.959520664042754157e-01
8.669999999999999929e+00,3.000000000000000000e+00,4.427194608099095490e+02,2.970972289678744716e+00,-1.117909267889425280e+02,1.006800006094374034e+00
8.679999999999999716e+00,3.000000000000000000e+00,4.415594681512899911e+02,2.979232368295346323e+00,-1.181092041494766107e+02,7.909519193456879815e-01
8.689999999999999503e+00,3.000000000000000000e+00,4.403912876360193991e+02,2.980718787890908494e+00,-1.175024061958086321e+02,-2.216084734810969126e-01
8.700000000000001066e+00,3.000000000000000000e+00,4.392236684487771754e+02,2.975690155834851414e+00,-1.161435431856090901e+02,-7.478369083669561546e-01
8.710000000000000853e+00,3.000000000000000000e+00,4.380696662533998733e+02,2.965872693970474039e+00,-1.150006772017556358e+02,-1.087550588676186480e+00
8.720000000000000639e+00,3.000000000000000000e+00,4.369721748250220799e+02,2.959588261420736721e+00,-1.057237610940947121e+02,-3.354873825110052943e-01
8.730000000000000426e+00,3.000000000000000000e+00,4.358451196781514909e+02,2.947528015237960819e+00,-1.167612241479349962e+02,-1.517316887362569755e+00
8.740000000000000213e+00,3.000000000000000000e+00,4.347143871231202752e+02,2.941460989943185833e+00,-1.149723980407447783e+02,-8.431395871466733638e-01
8.750000000000000000e+00,3.000000000000000000e+00,4.335613926038485602e+02,2.931876412318149328e+00,-1.151953431183090828e+02,-7.602337618090101445e-01
8.759999999999999787e+00,3.000000000000000000e+00,4.324029120929333772e+02,2.923925417296409979e+00,-1.158414815174949837e+02,-6.792837071133819293e-01
8.769999999999999574e+00,3.000000000000000000e+00,4.312473391344695983e+02,2.917452052550784991e+00,-1.152893923800509981e+02,-6.229645880595495733e-01
8.779999999999999361e+00,3.000000000000000000e+00,4.300995882642999959e+02,2.910358796546349325e+00,-1.143884861965296409e+02,-7.445489894870008785e-01
8.790000000000000924e+00,3.000000000000000000e+00,4.289839203208690606e+02,2.899167030226201369e+00,-1.097929799422639974e+02,-1.482391621895277289e+00
8.800000000000000711e+00,3.000000000000000000e+00,4.278497562599534945e+02,2.889607922987743827e+00,-1.156757713498859630e+02,-6.876808151000249891e-01
8.810000000000000497e+00,3.000000000000000000e+00,4.267051201399793854e+02,2.878173014591322243e+00,-1.161579511200019823e+02,-8.759215340137818107e-01
8.820000000000000284e+00,3.000000000000000000e+00,4.255592610294583551e+02,2.877813545588378208e+00,-1.125928127424865295e+02,4.582115056122035290e-01
8.830000000000000071e+00,3.000000000000000000e+00,4.243979687585807596e+02,2.871028854508239636e+00,-1.181086342345928841e+02,-1.062655834131631449e+00
8.839999999999999858e+00,3.000000000000000000e+00,4.232448235157568774e+02,2.870274879161250681e+00,-1.135832839574275681e+02,4.388158311537900813e-01
8.849999999999999645e+00,3.000000000000000000e+00,4.220572035880432509e+02,2.856762462125895130e+00,-1.184258159202347969e+02,-1.131276136478819083e+00
8.859999999999999432e+00,3.000000000000000000e+00,4.208792314651116726e+02,2.849778516906905423e+00,-1.174075009837412438e+02,-5.615151786519074761e-01
8.870000000000000995e+00,3.000000000000000000e+00,4.197103445956590235e+02,2.846174534740744999e+00,-1.165158939180640942e+02,-2.012099769586587761e-01
8.880000000000000782e+00,3.000000000000000000e+00,4.185705734628510299e+02,2.841943356383605845e+00,-1.121415854673930568e+02,-5.851381743100999566e-01
8.890000000000000568e+00,3.000000000000000000e+00,4.174104002758371053e+02,2.844309117465475989e+00,-1.184026476188160046e+02,7.152399583090437440e-01
8.900000000000000355e+00,3.000000000000000000e+00,4.162674599664716766e+02,2.853652593731109022e+00,-1.137984934370743986e+02,1.684267832840741885e+00
8.910000000000000142e+00,3.000000000000000000e+00,4.150903265724379594e+02,2.860135859048773543e+00,-1.195679948462886415e+02,1.830928520633313128e-01
8.919999999999999929e+00,3.000000000000000000e+00,4.139199763617453414e+02,2.871749901958743134e+00,-1.152473586442299052e+02,1.583740849132342365e+00
8.929999999999999716e+00,3.000000000000000000e+00,4.127358713327118380e+02,2.877917501297486691e+00,-1.205737567930423637e+02,1.431917102918435492e-01
8.939999999999999503e+00,3.000000000000000000e+00,4.115433709104747777e+02,2.887937669411152264e+00,-1.199424098195714237e+02,9.940190964622387382e-01
8.950000000000001066e+00,3.000000000000000000e+00,4.103698555762677529e+02,2.894818579762663102e+00,-1.153841016933739922e+02,5.742613124039502859e-01
8.960000000000000853e+00,3.000000000000000000e+00,4.091712826291844749e+02,2.916490979972967246e+00,-1.196019595306669459e+02,2.227005175178881302e+00
8.970000000000000639e+00,3.000000000000000000e+00,4.079786388927851135e+02,2.936094685517133485e+00,-1.190835663029736935e+02,1.868795680817189941e+00
8.980000000000000426e+00,3.000000000000000000e+00,4.068058692484882499e+02,2.959216624398836260e+00,-1.158868902722956449e+02,2.676787819995283257e+00
8.990000000000000213e+00,3.000000000000000000e+00,4.056079790315010314e+02,2.973719646796932459e+00,-1.216630987740281711e+02,8.500246196853266101e-01
9.000000000000000000e+00,3.000000000000000000e+00,4.044221324600617891e+02,2.995388045993093940e+00,-1.167157181200798135e+02,2.749698563963043796e+00
9.009999999999999787e+00,3.000000000000000000e+00,4.032176512447005621e+02,3.009388120950927004e+00,-1.210184245559778162e+02,1.452382843058412032e+00
9.019999999999999574e+00,3.000000000000000000e+00,4.020102100309055686e+02,3.026266496759428382e+00,-1.205138995386091665e+02,1.718639450438101290e+00
9.029999999999999361e+00,3.000000000000000000e+00,4.008371668223782649e+02,3.044982552173002066e+00,-1.153838989790482401e+02,1.764057819455058684e+00
9.040000000000000924e+00,3.000000000000000000e+00,3.996492392998944183e+02,3.065740618569825049e+00,-1.206012925748931082e+02,2.346494019228255734e+00
9.050000000000000711e+00,3.000000000000000000e+00,3.984537046821926651e+02,3.087777594998910580e+00,-1.193763095461194155e+02,2.327598045746646083e+00
9.060000000000000497e+00,3.000000000000000000e+00,3.972587759081027343e+02,3.112092386753764650e+00,-1.194135295807782455e+02,2.538456137201881013e+00
9.070000000000000284e+00,3.000000000000000000e+00,3.960607594248633632e+02,3.139239760341229424e+00,-1.198229416470639563e+02,2.808847253085020146e+00
9.080000000000000071e+00,3.000000000000000000e+00,3.948654397454473042e+02,3.166987889219463614e+00,-1.194796203708153399e+02,2.760064019590626749e+00
9.089999999999999858e+00,3.000000000000000000e+00,3.936922483297635154e+02,3.203324976960971071e+00,-1.158838470734750530e+02,4.247091997290378451e+00
9.099999999999999645e+00,3.000000000000000000e+00,3.925019857111963688e+02,3.231467645433574898e+00,-1.208171841824728716e+02,2.221591232132300142e+00
9.109999999999999432e+00,3.000000000000000000e+00,3.913340641068424475e+02,3.261154713493060076e+00,-1.156735620340909776e+02,2.644966606377459506e+00
9.120000000000000995e+00,3.000000000000000000e+00,3.901460489594732621e+02,3.292432656641468114e+00,-1.206130700461270493e+02,3.474637089672298451e+00
9.130000000000000782e+00,3.000000000000000000e+00,3.889452775394379387e+02,3.326908542616390463e+00,-1.199396216184163393e+02,3.535929264916321202e+00
9.140000000000000568e+00,3.000000000000000000e+00,3.877458037588529010e+02,3.361688296744622217e+00,-1.197181019861363325e+02,3.542267413854633507e+00
9.150000000000000355e+00,3.000000000000000000e+00,3.865512330203133047e+02,3.400002096493915715e+00,-1.194011814173854447e+02,3.750362736525902019e+00
9.160000000000000142e+00,3.000000000000000000e+00,3.853580576254328776e+02,3.434750482050864306e+00,-1.193412527505276870e+02,3.417348164881818029e+00
9.169999999999999929e+00,3.000000000000000000e+00,3.841844946019913323e+02,3.478603605266055609e+00,-1.158875526492374917e+02,5.078529429239779347e+00
9.179999999999999716e+00,3.000000000000000000e+00,3.829887868466335021e+02,3.507076255118654728e+00,-1.218661581378971164e+02,1.697177173044939646e+00
9.189999999999999503e+00,3.000000000000000000e+00,3.818197080625382114e+02,3.537401419397434577e+00,-1.135238346276168784e+02,3.449633129905941953e+00
9.200000000000001066e+00,3.000000000000000000e+00,3.806093352177412044e+02,3.546819887628390067e+00,-1.236801381980536974e+02,6.476503592978063439e-01
9.210000000000000853e+00,3.000000000000000000e+00,3.793859721289490494e+02,3.556391394020921748e+00,-1.229318584850869627e+02,9.096085083320468723e-01
9.220000000000000639e+00,3.000000000000000000e+00,3.781634402766592302e+02,3.565308707497310436e+00,-1.216494357910340653e+02,9.863173899706787484e-01
9.230000000000000426e+00,3.000000000000000000e+00,3.769488826507102317e+02,3.571226080172396067e+00,-1.212617743114786606e+02,5.993146667807954797e-01
9.240000000000000213e+00,3.000000000000000000e+00,3.757377344814160551e+02,3.576725599400968569e+00,-1.210225384862239082e+02,5.248931822179287998e-01
9.250000000000000000e+00,3.000000000000000000e+00,3.745288100292315221e+02,3.582621516127228123e+00,-1.206820501053615686e+02,6.697310475551980780e-01
9.259999999999999787e+00,3.000000000000000000e+00,3.733487836464184966e+02,3.599004784646542277e+00,-1.161241625986075547e+02,2.362909363997085954e+00
9.269999999999999574e+00,3.000000000000000000e+00,3.721610117952423025e+02,3.614269417004992935e+00,-1.206717104502730251e+02,1.011645182181059477e+00
9.279999999999999361e+00,3.000000000000000000e+00,3.709919878122882437e+02,3.632774889985693978e+00,-1.158506510762920243e+02,1.669407677624764164e+00
9.290000000000000924e+00,3.000000000000000000e+00,3.697920582608439872e+02,3.656951311374767588e+00,-1.223650481329382274e+02,2.997372392965393484e+00
9.300000000000000711e+00,3.000000000000000000e+00,3.685789636682791865e+02,3.689950762186076094e+00,-1.230448158943026726e+02,3.811280286310527732e+00
9.310000000000000497e+00,3.000000000000000000e+00,3.673446772070404336e+02,3.732734886122923701e+00,-1.230911581260488958e+02,4.570345500712496012e+00
9.320000000000000284e+00,3.000000000000000000e+00,3.661195610036085668e+02,3.778218774170609251e+00,-1.221918531571765527e+02,4.572454559938416985e+00
9.330000000000000071e+00,3.000000000000000000e+00,3.649033293041135266e+02,3.821102955369242604e+00,-1.212390961431584628e+02,4.093270949456853991e+00
9.339999999999999858e+00,3.000000000000000000e+00,3.636949298385754332e+02,3.860285424345139660e+00,-1.205673318092789827e+02,3.765180879631674138e+00
9.349999999999999645e+00,3.000000000000000000e+00,3.625348089239306546e+02,3.908485376306578107e+00,-1.126608194431266696e+02,5.604594864075405525e+00
9.359999999999999432e+00,3.000000000000000000e+00,3.613370936059768042e+02,3.944049085657388876e+00,-1.238758076569083926e+02,2.678298912018921563e+00
9.370000000000000995e+00,3.000000000000000000e+00,3.601276795080095212e+02,3.984623633073348437e+00,-1.221170585455610365e+02,3.217746001958573299e+00
9.380000000000000782e+00,3.000000000000000000e+00,3.589085281695235494e+02,4.012121218514860033e+00,-1.214065220937605005e+02,2.758797610997726135e+00
9.390000000000000568e+00,3.000000000000000000e+00,3.576997556682711092e+02,4.036969679098972641e+00,-1.204095366305116670e+02,2.334506439817067402e+00
9.400000000000000355e+00,3.000000000000000000e+00,3.564985498583174035e+02,4.057013311507770226e+00,-1.198750455709921994e+02,1.822926751682291791e+00
9.410000000000000142e+00,3.000000000000000000e+00,3.553183387900141383e+02,4.070048228815489111e+00,-1.195695533972249507e+02,1.406158749825273002e+00
9.419999999999999929e+00,3.000000000000000000e+00,3.541353102434320590e+02,4.086149417695525088e+00,-1.166657146333453881e+02,1.914135444759098137e+00
9.429999999999999716e+00,3.000000000000000000e+00,3.529295824466544218e+02,4.093430757210775539e+00,-1.227957334460199519e+02,1.421503904063908252e-01
9.439999999999999503e+00,3.000000000000000000e+00,3.517293066612864436e+02,4.103965431531482189e+00,-1.181119682899659296e+02,1.450350534279783332e+00
9.450000000000001066e+00,3.000000000000000000e+00,3.505024325493683932e+02,4.105932112910918086e+00,-1.221406239872747221e+02,6.699640905477237673e-01
9.460000000000000853e+00,3.000000000000000000e+00,3.492876483751585397e+02,4.119092244822690319e+00,-1.211019078604844310e+02,1.644469708386299356e+00
9.470000000000000639e+00,3.000000000000000000e+00,3.480780153730354982e+02,4.138815373987998925e+00,-1.208486785440576909e+02,2.238399304439557369e+00
9.480000000000000426e+00,3.000000000000000000e+00,3.468680970774448724e+02,4.161917502909064481e+00,-1.210327995583976701e+02,2.483966906342978564e+00
9.490000000000000213e+00,3.000000000000000000e+00,3.456805550441177957e+02,4.199505807381908262e+00,-1.171879442683540873e+02,4.764759643963421887e+00
9.500000000000000000e+00,3.000000000000000000e+00,3.444707589968803063e+02,4.221935180829471612e+00,-1.230905963845774664e+02,1.349527391433748225e+00
9.509999999999999787e+00,3.000000000000000000e+00,3.432789123416024495e+02,4.249256503561092302e+00,-1.173700639014417106e+02,2.500342325258443132e+00
9.519999999999999574e+00,3.000000000000000000e+00,3.420662854995917996e+02,4.274674507935985801e+00,-1.217384450917060406e+02,2.704048713492031908e+00
9.529999999999999361e+00,3.000000000000000000e+00,3.408506890252002677e+02,4.304208662688736808e+00,-1.213107216277772977e+02,3.142897695364564647e+00
9.540000000000000924e+00,3.000000000000000000e+00,3.396429737267022233e+02,4.340865340753703450e+00,-1.203399528893279467e+02,3.978834776543402896e+00
9.550000000000000711e+00,3.000000000000000000e+00,3.384422862522907280e+02,4.378726798443842050e+00,-1.198408162793600127e+02,3.866785882111630102e+00
9.560000000000000497e+00,3.000000000000000000e+00,3.372680576153135803e+02,4.428448719254310717e+00,-1.156769631577369495e+02,5.835412521810439124e+00
9.570000000000000284e+00,3.000000000000000000e+00,3.361027599269010580e+02,4.463413788451226161e+00,-1.167318705789845126e+02,2.416889373206936753e+00
9.580000000000000071e+00,3.000000000000000000e+00,3.349086810100091043e+02,4.510462503302297144e+00,-1.176227607539534148e+02,4.991570268773086738e+00
9.589999999999999858e+00,3.000000000000000000e+00,3.337036162925647318e+02,4.534622328486967113e+00,-1.225170932263346799e+02,1.204466448072468943e+00
9.599999999999999645e+00,3.000000000000000000e+00,3.324869857140095064e+02,4.555697753139567929e+00,-1.213441285049740941e+02,2.118471503564883562e+00
9.609999999999999432e+00,3.000000000000000000e+00,3.312778262413984294e+02,4.578393912228614582e+00,-1.205815238965175098e+02,2.395671417960903771e+00
9.620000000000000995e+00,3.000000000000000000e+00,3.300778730585601579e+02,4.598659413265150597e+00,-1.196332736013196154e+02,1.910147083964390147e+00
9.630000000000000782e+00,3.000000000000000000e+00,3.289068845895990307e+02,4.621229578226489387e+00,-1.152329813522868989e+02,2.544810697957800461e+00
9.640000000000000568e+00,3.000000000000000000e+00,3.277262877289071525e+02,4.637686849846519799e+00,-1.199827598300356328e+02,1.337603937603632387e+00
9.650000000000000355e+00,3.000000000000000000e+00,3.265539443212113042e+02,4.657735785030897802e+00,-1.151329602186377770e+02,2.255474238466517622e+00
9.660000000000000142e+00,3.000000000000000000e+00,3.253647212920835159e+02,4.666789471983402215e+00,-1.211329747751837829e+02,2.751678827868762056e-01
9.669999999999999929e+00,3.000000000000000000e+00,3.241675670435952838e+02,4.677494081370058510e+00,-1.197435498008467789e+02,7.382736689361033555e-01
9.679999999999999716e+00,3.000000000000000000e+00,3.229734246948822829e+02,4.685678122252530997e+00,-1.192186028900680412e+02,9.392970951093815302e-01
9.689999999999999503e+00,3.000000000000000000e+00,3.218023132542264193e+02,4.695659555755038461e+00,-1.155137883819521818e+02,1.083721593152043416e+00
9.700000000000001066e+00,3.000000000000000000e+00,3.206226917996719976e+02,4.721782857935361122e+00,-1.190767018879445089e+02,3.721517611442093365e+00
9.710000000000000853e+00,3.000000000000000000e+00,3.194194917676069281e+02,4.731763333336929556e+00,-1.193832851758442501e+02,8.229894487646955969e-01
9.720000000000000639e+00,3.000000000000000000e+00,3.181773724273709831e+02,4.745933244429337172e+00,-1.238828329183379537e+02,1.666120664349591385e+00
9.730000000000000426e+00,3.000000000000000000e+00,3.169419061452076107e+02,4.760432715378406066e+00,-1.231531163124954844e+02,1.344557337221148119e+00
9.740000000000000213e+00,3.000000000000000000e+00,3.157177373452798861e+02,4.770841087688114435e+00,-1.219013022038250256e+02,8.015634998112616261e-01
9.750000000000000000e+00,3.000000000000000000e+00,3.145045159175555227e+02,4.775977974839382689e+00,-1.209755471922403558e+02,2.913776867899882661e-01
9.759999999999999787e+00,3.000000000000000000e+00,3.133419756052741718e+02,4.783573063348218746e+00,-1.154185290827815606e+02,1.536568132124179975e+00
9.769999999999999574e+00,3.000000000000000000e+00,3.121487764419793507e+02,4.784883412980141415e+00,-1.211857754794576181e+02,-6.116317577087067026e-01
9.779999999999999361e+00,3.000000000000000000e+00,3.109646660690904127e+02,4.788097055997179829e+00,-1.165344880499371953e+02,7.613911464939868701e-01
9.790000000000000924e+00,3.000000000000000000e+00,3.097585716988762101e+02,4.782629098520321698e+00,-1.212812883886834783e+02,-5.293340970287419012e-01
9.800000000000000711e+00,3.000000000000000000e+00,3.085412241176434236e+02,4.778385246880071158e+00,-1.217197486174302412e+02,-3.861188212350118998e-01
9.810000000000000497e+00,3.000000000000000000e+00,3.073266439648050437e+02,4.775706087256546439e+00,-1.211574297281646722e+02,-1.767139288115595341e-01
9.820000000000000284e+00,3.000000000000000000e+00,3.061265317306089742e+02,4.777934353701731141e+00,-1.203781831246385678e+02,-3.463201929601996132e-01
9.830000000000000071e+00,3.000000000000000000e+00,3.049503774682799531e+02,4.769702522130385702e+00,-1.156631579808110359e+02,-1.177921889878939199e+00
9.839999999999999858e+00,3.000000000000000000e+00,3.037518760505159889e+02,4.764525617109230282e+00,-1.206774710935298458e+02,-4.678400584613482960e-01
9.849999999999999645e+00,3.000000000000000000e+00,3.025606163196573561e+02,4.763504972736038567e+00,-1.176916007043525383e+02,3.452794944852524694e-01
9.859999999999999432e+00,3.000000000000000000e+00,3.013416811890071472e+02,4.757805320426553131e+00,-1.238387311702109344e+02,-1.067194618534818007e+00
9.870000000000000995e+00,3.000000000000000000e+00,3.001324233450346242e+02,4.755662328803078154e+00,-1.189964920217671676e+02,1.889567459634478030e-01
9.880000000000000782e+00,3.000000000000000000e+00,2.989017842710193804e+02,4.742058114640767208e+00,-1.251157060295236221e+02,-1.615837805807997185e+00
9.890000000000000568e+00,3.000000000000000000e+00,2.976746304884608776e+02,4.735045551379092998e+00,-1.236874742373794618e+02,-1.058973015647854288e+00
9.900000000000000355e+00,3.000000000000000000e+00,2.964394988260748960e+02,4.723238780455096375e+00,-1.229618292575217993e+02,-1.139610289645726970e+00
9.910000000000000142e+00,3.000000000000000000e+00,2.952154456971084073e+02,4.711221179584540231e+00,-1.220579408886371340e+02,-1.256162568818686154e+00
9.919999999999999929e+00,3.000000000000000000e+00,2.940205670585398252e+02,4.693370757901266899e+00,-1.177162602165171990e+02,-2.191716167418049199e+00
9.929999999999999716e+00,3.000000000000000000e+00,2.928198042265461254e+02,4.682249962334072535e+00,-1.193276069588499126e+02,-7.644528277398526805e-01
9.939999999999999503e+00,3.000000000000000000e+00,2.915913875705273313e+02,4.662980949116618312e+00,-1.246453653610827956e+02,-2.524214444366676524e+00
9.950000000000001066e+00,3.000000000000000000e+00,2.903778504755771905e+02,4.648020180331227102e+00,-1.194394036361048563e+02,-1.308713131241374672e+00
9.960000000000000853e+00,3.000000000000000000e+00,2.891422539836336796e+02,4.620091644140219778e+00,-1.238185529426389877e+02,-2.704952336996152340e+00
9.970000000000000639e+00,3.000000000000000000e+00,2.879073539313270658e+02,4.599381721440315651e+00,-1.232010616693934395e+02,-1.710257184577953282e+00
9.980000000000000426e+00,3.000000000000000000e+00,2.866771120778959698e+02,4.587659460682560031e+00,-1.228985851531310800e+02,-7.717068339706690816e-01
9.990000000000000213e+00,3.000000000000000000e+00,2.854700806008747804e+02,4.574907402609626139e+00,-1.189847094303150925e+02,-1.696656350981658123e+00
1.000000000000000000e+01,3.000000000000000000e+00,2.842290128159363007e+02,4.570132278529976944e+00,-1.242442746505669362e+02,-5.575779796918703957e-01
1.000999999999999979e+01,3.000000000000000000e+00,2.830060908515036999e+02,4.568768839779416169e+00,-1.207913324274915112e+02,3.406922914428121563e-01
1.001999999999999957e+01,3.000000000000000000e+00,2.817641364415009093e+02,4.559570672370132804e+00,-1.259564397245836318e+02,-1.528353940173760916e+00
1.002999999999999936e+01,3.000000000000000000e+00,2.805244565562731509e+02,4.553760266671917023e+00,-1.250352066204217749e+02,-1.033972169090460635e+00
1.004000000000000092e+01,3.000000000000000000e+00,2.792756820520705219e+02,4.542234686618865425e+00,-1.245685684209479831e+02,-1.095992185625074056e+00
1.005000000000000071e+01,3.000000000000000000e+00,2.780347658139662599e+02,4.532357630283026850e+00,-1.240664201352074798e+02,-1.020682435648594844e+00
1.006000000000000050e+01,3.000000000000000000e+00,2.768204306313543270e+02,4.520546229364414081e+00,-1.194449535924960912e+02,-1.276206802412094943e+00
1.007000000000000028e+01,3.000000000000000000e+00,2.755915985028366890e+02,4.507634699210068874e+00,-1.247508973688433258e+02,-1.293105194023415505e+00
1.008000000000000007e+01,3.000000000000000000e+00,2.743627151064367808e+02,4.491044984493097303e+00,-1.237642773526082607e+02,-1.714338158117886035e+00
1.008999999999999986e+01,3.000000000000000000e+00,2.731235613430393414e+02,4.471880991729172194e+00,-1.238499406390583033e+02,-2.043690770264155798e+00
1.009999999999999964e+01,3.000000000000000000e+00,2.718791770168668904e+02,4.449227049234828257e+00,-1.245198755420982479e+02,-2.439301626115254251e+00
1.010999999999999943e+01,3.000000000000000000e+00,2.706576531125937777e+02,4.432806248884747724e+00,-1.203781137934877989e+02,-1.041626132005456284e+00
1.012000000000000099e+01,3.000000000000000000e+00,2.694156238867059301e+02,4.402576349241441811e+00,-1.246871450418939276e+02,-3.210677728434817357e+00
1.013000000000000078e+01,3.000000000000000000e+00,2.681755612545614440e+02,4.376543928169112085e+00,-1.235740979189611437e+02,-2.431752094573076395e+00
1.014000000000000057e+01,3.000000000000000000e+00,2.669681770682358319e+02,4.354138145531032400e+00,-1.186774205693671433e+02,-2.068590597331671166e+00
1.015000000000000036e+01,3.000000000000000000e+00,2.657473893527240421e+02,4.334307017514227311e+00,-1.239606865723154101e+02,-1.860396851230494697e+00
1.016000000000000014e+01,3.000000000000000000e+00,2.645243959055210325e+02,4.315680031766262026e+00,-1.237291289464147184e+02,-1.812110261881061390e+00
1.016999999999999993e+01,3.000000000000000000e+00,2.632795361916194565e+02,4.295682705531644885e+00,-1.247275012673378285e+02,-1.986030263162304799e+00
1.017999999999999972e+01,3.000000000000000000e+00,2.620309567368233843e+02,4.274825532582672061e+00,-1.247802811628630764e+02,-2.050934071249679747e+00
1.018999999999999950e+01,3.000000000000000000e+00,2.607808990370991182e+02,4.255272168000239219e+00,-1.250344423964515101e+02,-1.944211154327878832e+00
1.020000000000000107e+01,3.000000000000000000e+00,2.595402838263171930e+02,4.240274363707802863e+00,-1.247551157259015895e+02,-1.896367220058840175e+00
1.021000000000000085e+01,3.000000000000000000e+00,2.582962278307461474e+02,4.223751146853300220e+00,-1.242084271638186124e+02,-1.473267072175302284e+00
1.022000000000000064e+01,3.000000000000000000e+00,2.570753312991108714e+02,4.214372394094885621e+00,-1.203974822886132472e+02,-4.061838861283809110e-01
1.023000000000000043e+01,3.000000000000000000e+00,2.558377008235849814e+02,4.211655369250505210e+00,-1.255340613797319094e+02,-1.296212722711557463e-01
1.024000000000000021e+01,3.000000000000000000e+00,2.545991473432214320e+02,4.212781534815210449e+00,-1.244529592293212943e+02,1.520925948806727546e-01
1.025000000000000000e+01,3.000000000000000000e+00,2.533667127965595398e+02,4.209414976684437981e+00,-1.239454686551630118e+02,-4.885938684154471356e-02
1.025999999999999979e+01,3.000000000000000000e+00,2.521297427491088854e+02,4.207411928947623281e+00,-1.234806955713110881e+02,-2.587685544169725516e-01
1.026999999999999957e+01,3.000000000000000000e+00,2.508952500993344756e+02,4.205508593336007905e+00,-1.234236470710770277e+02,-1.442873952707582341e-01
1.027999999999999936e+01,3.000000000000000000e+00,2.496841584016000866e+02,4.215982924634221973e+00,-1.193299697506489565e+02,1.957617810418558424e+00
1.029000000000000092e+01,3.000000000000000000e+00,2.484620616855151809e+02,4.221682262228086735e+00,-1.240421881791897221e+02,-5.836026239561982465e-02
1.030000000000000071e+01,3.000000000000000000e+00,2.472537093724260444e+02,4.232753654749078720e+00,-1.190622696772887963e+02,1.392765053113919071e+00
1.031000000000000050e+01,3.000000000000000000e+00,2.460214749564613044e+02,4.248959509315215044e+00,-1.255618012628188467e+02,2.002409053188240584e+00
1.032000000000000028e+01,3.000000000000000000e+00,2.447924996409908260e+02,4.274358306655740236e+00,-1.210857017379587148e+02,3.013009500356942372e+00
1.033000000000000007e+01,3.000000000000000000e+00,2.435416995219028991e+02,4.305308811670898628e+00,-1.271984439638449658e+02,3.397256352849888916e+00
1.033999999999999986e+01,3.000000000000000000e+00,2.422859880349750199e+02,4.342954235020193288e+00,-1.253532905593479825e+02,3.948379253699086711e+00
1.034999999999999964e+01,3.000000000000000000e+00,2.410404098907418984e+02,4.381301335589009582e+00,-1.240324936982362374e+02,3.809870699545200079e+00
1.035999999999999943e+01,3.000000000000000000e+00,2.398061501978618821e+02,4.415761588062492748e+00,-1.230384797930642833e+02,3.168595767673104469e+00
1.037000000000000099e+01,3.000000000000000000e+00,2.385993430994861626e+02,4.446028426149449153e+00,-1.190103496461398720e+02,2.863783960697454667e+00
1.038000000000000078e+01,3.000000000000000000e+00,2.373927159575070505e+02,4.482738658657601682e+00,-1.214309742394740681e+02,4.217683873173015741e+00
1.039000000000000057e+01,3.000000000000000000e+00,2.361605707700489631e+02,4.496545695614124760e+00,-1.245554767267362308e+02,5.317872087160339101e-01
1.040000000000000036e+01,3.000000000000000000e+00,2.349180956847211803e+02,4.503016342938494176e+00,-1.236385514747898213e+02,4.880510208570630892e-01
1.041000000000000014e+01,3.000000000000000000e+00,2.336860191833325473e+02,4.506988193223337547e+00,-1.227277371401997925e+02,3.874807962192103328e-01
1.041999999999999993e+01,3.000000000000000000e+00,2.324615338895187051e+02,4.509150842657057012e+00,-1.222099790057536950e+02,2.013457321538924261e-01
1.042999999999999972e+01,3.000000000000000000e+00,2.312637768107861689e+02,4.506950488976876557e+00,-1.180455486027958756e+02,-4.754979480948332560e-01
1.043999999999999950e+01,3.000000000000000000e+00,2.300670020906106004e+02,4.515803200111069060e+00,-1.203547947721220055e+02,1.846036097146674937e+00
1.045000000000000107e+01,3.000000000000000000e+00,2.288394419256225945e+02,4.519381226166880872e+00,-1.252010389904259000e+02,-1.931039392237265950e-02
1.046000000000000085e+01,3.000000000000000000e+00,2.276132944910461902e+02,4.532141224868657225e+00,-1.208217125271787467e+02,1.839622213991806365e+00
1.047000000000000064e+01,3.000000000000000000e+00,2.263620927999783987e+02,4.529909819044219965e+00,-1.243261343736270135e+02,1.012581320254849343e-01
1.048000000000000043e+01,3.000000000000000000e+00,2.251292669827945474e+02,4.536949839170336674e+00,-1.226109988848843813e+02,9.211856295780033177e-01
1.049000000000000021e+01,3.000000000000000000e+00,2.239107606034570779e+02,4.547468039128701456e+00,-1.214880337018576597e+02,1.257042855238861945e+00
1.050000000000000000e+01,3.000000000000000000e+00,2.226957220723269018e+02,4.561713413710640985e+00,-1.214599009147234341e+02,1.522368183986188672e+00
1.050999999999999979e+01,3.000000000000000000e+00,2.215001681865392698e+02,4.588785267399910772e+00,-1.177604256579500372e+02,3.574842269369971071e+00
1.051999999999999957e+01,3.000000000000000000e+00,2.202907567002907570e+02,4.600651384713643210e+00,-1.228294970736305771e+02,1.449473319681340300e-01
1.052999999999999936e+01,3.000000000000000000e+00,2.190978270868590982e+02,4.614741257747480674e+00,-1.177867072853705679e+02,1.044414569122141145e+00
1.054000000000000092e+01,3.000000000000000000e+00,2.178823024010427787e+02,4.620834272037128265e+00,-1.235539643648742469e+02,5.507443661459017203e-01
1.055000000000000071e+01,3.000000000000000000e+00,2.166551296771221473e+02,4.625204138836737755e+00,-1.224647065973067299e+02,3.378229360053600083e-01
1.056000000000000050e+01,3.000000000000000000e+00,2.154343574254825455e+02,4.627146993351386683e+00,-1.218489312809854823e+02,1.356916698351728068e-01
1.057000000000000028e+01,3.000000000000000000e+00,2.142247467952506383e+02,4.632993852103883370e+00,-1.204871582416191131e+02,8.202016595984795710e-01
1.058000000000000007e+01,3.000000000000000000e+00,2.130194742350762453e+02,4.640372328991197115e+00,-1.204307948309105996e+02,8.543661255911056962e-01
1.058999999999999986e+01,3.000000000000000000e+00,2.118651036695937364e+02,4.652451888163062321e+00,-1.116199031091061187e+02,1.620928020786999157e+00
1.059999999999999964e+01,3.000000000000000000e+00,2.106667057354015640e+02,4.650808413601740909e+00,-1.223218417600869827e+02,-1.185377509139569741e+00
1.060999999999999943e+01,3.000000000000000000e+00,2.094591437048860882e+02,4.654775454764240372e+00,-1.217173284718149802e+02,-2.936904888836275873e-01
1.062000000000000099e+01,3.000000000000000000e+00,2.082454660230323213e+02,4.649623793511998393e+00,-1.209673593989401041e+02,-4.806566666511968844e-01
1.063000000000000078e+01,3.000000000000000000e+00,2.070422492967622361e+02,4.643378447050044322e+00,-1.198480591320592765e+02,-6.512764218363973345e-01
1.064000000000000057e+01,3.000000000000000000e+00,2.058487910171003819e+02,4.635854200029948302e+00,-1.190020433290297461e+02,-7.778371245851223303e-01
1.065000000000000036e+01,3.000000000000000000e+00,2.046827438238497905e+02,4.629582308144660097e+00,-1.150546301440308099e+02,-3.815013541048217216e-01
1.066000000000000014e+01,3.000000000000000000e+00,2.034935080001910421e+02,4.617538327081831540e+00,-1.210340329864170172e+02,-1.586482852613519290e+00
1.066999999999999993e+01,3.000000000000000000e+00,2.023110781320613398e+02,4.607776938516439991e+00,-1.162015602572233064e+02,-9.077298125888237923e-01
1.067999999999999972e+01,3.000000000000000000e+00,2.011093116551007824e+02,4.588171161813224153e+00,-1.223440791999024242e+02,-2.431019326091351296e+00
1.068999999999999950e+01,3.000000000000000000e+00,1.999030740237818122e+02,4.571772103855359148e+00,-1.206623436481726515e+02,-1.848283188665477805e+00
1.070000000000000107e+01,3.000000000000000000e+00,1.986978497130178596e+02,4.552227922026720996e+00,-1.203725196830115465e+02,-1.980980492559087480e+00
1.071000000000000085e+01,3.000000000000000000e+00,1.975154139029312432e+02,4.531457513476667920e+00,-1.166197538477656366e+02,-2.174519161530379385e+00
1.072000000000000064e+01,3.000000000000000000e+00,1.963296469541205056e+02,4.523725274450918654e+00,-1.193888088217522920e+02,1.500231407961158947e-01
1.073000000000000043e+01,3.000000000000000000e+00,1.951043661588239218e+02,4.495330020785644365e+00,-1.243544850337509473e+02,-2.925675264811177900e+00
1.074000000000000021e+01,3.000000000000000000e+00,1.938648967477668350e+02,4.471241774234250066e+00,-1.233030421056459147e+02,-2.299062816423095956e+00
1.075000000000000000e+01,3.000000000000000000e+00,1.926350515816574216e+02,4.447687322705178303e+00,-1.225783466435918427e+02,-2.417960079750335556e+00
1.075999999999999979e+01,3.000000000000000000e+00,1.914148882681693351e+02,4.418112559581701682e+00,-1.217062816171428778e+02,-3.276719396477623114e+00
1.076999999999999957e+01,3.000000000000000000e+00,1.902255063491955411e+02,4.381339773640782198e+00,-1.169500407403247806e+02,-4.180149442361408951e+00
1.077999999999999936e+01,3.000000000000000000e+00,1.890446451859319836e+02,4.356726217350221475e+00,-1.166041378619742801e+02,-1.925741903368516361e+00
1.079000000000000092e+01,3.000000000000000000e+00,1.878448438778897867e+02,4.325502263775348410e+00,-1.218397636096078145e+02,-3.536023894337672502e+00
1.080000000000000071e+01,3.000000000000000000e+00,1.866475516463889903e+02,4.297672624089686977e+00,-1.207845946595275279e+02,-3.120099995429412854e+00
1.081000000000000050e+01,3.000000000000000000e+00,1.854342110973093440e+02,4.266143721455032178e+00,-1.214293295607599816e+02,-3.039757614852672596e+00
1.082000000000000028e+01,3.000000000000000000e+00,1.842173832416002313e+02,4.236147302733921371e+00,-1.216529033767361341e+02,-2.951239888021453872e+00
1.083000000000000007e+01,3.000000000000000000e+00,1.830060828469388525e+02,4.207825188938796757e+00,-1.209113641992051384e+02,-2.847552973044344959e+00
1.083999999999999986e+01,3.000000000000000000e+00,1.818021420743665431e+02,4.178574387211276608e+00,-1.200086537345092381e+02,-2.970566046143954253e+00
1.084999999999999964e+01,3.000000000000000000e+00,1.806272798443035867e+02,4.141221973080119412e+00,-1.157099781584660008e+02,-4.280232891857639999e+00
1.085999999999999943e+01,3.000000000000000000e+00,1.794260739526919792e+02,4.107934410623035326e+00,-1.210302611006157463e+02,-3.265509983423371843e+00
1.087000000000000099e+01,3.000000000000000000e+00,1.782310912638285174e+02,4.077424499878782527e+00,-1.181644429007402408e+02,-2.837140061633910193e+00
1.088000000000000078e+01,3.000000000000000000e+00,1.770042123357785897e+02,4.042521867138900937e+00,-1.247287884074825399e+02,-3.878841480598692382e+00
1.089000000000000057e+01,3.000000000000000000e+00,1.757857713560123329e+02,4.010449714050326797e+00,-1.198197202977112852e+02,-2.794038046666993402e+00
1.090000000000000036e+01,3.000000000000000000e+00,1.745380097040629153e+02,3.970747978570366765e+00,-1.245119796454876138e+02,-3.528596915428647840e+00
1.091000000000000014e+01,3.000000000000000000e+00,1.732977025191339067e+02,3.938271127019223883e+00,-1.238005928457842799e+02,-3.127488193455143506e+00
1.091999999999999993e+01,3.000000000000000000e+00,1.720651264775822824e+02,3.905245328017648010e+00,-1.228938102141586199e+02,-3.327757395828004228e+00
1.092999999999999972e+01,3.000000000000000000e+00,1.708401664505603605e+02,3.868788307822458084e+00,-1.222400820246507749e+02,-3.838742048785706462e+00
1.093999999999999950e+01,3.000000000000000000e+00,1.696676952718098619e+02,3.827471548595219542e+00,-1.136160497441852471e+02,-4.404644524775203074e+00
1.095000000000000107e+01,3.000000000000000000e+00,1.684518301124433037e+02,3.778854838440683039e+00,-1.263024327429469906e+02,-5.199333607335622887e+00
1.096000000000000085e+01,3.000000000000000000e+00,1.672290547076598841e+02,3.730782516349674172e+00,-1.203347617199742103e+02,-4.788304673369512265e+00
1.097000000000000064e+01,3.000000000000000000e+00,1.659837503729963544e+02,3.671368013055479995e+00,-1.239454156063921602e+02,-5.909612038019420588e+00
1.098000000000000043e+01,3.000000000000000000e+00,1.647527190734201099e+02,3.616946133764301852e+00,-1.227496624891640380e+02,-5.287266256484477012e+00
1.099000000000000021e+01,3.000000000000000000e+00,1.635272611037644310e+02,3.567862684736819556e+00,-1.224240666666726725e+02,-4.597028599127249926e+00
1.100000000000000000e+01,3.000000000000000000e+00,1.623010822656009111e+02,3.524580264698840004e+00,-1.227185187207582686e+02,-4.072185219196485129e+00
1.100999999999999979e+01,3.000000000000000000e+00,1.610962764952722353e+02,3.472489002327671326e+00,-1.186902164847304562e+02,-5.744786441700737711e+00
1.101999999999999957e+01,3.000000000000000000e+00,1.599008105915331726e+02,3.436559783753018849e+00,-1.197173591578562650e+02,-2.521699431815866088e+00
1.102999999999999936e+01,3.000000000000000000e+00,1.586651330630549239e+02,3.389054423481142830e+00,-1.239963988051509460e+02,-4.896771642481787090e+00
1.104000000000000092e+01,3.000000000000000000e+00,1.574278105308298450e+02,3.344090018235254647e+00,-1.234635146185130878e+02,-4.533576845779963449e+00
1.105000000000000071e+01,3.000000000000000000e+00,1.561919886459849351e+02,3.299160149617450521e+00,-1.235173284794576603e+02,-4.638748562152533950e+00
1.106000000000000050e+01,3.000000000000000000e+00,1.549589229813398106e+02,3.248821799465579474e+00,-1.233198022646866008e+02,-5.340113511467327712e+00
1.107000000000000028e+01,3.000000000000000000e+00,1.537464218537656109e+02,3.194119694594548697e+00,-1.193321060521846277e+02,-5.659060400643474154e+00
1.108000000000000007e+01,3.000000000000000000e+00,1.525173025536091984e+02,3.134802753538390441e+00,-1.248445575868352364e+02,-6.167937563284980662e+00
1.108999999999999986e+01,3.000000000000000000e+00,1.513006746505254796e+02,3.067340473286554126e+00,-1.197009829309017448e+02,-7.176220414782129353e+00
1.109999999999999964e+01,3.000000000000000000e+00,1.500871267665408766e+02,2.978962209969396646e+00,-1.204091472069090969e+02,-1.009088321604684246e+01
1.110999999999999943e+01,3.000000000000000000e+00,1.488449423330501986e+02,2.890874493924821209e+00,-1.247400795434460861e+02,-9.203737734987720742e+00
1.112000000000000099e+01,3.000000000000000000e+00,1.476053508776781200e+02,2.790352206486144127e+00,-1.233247340856116807e+02,-1.059656018343713413e+01
1.113000000000000078e+01,3.000000000000000000e+00,1.463789530806913035e+02,2.679271418564222795e+00,-1.222876528065316393e+02,-1.159477628951131578e+01
1.114000000000000057e+01,3.000000000000000000e+00,1.451620719358942608e+02,2.562121300817555625e+00,-1.213855770885192982e+02,-1.179556149159113332e+01
1.115000000000000036e+01,3.000000000000000000e+00,1.439749165118726921e+02,2.446583772223343445e+00,-1.165312008535142070e+02,-1.145689291427368062e+01
1.116000000000000014e+01,3.000000000000000000e+00,1.427704157569517349e+02,2.331121128819939159e+00,-1.207904438671108238e+02,-1.151857283329296067e+01
1.116999999999999993e+01,3.000000000000000000e+00,1.415678013493653395e+02,2.217196196482133619e+00,-1.198768146918608863e+02,-1.128087114025829685e+01
1.117999999999999972e+01,3.000000000000000000e+00,1.403738374195414451e+02,2.105760202083181376e+00,-1.192127210414257235e+02,-1.111909837679491098e+01
1.118999999999999950e+01,3.000000000000000000e+00,1.392012365512113377e+02,1.987697637495397851e+00,-1.157538718035840333e+02,-1.245521312324167873e+01
1.120000000000000107e+01,3.000000000000000000e+00,1.380075526828910313e+02,1.881384437543156318e+00,-1.212801239279851018e+02,-9.903708441679993868e+00
1.121000000000000085e+01,3.000000000000000000e+00,1.368223162723137420e+02,1.773026365694659434e+00,-1.168464078386841436e+02,-1.097679777201250317e+01
1.122000000000000064e+01,3.000000000000000000e+00,1.356183452864350159e+02,1.685752017540147918e+00,-1.208953573585286705e+02,-8.018532368938959820e+00
1.123000000000000043e+01,3.000000000000000000e+00,1.344250020716409892e+02,1.611314923914966446e+00,-1.207432837582801000e+02,-7.319760996592680868e+00
1.124000000000000021e+01,3.000000000000000000e+00,1.332132146060843638e+02,1.541773434079266591e+00,-1.211326891154202769e+02,-6.641861072454084969e+00
1.125000000000000000e+01,3.000000000000000000e+00,1.320098466752396860e+02,1.472452760441282482e+00,-1.200277268259025050e+02,-6.958003222147684852e+00
1.125999999999999979e+01,3.000000000000000000e+00,1.308142853034491679e+02,1.402581213749958922e+00,-1.192750773543287863e+02,-7.100734457693221202e+00
1.126999999999999957e+01,3.000000000000000000e+00,1.296450736266709782e+02,1.326651205952552148e+00,-1.151202879729513029e+02,-8.097203724915267742e+00
1.127999999999999936e+01,3.000000000000000000e+00,1.284527949869718952e+02,1.254917304480635432e+00,-1.216159262828557388e+02,-6.908458809270280554e+00
1.129000000000000092e+01,3.000000000000000000e+00,1.272645037120001490e+02,1.177685644439071977e+00,-1.169515472972803423e+02,-8.099447761150347702e+00
1.130000000000000071e+01,3.000000000000000000e+00,1.260595905992284003e+02,1.109981162695989232e+00,-1.222765747711021191e+02,-6.491081415674801569e+00
1.131000000000000050e+01,3.000000000000000000e+00,1.248509485661400475e+02,1.042080396629057049e+00,-1.214031765497609854e+02,-6.559515355704936823e+00
1.132000000000000028e+01,3.000000000000000000e+00,1.236643695179044045e+02,9.799735893445569168e-01,-1.166208080740155140e+02,-5.950254571642862977e+00
1.133000000000000007e+01,3.000000000000000000e+00,1.224554736367728509e+02,9.131539805243440444e-01,-1.212763612143266130e+02,-6.703299901783936754e+00
1.133999999999999986e+01,3.000000000000000000e+00,1.212483508885756862e+02,8.495226204695066619e-01,-1.204565211103727904e+02,-6.158539439511531377e+00
1.134999999999999964e+01,3.000000000000000000e+00,1.200647511304448187e+02,7.795350359844906984e-01,-1.167459626192649296e+02,-7.385365304143054033e+00
1.135999999999999943e+01,3.000000000000000000e+00,1.188644662957158289e+02,7.231470606074009710e-01,-1.219581511154301410e+02,-4.779282402506320082e+00
1.137000000000000099e+01,3.000000000000000000e+00,1.176577074827398519e+02,6.682006322744161730e-01,-1.211449409068938934e+02,-5.214822733377577180e+00
1.138000000000000078e+01,3.000000000000000000e+00,1.164512627862871739e+02,6.144487753940701680e-01,-1.203206991589226789e+02,-5.522261292629885077e+00
1.139000000000000057e+01,3.000000000000000000e+00,1.152695040293833841e+02,5.638934112582003610e-01,-1.166029825747311151e+02,-4.796291627880931330e+00
1.140000000000000036e+01,3.000000000000000000e+00,1.140584087031776335e+02,5.074634828136972420e-01,-1.221809556804972487e+02,-5.974098811157660727e+00
1.141000000000000014e+01,3.000000000000000000e+00,1.128337339204306176e+02,4.436807090416614585e-01,-1.223788279009591093e+02,-6.702915341419565465e+00
1.141999999999999993e+01,3.000000000000000000e+00,1.116160537179045065e+02,3.783737993338642247e-01,-1.214046953410081500e+02,-6.536739388749164270e+00
1.142999999999999972e+01,3.000000000000000000e+00,1.104281164128518213e+02,3.034174629542235602e-01,-1.168843125854372715e+02,-8.241812707604225352e+00
1.143999999999999950e+01,3.000000000000000000e+00,1.092285244459236537e+02,2.443525255764026904e-01,-1.216825771272730776e+02,-4.993995355826202243e+00
1.145000000000000107e+01,3.000000000000000000e+00,1.080484651400702063e+02,1.827562252067176096e-01,-1.159814544852269904e+02,-5.827575616900833921e+00
1.146000000000000085e+01,3.000000000000000000e+00,1.068547134585484741e+02,1.323171243818404286e-01,-1.215448667693676725e+02,-5.050581221072385496e+00
1.147000000000000064e+01,3.000000000000000000e+00,1.056661681981558445e+02,8.062460578270452816e-02,-1.168839534189830829e+02,-5.156110912126536050e+00
1.148000000000000043e+01,3.000000000000000000e+00,1.044459962243972342e+02,3.330731321647738968e-02,-1.217085218997476375e+02,-4.711344837159260557e+00
1.149000000000000021e+01,3.000000000000000000e+00,1.032344076182265553e+02,-1.251181321452448161e-02,-1.207470391806035366e+02,-4.468535636428576652e+00
1.150000000000000000e+01,3.000000000000000000e+00,1.020321911861535682e+02,-5.656681730452556983e-02,-1.199594212604503554e+02,-4.274660476638975304e+00
1.150999999999999979e+01,3.000000000000000000e+00,1.008538289112835855e+02,-1.015382553217512862e-01,-1.163802276696331148e+02,-4.670217879208307110e+00
1.151999999999999957e+01,3.000000000000000000e+00,9.964708940368424805e+01,-1.371729281082436080e-01,-1.233320901079046479e+02,-2.939380927064117799e+00
1.152999999999999936e+01,3.000000000000000000e+00,9.844381504930606752e+01,-1.754664542502940572e-01,-1.185493889517177877e+02,-4.155456489386924801e+00
1.154000000000000092e+01,3.000000000000000000e+00,9.722048392613176304e+01,-2.102157446463384372e-01,-1.243551526693885450e+02,-3.434789956126391708e+00
1.155000000000000071e+01,3.000000000000000000e+00,9.602036487624478411e+01,-2.464012321379759063e-01,-1.184305108896293035e+02,-3.219087376056862571e+00
1.156000000000000050e+01,3.000000000000000000e+00,9.479398661715751473e+01,-2.862086841855134844e-01,-1.247403634449569410e+02,-4.405959020156381634e+00
1.157000000000000028e+01,3.000000000000000000e+00,9.355518991966562226e+01,-3.271520303790992346e-01,-1.235453998054969986e+02,-4.109807087466019304e+00
1.158000000000000007e+01,3.000000000000000000e+00,9.234532223469976486e+01,-3.793144134848276949e-01,-1.191044566409684649e+02,-5.942290553482608928e+00
1.158999999999999986e+01,3.000000000000000000e+00,9.111885647767589091e+01,-4.103385335594849082e-01,-1.220081508035763420e+02,-2.971093811157006215e+00
1.159999999999999964e+01,3.000000000000000000e+00,8.990581082173042660e+01,-4.418838911519238355e-01,-1.208111434686758940e+02,-2.932804747305421067e+00
1.160999999999999943e+01,3.000000000000000000e+00,8.872421450487894390e+01,-4.735412680435118205e-01,-1.160224355512510925e+02,-3.386963179795329015e+00
1.162000000000000099e+01,3.000000000000000000e+00,8.753032496496044246e+01,-5.035441330229321055e-01,-1.215685646741085009e+02,-3.064410817383728780e+00
1.163000000000000078e+01,3.000000000000000000e+00,8.634079983205897690e+01,-5.374492595522919469e-01,-1.171731735405147958e+02,-3.539430356701616986e+00
1.164000000000000057e+01,3.000000000000000000e+00,8.512819102917620739e+01,-5.722433154755265372e-01,-1.216975700227554285e+02,-3.637464056938540136e+00
1.165000000000000036e+01,3.000000000000000000e+00,8.391833500637625320e+01,-6.085361096753171273e-01,-1.203786095237446432e+02,-3.691904359415516979e+00
1.166000000000000014e+01,3.000000000000000000e+00,8.272210858951520152e+01,-6.462659378629667106e-01,-1.191475658245936984e+02,-3.795275112167665998e+00
1.166999999999999993e+01,3.000000000000000000e+00,8.155446062881739522e+01,-6.907540089576272857e-01,-1.150220522043942708e+02,-4.938269513468012128e+00
1.167999999999999972e+01,3.000000000000000000e+00,8.038626824452225605e+01,-7.226662710122064848e-01,-1.201783673848580776e+02,-2.797518022720345332e+00
1.168999999999999950e+01,3.000000000000000000e+00,7.919501984788138316e+01,-7.602523589243646018e-01,-1.197093630730144724e+02,-3.489057164468544414e+00
1.170000000000000107e+01,3.000000000000000000e+00,7.799913933774369923e+01,-7.962062050700871030e-01,-1.194243873935002540e+02,-3.777430138317532826e+00
1.171000000000000085e+01,3.000000000000000000e+00,7.680456061843105431e+01,-8.337847922158078129e-01,-1.193507500653100379e+02,-3.799506492990258888e+00
1.172000000000000064e+01,3.000000000000000000e+00,7.561028903713304317e+01,-8.711020567143639148e-01,-1.194445017010585559e+02,-3.650046945922055031e+00
1.173000000000000043e+01,3.000000000000000000e+00,7.444953696783129260e+01,-9.158447922752191994e-01,-1.150788425956684051e+02,-4.006693814838184764e+00
1.174000000000000021e+01,3.000000000000000000e+00,7.325716519336414478e+01,-9.528765390169766647e-01,-1.214435083015017938e+02,-3.807231315133061234e+00
1.175000000000000000e+01,3.000000000000000000e+00,7.206521988656332667e+01,-9.955342504710633644e-01,-1.178215905201885931e+02,-4.729601250621259467e+00
1.175999999999999979e+01,3.000000000000000000e+00,7.084121264937738260e+01,-1.048324621016996527e+00,-1.232021033506506313e+02,-5.718222947470546380e+00
1.176999999999999957e+01,3.000000000000000000e+00,6.961417433222601403e+01,-1.106502970725921742e+00,-1.222504411032387281e+02,-6.268095810327606543e+00
1.177999999999999936e+01,3.000000000000000000e+00,6.839841419589217253e+01,-1.174407410103861737e+00,-1.212568045636616603e+02,-7.183461686097188270e+00
1.179000000000000092e+01,3.000000000000000000e+00,6.721209880784039115e+01,-1.254162887088693390e+00,-1.166266909335332400e+02,-8.575887053075319955e+00
1.180000000000000071e+01,3.000000000000000000e+00,6.600953564543462448e+01,-1.322741375163580146e+00,-1.221303882978764364e+02,-6.329949370259304153e+00
1.181000000000000050e+01,3.000000000000000000e+00,6.482403754788637684e+01,-1.396047863723249183e+00,-1.166976009804903640e+02,-7.636868434184200360e+00
1.182000000000000028e+01,3.000000000000000000e+00,6.362708375769919655e+01,-1.461623910534477933e+00,-1.215875336500890995e+02,-5.753457118065524512e+00
1.183000000000000007e+01,3.000000000000000000e+00,6.241979832181997523e+01,-1.518862205384992281e+00,-1.206335483533601689e+02,-5.341323702126832274e+00
1.183999999999999986e+01,3.000000000000000000e+00,6.121257954418661029e+01,-1.570713142401313656e+00,-1.205799298395253913e+02,-5.165903009140422775e+00
1.184999999999999964e+01,3.000000000000000000e+00,6.001073603452188365e+01,-1.623943557423232820e+00,-1.198765754234185437e+02,-5.436092585660833976e+00
1.185999999999999943e+01,3.000000000000000000e+00,5.881655999268532753e+01,-1.680149446687449366e+00,-1.191330387316221788e+02,-5.772249206150155132e+00
1.187000000000000099e+01,3.000000000000000000e+00,5.764933436726108340e+01,-1.746014843050045950e+00,-1.150496956087963696e+02,-7.270376678479808952e+00
1.188000000000000078e+01,3.000000000000000000e+00,5.646030576947377000e+01,-1.802699385471365545e+00,-1.211865823855407456e+02,-4.901897356299066644e+00
1.189000000000000057e+01,3.000000000000000000e+00,5.529931018512039742e+01,-1.860388255187171103e+00,-1.124803612874185887e+02,-5.968779148879931995e+00
1.190000000000000036e+01,3.000000000000000000e+00,5.408880340713228208e+01,-1.905779370416668783e+00,-1.218962126873512659e+02,-4.578741771790814319e+00
1.191000000000000014e+01,3.000000000000000000e+00,5.286976690964360870e+01,-1.954726919954821618e+00,-1.217569134841575789e+02,-4.834895162066178642e+00
1.191999999999999993e+01,3.000000000000000000e+00,5.165748967609638242e+01,-2.006750223085125295e+00,-1.213062997486221519e+02,-5.094377938306401177e+00
1.192999999999999972e+01,3.000000000000000000e+00,5.044476612313577846e+01,-2.057162421725668544e+00,-1.212087330759388522e+02,-5.049769055851921706e+00
1.193999999999999950e+01,3.000000000000000000e+00,4.923492822114049261e+01,-2.108667666301954569e+00,-1.208192954263672902e+02,-5.240433877717806332e+00
1.195000000000000107e+01,3.000000000000000000e+00,4.802834250499707025e+01,-2.162916073871305578e+00,-1.205664240937614409e+02,-5.573261009660787302e+00
1.196000000000000085e+01,3.000000000000000000e+00,4.684194272695772554e+01,-2.225225815878746793e+00,-1.172784400175525263e+02,-6.783312108158785492e+00
1.197000000000000064e+01,3.000000000000000000e+00,4.565089732591448524e+01,-2.278619937670251616e+00,-1.199320456955139633e+02,-4.768490757820359249e+00
1.198000000000000043e+01,3.000000000000000000e+00,4.442975690157619795e+01,-2.342647510098395891e+00,-1.201739216276885145e+02,-7.144827897163405162e+00
1.199000000000000021e+01,3.000000000000000000e+00,4.319486206377287374e+01,-2.400711192893821178e+00,-1.238066122001982450e+02,-5.888173701666760351e+00
1.200000000000000000e+01,3.000000000000000000e+00,4.196150849559443685e+01,-2.461070332137475614e+00,-1.229083380645167551e+02,-6.016361326024415312e+00
1.200999999999999979e+01,4.000000000000000000e+00,4.095957302359709473e+01,-2.554696646535907334e+00,-9.221365335005447150e+01,-1.099876028220037583e+01
1.201999999999999957e+01,4.000000000000000000e+00,3.980100451405748174e+01,-2.619873286258995737e+00,-1.262372136510308422e+02,-4.283339325437666822e+00
1.203000000000000114e+01,4.000000000000000000e+00,3.863930360642567052e+01,-2.698213914822879200e+00,-1.097828500897443575e+02,-9.306770174185970745e+00
1.204000000000000092e+01,4.000000000000000000e+00,3.740550148254835250e+01,-2.754495817452934148e+00,-1.308433755562457463e+02,-3.174007869386858527e+00
1.205000000000000071e+01,4.000000000000000000e+00,3.616775567102121869e+01,-2.805584143412649833e+00,-1.236374570294338042e+02,-3.505913085252359451e+00
1.206000000000000050e+01,4.000000000000000000e+00,3.490722794519995631e+01,-2.833738429925514613e+00,-1.268335164050717196e+02,-2.748441273875381174e+00
1.207000000000000028e+01,4.000000000000000000e+00,3.369351016906685459e+01,-2.863357922052279125e+00,-1.172729293705341007e+02,-3.334820080095667549e+00
1.208000000000000007e+01,4.000000000000000000e+00,3.251457412464793606e+01,-2.894571053560292651e+00,-1.177909773960682145e+02,-3.173961372266371317e+00
1.208999999999999986e+01,4.000000000000000000e+00,3.139861526414172843e+01,-2.932109199355631191e+00,-1.073422419758478128e+02,-4.286199745591519950e+00
1.209999999999999964e+01,4.000000000000000000e+00,3.031459875257392866e+01,-2.976584167516575619e+00,-1.092297089593955945e+02,-4.660573512456595680e+00
1.210999999999999943e+01,4.000000000000000000e+00,2.927916907619836806e+01,-3.031029685893422254e+00,-9.985095874572640184e+01,-5.885022069844186632e+00
1.212000000000000099e+01,4.000000000000000000e+00,2.826424567444770730e+01,-3.088995758996545327e+00,-1.023331107993271445e+02,-5.869647326814028787e+00
1.213000000000000078e+01,4.000000000000000000e+00,2.728238554693233553e+01,-3.151928878454910432e+00,-9.537495770236613168e+01,-6.492745550367912344e+00
1.214000000000000057e+01,4.000000000000000000e+00,2.630110335466135751e+01,-3.213780409521725723e+00,-9.977598515612650942e+01,-6.071033730480243307e+00
1.215000000000000036e+01,4.000000000000000000e+00,2.534686837301121187e+01,-3.276904191273017020e+00,-9.323054921254720284e+01,-6.518717039054007678e+00
1.216000000000000014e+01,4.000000000000000000e+00,2.437997726805183873e+01,-3.338872325357526538e+00,-9.885948954207894701e+01,-6.039955869744481731e+00
1.216999999999999993e+01,4.000000000000000000e+00,2.343138327296539103e+01,-3.404092671779733958e+00,-9.239112838723860932e+01,-6.658193784454582875e+00
1.217999999999999972e+01,4.000000000000000000e+00,2.248207244802068772e+01,-3.467199816510131871e+00,-9.627904289101451241e+01,-6.178108710255973968e+00
1.218999999999999950e+01,4.000000000000000000e+00,2.156956587615403009e+01,-3.532872034468321321e+00,-8.770017091328759307e+01,-6.794314967858888998e+00
1.220000000000000107e+01,4.000000000000000000e+00,2.068432107782664175e+01,-3.599478831003650292e+00,-8.884344424467572310e+01,-6.642268194922763769e+00
1.221000000000000085e+01,4.000000000000000000e+00,1.985720755350081745e+01,-3.670783336731954449e+00,-7.853969596517751484e+01,-7.501726103844951865e+00
1.222000000000000064e+01,4.000000000000000000e+00,1.907146221645173867e+01,-3.746069458207159641e+00,-7.850354730843548623e+01,-7.619660671012074005e+00
1.223000000000000043e+01,4.000000000000000000e+00,1.834704232821484027e+01,-3.829098563495748841e+00,-6.845352398030534857e+01,-8.727547709569529744e+00
1.224000000000000021e+01,4.000000000000000000e+00,1.765454123164681022e+01,-3.913742805342604214e+00,-6.965460048435808460e+01,-8.385446546740768170e+00
1.225000000000000000e+01,4.000000000000000000e+00,1.701425419491812008e+01,-4.001756914197541093e+00,-6.020583784271117622e+01,-9.087132726998301990e+00
1.225999999999999979e+01,4.000000000000000000e+00,1.640333981697208898e+01,-4.089825067474066600e+00,-6.194214118808517355e+01,-8.780435354800534498e+00
1.226999999999999957e+01,4.000000000000000000e+00,1.582788943252386460e+01,-4.181761955111169549e+00,-5.452284922340112416e+01,-9.399751361702959329e+00
1.228000000000000114e+01,4.000000000000000000e+00,1.525457376903357698e+01,-4.271815962596121174e+00,-5.853945072573922914e+01,-9.055006108493204309e+00
1.229000000000000092e+01,4.000000000000000000e+00,1.472067232097725942e+01,-4.364893659516157598e+00,-4.996071544396404107e+01,-9.405759913847813181e+00
1.230000000000000071e+01,4.000000000000000000e+00,1.419910420873461909e+01,-4.453513093740629536e+00,-5.318064226081905588e+01,-8.812832472006551399e+00
1.231000000000000050e+01,4.000000000000000000e+00,1.371961861460953003e+01,-4.543694896645557257e+00,-4.444960232188086735e+01,-9.076931486099216073e+00
1.232000000000000028e+01,4.000000000000000000e+00,1.325266186272352442e+01,-4.630936080743019545e+00,-4.732246744835492080e+01,-8.507176506699073215e+00
1.233000000000000007e+01,4.000000000000000000e+00,1.283059962473369353e+01,-4.717161080963233388e+00,-3.880376849338713185e+01,-8.643267664415771989e+00
1.233999999999999986e+01,4.000000000000000000e+00,1.242115682472725524e+01,-4.800420061170951769e+00,-4.175042165095634772e+01,-8.198288563364513948e+00
1.234999999999999964e+01,4.000000000000000000e+00,1.204536710526254240e+01,-4.886623535780240779e+00,-3.518773164504447948e+01,-8.839579386607626432e+00
1.235999999999999943e+01,4.000000000000000000e+00,1.166879385868884533e+01,-4.970285808312349118e+00,-3.869136804149717790e+01,-8.123010729903217708e+00
1.237000000000000099e+01,4.000000000000000000e+00,1.132637624068428295e+01,-5.052999932429214525e+00,-3.134340557501934654e+01,-8.312257250645027185e+00
1.238000000000000078e+01,4.000000000000000000e+00,1.099068003605831656e+01,-5.131187124987960146e+00,-3.451828959476379310e+01,-7.535686409102114069e+00
1.239000000000000057e+01,4.000000000000000000e+00,1.068564342129469047e+01,-5.209742220639824062e+00,-2.793175249669729965e+01,-8.002221369747912760e+00
1.240000000000000036e+01,4.000000000000000000e+00,1.038570952481640575e+01,-5.285209619055144081e+00,-3.090413637752895681e+01,-7.273613883383861278e+00
1.241000000000000014e+01,4.000000000000000000e+00,1.011330383845745295e+01,-5.362295461734580826e+00,-2.486881327133959729e+01,-8.033155086612335793e+00
1.241999999999999993e+01,4.000000000000000000e+00,9.844408869070949919e+00,-5.440159111727560948e+00,-2.796517241532645670e+01,-7.669217548720956401e+00
1.242999999999999972e+01,4.000000000000000000e+00,9.600878585868649395e+00,-5.523129732737196207e+00,-2.212812446566868374e+01,-8.702772889530802303e+00
1.243999999999999950e+01,4.000000000000000000e+00,9.355822724539603286e+00,-5.607445649403615562e+00,-2.569249742463760455e+01,-8.323340183657771618e+00
1.245000000000000107e+01,4.000000000000000000e+00,9.133547923866830232e+00,-5.696446004070453206e+00,-2.011906320840912699e+01,-9.219085869921023857e+00
1.246000000000000085e+01,4.000000000000000000e+00,8.905650290862720198e+00,-5.784122749966513766e+00,-2.410227421495963540e+01,-8.527321683279605935e+00
1.247000000000000064e+01,4.000000000000000000e+00,8.698885139947064360e+00,-5.874239948755895391e+00,-1.868231281498120921e+01,-9.277318522840365844e+00
1.248000000000000043e+01,4.000000000000000000e+00,8.485728938607598693e+00,-5.961903925971319573e+00,-2.265013308638602751e+01,-8.453387349032096765e+00
1.249000000000000021e+01,4.000000000000000000e+00,8.291748000953564457e+00,-6.050308331653246441e+00,-1.748715686707936001e+01,-9.046553101321910262e+00
1.250000000000000000e+01,4.000000000000000000e+00,8.091707021085928986e+00,-6.135146707920773324e+00,-2.132982177873824980e+01,-8.133970084830464131e+00
1.250999999999999979e+01,4.000000000000000000e+00,7.911721461134881395e+00,-6.218886304058703907e+00,-1.591930203263240173e+01,-8.494698515464893518e+00
1.251999999999999957e+01,4.000000000000000000e+00,7.729019919804355432e+00,-6.297489561584688644e+00,-1.948214049843818430e+01,-7.445184263081429776e+00
1.253000000000000114e+01,4.000000000000000000e+00,7.567795074675164102e+00,-6.373649138880295162e+00,-1.401038178194204065e+01,-7.696855341810604045e+00
1.254000000000000092e+01,4.000000000000000000e+00,7.405174689197916216e+00,-6.443866788912874455e+00,-1.744266105697301228e+01,-6.571886015682346205e+00
1.255000000000000071e+01,4.000000000000000000e+00,7.263738031541477902e+00,-6.511282937626313938e+00,-1.208230563015741765e+01,-6.828584868414220743e+00
1.256000000000000050e+01,4.000000000000000000e+00,7.120001670379287440e+00,-6.572919245362515817e+00,-1.559892683110340172e+01,-5.725270131720794353e+00
1.257000000000000028e+01,4.000000000000000000e+00,6.994300819449344786e+00,-6.632914728369616597e+00,-1.076446498713817057e+01,-6.191350496053978247e+00
1.258000000000000007e+01,4.000000000000000000e+00,6.861593929632266331e+00,-6.689015513426024739e+00,-1.465161375169048696e+01,-5.249691613836318993e+00
1.258999999999999986e+01,4.000000000000000000e+00,6.736078225976465994e+00,-6.742908896507709748e+00,-1.065275419300177973e+01,-5.624513878675719170e+00
1.259999999999999964e+01,4.000000000000000000e+00,6.606667948131600632e+00,-6.793780485023876992e+00,-1.423006784108283895e+01,-4.758339207181591313e+00
1.260999999999999943e+01,4.000000000000000000e+00,6.494754980571569192e+00,-6.845530563659818490e+00,-9.337672734597429525e+00,-5.417508318523951871e+00
1.262000000000000099e+01,4.000000000000000000e+00,6.377563160913483742e+00,-6.894320827997361789e+00,-1.301558391145183613e+01,-4.561685776040767415e+00
1.263000000000000078e+01,4.000000000000000000e+00,6.277226867551692457e+00,-6.944271955436247090e+00,-8.215188423047681709e+00,-5.248403013809877393e+00
1.264000000000000057e+01,4.000000000000000000e+00,6.171483707478961023e+00,-6.991283527801428477e+00,-1.186785734661204827e+01,-4.381607644834238258e+00
1.265000000000000036e+01,4.000000000000000000e+00,6.082210484553377761e+00,-7.039562861759450563e+00,-7.133718941827243754e+00,-5.087723486804782702e+00
1.266000000000000014e+01,4.000000000000000000e+00,5.987389570432331887e+00,-7.084860348713227118e+00,-1.078427236780251164e+01,-4.204442687515000721e+00
1.266999999999999993e+01,4.000000000000000000e+00,5.908472961375626831e+00,-7.131492170823464427e+00,-6.133767086718230566e+00,-4.929806623138238919e+00
1.267999999999999972e+01,4.000000000000000000e+00,5.823541894611010683e+00,-7.175172991717071014e+00,-9.813213311800431882e+00,-4.040729325320703502e+00
1.268999999999999950e+01,4.000000000000000000e+00,5.753835790044846021e+00,-7.220391326032578050e+00,-5.255085631428308091e+00,-4.801779710434953330e+00
1.270000000000000107e+01,4.000000000000000000e+00,5.677419652814095663e+00,-7.262767233531949529e+00,-8.984110994106769610e+00,-3.912391667684277596e+00
1.271000000000000085e+01,4.000000000000000000e+00,5.615530359176641895e+00,-7.306986411037633466e+00,-4.509923976174427196e+00,-4.718328598355165937e+00
1.272000000000000064e+01,4.000000000000000000e+00,5.546372949227422744e+00,-7.348538906550386329e+00,-8.276212305181571693e+00,-3.833703854167629821e+00
1.273000000000000043e+01,4.000000000000000000e+00,5.491145030163179896e+00,-7.392225339297234576e+00,-3.873661363465712881e+00,-4.678614441897894771e+00
1.274000000000000021e+01,4.000000000000000000e+00,5.428293517408985025e+00,-7.433373533342932049e+00,-7.655145109979372364e+00,-3.794818663666302161e+00
1.275000000000000000e+01,4.000000000000000000e+00,5.378877856093631671e+00,-7.476823489693072311e+00,-3.316800058502198389e+00,-4.662123972648844372e+00
1.275999999999999979e+01,4.000000000000000000e+00,5.321679709828145199e+00,-7.517775958639686174e+00,-7.094540516727404267e+00,-3.772090723600329820e+00
1.276999999999999957e+01,4.000000000000000000e+00,5.277512132095462327e+00,-7.561036303306853057e+00,-2.809602364447485456e+00,-4.644908588192157239e+00
1.278000000000000114e+01,4.000000000000000000e+00,5.225544275195547428e+00,-7.601761577886946952e+00,-6.572568013256282704e+00,-3.742425738296711657e+00
1.279000000000000092e+01,4.000000000000000000e+00,5.186316578401243937e+00,-7.644688274956472185e+00,-2.326529061958917399e+00,-4.613527269086676874e+00
1.280000000000000071e+01,4.000000000000000000e+00,5.139231557351350510e+00,-7.685034411766854312e+00,-6.085646235298452389e+00,-3.697809625490089402e+00
1.281000000000000050e+01,4.000000000000000000e+00,5.104691337145348839e+00,-7.727557276512254880e+00,-1.868020032358377103e+00,-4.581543550922821062e+00
1.282000000000000028e+01,4.000000000000000000e+00,5.055268693752125841e+00,-7.775085102858700026e+00,-6.373069619227325511e+00,-4.309007599620522377e+00
1.283000000000000007e+01,4.000000000000000000e+00,5.021377260818588262e+00,-7.815972704300150120e+00,-1.640283632146643411e+00,-4.464031168835725261e+00
1.283999999999999986e+01,4.000000000000000000e+00,4.972945401944072863e+00,-7.862002505599583024e+00,-6.223948692256621840e+00,-4.094689224819322959e+00
1.284999999999999964e+01,4.000000000000000000e+00,4.944368310964256885e+00,-7.901231957449428300e+00,-1.335573639608336638e+00,-4.586037553603728334e+00
1.285999999999999943e+01,4.000000000000000000e+00,4.899149319894815946e+00,-7.952322294642230283e+00,-5.900261861519178197e+00,-4.719759678519743318e+00
1.287000000000000099e+01,4.000000000000000000e+00,4.869848203640982476e+00,-7.996454420626545989e+00,-1.119102795963468289e+00,-4.922290458819695402e+00
1.288000000000000078e+01,4.000000000000000000e+00,4.837674701848967196e+00,-8.039881239252700595e+00,-4.419572307609444195e+00,-3.956870017162160469e+00
1.289000000000000057e+01,4.000000000000000000e+00,4.821058197303927706e+00,-8.085447430415554138e+00,2.268559673553258160e-02,-4.934737839951113259e+00
1.290000000000000036e+01,4.000000000000000000e+00,4.793292017186216114e+00,-8.138582159461101639e+00,-4.223233038008118889e+00,-4.804312924237797766e+00
1.291000000000000014e+01,4.000000000000000000e+00,4.780890869323074277e+00,-8.180140775093160954e+00,2.132710171618701356e-01,-5.019552519620604336e+00
1.291999999999999993e+01,4.000000000000000000e+00,4.756396846335554152e+00,-8.227502990515931813e+00,-3.925858684852918223e+00,-4.580449105405608456e+00
1.292999999999999972e+01,4.000000000000000000e+00,4.742362932026034983e+00,-8.283651965264748895e+00,2.431574463859290103e-02,-6.251835324547692530e+00
1.293999999999999950e+01,4.000000000000000000e+00,4.716830050093317794e+00,-8.341954399922910213e+00,-4.013343693871681772e+00,-5.642643171772697031e+00
1.295000000000000107e+01,4.000000000000000000e+00,4.701258044812460568e+00,-8.407420470477259045e+00,-1.193050179028737334e-01,-7.095389246770543501e+00
1.296000000000000085e+01,4.000000000000000000e+00,4.675603397715620169e+00,-8.473594772867278024e+00,-4.001777154045301543e+00,-6.357838586096260514e+00
1.297000000000000064e+01,4.000000000000000000e+00,4.660249425398429679e+00,-8.545378734270020260e+00,-5.167886970745480535e-02,-7.687087263765393530e+00
1.298000000000000043e+01,4.000000000000000000e+00,4.636068624584106068e+00,-8.616954638198908611e+00,-3.824822331209315251e+00,-6.851077127974611436e+00
1.299000000000000021e+01,4.000000000000000000e+00,4.622472498973067445e+00,-8.693152149574467913e+00,1.419068985351296108e-01,-8.102899517032021492e+00
1.300000000000000000e+01,4.000000000000000000e+00,4.600407494041770740e+00,-8.768323277266100391e+00,-3.610726306854757262e+00,-7.159045321756378755e+00
1.300999999999999979e+01,4.000000000000000000e+00,4.588668130334875528e+00,-8.847446724439986809e+00,3.127897880054720803e-01,-8.389526750158845303e+00
1.301999999999999957e+01,4.000000000000000000e+00,4.567871313619023432e+00,-8.925061152691494470e+00,-3.521437393907576929e+00,-7.363074950247330719e+00
1.303000000000000114e+01,4.000000000000000000e+00,4.546011809605984055e+00,-9.002958203268054405e+00,-6.229580879367577761e-01,-8.300860109457273595e+00
1.304000000000000092e+01,4.000000000000000000e+00,4.516683379699115264e+00,-9.079566908916767431e+00,-4.352029158849363810e+00,-7.251066197476739639e+00
1.305000000000000071e+01,4.000000000000000000e+00,4.498486121809673222e+00,-9.160264355729873742e+00,-3.290708045818102612e-01,-8.580416823824114303e+00
1.306000000000000050e+01,4.000000000000000000e+00,4.469919446310882449e+00,-9.239000376235578571e+00,-4.319112420951794817e+00,-7.446592829453263285e+00
1.307000000000000028e+01,4.000000000000000000e+00,4.451402086469266273e+00,-9.321751041732595056e+00,-4.320564492470403417e-01,-8.782414867224987987e+00
1.308000000000000007e+01,4.000000000000000000e+00,4.421921674016437542e+00,-9.402340858778829968e+00,-4.422173435506667971e+00,-7.636355101202867424e+00
1.308999999999999986e+01,4.000000000000000000e+00,4.401446696288808802e+00,-9.487101024007635885e+00,-6.612570404941557900e-01,-8.988065971035249291e+00
1.309999999999999964e+01,4.000000000000000000e+00,4.370474995133517560e+00,-9.569938241429017722e+00,-4.562016720299951977e+00,-7.869295605718495956e+00
1.310999999999999943e+01,4.000000000000000000e+00,4.348332481783398151e+00,-9.657268815677808149e+00,-8.082807596318720700e-01,-9.280110958313704472e+00
1.312000000000000099e+01,4.000000000000000000e+00,4.316747504258944268e+00,-9.743472675244191805e+00,-4.578035843935059468e+00,-8.232165598106190529e+00
1.313000000000000078e+01,4.000000000000000000e+00,4.294592234240464990e+00,-9.834887310203905386e+00,-7.769422729322024157e-01,-9.733469262140969747e+00
1.314000000000000057e+01,4.000000000000000000e+00,4.263862682045582275e+00,-9.925457727909249073e+00,-4.455525716419756144e+00,-8.679098778982803353e+00
1.315000000000000036e+01,4.000000000000000000e+00,4.242864009785262347e+00,-1.002206706299082128e+01,-6.522452627695956018e-01,-1.029352326150926267e+01
1.316000000000000014e+01,4.000000000000000000e+00,4.213521959342809708e+00,-1.011871091449520144e+01,-4.318521072404716499e+00,-9.286025859247400760e+00
1.316999999999999993e+01,4.000000000000000000e+00,4.193556995044245284e+00,-1.022175952756570005e+01,-5.627341113209338719e-01,-1.095661502995521097e+01
1.317999999999999972e+01,4.000000000000000000e+00,4.164344296456707895e+00,-1.032448649422896203e+01,-4.360664546459243951e+00,-9.851340394138750511e+00
1.318999999999999950e+01,4.000000000000000000e+00,4.144488112067128860e+00,-1.043331484198357906e+01,-5.698401910807081583e-01,-1.151716760125575156e+01
1.320000000000000107e+01,4.000000000000000000e+00,4.113285199594625574e+00,-1.054028606748845576e+01,-4.606495256873825106e+00,-1.022348934368956819e+01
1.321000000000000085e+01,4.000000000000000000e+00,4.091434434351794103e+00,-1.065290704020122270e+01,-8.188209664756875839e-01,-1.187175293480550486e+01
1.322000000000000064e+01,4.000000000000000000e+00,4.057094397421042942e+00,-1.076257395746706003e+01,-4.933682737669928819e+00,-1.046800887039666605e+01
1.323000000000000043e+01,4.000000000000000000e+00,4.031340023773227976e+00,-1.087766411119982024e+01,-1.276888427643956048e+00,-1.208748407137497871e+01
1.324000000000000021e+01,4.000000000000000000e+00,3.993153047273284351e+00,-1.098928846571615381e+01,-5.331819192975468802e+00,-1.064808202565028239e+01
1.325000000000000000e+01,4.000000000000000000e+00,3.961952635258936262e+00,-1.110637261099176065e+01,-1.876170665147205208e+00,-1.230441711856185272e+01
1.325999999999999979e+01,4.000000000000000000e+00,3.919518199048217078e+00,-1.122047290872409064e+01,-5.661991555419602307e+00,-1.084772988116468007e+01
1.326999999999999957e+01,4.000000000000000000e+00,3.884964017479884735e+00,-1.133754555288263610e+01,-2.098479871978401690e+00,-1.221652367305552467e+01
1.328000000000000114e+01,4.000000000000000000e+00,3.842647692240633184e+00,-1.144933641813970304e+01,-5.541548197269636766e+00,-1.050103982208664277e+01
1.329000000000000092e+01,4.000000000000000000e+00,3.809532801435317140e+00,-1.156212408427441218e+01,-1.916173426125918677e+00,-1.173150156049739046e+01
1.330000000000000071e+01,4.000000000000000000e+00,3.769409620128707505e+00,-1.166833417509378990e+01,-5.317411572331758762e+00,-9.900016354733361723e+00
1.331000000000000050e+01,4.000000000000000000e+00,3.738562914190070252e+00,-1.177511671358606904e+01,-1.693364962580800492e+00,-1.112812569846156840e+01
1.332000000000000028e+01,4.000000000000000000e+00,3.699138748137664745e+00,-1.187414645755805687e+01,-5.334536559136627609e+00,-9.066879794440712459e+00
1.333000000000000007e+01,4.000000000000000000e+00,3.669865822011505241e+00,-1.197512350138009296e+01,-1.571369709204196941e+00,-1.066800576332458306e+01
1.333999999999999986e+01,4.000000000000000000e+00,3.627815695188214118e+00,-1.206983225739825194e+01,-5.715392412728867555e+00,-8.835359287734180000e+00
1.334999999999999964e+01,4.000000000000000000e+00,3.594984618037607493e+00,-1.216923998476560875e+01,-2.020464110378503708e+00,-1.052388983667893463e+01
1.335999999999999943e+01,4.000000000000000000e+00,3.548644227567121501e+00,-1.226256985339923311e+01,-6.084620499021948348e+00,-8.623204483438618340e+00
1.337000000000000099e+01,4.000000000000000000e+00,3.510794294442900476e+00,-1.235828639671436946e+01,-2.530210440831084817e+00,-1.000185893861389275e+01
1.338000000000000078e+01,4.000000000000000000e+00,3.461743525141249833e+00,-1.244525627859786887e+01,-6.294639711049676123e+00,-7.878557761925887526e+00
1.339000000000000057e+01,4.000000000000000000e+00,3.420987268877747400e+00,-1.253222742420238234e+01,-2.799338946203873579e+00,-9.117023926812152013e+00
1.340000000000000036e+01,4.000000000000000000e+00,3.370990646326427864e+00,-1.261054599767539663e+01,-6.323844868459305602e+00,-7.001612635399373730e+00
1.341000000000000014e+01,4.000000000000000000e+00,3.329540472628730985e+00,-1.268841002308273502e+01,-2.829752773474644822e+00,-8.226314743363348114e+00
1.341999999999999993e+01,4.000000000000000000e+00,3.279812506185768139e+00,-1.275769500015871216e+01,-6.293927356505535364e+00,-6.074710826324907664e+00
1.342999999999999972e+01,4.000000000000000000e+00,3.239136105095255402e+00,-1.282557742942849721e+01,-2.734063416410293712e+00,-7.171988954751143730e+00
1.343999999999999950e+01,4.000000000000000000e+00,3.189748997206927950e+00,-1.288326298955094984e+01,-6.275835880142609291e+00,-4.846577487734904821e+00
1.345000000000000107e+01,4.000000000000000000e+00,3.149367001502777264e+00,-1.293982834270558868e+01,-2.700712353066498483e+00,-6.106604436864254026e+00
1.346000000000000085e+01,4.000000000000000000e+00,3.098638366486257567e+00,-1.298800043146435357e+01,-6.503114111590613255e+00,-4.081801538252578965e+00
1.347000000000000064e+01,4.000000000000000000e+00,3.057146869612155538e+00,-1.304149941595345297e+01,-2.851348323950243735e+00,-6.069192269615913737e+00
1.348000000000000043e+01,4.000000000000000000e+00,3.003261374034634557e+00,-1.309049889791511490e+01,-6.798050051249038717e+00,-4.251908972909826723e+00
1.349000000000000021e+01,4.000000000000000000e+00,2.958367146160500116e+00,-1.314544999812405557e+01,-3.236522327792003217e+00,-6.161811951275331545e+00
1.350000000000000000e+01,4.000000000000000000e+00,2.902547431005296552e+00,-1.319490372702844461e+01,-6.910639029132209288e+00,-4.239461108075739837e+00
1.350999999999999979e+01,4.000000000000000000e+00,2.855811383230775213e+00,-1.324835574866339272e+01,-3.402688701088264267e+00,-5.937388697379704539e+00
1.351999999999999957e+01,4.000000000000000000e+00,2.799873523163055378e+00,-1.329507316153393148e+01,-6.899436828114479781e+00,-3.892550178280889561e+00
1.353000000000000114e+01,4.000000000000000000e+00,2.752394973764722419e+00,-1.334363973424440886e+01,-3.476735675497408362e+00,-5.393304448105524784e+00
1.354000000000000092e+01,4.000000000000000000e+00,2.696406125831968037e+00,-1.338448559299909491e+01,-6.882561339315758531e+00,-3.253784640052025612e+00
1.355000000000000071e+01,4.000000000000000000e+00,2.648665530878183461e+00,-1.342619959839466404e+01,-3.504828580055431519e+00,-4.682470666643695267e+00
1.356000000000000050e+01,4.000000000000000000e+00,2.592622610305021613e+00,-1.345961833562466836e+01,-6.887558199954869842e+00,-2.485108035106798674e+00
1.357000000000000028e+01,4.000000000000000000e+00,2.543075835322391676e+00,-1.349291427721083281e+01,-4.361616372522168383e+00,-3.481158423916484779e+00
1.358000000000000007e+01,4.000000000000000000e+00,2.480153786989110376e+00,-1.351528039378459844e+01,-7.529686242131409024e+00,-1.404356398478311174e+00
1.358999999999999986e+01,4.000000000000000000e+00,2.427392229719714578e+00,-1.353990064253823888e+01,-3.903004589374085676e+00,-3.083262257125563899e+00
1.359999999999999964e+01,4.000000000000000000e+00,2.363796892636153668e+00,-1.356181062509991264e+01,-6.041222190933391190e+00,-2.255727461267686085e+00
1.360999999999999943e+01,4.000000000000000000e+00,2.309419899517769270e+00,-1.358042025992140012e+01,-5.312444542309424200e+00,-2.086057944210059745e+00
1.362000000000000099e+01,4.000000000000000000e+00,2.260295599601751082e+00,-1.360440898900436224e+01,-4.596896338976563356e+00,-2.610373764100951455e+00
1.363000000000000078e+01,4.000000000000000000e+00,2.218415554730382322e+00,-1.363287773340681497e+01,-3.895400186690461286e+00,-3.016254133443174279e+00
1.364000000000000057e+01,4.000000000000000000e+00,2.176543559289911833e+00,-1.366784058853872175e+01,-4.014820985279757615e+00,-3.570612568270335796e+00
1.365000000000000036e+01,4.000000000000000000e+00,2.144827249173621997e+00,-1.370223651080516625e+01,-3.125325869097086429e+00,-3.410451648336895847e+00
1.366000000000000014e+01,4.000000000000000000e+00,2.108630656286497818e+00,-1.373860768836064317e+01,-3.443394374656488566e+00,-3.599011538380967323e+00
1.366999999999999993e+01,4.000000000000000000e+00,2.074502100887856137e+00,-1.377427827930482529e+01,-3.394849604479469818e+00,-3.506381290460324429e+00
1.367999999999999972e+01,4.000000000000000000e+00,2.040571120867678445e+00,-1.380776583222462506e+01,-3.399416671374805965e+00,-3.230080812933812329e+00
1.368999999999999950e+01,4.000000000000000000e+00,2.006303277526569229e+00,-1.383814625848907376e+01,-3.450308606305744430e+00,-2.906135268703053498e+00
1.370000000000000107e+01,4.000000000000000000e+00,1.971422878281784863e+00,-1.386517705012531643e+01,-3.512993798115358057e+00,-2.570503166281830065e+00
1.371000000000000085e+01,4.000000000000000000e+00,1.938796593296051141e+00,-1.388906360330551593e+01,-3.088243341426057498e+00,-2.268583410548627999e+00
1.372000000000000064e+01,4.000000000000000000e+00,1.910719228470165287e+00,-1.391195082847533904e+01,-2.620314907762625989e+00,-2.387761102867479668e+00
1.373000000000000043e+01,4.000000000000000000e+00,1.887310097748774451e+00,-1.393782818645407318e+01,-2.150971486512965658e+00,-2.726124126331720188e+00
1.374000000000000021e+01,4.000000000000000000e+00,1.868670072561184892e+00,-1.396703143941681624e+01,-1.671201055134735602e+00,-3.042514238403150717e+00
1.375000000000000000e+01,4.000000000000000000e+00,1.854489125869813737e+00,-1.399918868744243738e+01,-1.269217916844306737e+00,-3.327558987744024588e+00
1.375999999999999979e+01,4.000000000000000000e+00,1.843391021826151333e+00,-1.403395566034396325e+01,-1.024318491872090675e+00,-3.568488334920427718e+00
1.376999999999999957e+01,4.000000000000000000e+00,1.833824734307641036e+00,-1.407075554945503626e+01,-9.310885193719222741e-01,-3.745001702406133948e+00
1.378000000000000114e+01,4.000000000000000000e+00,1.824230592580398547e+00,-1.410883105081922295e+01,-1.003337622908595295e+00,-3.831771204208717752e+00
1.379000000000000092e+01,4.000000000000000000e+00,1.812926299556225418e+00,-1.414701789155066436e+01,-1.232047683293867602e+00,-3.796091063132112087e+00
1.380000000000000071e+01,4.000000000000000000e+00,1.798705207067353928e+00,-1.418428238979452871e+01,-1.556887521586326484e+00,-3.669395318262377081e+00
1.381000000000000050e+01,4.000000000000000000e+00,1.780967425954058880e+00,-1.421993999357072092e+01,-1.920385274563741307e+00,-3.492311763131791924e+00
1.382000000000000028e+01,4.000000000000000000e+00,1.760809012236643323e+00,-1.424997222315881373e+01,-2.156010569224078299e+00,-2.920884375450971238e+00
1.383000000000000007e+01,4.000000000000000000e+00,1.737828700763787593e+00,-1.427725842180920601e+01,-2.384295352051070349e+00,-2.636864755225778456e+00
1.383999999999999986e+01,4.000000000000000000e+00,1.713293761573279506e+00,-1.430266035592627993e+01,-2.423245605840875339e+00,-2.470922577165092449e+00
1.384999999999999964e+01,4.000000000000000000e+00,1.691636238498473332e+00,-1.432642894616197893e+01,-2.016601626476828280e+00,-2.327896424528634878e+00
1.385999999999999943e+01,4.000000000000000000e+00,1.673346295461853206e+00,-1.434910580163505323e+01,-1.714737646163340345e+00,-2.227097120700678889e+00
1.387000000000000099e+01,4.000000000000000000e+00,1.657598914803336543e+00,-1.437072772582236624e+01,-1.491095501982602878e+00,-2.117698045130309570e+00
1.388000000000000078e+01,4.000000000000000000e+00,1.643717191267535238e+00,-1.439118930492881709e+01,-1.323182751013824099e+00,-1.995437628844539901e+00
1.389000000000000057e+01,4.000000000000000000e+00,1.631436457120133854e+00,-1.441020988315707996e+01,-1.167669814479770363e+00,-1.837290309408203592e+00
1.390000000000000036e+01,4.000000000000000000e+00,1.620544949893674591e+00,-1.442769815613484141e+01,-1.041582220050873531e+00,-1.689994528454682676e+00
1.391000000000000014e+01,4.000000000000000000e+00,1.610564882369621476e+00,-1.444355176852784872e+01,-9.831177179742405237e-01,-1.510075368057424372e+00
1.391999999999999993e+01,4.000000000000000000e+00,1.600481744924172833e+00,-1.445745322127964805e+01,-1.041070723761958972e+00,-1.309927978088202494e+00
1.392999999999999972e+01,4.000000000000000000e+00,1.589108316688757405e+00,-1.446935559974780183e+01,-1.217874610259888746e+00,-1.110276856127400125e+00
1.393999999999999950e+01,4.000000000000000000e+00,1.575142558950168636e+00,-1.447923975928459051e+01,-1.532981856803009801e+00,-9.064775838806079511e-01
1.395000000000000107e+01,4.000000000000000000e+00,1.557365642151504526e+00,-1.448705916572884966e+01,-1.951038181309389774e+00,-6.985624507336865019e-01
1.396000000000000085e+01,4.000000000000000000e+00,1.535125719379908604e+00,-1.449280209647241868e+01,-2.408144835009846219e+00,-4.924191994276684303e-01
1.397000000000000064e+01,4.000000000000000000e+00,1.508296644111666751e+00,-1.449650440278898422e+01,-2.861668725780774913e+00,-2.896823908560193228e-01
1.398000000000000043e+01,4.000000000000000000e+00,1.477323254162175248e+00,-1.449823230670866359e+01,-3.235114402697762070e+00,-9.612646126132431967e-02
1.399000000000000021e+01,4.000000000000000000e+00,1.443578015256867797e+00,-1.449807872357358995e+01,-3.446660807935999493e+00,8.745202313060045085e-02
1.400000000000000000e+01,4.000000000000000000e+00,1.411865297443098743e+00,-1.449598286146169279e+01,-2.990111245797570039e+00,2.800864371430876187e-01
1.400999999999999979e+01,4.000000000000000000e+00,1.384289307014340054e+00,-1.449230596369479329e+01,-2.612512362302478408e+00,4.228333546987526614e-01
1.401999999999999957e+01,4.000000000000000000e+00,1.360113074423795920e+00,-1.448737474853258611e+01,-2.294140413329087469e+00,5.353753935622255211e-01
1.403000000000000114e+01,4.000000000000000000e+00,1.338853943021667714e+00,-1.448152176878973663e+01,-2.018658659681836998e+00,6.145084650394926351e-01
1.404000000000000092e+01,4.000000000000000000e+00,1.320197070534964379e+00,-1.447503082625549986e+01,-1.761983212892372030e+00,6.703152808697186993e-01
1.405000000000000071e+01,4.000000000000000000e+00,1.304185476501106500e+00,-1.446807021168522667e+01,-1.498438815400295443e+00,7.124848308071920489e-01
1.406000000000000050e+01,4.000000000000000000e+00,1.290498022408984369e+00,-1.446068419449708742e+01,-1.290506889519933420e+00,7.571598145974675065e-01
1.407000000000000028e+01,4.000000000000000000e+00,1.278461202752817272e+00,-1.445279772809093899e+01,-1.159296384428165627e+00,8.106698465414181598e-01
1.408000000000000007e+01,4.000000000000000000e+00,1.267020650064074827e+00,-1.444433720893327688e+01,-1.151668379244117135e+00,8.706772711465483594e-01
1.408999999999999986e+01,4.000000000000000000e+00,1.254867732140398928e+00,-1.443521427164858117e+01,-1.276766730479739653e+00,9.420706324178919067e-01
1.409999999999999964e+01,4.000000000000000000e+00,1.240617993697724186e+00,-1.442527403632592709e+01,-1.539473802113886514e+00,1.031166401609096006e+00
1.410999999999999943e+01,4.000000000000000000e+00,1.223151570749513972e+00,-1.441433285305652134e+01,-1.892604572308023592e+00,1.138380694910797519e+00
1.412000000000000099e+01,4.000000000000000000e+00,1.201956681890625545e+00,-1.440223920600836927e+01,-2.272850926879749878e+00,1.257753177732935379e+00
1.413000000000000078e+01,4.000000000000000000e+00,1.177004111089651417e+00,-1.438890306854262136e+01,-2.636168271746041736e+00,1.384720672580656231e+00
1.414000000000000057e+01,4.000000000000000000e+00,1.148963861320104973e+00,-1.437428553192057201e+01,-2.897648652750018705e+00,1.512911641459319556e+00
1.415000000000000036e+01,4.000000000000000000e+00,1.119323604886313550e+00,-1.435840976962390947e+01,-2.932186635954842302e+00,1.640650691445326492e+00
1.416000000000000014e+01,4.000000000000000000e+00,1.092601365604308983e+00,-1.434122927653472601e+01,-2.509056007999696192e+00,1.761450244472398285e+00
1.416999999999999993e+01,4.000000000000000000e+00,1.069784352397836980e+00,-1.432314792253485081e+01,-2.136115690776916765e+00,1.834550562090854875e+00
1.417999999999999972e+01,4.000000000000000000e+00,1.050450637136850052e+00,-1.430452528164519421e+01,-1.802373090876372874e+00,1.876745332634587093e+00
1.418999999999999950e+01,4.000000000000000000e+00,1.034304395898787421e+00,-1.428565667407504769e+01,-1.491427849744312084e+00,1.890161962653966965e+00
1.420000000000000107e+01,4.000000000000000000e+00,1.021235580584070490e+00,-1.426679736849069435e+01,-1.182504196219303916e+00,1.880762891504334400e+00
1.421000000000000085e+01,4.000000000000000000e+00,1.011365146068714527e+00,-1.424818076769594200e+01,-8.592869560482262470e-01,1.846241674613617656e+00
1.422000000000000064e+01,4.000000000000000000e+00,1.004439760116992542e+00,-1.422990736153688296e+01,-5.907727782743954492e-01,1.817502602033564285e+00
1.423000000000000043e+01,4.000000000000000000e+00,9.997530308147867251e-01,-1.421177593334948774e+01,-3.991897727297077925e-01,1.813899147650311239e+00
1.424000000000000021e+01,4.000000000000000000e+00,9.963630847478995856e-01,-1.419351522586846315e+01,-3.152818877603699721e-01,1.837804893910472970e+00
1.425000000000000000e+01,4.000000000000000000e+00,9.930622842114126270e-01,-1.417484933640210620e+01,-3.577863301897499793e-01,1.889746549458834579e+00
1.425999999999999979e+01,4.000000000000000000e+00,9.885619201611408613e-01,-1.415548218181148776e+01,-5.255884773760322037e-01,1.971984102214053181e+00
1.426999999999999957e+01,4.000000000000000000e+00,9.818602318814090291e-01,-1.413512628304259522e+01,-7.733529747697335255e-01,2.081145374189336206e+00
1.428000000000000114e+01,4.000000000000000000e+00,9.725306307141720064e-01,-1.411358306488959258e+01,-1.040978282092102969e+00,2.204657005114467161e+00
1.429000000000000092e+01,4.000000000000000000e+00,9.605937666665047558e-01,-1.409075070078974967e+01,-1.287979807306471214e+00,2.335767019706751046e+00
1.430000000000000071e+01,4.000000000000000000e+00,9.466607815312994001e-01,-1.406662526838709759e+01,-1.449437540638263355e+00,2.462305036164990302e+00
1.431000000000000050e+01,4.000000000000000000e+00,9.359592823316020826e-01,-1.404119593201038363e+01,-1.110593435988656008e+00,2.588401710787006760e+00
1.432000000000000028e+01,4.000000000000000000e+00,9.228657868015058829e-01,-1.401484572112989468e+01,-1.082676465207111915e+00,2.667522511709734534e+00
1.433000000000000007e+01,4.000000000000000000e+00,9.181301911785103576e-01,-1.398781219045354440e+01,-3.955017120393268248e-01,2.711977648143115704e+00
1.433999999999999986e+01,4.000000000000000000e+00,9.096250304223622019e-01,-1.396604106225649922e+01,-5.880432059581319759e-01,2.256640128870305961e+00
1.434999999999999964e+01,4.000000000000000000e+00,9.103122516158961286e-01,-1.394352348212571080e+01,1.475633197178359557e-01,2.249498386790302895e+00
1.435999999999999943e+01,4.000000000000000000e+00,9.094993178240730058e-01,-1.392100250368170933e+01,1.612055759990285719e-01,2.263763769579909546e+00
1.437000000000000099e+01,4.000000000000000000e+00,9.130502913792208908e-01,-1.389834415904531184e+01,5.024969657662363698e-01,2.268067822468814665e+00
1.438000000000000078e+01,4.000000000000000000e+00,9.203143719023223479e-01,-1.387556243696367098e+01,8.705771266142626752e-01,2.288009581484338639e+00
1.439000000000000057e+01,4.000000000000000000e+00,9.308875466451411729e-01,-1.385244144986134707e+01,1.168870993504126599e+00,2.331307740984608134e+00
1.440000000000000036e+01,4.000000000000000000e+00,9.437927696496660745e-01,-1.382873760068287794e+01,1.355471905232285668e+00,2.400088580998706256e+00
1.441000000000000014e+01,4.000000000000000000e+00,9.578272357104962165e-01,-1.380417250324951794e+01,1.417887620879080712e+00,2.498294822415951355e+00
1.441999999999999993e+01,4.000000000000000000e+00,9.717696557486270592e-01,-1.377843791252200489e+01,1.365936192690937245e+00,2.627555185626198053e+00
1.442999999999999972e+01,4.000000000000000000e+00,9.847206253647420304e-01,-1.375124855950428859e+01,1.241103400304216953e+00,2.782070920954692106e+00
1.443999999999999950e+01,4.000000000000000000e+00,9.962627335648455151e-01,-1.372244960078962706e+01,1.094896452680127918e+00,2.946674953134652775e+00
1.445000000000000107e+01,4.000000000000000000e+00,1.006371085738305249e+00,-1.369197934136658290e+01,9.593964069456879518e-01,3.113132861463288492e+00
1.446000000000000085e+01,4.000000000000000000e+00,1.015433427713707371e+00,-1.365991027042298356e+01,8.808253004771698924e-01,3.266837580504137417e+00
1.447000000000000064e+01,4.000000000000000000e+00,1.024188371344972870e+00,-1.362646146186614260e+01,8.832810225544327487e-01,3.391402719132928567e+00
1.448000000000000043e+01,4.000000000000000000e+00,1.033593722617111021e+00,-1.359205846975531706e+01,1.027437469037877360e+00,3.466314493569214950e+00
1.449000000000000021e+01,4.000000000000000000e+00,1.046374458267600893e+00,-1.355727885833343294e+01,1.456990049730174430e+00,3.482461128274613849e+00
1.450000000000000000e+01,4.000000000000000000e+00,1.063708496406757797e+00,-1.352250303901111295e+01,1.918970532199693491e+00,3.469613341785146687e+00
1.450999999999999979e+01,4.000000000000000000e+00,1.085802540156340035e+00,-1.348806510246851076e+01,2.407750154144669974e+00,3.423777556641593112e+00
1.451999999999999957e+01,4.000000000000000000e+00,1.112924184855841325e+00,-1.345420748182248971e+01,2.913911621851809741e+00,3.357437373802854452e+00
1.453000000000000114e+01,4.000000000000000000e+00,1.144776444781756108e+00,-1.342102208736981694e+01,3.352420345279260250e+00,3.298399087375927241e+00
1.454000000000000092e+01,4.000000000000000000e+00,1.180385598481512366e+00,-1.338811851288833665e+01,3.685735456927887732e+00,3.292847043440461974e+00
1.455000000000000071e+01,4.000000000000000000e+00,1.218694725021411296e+00,-1.335491207649553225e+01,3.913952073332900738e+00,3.347323698205616260e+00
1.456000000000000050e+01,4.000000000000000000e+00,1.261756987991176970e+00,-1.332797078901927179e+01,3.959585784673902431e+00,3.028652564158117677e+00
1.457000000000000028e+01,4.000000000000000000e+00,1.296205656186381727e+00,-1.328879670994055395e+01,3.387165247892514497e+00,3.981008974335202399e+00
1.458000000000000007e+01,4.000000000000000000e+00,1.332369118247351381e+00,-1.325512814845091469e+01,3.107269779125942044e+00,3.533977386660387854e+00
1.458999999999999986e+01,4.000000000000000000e+00,1.358295832521045909e+00,-1.321133881489972772e+01,2.776209004132018432e+00,4.176008602593444863e+00
1.459999999999999964e+01,4.000000000000000000e+00,1.387417079646211082e+00,-1.317461295139504251e+01,3.149310167544872030e+00,3.480573181673398686e+00
1.460999999999999943e+01,4.000000000000000000e+00,1.420895388361546496e+00,-1.313806898852367411e+01,3.546204057255537112e+00,3.439510963176810154e+00
1.462000000000000099e+01,4.000000000000000000e+00,1.456980272725920678e+00,-1.310422354093559782e+01,3.652078092485692373e+00,3.331963703065299320e+00
1.463000000000000078e+01,4.000000000000000000e+00,1.494665517428394708e+00,-1.307268530532577877e+01,3.842672907153104500e+00,3.037616351479739851e+00
1.464000000000000057e+01,4.000000000000000000e+00,1.533439480983784797e+00,-1.304305634932144642e+01,3.858437912719367979e+00,2.960857851964540099e+00
1.465000000000000036e+01,4.000000000000000000e+00,1.570197281791150035e+00,-1.301203998459951094e+01,3.506603921597190698e+00,3.247001394147361886e+00
1.466000000000000014e+01,4.000000000000000000e+00,1.601578636002649825e+00,-1.297675950427417391e+01,2.849269917100097693e+00,3.709999696129671953e+00
1.466999999999999993e+01,4.000000000000000000e+00,1.624513497932148942e+00,-1.293789755696124466e+01,1.889612490962084390e+00,3.973797057641357267e+00
1.467999999999999972e+01,4.000000000000000000e+00,1.636894506250401227e+00,-1.289731902305574707e+01,8.014711306171777849e-01,4.096506035349775310e+00
1.468999999999999950e+01,4.000000000000000000e+00,1.638601774295318725e+00,-1.285616450294268276e+01,-2.385517869904965893e-01,4.122777445265925600e+00
1.470000000000000107e+01,4.000000000000000000e+00,1.630561352686008769e+00,-1.281476470450856908e+01,-1.158113861201181649e+00,4.154344984011055786e+00
1.471000000000000085e+01,4.000000000000000000e+00,1.614749377452858292e+00,-1.277304892908782641e+01,-1.815898945971772926e+00,4.183617916508676871e+00
1.472000000000000064e+01,4.000000000000000000e+00,1.596835658039992500e+00,-1.273143045769053749e+01,-1.537029104075968711e+00,4.057950320695877799e+00
1.473000000000000043e+01,4.000000000000000000e+00,1.585610695046776542e+00,-1.269360680130981933e+01,-8.512435950915350213e-01,3.605982767160028413e+00
1.474000000000000021e+01,4.000000000000000000e+00,1.580997937377721652e+00,-1.266006361431640492e+01,-2.082864395081271691e-01,3.191540953513419154e+00
1.475000000000000000e+01,4.000000000000000000e+00,1.582481446389940150e+00,-1.263042922127521095e+01,3.784518490760440113e-01,2.816756176318979232e+00
1.475999999999999979e+01,4.000000000000000000e+00,1.589730905318745169e+00,-1.260439720179357437e+01,9.627285115867773024e-01,2.458204930463009141e+00
1.476999999999999957e+01,4.000000000000000000e+00,1.603140042426666856e+00,-1.258211686486076708e+01,1.596517700675673002e+00,2.068390923541553406e+00
1.478000000000000114e+01,4.000000000000000000e+00,1.619070420546462552e+00,-1.256714313414922835e+01,1.854928041804254635e+00,1.389121106767978731e+00
1.479000000000000092e+01,4.000000000000000000e+00,1.640068242884276328e+00,-1.255502585948163308e+01,2.259400747263190290e+00,1.127741207788807154e+00
1.480000000000000071e+01,4.000000000000000000e+00,1.664507726614331773e+00,-1.254448425435381509e+01,2.542811913654898781e+00,1.013376411446896608e+00
1.481000000000000050e+01,4.000000000000000000e+00,1.690635941251471319e+00,-1.253488297934798368e+01,2.636213258406221449e+00,9.275425683191692583e-01
1.482000000000000028e+01,4.000000000000000000e+00,1.716814116304226756e+00,-1.252611335495707934e+01,2.590906496938952586e+00,8.421191815235188338e-01
1.483000000000000007e+01,4.000000000000000000e+00,1.742107998074396313e+00,-1.251825901367490346e+01,2.485741805208521171e+00,7.479765831679739962e-01
1.483999999999999986e+01,4.000000000000000000e+00,1.766271880130362071e+00,-1.251129307018724113e+01,2.371475668973458184e+00,6.666859638711878366e-01
1.484999999999999964e+01,4.000000000000000000e+00,1.789453908580557639e+00,-1.250501251540429770e+01,2.290985073443453146e+00,6.025430070419405260e-01
1.485999999999999943e+01,4.000000000000000000e+00,1.812259491402450795e+00,-1.249944074502281133e+01,2.286578436483109655e+00,5.255188875812255578e-01
1.487000000000000099e+01,4.000000000000000000e+00,1.835907411238121067e+00,-1.249435393888651724e+01,2.424597180374455707e+00,4.341132511426179508e-01
1.488000000000000078e+01,4.000000000000000000e+00,1.861094303363555635e+00,-1.249162454129296052e+01,2.583857219486336287e+00,1.633244094577196714e-01
1.489000000000000057e+01,4.000000000000000000e+00,1.887976411041488944e+00,-1.249159042375159956e+01,2.759218671078555563e+00,-1.022844902393201527e-01
1.490000000000000036e+01,4.000000000000000000e+00,1.916637209736754999e+00,-1.249424510870821692e+01,2.938417334450037277e+00,-3.763508568870222448e-01
1.491000000000000014e+01,4.000000000000000000e+00,1.947222421850867358e+00,-1.249966337892690937e+01,3.144645224684559093e+00,-6.501974390364791967e-01
1.491999999999999993e+01,4.000000000000000000e+00,1.979795496017098699e+00,-1.250766724211805148e+01,3.319227544411463615e+00,-8.944272630884857467e-01
1.492999999999999972e+01,4.000000000000000000e+00,2.013466270645294820e+00,-1.251784448183942366e+01,3.384607549328384923e+00,-1.095148845648242109e+00
1.493999999999999950e+01,4.000000000000000000e+00,2.047181993748937501e+00,-1.252986652712976223e+01,3.351057071863557280e+00,-1.271605379824318760e+00
1.495000000000000107e+01,4.000000000000000000e+00,2.080100565300247784e+00,-1.254357093881527341e+01,3.245254427560992916e+00,-1.433778964894167229e+00
1.496000000000000085e+01,4.000000000000000000e+00,2.111706058711171785e+00,-1.255873989680657488e+01,3.100545265225954861e+00,-1.565239095210251952e+00
1.497000000000000064e+01,4.000000000000000000e+00,2.141838362912853455e+00,-1.257501746714810587e+01,2.956859886803966830e+00,-1.665977547100903955e+00
1.498000000000000043e+01,4.000000000000000000e+00,2.170641023850408580e+00,-1.259204190072588148e+01,2.833094517647217092e+00,-1.718442190118178114e+00
1.499000000000000021e+01,4.000000000000000000e+00,2.198410763499773157e+00,-1.260927258895785386e+01,2.745036590218129291e+00,-1.721884568950428296e+00
1.500000000000000000e+01,4.000000000000000000e+00,2.225694383140472077e+00,-1.262594815024082351e+01,2.734343329086394103e+00,-1.592687897197686109e+00
1.500999999999999979e+01,4.000000000000000000e+00,2.253258722465257602e+00,-1.264088600827779096e+01,2.773974151332735172e+00,-1.435868798607866870e+00
1.501999999999999957e+01,4.000000000000000000e+00,2.281329376078276017e+00,-1.265460298668939565e+01,2.830931784123479567e+00,-1.336115032777976719e+00
1.503000000000000114e+01,4.000000000000000000e+00,2.310042590052547418e+00,-1.266761911183606415e+01,2.899672707670573502e+00,-1.283895485739724895e+00
1.504000000000000092e+01,4.000000000000000000e+00,2.339490773653730038e+00,-1.268028143076639580e+01,2.976546870621064045e+00,-1.254970429177599156e+00
1.505000000000000071e+01,4.000000000000000000e+00,2.369769732158329756e+00,-1.269267395956326361e+01,3.062374942913220544e+00,-1.228043330692235813e+00
1.506000000000000050e+01,4.000000000000000000e+00,2.400820854444657648e+00,-1.270473304094108791e+01,3.128286880310387374e+00,-1.191677313181257913e+00
1.507000000000000028e+01,4.000000000000000000e+00,2.432262791605718455e+00,-1.271650955388529702e+01,3.147934856257489145e+00,-1.169385579412724807e+00
1.508000000000000007e+01,4.000000000000000000e+00,2.463605587587989643e+00,-1.272805986981673776e+01,3.119153214137166508e+00,-1.144155638437543532e+00
1.508999999999999986e+01,4.000000000000000000e+00,2.494404250633203812e+00,-1.273932071515623754e+01,3.048754586048846971e+00,-1.114457972962365817e+00
1.509999999999999964e+01,4.000000000000000000e+00,2.524313021248643540e+00,-1.275033528436578756e+01,2.949438947944629241e+00,-1.093823901375366114e+00
1.510999999999999943e+01,4.000000000000000000e+00,2.553119650715798272e+00,-1.276108756226505747e+01,2.833764024176666396e+00,-1.061630680339593402e+00
1.512000000000000099e+01,4.000000000000000000e+00,2.580797013546587859e+00,-1.277146950370671696e+01,2.724324222711908661e+00,-1.019247746467569327e+00
1.513000000000000078e+01,4.000000000000000000e+00,2.607428003124805826e+00,-1.278126134026998351e+01,2.624006779120014787e+00,-9.482139942762726204e-01
1.514000000000000057e+01,4.000000000000000000e+00,2.633143945281053888e+00,-1.279017874599429838e+01,2.538929117293650339e+00,-8.515790787908120718e-01
1.515000000000000036e+01,4.000000000000000000e+00,2.658178225065949363e+00,-1.279779431465079220e+01,2.487170214031400928e+00,-6.809342247664162961e-01
1.516000000000000014e+01,4.000000000000000000e+00,2.682828647867313787e+00,-1.280351669656792879e+01,2.450424317191342460e+00,-5.058052385772409121e-01
1.516999999999999993e+01,4.000000000000000000e+00,2.707117638699374496e+00,-1.280774599756893117e+01,2.414684735037385899e+00,-3.728346382738411124e-01
1.517999999999999972e+01,4.000000000000000000e+00,2.731055189816457673e+00,-1.281085247628700508e+01,2.379551576803209390e+00,-2.726647209353467161e-01
1.518999999999999950e+01,4.000000000000000000e+00,2.754640364549281628e+00,-1.281304361511820211e+01,2.345264073380789682e+00,-1.834614490448780166e-01
1.520000000000000107e+01,4.000000000000000000e+00,2.777884321947291291e+00,-1.281434738604119161e+01,2.308988267671854278e+00,-9.506430100815912998e-02
1.521000000000000085e+01,4.000000000000000000e+00,2.800685728253356377e+00,-1.281485014796483668e+01,2.258425545881958652e+00,-2.323301541719657165e-02
1.522000000000000064e+01,4.000000000000000000e+00,2.822875527521530703e+00,-1.281473138175411819e+01,2.190517748629286832e+00,3.415297786579972461e-02
1.523000000000000043e+01,4.000000000000000000e+00,2.844292890195835533e+00,-1.281407292260212394e+01,2.107326772655873537e+00,8.662104446694522675e-02
1.524000000000000021e+01,4.000000000000000000e+00,2.864804295459562056e+00,-1.281293006509285703e+01,2.012449494134534778e+00,1.313553414817965337e-01
1.525000000000000000e+01,4.000000000000000000e+00,2.884321251455139290e+00,-1.281138560055756415e+01,1.910399925620967387e+00,1.702419657593494118e-01
1.525999999999999979e+01,4.000000000000000000e+00,2.902796662735474431e+00,-1.280938803209878607e+01,1.806776164233103277e+00,2.185698690572203950e-01
1.526999999999999957e+01,4.000000000000000000e+00,2.920270769299703417e+00,-1.280688985804084368e+01,1.708476023267581301e+00,2.723546891381104507e-01
1.528000000000000114e+01,4.000000000000000000e+00,2.936796254549797425e+00,-1.280377532608913960e+01,1.616189375337829359e+00,3.391839877305292128e-01
1.529000000000000092e+01,4.000000000000000000e+00,2.952442113906934562e+00,-1.279992466508358362e+01,1.531183153383434359e+00,4.169533023172330988e-01
1.530000000000000071e+01,4.000000000000000000e+00,2.967281766719826575e+00,-1.279524589164180171e+01,1.453383933920731952e+00,5.024942159133363173e-01
1.531000000000000050e+01,4.000000000000000000e+00,2.981411384450842306e+00,-1.278953403496688779e+01,1.388742730205653420e+00,6.288587101648472899e-01
1.532000000000000028e+01,4.000000000000000000e+00,2.994953849742676422e+00,-1.278237504914308786e+01,1.331228096299571062e+00,7.710168248109583455e-01
1.533000000000000007e+01,4.000000000000000000e+00,3.007913601733997133e+00,-1.277392027837066735e+01,1.272222553932936373e+00,8.934975439397948582e-01
1.533999999999999986e+01,4.000000000000000000e+00,3.020275427682402647e+00,-1.276428220865458485e+01,1.211979932576931152e+00,1.007803313885099250e+00
1.534999999999999964e+01,4.000000000000000000e+00,3.032010829158746645e+00,-1.275365465595229608e+01,1.147066456284339564e+00,1.095656287600544232e+00
1.535999999999999943e+01,4.000000000000000000e+00,3.043058342804976224e+00,-1.274231114295740852e+01,1.075682979606201295e+00,1.156830358397537228e+00
1.537000000000000099e+01,4.000000000000000000e+00,3.053353961639870828e+00,-1.273049937071846216e+01,9.980123283450883509e-01,1.194417818140869114e+00
1.538000000000000078e+01,4.000000000000000000e+00,3.062839844452443394e+00,-1.271844970586582590e+01,9.151162851892334915e-01,1.208409842391985789e+00
1.539000000000000057e+01,4.000000000000000000e+00,3.071477701028845431e+00,-1.270641013086633642e+01,8.293155651333370404e-01,1.198248989544509646e+00
1.540000000000000036e+01,4.000000000000000000e+00,3.079254972462614148e+00,-1.269459775207948660e+01,7.432796712046980669e-01,1.167305168381350011e+00
1.541000000000000014e+01,4.000000000000000000e+00,3.086180711911740815e+00,-1.268313033090805675e+01,6.591342525916628059e-01,1.132800032427448533e+00
1.541999999999999993e+01,4.000000000000000000e+00,3.092281253949003883e+00,-1.267202731287668271e+01,5.777500979954245386e-01,1.094934004946166661e+00
1.542999999999999972e+01,4.000000000000000000e+00,3.097587978319194857e+00,-1.266131681354950089e+01,4.997703247590923326e-01,1.054883363893273529e+00
1.543999999999999950e+01,4.000000000000000000e+00,3.102136971113974351e+00,-1.265101725430114499e+01,4.254798443117533968e-01,1.013133917140213613e+00
1.545000000000000107e+01,4.000000000000000000e+00,3.105964619360962686e+00,-1.264114580455477643e+01,3.547319835222101925e-01,9.695001083811004561e-01
1.546000000000000085e+01,4.000000000000000000e+00,3.109103305254056870e+00,-1.263172869565240219e+01,2.869741519375625938e-01,9.226272083886649655e-01
1.547000000000000064e+01,4.000000000000000000e+00,3.111581924194418924e+00,-1.262282363157361331e+01,2.220206056873274547e-01,8.667978226559616139e-01
1.548000000000000043e+01,4.000000000000000000e+00,3.113411602222416974e+00,-1.261454311816812357e+01,1.567803605670742839e-01,8.022255670316912335e-01
1.549000000000000021e+01,4.000000000000000000e+00,3.114588548026913539e+00,-1.260692556598656466e+01,9.167056502033164855e-02,7.339558882536261208e-01
1.550000000000000000e+01,4.000000000000000000e+00,3.115115146177771521e+00,-1.260002418920545786e+01,2.664651117674697589e-02,6.603450439740159439e-01
1.550999999999999979e+01,4.000000000000000000e+00,3.114990944869758582e+00,-1.259387965394358133e+01,-3.848398396288050388e-02,5.836032107185439299e-01
1.551999999999999957e+01,4.000000000000000000e+00,3.114214603995439035e+00,-1.258850973077021074e+01,-1.037477313314386501e-01,5.058985763974527261e-01
1.553000000000000114e+01,4.000000000000000000e+00,3.112785453909763245e+00,-1.258391565226416375e+01,-1.690063079040147187e-01,4.285165778179918505e-01
1.554000000000000092e+01,4.000000000000000000e+00,3.110709149938952756e+00,-1.258008716369902658e+01,-2.327434078126000561e-01,3.530136858123465449e-01
1.555000000000000071e+01,4.000000000000000000e+00,3.108021284913067728e+00,-1.257696300977795545e+01,-2.924812965944584287e-01,2.861529080998198582e-01
1.556000000000000050e+01,4.000000000000000000e+00,3.104735930336949501e+00,-1.257449087151202605e+01,-3.525749248704113659e-01,2.211659326949576843e-01
1.557000000000000028e+01,4.000000000000000000e+00,3.100857988860113323e+00,-1.257265359253837111e+01,-4.109450937763402534e-01,1.594134133581635859e-01
1.558000000000000007e+01,4.000000000000000000e+00,3.096412197099129404e+00,-1.257140479759011065e+01,-4.666150195333715334e-01,1.024862832775750299e-01
1.558999999999999986e+01,4.000000000000000000e+00,3.091427589535028719e+00,-1.257069834015000431e+01,-5.192824945937071224e-01,4.995220384194874047e-02
1.559999999999999964e+01,4.000000000000000000e+00,3.085934534905005133e+00,-1.257049552793466951e+01,-5.689287627402507264e-01,8.889311545925561268e-04
1.561000000000000121e+01,4.000000000000000000e+00,3.079963109567862567e+00,-1.257076911458743140e+01,-6.153398958907573268e-01,-4.609178794302986465e-02
1.562000000000000099e+01,4.000000000000000000e+00,3.073557582452769221e+00,-1.257151286872868745e+01,-6.571210361852927173e-01,-9.320831935543173741e-02
1.563000000000000078e+01,4.000000000000000000e+00,3.066741732847545254e+00,-1.257272594647659858e+01,-6.979390302554517866e-01,-1.398935158424821079e-01
1.564000000000000057e+01,4.000000000000000000e+00,3.059506700344919228e+00,-1.257440986113360282e+01,-7.407745433272859836e-01,-1.875964494703421526e-01
1.565000000000000036e+01,4.000000000000000000e+00,3.051841054739747428e+00,-1.257657126414735949e+01,-7.836961146923482335e-01,-2.350181611506483303e-01
1.566000000000000014e+01,4.000000000000000000e+00,3.043748647637896987e+00,-1.257919800922532794e+01,-8.262265835604959419e-01,-2.808341956988780752e-01
1.566999999999999993e+01,4.000000000000000000e+00,3.035232840981303859e+00,-1.258226831838223703e+01,-8.684391619905350579e-01,-3.240923466280728471e-01
1.567999999999999972e+01,4.000000000000000000e+00,3.026299982988891024e+00,-1.258575124958226965e+01,-9.094128730506236824e-01,-3.638502530390536061e-01
1.568999999999999950e+01,4.000000000000000000e+00,3.016982897540057440e+00,-1.258959120889820404e+01,-9.460145346541316558e-01,-3.961564018938411591e-01
1.570000000000000107e+01,4.000000000000000000e+00,3.007318837659383792e+00,-1.259369648338578784e+01,-9.796928262967911083e-01,-4.191679226112544066e-01
1.571000000000000085e+01,4.000000000000000000e+00,2.997330957473548274e+00,-1.259799660462855897e+01,-1.011345859631157529e+00,-4.366117720274580449e-01
1.572000000000000064e+01,4.000000000000000000e+00,2.987029259127298886e+00,-1.260245174924301637e+01,-1.042683326770364127e+00,-4.511819518825753716e-01
1.573000000000000043e+01,4.000000000000000000e+00,2.976418684564646089e+00,-1.260703917036078892e+01,-1.073093300052338384e+00,-4.634253585289128674e-01
1.574000000000000021e+01,4.000000000000000000e+00,2.965516502120531861e+00,-1.261173132007372644e+01,-1.101252128302765199e+00,-4.726198022849220637e-01
1.575000000000000000e+01,4.000000000000000000e+00,2.954352173289887418e+00,-1.261649359214025168e+01,-1.126046658233490039e+00,-4.781012264515998589e-01
1.575999999999999979e+01,4.000000000000000000e+00,2.942963873299201172e+00,-1.262128607527514035e+01,-1.146789098512389193e+00,-4.794555374997335750e-01
1.576999999999999957e+01,4.000000000000000000e+00,2.931387978201975386e+00,-1.262607382164273950e+01,-1.164558083884061235e+00,-4.780802908734392842e-01
1.578000000000000114e+01,4.000000000000000000e+00,2.919643984527534375e+00,-1.263083718851833659e+01,-1.180775384997293509e+00,-4.749390668573302832e-01
1.579000000000000092e+01,4.000000000000000000e+00,2.907745606567886831e+00,-1.263555826488603984e+01,-1.195723915129653481e+00,-4.699638320609533793e-01
1.580000000000000071e+01,4.000000000000000000e+00,2.895704447203143239e+00,-1.264021754860659996e+01,-1.209570558729041734e+00,-4.629500541875034569e-01
1.581000000000000050e+01,4.000000000000000000e+00,2.883530028016906055e+00,-1.264479306902530098e+01,-1.222592363829878348e+00,-4.536740692442597922e-01
1.582000000000000028e+01,4.000000000000000000e+00,2.871230689240277911e+00,-1.264926336850592570e+01,-1.234667703436994390e+00,-4.422826800613030018e-01
1.583000000000000007e+01,4.000000000000000000e+00,2.858818692710134002e+00,-1.265360380064979573e+01,-1.245373139044599675e+00,-4.281349271616862739e-01
1.583999999999999986e+01,4.000000000000000000e+00,2.846307537791772813e+00,-1.265778552650575683e+01,-1.254764985254436027e+00,-4.111906022444991593e-01
1.584999999999999964e+01,4.000000000000000000e+00,2.833710819494302147e+00,-1.266178292399682626e+01,-1.262745451212599512e+00,-3.917943404833085785e-01
1.586000000000000121e+01,4.000000000000000000e+00,2.821043479028649603e+00,-1.266557300556172549e+01,-1.269178560219074825e+00,-3.702150044907491222e-01
1.587000000000000099e+01,4.000000000000000000e+00,2.808321680456275615e+00,-1.266913603326151971e+01,-1.273953989116731744e+00,-3.468116218727426703e-01
1.588000000000000078e+01,4.000000000000000000e+00,2.795562446491809627e+00,-1.267245624349340716e+01,-1.277003804003313148e+00,-3.220024362253893768e-01
1.589000000000000057e+01,4.000000000000000000e+00,2.782783181046510013e+00,-1.267552221231552068e+01,-1.278310216282990686e+00,-2.962266096133562843e-01
1.590000000000000036e+01,4.000000000000000000e+00,2.770001164698728147e+00,-1.267832683214585288e+01,-1.277905078391092797e+00,-2.699059660283917306e-01
1.591000000000000014e+01,4.000000000000000000e+00,2.757233097168030778e+00,-1.268086694156170857e+01,-1.275862628624930828e+00,-2.434134400229910067e-01
1.591999999999999993e+01,4.000000000000000000e+00,2.744494742492261441e+00,-1.268314270326661664e+01,-1.272287500898986012e+00,-2.170525097098138512e-01
1.592999999999999972e+01,4.000000000000000000e+00,2.731800710864864534e+00,-1.268515685030800988e+01,-1.267300246828422239e+00,-1.910489457476117758e-01
1.593999999999999950e+01,4.000000000000000000e+00,2.719164388419189837e+00,-1.268691391886432918e+01,-1.261022620627875179e+00,-1.655538109856770912e-01
1.595000000000000107e+01,4.000000000000000000e+00,2.706598004911540123e+00,-1.268841956569521656e+01,-1.253564650837317940e+00,-1.406551700778182756e-01
1.596000000000000085e+01,4.000000000000000000e+00,2.694112811578897926e+00,-1.268968003824521773e+01,-1.245015066797268366e+00,-1.163952731330644280e-01
1.597000000000000064e+01,4.000000000000000000e+00,2.681719329467636470e+00,-1.269070183184464184e+01,-1.235436013284103351e+00,-9.278984436931404789e-02
1.598000000000000043e+01,4.000000000000000000e+00,2.669427623450444376e+00,-1.269149153631107296e+01,-1.224862275195483852e+00,-6.984641996037042888e-02
1.599000000000000021e+01,4.000000000000000000e+00,2.657247559032497985e+00,-1.269205584752467253e+01,-1.213304563209539610e+00,-4.757935864635826073e-02
1.600000000000000000e+01,4.000000000000000000e+00,2.645189006864277381e+00,-1.269240170110717258e+01,-1.200755881157779204e+00,-2.602005297148368701e-02
