step,time_s,fixed_x_m,fixed_y_m,fixed_core_z_m,fixed_speed_mps,fixed_path_m,fixed_rods_on_rock,fixed_rods_over_pit,fixed_action,active_x_m,active_y_m,active_core_z_m,active_speed_mps,active_path_m,active_rods_on_rock,active_rods_over_pit,active_action
10,0.1,0.2127,0.1316,0.1994,0.192,0.011,0,0,roam_forward_cruise,0.2128,0.1316,0.1996,0.1923,0.012,0,0,roam_forward_cruise
20,0.2,0.2347,0.1259,0.2103,0.2488,0.034,0,0,roam_forward_cruise,0.2335,0.1251,0.2052,0.2543,0.033,0,0,roam_forward_cruise
30,0.3,0.2829,0.1135,0.2085,0.7216,0.084,0,0,roam_forward_cruise,0.284,0.1133,0.2189,0.6711,0.085,0,0,roam_forward_cruise
40,0.4,0.3673,0.1025,0.1906,0.889,0.169,0,0,roam_forward_cruise,0.3595,0.103,0.1966,0.8626,0.161,0,0,roam_forward_cruise
50,0.5,0.4737,0.0903,0.1901,1.1517,0.276,0,0,roam_forward_cruise,0.466,0.0953,0.1905,1.1827,0.268,0,0,roam_forward_cruise
60,0.6,0.5904,0.0743,0.1859,1.2116,0.394,0,0,roam_forward_cruise,0.5861,0.0844,0.1851,1.2415,0.389,0,0,roam_forward_cruise
70,0.7,0.7135,0.0587,0.1847,1.27,0.518,1,0,roam_forward_cruise,0.7123,0.0729,0.1828,1.289,0.515,1,0,roam_forward_cruise
80,0.8,0.8413,0.0457,0.1829,1.314,0.647,1,0,roam_forward_cruise,0.8427,0.0647,0.1864,1.3329,0.646,1,0,roam_forward_cruise
90,0.9,0.9649,0.0381,0.1901,0.9731,0.77,2,0,roam_forward_cruise,0.9637,0.0548,0.204,0.8994,0.768,3,0,roam_forward_cruise
100,1.0,1.034,-0.0232,0.206,0.9816,0.865,4,0,roam_curve_left,1.0231,0.002,0.236,0.8053,0.848,1,0,roam_curve_left
110,1.1,1.111,-0.0937,0.1855,1.1633,0.97,4,0,roam_curve_left,1.0791,-0.0563,0.1842,0.8334,0.929,3,0,roam_curve_left
120,1.2,1.1713,-0.1207,0.2286,0.4484,1.038,3,0,roam_curve_left,1.1578,-0.1176,0.2081,0.7521,1.029,2,0,roam_curve_left
130,1.3,1.2184,-0.1167,0.237,0.489,1.086,3,0,roam_curve_left,1.2172,-0.1351,0.2498,0.6001,1.091,3,0,roam_curve_left
140,1.4,1.2629,-0.0811,0.2129,0.7519,1.145,2,0,roam_curve_left,1.2763,-0.1385,0.241,0.6304,1.151,3,0,roam_curve_left
150,1.5,1.301,-0.0412,0.2095,0.3399,1.203,3,0,roam_curve_left,1.3464,-0.1114,0.2065,0.8314,1.226,1,0,roam_curve_left
160,1.6,1.3271,-0.0823,0.2046,0.8206,1.255,2,0,roam_curve_left,1.435,-0.0588,0.1889,1.2081,1.329,0,0,roam_curve_left
170,1.7,1.356,-0.1715,0.1933,0.9879,1.349,3,0,roam_curve_left,1.5337,0.0101,0.1863,1.2474,1.45,1,0,roam_curve_left
180,1.8,1.3848,-0.2524,0.1784,0.6896,1.435,0,0,roam_pivot_turn,1.6383,0.0828,0.1816,1.2718,1.577,2,0,roam_pivot_turn
190,1.9,1.3794,-0.3156,0.1921,0.6556,1.499,2,0,roam_pivot_turn,1.7447,0.1543,0.1837,1.3009,1.705,1,0,roam_pivot_turn
200,2.0,1.3539,-0.3812,0.185,0.7962,1.57,2,0,roam_pivot_turn,1.8481,0.1822,0.2072,1.1131,1.817,3,0,roam_pivot_turn
210,2.1,1.2998,-0.4412,0.1957,0.6529,1.651,2,0,roam_pivot_turn,1.962,0.1462,0.2071,1.2183,1.937,2,0,roam_pivot_turn
220,2.2,1.2606,-0.4436,0.2243,0.4276,1.696,4,0,roam_pivot_turn,2.0547,0.094,0.1879,0.9704,2.046,3,0,roam_pivot_turn
230,2.3,1.2357,-0.3962,0.2401,0.571,1.749,3,0,roam_stance_pause,2.085,-0.01,0.2193,1.1071,2.155,1,0,roam_stance_pause
240,2.4,1.2176,-0.3713,0.2167,0.1579,1.784,2,0,roam_stance_pause,2.1156,-0.1117,0.1922,0.9419,2.261,1,0,roam_stance_pause
250,2.5,1.2049,-0.3898,0.1989,0.2718,1.806,2,0,roam_stance_pause,2.14,-0.1965,0.2232,0.8668,2.349,0,0,roam_stance_pause
260,2.6,1.1935,-0.4091,0.2017,0.3211,1.829,2,0,roam_curve_right,2.1606,-0.2724,0.2155,0.7239,2.428,0,1,roam_curve_right
270,2.7,1.1612,-0.4496,0.2031,0.6746,1.881,3,0,roam_curve_right,2.1794,-0.3501,0.2068,0.9298,2.508,0,3,roam_curve_right
280,2.8,1.0985,-0.4938,0.2043,0.8407,1.958,3,0,roam_curve_right,2.1937,-0.4558,0.2022,1.2,2.615,3,5,roam_curve_right
290,2.9,1.0081,-0.5286,0.1922,0.9714,2.055,4,0,roam_curve_right,2.1975,-0.5715,0.1853,0.9801,2.731,2,7,roam_curve_right
300,3.0,0.9346,-0.5496,0.2067,0.6851,2.131,3,0,roam_curve_right,2.2569,-0.6506,0.182,1.0598,2.831,3,9,roam_curve_right
310,3.1,0.8892,-0.569,0.2086,0.5325,2.181,5,0,roam_curve_right,2.3208,-0.7323,0.1568,0.654,2.936,2,8,roam_curve_right
320,3.2,0.8276,-0.5916,0.2006,0.7529,2.247,5,0,roam_curve_right,2.3179,-0.7905,0.1779,0.5228,2.994,4,5,roam_curve_right
330,3.3,0.7355,-0.6179,0.1909,1.0312,2.342,2,0,roam_curve_right,2.2924,-0.8347,0.1953,0.5906,3.046,1,4,roam_curve_right
340,3.4,0.663,-0.6409,0.2199,0.4394,2.419,2,0,roam_curve_right,2.2445,-0.8771,0.1991,0.711,3.11,2,2,roam_curve_right
350,3.5,0.6338,-0.6698,0.2371,0.4184,2.46,2,0,roam_curve_right,2.1972,-0.9171,0.2156,0.4118,3.172,1,1,roam_curve_right
360,3.6,0.6154,-0.708,0.2175,0.6142,2.504,1,0,roam_curve_right,2.1861,-0.9461,0.2121,0.319,3.203,1,1,roam_curve_right
370,3.7,0.6104,-0.7732,0.186,0.6329,2.57,1,0,roam_forward_cruise,2.2015,-0.9824,0.1918,0.4913,3.244,4,0,roam_forward_cruise
380,3.8,0.6118,-0.8031,0.2198,0.14,2.6,1,0,roam_forward_cruise,2.2471,-1.0007,0.2205,0.5324,3.295,1,0,roam_forward_cruise
390,3.9,0.6173,-0.8161,0.2217,0.1219,2.614,1,0,roam_forward_cruise,2.3018,-0.9998,0.2156,0.6152,3.35,3,0,roam_forward_cruise
400,4.0,0.6282,-0.801,0.2171,0.3438,2.635,0,0,roam_forward_cruise,2.3733,-0.9531,0.2103,0.994,3.436,1,1,roam_forward_cruise
410,4.1,0.6477,-0.7538,0.2112,0.7727,2.686,0,0,roam_forward_cruise,2.4547,-0.8766,0.188,1.2418,3.548,2,2,roam_forward_cruise
420,4.2,0.6762,-0.6808,0.1964,0.7662,2.765,2,0,roam_forward_cruise,2.5073,-0.8261,0.2372,0.3828,3.621,4,2,roam_forward_cruise
430,4.3,0.7343,-0.6165,0.1947,0.9669,2.852,3,0,roam_forward_cruise,2.5386,-0.8065,0.2569,0.3396,3.658,4,0,roam_forward_cruise
440,4.4,0.79,-0.534,0.1941,0.9602,2.951,2,0,roam_forward_cruise,2.5595,-0.7982,0.2538,0.168,3.681,3,0,roam_forward_cruise
450,4.5,0.8242,-0.4592,0.2063,0.5234,3.034,3,0,roam_forward_cruise,2.5759,-0.8024,0.252,0.1824,3.698,3,0,roam_forward_cruise
460,4.6,0.8265,-0.4309,0.2329,0.1507,3.063,2,0,roam_curve_left,2.5951,-0.804,0.2487,0.1803,3.718,3,0,boundary_turn_inward
470,4.7,0.8092,-0.4272,0.2438,0.3263,3.083,2,0,roam_curve_left,2.609,-0.8113,0.2502,0.154,3.733,3,0,boundary_turn_inward
480,4.8,0.7608,-0.4557,0.2496,0.7506,3.139,1,0,roam_curve_left,2.6154,-0.8225,0.2426,0.1078,3.747,3,0,boundary_turn_inward
490,4.9,0.6864,-0.5023,0.2065,0.9787,3.227,3,0,roam_curve_left,2.6111,-0.8319,0.244,0.1485,3.757,3,0,roam_curve_left
500,5.0,0.6672,-0.5159,0.2124,0.4783,3.27,2,0,roam_curve_left,2.6019,-0.8504,0.2439,0.2493,3.778,3,0,roam_curve_left
510,5.1,0.7269,-0.4773,0.2191,0.7277,3.341,3,0,roam_curve_left,2.586,-0.8837,0.2346,0.4612,3.815,2,0,roam_curve_left
520,5.2,0.7694,-0.454,0.2167,0.3262,3.389,4,0,roam_curve_left,2.5624,-0.935,0.2135,0.7093,3.871,2,0,boundary_turn_inward
530,5.3,0.7918,-0.4429,0.2153,0.1338,3.414,4,0,roam_curve_left,2.5304,-1.0019,0.1814,0.8014,3.946,1,0,boundary_turn_inward
540,5.4,0.7755,-0.4423,0.2159,0.4298,3.434,4,0,roam_pivot_turn,2.4912,-1.0685,0.1883,0.6854,4.023,1,0,roam_pivot_turn
550,5.5,0.7273,-0.4219,0.2008,0.5256,3.487,3,0,roam_pivot_turn,2.4407,-1.1213,0.1854,0.7881,4.096,0,0,roam_pivot_turn
560,5.6,0.6904,-0.3721,0.1897,0.6936,3.55,3,0,roam_pivot_turn,2.3706,-1.1545,0.1922,0.7886,4.174,1,0,roam_pivot_turn
570,5.7,0.6611,-0.3239,0.19,0.4491,3.607,3,0,roam_pivot_turn,2.2849,-1.1747,0.1866,0.9623,4.263,1,0,roam_pivot_turn
580,5.8,0.6483,-0.2751,0.2012,0.5118,3.657,1,0,roam_pivot_turn,2.1899,-1.1864,0.1833,0.9862,4.358,0,0,roam_pivot_turn
590,5.9,0.6467,-0.2182,0.184,0.6023,3.714,2,0,roam_stance_pause,2.0889,-1.1862,0.1891,1.015,4.46,1,0,roam_stance_pause
600,6.0,0.6492,-0.1618,0.2064,0.5629,3.771,1,0,roam_stance_pause,2.0235,-1.1891,0.2383,0.3911,4.525,1,0,roam_stance_pause
610,6.1,0.6506,-0.1153,0.2081,0.3654,3.817,0,0,roam_stance_pause,1.9835,-1.1996,0.2381,0.3719,4.567,1,0,roam_stance_pause
620,6.2,0.6505,-0.0853,0.2018,0.2689,3.847,0,0,roam_curve_right,1.9541,-1.2155,0.2059,0.2871,4.6,0,0,roam_curve_right
630,6.3,0.6607,-0.0486,0.203,0.5448,3.886,0,0,roam_curve_right,1.9177,-1.2471,0.2083,0.7226,4.648,0,0,roam_curve_right
640,6.4,0.6983,0.014,0.21,0.8411,3.959,0,0,roam_curve_right,1.8471,-1.2917,0.2068,0.8903,4.732,0,0,roam_curve_right
650,6.5,0.7566,0.0892,0.187,1.0686,4.054,0,0,roam_curve_right,1.7544,-1.3413,0.1897,1.0669,4.837,0,0,roam_curve_right
660,6.6,0.8376,0.1765,0.1896,1.2162,4.173,1,0,roam_curve_right,1.6508,-1.381,0.1898,1.1413,4.948,0,0,roam_curve_right
670,6.7,0.9223,0.2629,0.1908,1.0623,4.294,2,0,roam_curve_right,1.5332,-1.4145,0.1861,1.2637,5.071,0,0,roam_curve_right
680,6.8,0.965,0.3596,0.1874,1.0873,4.4,2,0,roam_curve_right,1.4072,-1.4432,0.1835,1.2961,5.2,0,3,roam_curve_right
690,6.9,1.016,0.4646,0.1888,1.2201,4.517,2,1,roam_curve_right,1.2821,-1.4688,0.1971,1.2798,5.327,1,6,roam_curve_right
700,7.0,1.0691,0.5645,0.2001,0.9614,4.63,0,1,roam_curve_right,1.1519,-1.4996,0.159,1.3759,5.461,2,10,roam_curve_right
710,7.1,1.1034,0.6509,0.1938,0.9474,4.723,0,2,roam_curve_right,1.0616,-1.5481,0.1924,0.8792,5.566,2,8,roam_curve_right
720,7.2,1.1348,0.7476,0.1937,1.0254,4.825,1,3,roam_curve_right,1.004,-1.615,0.2055,0.8795,5.655,4,4,roam_curve_right
730,7.3,1.1677,0.845,0.1655,1.0638,4.928,1,5,roam_forward_cruise,0.9492,-1.6691,0.1779,0.5296,5.732,2,5,roam_forward_cruise
740,7.4,1.2032,0.9402,0.1975,0.9249,5.03,0,3,roam_forward_cruise,0.9073,-1.6892,0.2167,0.4897,5.779,1,3,roam_forward_cruise
750,7.5,1.2205,1.0303,0.2275,0.9294,5.121,1,2,roam_forward_cruise,0.8754,-1.7209,0.2125,0.4472,5.824,2,2,roam_forward_cruise
760,7.6,1.2207,1.1146,0.2204,0.7816,5.208,1,0,roam_forward_cruise,0.8482,-1.7542,0.2238,0.4162,5.867,1,1,roam_forward_cruise
770,7.7,1.1698,1.1706,0.2585,0.7562,5.284,0,0,roam_forward_cruise,0.8036,-1.7636,0.2236,0.4844,5.913,1,0,roam_forward_cruise
780,7.8,1.1175,1.2244,0.2062,0.7378,5.359,1,0,roam_forward_cruise,0.748,-1.7777,0.2175,0.7438,5.971,1,0,roam_forward_cruise
790,7.9,1.0432,1.3,0.189,1.2489,5.465,2,0,roam_forward_cruise,0.6644,-1.7855,0.2151,0.7821,6.055,1,0,roam_forward_cruise
800,8.0,0.9514,1.3813,0.1899,1.1155,5.588,5,0,roam_forward_cruise,0.5725,-1.7725,0.1983,1.0874,6.148,1,0,roam_forward_cruise
810,8.1,0.8514,1.4235,0.1884,1.0727,5.697,8,0,roam_forward_cruise,0.4531,-1.7495,0.1864,1.2966,6.27,1,0,roam_forward_cruise
820,8.2,0.7555,1.4306,0.2053,0.9902,5.793,9,0,roam_curve_left,0.3243,-1.7237,0.181,1.3304,6.401,0,0,roam_curve_left
830,8.3,0.6531,1.4086,0.2021,1.137,5.899,8,0,roam_curve_left,0.1902,-1.7085,0.1919,1.3593,6.536,1,0,roam_curve_left
840,8.4,0.5413,1.3569,0.1875,1.2969,6.022,6,0,roam_curve_left,0.0529,-1.6958,0.1914,1.3452,6.674,2,0,roam_curve_left
850,8.5,0.4747,1.3378,0.2109,0.4304,6.095,5,0,roam_curve_left,-0.062,-1.6954,0.2254,1.0385,6.789,3,0,roam_curve_left
860,8.6,0.448,1.3867,0.2132,0.6582,6.151,6,0,roam_curve_left,-0.164,-1.7129,0.214,1.0721,6.893,3,0,roam_curve_left
870,8.7,0.4186,1.4255,0.2163,0.3954,6.203,7,0,roam_curve_left,-0.2714,-1.7535,0.1786,1.1878,7.008,2,0,roam_curve_left
880,8.8,0.377,1.4216,0.2189,0.5103,6.245,4,0,roam_curve_left,-0.3693,-1.7959,0.2024,1.0252,7.114,1,0,roam_curve_left
890,8.9,0.3352,1.3809,0.2163,0.7299,6.304,3,0,roam_curve_left,-0.4644,-1.8366,0.1882,1.0881,7.218,0,0,roam_curve_left
900,9.0,0.2863,1.3358,0.1955,0.7843,6.374,3,0,roam_pivot_turn,-0.5681,-1.8819,0.1819,1.1533,7.331,2,0,roam_pivot_turn
910,9.1,0.1828,1.3517,0.1805,1.0985,6.479,1,0,roam_pivot_turn,-0.6789,-1.9194,0.1852,1.1846,7.448,0,0,roam_pivot_turn
920,9.2,0.0751,1.3764,0.1874,1.1154,6.59,1,0,roam_pivot_turn,-0.7926,-1.9562,0.1831,1.2112,7.567,1,0,roam_pivot_turn
930,9.3,-0.0089,1.3914,0.2093,0.4625,6.677,2,0,roam_pivot_turn,-0.9083,-1.9885,0.1865,1.2068,7.688,1,0,roam_pivot_turn
940,9.4,-0.0413,1.3635,0.2278,0.4199,6.72,2,0,roam_pivot_turn,-1.0123,-2.0027,0.2008,0.7829,7.793,2,0,roam_pivot_turn
950,9.5,-0.055,1.3239,0.2146,0.4993,6.763,2,0,roam_stance_pause,-1.081,-1.9697,0.2319,0.7565,7.87,1,0,roam_stance_pause
960,9.6,-0.0438,1.2681,0.2064,0.5265,6.82,1,0,roam_stance_pause,-1.1497,-1.9378,0.1905,0.7044,7.945,2,0,roam_stance_pause
970,9.7,-0.0387,1.229,0.2101,0.3039,6.859,0,0,roam_stance_pause,-1.2054,-1.9137,0.2143,0.5962,8.006,0,0,roam_stance_pause
980,9.8,-0.0363,1.2051,0.2029,0.2283,6.883,0,0,roam_curve_right,-1.2502,-1.9027,0.2112,0.3671,8.052,0,0,roam_curve_right
990,9.9,-0.0258,1.1757,0.2055,0.3917,6.914,0,0,roam_curve_right,-1.2849,-1.8848,0.2084,0.4886,8.092,0,0,roam_curve_right
1000,10.0,-0.017,1.1244,0.2055,0.6376,6.967,0,0,roam_curve_right,-1.3278,-1.8407,0.2091,0.7816,8.153,1,0,roam_curve_right
1010,10.1,-0.0197,1.0492,0.1929,0.9327,7.042,0,0,roam_curve_right,-1.385,-1.7659,0.1876,1.043,8.248,0,0,roam_curve_right
1020,10.2,-0.0367,0.9435,0.1909,1.142,7.149,0,0,roam_curve_right,-1.4467,-1.6641,0.1896,1.2197,8.367,2,0,roam_curve_right
1030,10.3,-0.0662,0.827,0.1861,1.2637,7.27,3,0,roam_curve_right,-1.5019,-1.5539,0.1906,1.1244,8.49,3,0,roam_curve_right
1040,10.4,-0.1007,0.7225,0.2109,0.7118,7.38,5,0,roam_curve_right,-1.5111,-1.4439,0.1887,1.1627,8.601,4,0,roam_curve_right
1050,10.5,-0.1318,0.6633,0.2344,0.6061,7.447,6,0,roam_curve_right,-1.5117,-1.3299,0.1905,0.967,8.715,3,1,roam_curve_right
1060,10.6,-0.1681,0.6282,0.2504,0.5052,7.498,7,0,roam_curve_right,-1.5442,-1.2337,0.1861,1.0831,8.817,5,1,roam_curve_right
1070,10.7,-0.2215,0.6091,0.2693,0.6356,7.555,7,0,roam_curve_right,-1.5722,-1.1287,0.1881,1.077,8.925,4,2,roam_curve_right
1080,10.8,-0.2963,0.594,0.2672,0.9225,7.631,8,0,roam_curve_right,-1.5926,-1.0191,0.1887,1.1639,9.037,4,0,roam_curve_right
1090,10.9,-0.3909,0.5809,0.2449,0.9809,7.727,8,0,roam_forward_cruise,-1.6128,-0.9548,0.2236,0.4065,9.106,2,1,roam_forward_cruise
1100,11.0,-0.4888,0.5565,0.2584,1.0429,7.828,8,0,roam_forward_cruise,-1.6362,-0.926,0.234,0.3578,9.143,2,0,roam_forward_cruise
1110,11.1,-0.597,0.5229,0.2543,1.1898,7.941,9,0,roam_forward_cruise,-1.6905,-0.9384,0.2199,0.7791,9.2,2,0,roam_forward_cruise
1120,11.2,-0.7122,0.4752,0.254,1.2988,8.066,5,0,roam_forward_cruise,-1.7402,-0.9843,0.214,0.7225,9.271,4,0,roam_forward_cruise
1130,11.3,-0.8293,0.4181,0.244,1.3417,8.196,3,0,roam_forward_cruise,-1.7571,-1.0605,0.2091,0.7353,9.349,5,0,roam_forward_cruise
1140,11.4,-0.9588,0.3521,0.1897,1.5001,8.341,2,0,roam_forward_cruise,-1.791,-1.1343,0.2036,0.6788,9.43,6,0,roam_forward_cruise
1150,11.5,-0.9995,0.3705,0.221,0.4313,8.387,0,0,roam_forward_cruise,-1.8238,-1.1714,0.2373,0.4639,9.48,5,0,roam_forward_cruise
1160,11.6,-1.0398,0.388,0.2183,0.4652,8.431,0,0,roam_forward_cruise,-1.8551,-1.1953,0.2318,0.3244,9.52,4,0,roam_forward_cruise
1170,11.7,-1.0923,0.3717,0.2277,0.583,8.487,0,0,roam_forward_cruise,-1.8902,-1.1964,0.2272,0.4159,9.555,3,0,roam_forward_cruise
1180,11.8,-1.1521,0.359,0.2062,0.7459,8.549,0,0,roam_curve_left,-1.9536,-1.1912,0.2215,0.7613,9.619,3,0,roam_curve_left
1190,11.9,-1.2418,0.3443,0.1897,1.0339,8.64,1,0,roam_curve_left,-2.0507,-1.1906,0.2058,1.2549,9.716,3,0,roam_curve_left
1200,12.0,-1.3526,0.3152,0.1891,1.1867,8.755,0,0,roam_curve_left,-2.1605,-1.2015,0.2033,0.4638,9.826,2,0,roam_curve_left
1210,12.1,-1.4688,0.2755,0.1869,1.2638,8.878,0,0,roam_curve_left,-2.2048,-1.198,0.2219,0.3547,9.871,2,0,roam_curve_left
1220,12.2,-1.5891,0.2275,0.1842,1.3198,9.007,0,0,roam_curve_left,-2.2167,-1.1771,0.2224,0.3092,9.898,2,0,roam_curve_left
1230,12.3,-1.7124,0.1733,0.1863,1.3643,9.142,0,0,roam_curve_left,-2.2077,-1.1405,0.2163,0.4556,9.936,1,0,roam_curve_left
1240,12.4,-1.8377,0.1149,0.1837,1.3887,9.28,0,0,roam_curve_left,-2.2029,-1.0798,0.214,0.7862,9.997,1,0,roam_curve_left
1250,12.5,-1.9643,0.0554,0.1912,1.3887,9.42,0,3,roam_curve_left,-2.212,-0.9862,0.1936,1.0376,10.091,2,0,roam_curve_left
1260,12.6,-2.0896,-0.003,0.1829,1.3592,9.558,0,8,roam_pivot_turn,-2.2301,-0.8856,0.181,1.0344,10.193,2,0,roam_pivot_turn
1270,12.7,-2.2262,-0.0482,0.1398,1.455,9.702,1,12,roam_pivot_turn,-2.2433,-0.7823,0.1846,1.0545,10.298,1,0,roam_pivot_turn
1280,12.8,-2.3653,-0.0881,0.1658,1.4174,9.847,1,9,roam_pivot_turn,-2.246,-0.6726,0.188,1.114,10.407,1,0,roam_pivot_turn
1290,12.9,-2.4909,-0.1237,0.1822,1.2264,9.978,0,4,roam_pivot_turn,-2.2414,-0.5586,0.182,1.1777,10.522,1,0,roam_pivot_turn
1300,13.0,-2.6094,-0.1549,0.1856,1.2327,10.1,0,0,roam_pivot_turn,-2.2253,-0.4429,0.1883,1.0935,10.638,1,1,roam_pivot_turn
1310,13.1,-2.7273,-0.1819,0.1825,1.1815,10.221,0,0,boundary_turn_inward,-2.2184,-0.3513,0.1982,0.9167,10.73,0,2,roam_stance_pause
1320,13.2,-2.8402,-0.2154,0.1917,1.186,10.339,0,0,boundary_turn_inward,-2.2174,-0.2668,0.1978,0.8392,10.815,0,6,roam_stance_pause
1330,13.3,-2.9496,-0.2615,0.1843,1.2027,10.458,0,0,boundary_turn_inward,-2.2199,-0.1768,0.1898,0.9161,10.905,0,10,roam_stance_pause
1340,13.4,-3.0532,-0.3228,0.1829,1.2004,10.578,0,0,boundary_turn_inward,-2.2251,-0.1009,0.1925,0.7162,10.981,0,10,roam_curve_right
1350,13.5,-3.152,-0.3882,0.1909,1.1568,10.697,0,0,boundary_emergency_brake,-2.23,-0.018,0.1913,0.9208,11.064,0,10,roam_curve_right
1360,13.6,-3.2446,-0.4481,0.2153,1.0524,10.807,0,0,boundary_emergency_brake,-2.2205,0.0735,0.1949,0.6768,11.156,0,6,roam_curve_right
1370,13.7,-3.3207,-0.4978,0.2352,0.7408,10.898,0,0,boundary_emergency_brake,-2.1994,0.1341,0.2036,0.623,11.221,1,5,roam_curve_right
1380,13.8,-3.3732,-0.5364,0.24,0.5034,10.963,0,0,boundary_emergency_brake,-2.1714,0.1941,0.1908,0.7134,11.287,0,3,roam_curve_right
1390,13.9,-3.3991,-0.5549,0.2253,0.211,10.995,0,0,boundary_emergency_brake,-2.1269,0.2707,0.2063,1.0313,11.375,1,0,roam_curve_right
1400,14.0,-3.3982,-0.5578,0.1996,0.2244,11.006,0,0,roam_curve_right,-2.0657,0.3516,0.1856,1.0965,11.478,1,0,roam_curve_right
1410,14.1,-3.3599,-0.5524,0.2031,0.4891,11.045,0,0,roam_curve_right,-1.9735,0.4288,0.192,1.2255,11.598,1,0,roam_curve_right
1420,14.2,-3.2891,-0.5466,0.2046,0.8906,11.116,0,0,roam_curve_right,-1.8733,0.5085,0.1855,1.3294,11.726,1,0,roam_curve_right
1430,14.3,-3.1933,-0.5432,0.1882,1.077,11.212,0,0,roam_curve_right,-1.798,0.5798,0.2114,0.6547,11.832,3,0,roam_curve_right
1440,14.4,-3.0773,-0.5548,0.1876,1.1996,11.329,0,0,roam_curve_right,-1.8031,0.6453,0.2413,0.6563,11.897,2,0,roam_curve_right
1450,14.5,-2.9551,-0.5762,0.192,1.2854,11.453,0,0,roam_forward_cruise,-1.8144,0.7079,0.206,0.7007,11.961,2,0,roam_forward_cruise
1460,14.6,-2.8271,-0.6088,0.1853,1.3506,11.585,0,0,roam_forward_cruise,-1.8408,0.76,0.2255,0.4063,12.02,1,0,roam_forward_cruise
1470,14.7,-2.6953,-0.6507,0.1842,1.4091,11.723,1,0,roam_forward_cruise,-1.8562,0.798,0.2404,0.4136,12.061,1,0,roam_forward_cruise
1480,14.8,-2.5595,-0.7023,0.1861,1.4743,11.868,1,0,roam_forward_cruise,-1.8433,0.818,0.2328,0.4598,12.097,0,0,roam_forward_cruise
1490,14.9,-2.4233,-0.7603,0.1856,1.4833,12.016,0,0,roam_forward_cruise,-1.7978,0.8135,0.2125,0.477,12.143,2,0,roam_forward_cruise
1500,15.0,-2.2867,-0.8231,0.1917,1.51,12.167,1,0,roam_forward_cruise,-1.744,0.7832,0.2258,0.5454,12.205,2,0,roam_forward_cruise
1510,15.1,-2.1519,-0.8895,0.1966,1.4281,12.317,2,0,roam_forward_cruise,-1.7058,0.7665,0.2403,0.2757,12.247,2,0,roam_forward_cruise
1520,15.2,-2.0619,-0.972,0.212,1.0218,12.44,3,0,roam_forward_cruise,-1.6897,0.7786,0.2399,0.2573,12.269,3,1,roam_forward_cruise
1530,15.3,-2.0239,-1.0563,0.213,0.9593,12.533,3,0,roam_forward_cruise,-1.6814,0.8046,0.2365,0.2447,12.297,2,1,roam_forward_cruise
1540,15.4,-1.9857,-1.1448,0.1953,1.0212,12.629,3,0,roam_curve_left,-1.6737,0.8423,0.2329,0.5916,12.336,3,2,roam_curve_left
1550,15.5,-1.9567,-1.2267,0.2127,0.6225,12.717,6,0,roam_curve_left,-1.6784,0.9016,0.2108,0.3981,12.396,4,2,roam_curve_left
1560,15.6,-1.9619,-1.2843,0.2197,0.5732,12.775,4,0,roam_curve_left,-1.7177,0.8841,0.2063,0.6911,12.445,3,2,roam_curve_left
1570,15.7,-1.9924,-1.3362,0.2078,0.6502,12.836,4,0,roam_curve_left,-1.7711,0.8148,0.2026,0.899,12.533,1,1,roam_curve_left
1580,15.8,-2.0487,-1.3883,0.1939,0.9268,12.913,5,0,roam_curve_left,-1.8258,0.7383,0.1981,1.005,12.627,1,0,roam_curve_left
1590,15.9,-2.1135,-1.4702,0.1962,1.024,13.017,4,0,roam_curve_left,-1.8812,0.6371,0.1886,1.2708,12.742,2,0,roam_curve_left
1600,16.0,-2.1526,-1.5474,0.1978,0.78,13.104,5,0,roam_curve_left,-1.9369,0.5218,0.1852,1.3092,12.87,1,0,roam_curve_left
1610,16.1,-2.1464,-1.623,0.2191,0.8336,13.181,3,0,roam_curve_left,-1.9929,0.4022,0.1852,1.3372,13.002,1,0,roam_curve_left
1620,16.2,-2.1219,-1.6764,0.2335,0.2359,13.241,5,0,roam_pivot_turn,-2.049,0.2829,0.1826,1.3233,13.134,0,0,roam_pivot_turn
1630,16.3,-2.0983,-1.6677,0.2454,0.2708,13.266,5,0,roam_pivot_turn,-2.1069,0.1668,0.1855,1.2045,13.264,1,3,roam_pivot_turn
1640,16.4,-2.0632,-1.6513,0.2227,0.6093,13.306,6,0,roam_pivot_turn,-2.1403,0.0626,0.1831,1.1307,13.374,1,7,roam_pivot_turn
1650,16.5,-1.987,-1.6538,0.2002,0.7767,13.382,6,0,roam_pivot_turn,-2.1934,-0.0495,0.1415,1.3085,13.498,1,12,roam_pivot_turn
1660,16.6,-1.9546,-1.6672,0.2164,0.2327,13.421,7,0,roam_pivot_turn,-2.2582,-0.1723,0.1617,1.3565,13.637,0,9,roam_pivot_turn
1670,16.7,-1.9651,-1.6946,0.2244,0.3125,13.45,7,0,roam_stance_pause,-2.3239,-0.2606,0.2062,0.9759,13.747,1,3,roam_stance_pause
1680,16.8,-1.9669,-1.7036,0.2123,0.0596,13.461,6,0,roam_stance_pause,-2.3762,-0.3243,0.2252,0.3392,13.83,1,2,roam_stance_pause
1690,16.9,-1.9764,-1.6992,0.2085,0.1217,13.472,6,0,roam_stance_pause,-2.3751,-0.3296,0.2569,0.0377,13.837,1,2,roam_stance_pause
1700,17.0,-1.9817,-1.6854,0.2029,0.2348,13.487,4,0,roam_curve_right,-2.3707,-0.3268,0.213,0.2788,13.843,1,2,roam_curve_right
1710,17.1,-1.9667,-1.6432,0.2054,0.6214,13.532,5,0,roam_curve_right,-2.3119,-0.266,0.2065,1.0835,13.928,0,5,roam_curve_right
1720,17.2,-1.9537,-1.5778,0.2059,0.6162,13.599,6,0,roam_curve_right,-2.2361,-0.1878,0.165,1.1762,14.037,1,9,roam_curve_right
1730,17.3,-1.9843,-1.5285,0.1978,0.6841,13.66,6,0,roam_curve_right,-2.1563,-0.0774,0.1596,1.3931,14.173,1,11,roam_curve_right
1740,17.4,-2.0594,-1.5086,0.1903,0.8743,13.738,6,0,roam_curve_right,-2.0802,0.0311,0.178,1.2671,14.306,0,5,roam_curve_right
1750,17.5,-2.1506,-1.4852,0.2164,0.9529,13.833,4,0,roam_curve_right,-2.0201,0.133,0.1864,1.1139,14.424,0,2,roam_curve_right
1760,17.6,-2.2246,-1.4541,0.2091,0.7482,13.914,2,0,roam_curve_right,-1.9478,0.2206,0.1885,1.1798,14.538,0,0,roam_curve_right
1770,17.7,-2.2802,-1.3904,0.2036,0.8953,13.998,1,0,roam_curve_right,-1.8645,0.3161,0.1875,1.2965,14.664,0,0,roam_curve_right
1780,17.8,-2.3246,-1.3624,0.2136,0.5112,14.052,3,0,roam_curve_right,-1.7755,0.4134,0.1859,1.2796,14.796,1,0,roam_curve_right
1790,17.9,-2.3717,-1.3258,0.2156,0.5041,14.112,1,0,boundary_turn_inward,-1.7404,0.4489,0.2421,0.022,14.846,2,0,roam_climb_over
1800,18.0,-2.4214,-1.308,0.204,0.4489,14.165,3,0,boundary_turn_inward,-1.74,0.451,0.26,0.0271,14.848,1,0,roam_climb_over
1810,18.1,-2.4497,-1.2939,0.2163,0.246,14.196,1,0,boundary_turn_inward,-1.7433,0.4512,0.2276,0.2756,14.859,1,0,roam_forward_cruise
1820,18.2,-2.4692,-1.2872,0.2193,0.1974,14.217,1,0,boundary_turn_inward,-1.7487,0.4149,0.2334,0.3542,14.896,1,0,roam_forward_cruise
1830,18.3,-2.4885,-1.2815,0.2201,0.2158,14.237,1,0,boundary_turn_inward,-1.7186,0.3954,0.2366,0.4724,14.935,1,0,roam_forward_cruise
1840,18.4,-2.5123,-1.2757,0.2196,0.2508,14.262,1,0,boundary_turn_inward,-1.6697,0.381,0.2207,0.6004,14.986,1,0,roam_forward_cruise
1850,18.5,-2.5365,-1.2684,0.215,0.2724,14.287,2,0,boundary_turn_inward,-1.5959,0.3559,0.2182,0.9021,15.064,1,0,roam_forward_cruise
1860,18.6,-2.5652,-1.2567,0.2093,0.3282,14.318,2,0,boundary_turn_inward,-1.495,0.3438,0.1926,1.1913,15.166,1,0,roam_forward_cruise
1870,18.7,-2.5853,-1.2281,0.2078,0.388,14.353,2,0,boundary_turn_inward,-1.3674,0.3496,0.1899,1.3317,15.294,1,0,roam_forward_cruise
1880,18.8,-2.6068,-1.1898,0.2004,0.4945,14.398,1,0,roam_forward_cruise,-1.2338,0.363,0.1815,1.3498,15.428,2,0,roam_forward_cruise
1890,18.9,-2.5989,-1.1241,0.208,0.8247,14.465,1,0,roam_forward_cruise,-1.1338,0.4067,0.2072,1.0199,15.54,3,0,roam_forward_cruise
1900,19.0,-2.5701,-1.0421,0.194,0.9176,14.552,1,0,roam_curve_left,-1.059,0.4769,0.1853,1.0699,15.642,2,0,roam_curve_left
1910,19.1,-2.5432,-0.9351,0.1892,1.1811,14.662,0,0,roam_curve_left,-0.9659,0.5592,0.1929,1.29,15.766,3,0,roam_curve_left
1920,19.2,-2.5189,-0.8169,0.1876,1.2489,14.783,1,0,roam_curve_left,-0.8767,0.647,0.1943,0.9843,15.892,4,0,roam_curve_left
1930,19.3,-2.4979,-0.6915,0.1831,1.2848,14.91,1,0,roam_curve_left,-0.8368,0.7381,0.1946,1.0227,15.992,3,0,roam_curve_left
1940,19.4,-2.4793,-0.581,0.2006,0.7117,15.022,1,0,roam_curve_left,-0.8195,0.829,0.1976,0.6658,16.085,2,0,roam_curve_left
1950,19.5,-2.4589,-0.5307,0.2332,0.5386,15.077,1,0,roam_curve_left,-0.8592,0.8769,0.1897,0.8513,16.151,3,0,roam_curve_left
1960,19.6,-2.4358,-0.4946,0.2305,0.3782,15.121,0,0,roam_curve_left,-0.9522,0.9148,0.2036,1.0782,16.251,2,0,roam_curve_left
1970,19.7,-2.3951,-0.4859,0.2138,0.4777,15.163,0,0,roam_curve_left,-1.0532,0.9519,0.1835,1.0359,16.359,1,1,roam_curve_left
1980,19.8,-2.3325,-0.4897,0.1787,0.7061,15.226,0,0,roam_pivot_turn,-1.146,0.9405,0.2009,0.9119,16.455,4,1,roam_pivot_turn
1990,19.9,-2.2729,-0.5155,0.189,0.6464,15.292,0,0,roam_pivot_turn,-1.2083,0.9399,0.2043,0.7477,16.525,3,3,roam_pivot_turn
2000,20.0,-2.2276,-0.565,0.1867,0.7394,15.359,1,0,roam_pivot_turn,-1.2451,1.0014,0.1961,0.6019,16.597,2,5,roam_pivot_turn
2010,20.1,-2.198,-0.6421,0.1866,0.8931,15.442,3,0,roam_pivot_turn,-1.2908,1.0385,0.1819,0.6314,16.656,6,8,roam_pivot_turn
2020,20.2,-2.1828,-0.7341,0.1847,0.9699,15.535,2,0,roam_pivot_turn,-1.3295,1.0738,0.1753,0.2735,16.708,6,8,roam_pivot_turn
2030,20.3,-2.1954,-0.8255,0.1929,0.9076,15.628,0,0,roam_stance_pause,-1.3351,1.0779,0.1717,0.1643,16.721,6,8,roam_stance_pause
2040,20.4,-2.2176,-0.9098,0.2006,0.8092,15.716,2,0,roam_stance_pause,-1.3314,1.0478,0.1782,0.2539,16.752,6,8,roam_stance_pause
2050,20.5,-2.2342,-0.9805,0.2147,0.6106,15.788,3,0,roam_stance_pause,-1.32,1.0311,0.1849,0.1544,16.772,5,9,roam_stance_pause
2060,20.6,-2.2343,-1.0123,0.2177,0.2328,15.82,3,0,roam_curve_right,-1.3165,1.0134,0.1933,0.3382,16.79,5,8,roam_curve_right
2070,20.7,-2.2208,-1.0316,0.1978,0.3925,15.844,3,0,roam_curve_right,-1.3173,0.9712,0.2017,0.425,16.832,2,8,roam_curve_right
2080,20.8,-2.1963,-1.0818,0.2108,0.6677,15.9,2,0,roam_curve_right,-1.313,0.9492,0.2082,0.2101,16.86,2,8,roam_curve_right
2090,20.9,-2.1678,-1.1531,0.1926,0.9508,15.977,3,0,roam_curve_right,-1.2946,0.9804,0.1895,0.2771,16.897,5,7,roam_curve_right
2100,21.0,-2.1319,-1.2385,0.1937,0.9649,16.07,2,0,roam_curve_right,-1.2723,0.9946,0.1914,0.3392,16.925,6,6,roam_curve_right
2110,21.1,-2.0911,-1.3393,0.1902,1.1812,16.179,3,0,roam_curve_right,-1.2531,0.989,0.1893,0.3175,16.95,6,5,roam_curve_right
2120,21.2,-2.0524,-1.4545,0.1858,1.2719,16.3,4,0,roam_curve_right,-1.2957,0.9536,0.186,0.5748,17.008,3,7,roam_curve_right
2130,21.3,-2.0221,-1.5771,0.1873,1.2277,16.427,7,0,roam_curve_right,-1.3596,0.9956,0.1684,0.619,17.086,4,11,roam_curve_right
2140,21.4,-2.0159,-1.6842,0.1994,0.5571,16.534,9,0,roam_curve_right,-1.3238,1.0222,0.1662,0.5569,17.141,4,8,roam_curve_right
2150,21.5,-1.9776,-1.7067,0.2272,0.467,16.58,8,0,roam_curve_right,-1.3219,0.9902,0.1693,0.5291,17.185,4,9,roam_curve_right
2160,21.6,-1.9374,-1.7203,0.2215,0.2164,16.623,9,0,roam_curve_right,-1.3532,0.9746,0.1776,0.2535,17.222,4,10,roam_curve_right
2170,21.7,-1.9336,-1.7126,0.2461,0.1844,16.636,6,0,roam_forward_cruise,-1.3714,0.9854,0.1926,0.2912,17.245,4,10,roam_forward_cruise
2180,21.8,-1.9551,-1.6863,0.2525,0.498,16.67,5,0,roam_forward_cruise,-1.3748,1.0271,0.2009,0.4793,17.287,5,8,roam_forward_cruise
2190,21.9,-1.9898,-1.6397,0.2211,0.7088,16.728,6,0,roam_forward_cruise,-1.3746,1.0763,0.1961,0.4348,17.337,6,8,roam_forward_cruise
2200,22.0,-2.0273,-1.551,0.179,1.1079,16.826,6,0,roam_forward_cruise,-1.3592,1.1141,0.1898,0.3759,17.378,5,6,roam_forward_cruise
2210,22.1,-2.0518,-1.4459,0.1923,1.0374,16.934,4,0,roam_forward_cruise,-1.3482,1.1378,0.1972,0.1841,17.404,4,5,roam_forward_cruise
2220,22.2,-2.0776,-1.3398,0.1875,1.1417,17.043,2,0,roam_forward_cruise,-1.3553,1.1582,0.2027,0.1714,17.426,4,5,roam_forward_cruise
2230,22.3,-2.1042,-1.2275,0.1863,1.0644,17.159,4,0,roam_forward_cruise,-1.3547,1.1565,0.2056,0.1409,17.437,4,5,roam_forward_cruise
2240,22.4,-2.117,-1.119,0.1854,1.1483,17.268,4,0,roam_forward_cruise,-1.3496,1.1545,0.2061,0.0837,17.444,4,5,roam_forward_cruise
2250,22.5,-2.1316,-1.0012,0.1852,1.2074,17.387,1,0,roam_forward_cruise,-1.3469,1.1542,0.2058,0.1754,17.453,4,5,roam_forward_cruise
2260,22.6,-2.1468,-0.879,0.1864,1.1707,17.51,1,0,roam_curve_left,-1.3405,1.1153,0.1949,0.5733,17.493,5,6,roam_curve_left
2270,22.7,-2.1783,-0.7696,0.1874,1.1953,17.624,1,0,roam_curve_left,-1.3257,1.063,0.196,0.5757,17.548,4,7,roam_curve_left
2280,22.8,-2.2197,-0.6527,0.1872,1.2579,17.748,0,0,roam_curve_left,-1.2882,1.0067,0.1957,0.7457,17.615,4,6,roam_curve_left
2290,22.9,-2.2688,-0.5324,0.1842,1.3391,17.878,0,0,roam_curve_left,-1.2456,0.9458,0.1999,0.6865,17.69,2,5,roam_curve_left
2300,23.0,-2.3245,-0.4117,0.1889,1.2495,18.011,1,1,roam_curve_left,-1.2017,0.9199,0.2113,0.522,17.744,3,5,roam_curve_left
2310,23.1,-2.3658,-0.296,0.1884,1.2735,18.134,0,4,roam_curve_left,-1.1397,0.9397,0.1964,0.7955,17.809,4,2,roam_curve_left
2320,23.2,-2.4207,-0.1773,0.1831,1.3198,18.264,1,5,roam_curve_left,-1.0803,0.957,0.1942,0.4063,17.872,4,0,roam_curve_left
2330,23.3,-2.465,-0.0642,0.1819,1.1317,18.386,0,6,roam_curve_left,-1.0335,0.9613,0.2083,0.5788,17.919,3,0,roam_curve_left
2340,23.4,-2.4987,0.0365,0.1905,0.9154,18.492,1,2,roam_pivot_turn,-0.9793,0.9517,0.1834,0.6761,17.975,2,0,roam_pivot_turn
2350,23.5,-2.5242,0.1084,0.1961,0.7936,18.568,1,1,roam_pivot_turn,-0.9088,0.912,0.1935,0.8861,18.056,3,0,roam_pivot_turn
2360,23.6,-2.5337,0.1795,0.1858,0.7653,18.64,0,0,roam_pivot_turn,-0.8443,0.8532,0.1959,0.7957,18.143,2,0,roam_pivot_turn
2370,23.7,-2.5247,0.2632,0.1895,0.8766,18.725,1,0,roam_pivot_turn,-0.8463,0.7738,0.2001,0.9017,18.226,5,0,roam_pivot_turn
2380,23.8,-2.5097,0.3459,0.1911,0.7559,18.809,1,0,roam_pivot_turn,-0.8789,0.6947,0.1891,0.8192,18.313,2,0,roam_pivot_turn
2390,23.9,-2.5011,0.421,0.1916,0.7462,18.885,3,0,roam_stance_pause,-0.9367,0.6352,0.1867,0.8417,18.396,1,0,roam_stance_pause
2400,24.0,-2.5052,0.4901,0.2053,0.4841,18.954,2,0,roam_stance_pause,-0.9979,0.5807,0.2072,0.7875,18.478,2,0,roam_stance_pause
2410,24.1,-2.5197,0.5281,0.2106,0.3341,18.995,3,0,roam_stance_pause,-1.0501,0.5334,0.2141,0.6047,18.548,4,0,roam_stance_pause
2420,24.2,-2.5377,0.5378,0.2038,0.2118,19.017,3,0,roam_curve_right,-1.0895,0.5006,0.2133,0.4402,18.599,1,0,roam_curve_right
2430,24.3,-2.5747,0.5462,0.2022,0.6262,19.055,1,0,roam_curve_right,-1.1268,0.4715,0.2083,0.5932,18.647,3,0,roam_curve_right
2440,24.4,-2.6427,0.5749,0.2057,0.787,19.129,1,0,boundary_turn_inward,-1.1888,0.4271,0.2124,0.8625,18.723,2,0,roam_curve_right
2450,24.5,-2.7109,0.6096,0.1779,0.7799,19.206,0,0,boundary_turn_inward,-1.2751,0.3788,0.195,1.058,18.822,1,0,roam_curve_right
2460,24.6,-2.7674,0.666,0.1982,0.8162,19.285,1,0,boundary_turn_inward,-1.3847,0.3305,0.1893,1.2583,18.942,0,0,roam_curve_right
2470,24.7,-2.8169,0.7313,0.1828,0.8637,19.368,0,0,boundary_turn_inward,-1.5042,0.2845,0.1869,1.3031,19.07,1,0,roam_curve_right
2480,24.8,-2.8431,0.8153,0.1906,0.8917,19.456,0,0,boundary_turn_inward,-1.6292,0.2424,0.1866,1.3331,19.202,0,0,roam_curve_right
2490,24.9,-2.8529,0.9059,0.1863,0.949,19.548,0,0,boundary_turn_inward,-1.7579,0.2016,0.1828,1.3822,19.337,0,0,roam_curve_right
2500,25.0,-2.8424,1.0002,0.1846,0.9641,19.643,0,0,boundary_turn_inward,-1.8926,0.1681,0.1968,1.3919,19.475,0,1,roam_curve_right
2510,25.1,-2.8127,1.0922,0.1854,0.9697,19.74,1,0,boundary_turn_inward,-2.0299,0.1356,0.2011,1.4018,19.617,1,3,roam_curve_right
2520,25.2,-2.7664,1.1807,0.1872,1.024,19.84,2,0,roam_curve_right,-2.1601,0.1001,0.1984,1.2482,19.752,0,5,roam_curve_right
2530,25.3,-2.7151,1.2665,0.188,0.9578,19.939,3,0,boundary_turn_inward,-2.2666,0.0624,0.1893,1.0221,19.865,1,9,roam_forward_cruise
2540,25.4,-2.6827,1.3232,0.2168,0.3572,20.005,3,0,boundary_turn_inward,-2.358,0.0145,0.149,0.8715,19.968,0,9,roam_forward_cruise
2550,25.5,-2.6673,1.3488,0.2302,0.0722,20.035,4,0,boundary_turn_inward,-2.4025,-0.0147,0.1729,0.3348,20.022,1,6,roam_forward_cruise
2560,25.6,-2.6677,1.3405,0.2372,0.181,20.045,4,0,boundary_turn_inward,-2.4463,-0.019,0.1873,0.5807,20.066,2,3,roam_forward_cruise
2570,25.7,-2.6795,1.3088,0.2104,0.5341,20.079,4,0,boundary_turn_inward,-2.5134,-0.0304,0.1869,0.707,20.134,0,3,roam_forward_cruise
2580,25.8,-2.7016,1.2491,0.1841,0.7047,20.142,3,0,boundary_turn_inward,-2.5888,-0.0407,0.198,0.8719,20.21,0,0,roam_forward_cruise
2590,25.9,-2.7268,1.1795,0.1868,0.7348,20.216,2,0,roam_forward_cruise,-2.6765,-0.0513,0.192,0.9376,20.298,0,0,roam_forward_cruise
2600,26.0,-2.7497,1.1093,0.1909,0.7519,20.29,0,0,roam_forward_cruise,-2.7821,-0.0637,0.1837,1.0948,20.404,0,0,boundary_turn_inward
2610,26.1,-2.7717,1.0371,0.1855,0.7526,20.366,0,0,boundary_turn_inward,-2.8906,-0.0897,0.1889,1.1323,20.516,0,0,boundary_turn_inward
2620,26.2,-2.7923,0.9576,0.1946,0.9048,20.448,0,0,roam_curve_left,-2.9981,-0.1372,0.1836,1.2135,20.634,0,0,boundary_turn_inward
2630,26.3,-2.8062,0.8618,0.1912,1.0676,20.545,0,0,roam_curve_left,-3.1044,-0.1953,0.1843,1.2101,20.755,0,0,boundary_turn_inward
2640,26.4,-2.8062,0.7484,0.1899,1.1854,20.658,0,0,roam_curve_left,-3.2059,-0.2541,0.203,1.1138,20.872,0,0,boundary_emergency_brake
2650,26.5,-2.8012,0.6268,0.1851,1.2445,20.78,1,0,roam_curve_left,-3.2982,-0.3072,0.2232,0.9831,20.979,0,0,boundary_emergency_brake
2660,26.6,-2.7914,0.5002,0.186,1.2868,20.907,0,0,roam_curve_left,-3.3695,-0.349,0.2412,0.6001,21.061,0,0,boundary_emergency_brake
2670,26.7,-2.7766,0.3707,0.1869,1.2993,21.037,0,0,roam_curve_left,-3.4118,-0.3759,0.2454,0.4503,21.112,0,0,boundary_emergency_brake
2680,26.8,-2.7618,0.2391,0.1826,1.3433,21.17,0,0,roam_curve_left,-3.4362,-0.39,0.2199,0.1137,21.14,0,0,boundary_emergency_brake
2690,26.9,-2.7414,0.1034,0.1893,1.3866,21.307,1,0,roam_curve_left,-3.4281,-0.3854,0.2038,0.3439,21.153,0,0,roam_curve_left
2700,27.0,-2.721,-0.0325,0.1784,1.3793,21.444,0,0,roam_pivot_turn,-3.3919,-0.3691,0.1928,0.4113,21.193,0,0,roam_pivot_turn
2710,27.1,-2.7028,-0.1686,0.1867,1.3729,21.582,1,0,boundary_turn_inward,-3.3385,-0.3577,0.1975,0.6788,21.248,0,0,roam_pivot_turn
2720,27.2,-2.6812,-0.304,0.1789,1.3574,21.719,1,0,roam_pivot_turn,-3.2693,-0.3549,0.1861,0.7712,21.317,0,0,roam_pivot_turn
2730,27.3,-2.6756,-0.423,0.1985,1.0288,21.839,0,0,boundary_turn_inward,-3.182,-0.3793,0.1902,0.9865,21.408,0,0,roam_pivot_turn
2740,27.4,-2.6835,-0.5293,0.1834,1.1263,21.945,1,0,boundary_turn_inward,-3.0903,-0.4245,0.1849,1.0754,21.51,0,0,roam_pivot_turn
2750,27.5,-2.6739,-0.6427,0.1953,1.153,22.06,1,0,boundary_turn_inward,-3.0001,-0.4833,0.1873,1.0692,21.618,0,0,roam_stance_pause
2760,27.6,-2.6382,-0.7547,0.178,1.1824,22.177,0,0,boundary_turn_inward,-2.9141,-0.5403,0.2063,1.0007,21.721,0,0,roam_stance_pause
2770,27.7,-2.5948,-0.8645,0.1962,1.189,22.295,0,0,boundary_turn_inward,-2.8379,-0.5909,0.216,0.7972,21.813,0,0,roam_stance_pause
2780,27.8,-2.5472,-0.9746,0.1843,1.2177,22.415,0,0,boundary_turn_inward,-2.7809,-0.6341,0.2152,0.6309,21.884,0,0,roam_curve_right
2790,27.9,-2.4978,-1.0711,0.2012,0.7691,22.524,2,0,roam_curve_right,-2.7408,-0.68,0.2154,0.6647,21.945,0,0,roam_curve_right
2800,28.0,-2.4737,-1.1173,0.2307,0.4341,22.576,2,0,roam_curve_right,-2.6987,-0.7506,0.2087,0.9669,22.028,0,0,roam_curve_right
2810,28.1,-2.4549,-1.1424,0.2298,0.2074,22.607,2,0,roam_curve_right,-2.6537,-0.8518,0.1912,1.2037,22.138,1,0,boundary_turn_inward
2820,28.2,-2.4351,-1.1394,0.2333,0.2851,22.629,1,0,roam_curve_right,-2.6064,-0.963,0.1838,1.2244,22.259,0,0,boundary_turn_inward
2830,28.3,-2.4105,-1.1143,0.2255,0.3995,22.664,1,0,roam_curve_right,-2.5534,-1.074,0.1853,1.1699,22.382,1,0,boundary_turn_inward
2840,28.4,-2.3876,-1.0731,0.2097,0.5741,22.711,1,0,roam_curve_right,-2.5328,-1.1291,0.2334,0.4561,22.441,2,0,boundary_turn_inward
2850,28.5,-2.3454,-1.0083,0.2,0.9392,22.789,1,0,roam_curve_right,-2.5215,-1.1702,0.237,0.3574,22.484,3,0,boundary_turn_inward
2860,28.6,-2.2707,-0.9348,0.188,1.139,22.894,1,0,roam_curve_right,-2.5294,-1.2015,0.2363,0.3382,22.517,3,0,boundary_turn_inward
2870,28.7,-2.1786,-0.8593,0.1866,1.2433,23.013,0,0,roam_curve_right,-2.5471,-1.2347,0.2311,0.4192,22.554,2,0,boundary_turn_inward
2880,28.8,-2.1168,-0.795,0.217,0.6825,23.104,0,0,roam_curve_right,-2.5589,-1.2831,0.2153,0.597,22.604,1,0,boundary_turn_inward
2890,28.9,-2.0913,-0.7345,0.2201,0.6453,23.169,0,0,roam_forward_cruise,-2.5553,-1.3485,0.1914,0.7679,22.671,3,0,boundary_turn_inward
2900,29.0,-2.0717,-0.6806,0.2073,0.4016,23.227,0,0,roam_forward_cruise,-2.5148,-1.4232,0.1906,0.9074,22.756,0,0,boundary_turn_inward
2910,29.1,-2.0603,-0.6609,0.2329,0.0465,23.249,0,0,roam_forward_cruise,-2.4621,-1.499,0.1828,0.9378,22.848,1,0,roam_forward_cruise
2920,29.2,-2.0572,-0.6599,0.2172,0.0322,23.253,1,0,roam_climb_over,-2.4208,-1.5706,0.1997,0.7005,22.932,1,0,boundary_turn_inward
2930,29.3,-2.0708,-0.6723,0.204,0.2811,23.272,1,0,roam_forward_cruise,-2.4122,-1.6388,0.1912,0.7034,23.0,2,0,boundary_turn_inward
2940,29.4,-2.089,-0.711,0.2184,0.6304,23.315,0,0,roam_forward_cruise,-2.3762,-1.7021,0.1899,0.7755,23.074,2,0,roam_forward_cruise
2950,29.5,-2.1091,-0.7728,0.2114,0.6622,23.38,1,0,roam_forward_cruise,-2.329,-1.76,0.1901,0.5839,23.149,2,0,boundary_turn_inward
2960,29.6,-2.1495,-0.8374,0.1995,0.8531,23.456,0,0,roam_forward_cruise,-2.3315,-1.7996,0.2103,0.402,23.191,3,0,boundary_turn_inward
2970,29.7,-2.2031,-0.9241,0.1893,1.1373,23.558,1,0,roam_forward_cruise,-2.3503,-1.8358,0.1925,0.4256,23.232,2,0,boundary_turn_inward
2980,29.8,-2.2541,-1.0273,0.1884,1.179,23.673,2,0,roam_curve_left,-2.3389,-1.8832,0.1945,0.534,23.282,1,0,boundary_turn_inward
2990,29.9,-2.2925,-1.1027,0.2196,0.5197,23.758,2,0,roam_curve_left,-2.3145,-1.9306,0.1944,0.5259,23.335,1,0,boundary_turn_inward
3000,30.0,-2.3213,-1.1402,0.2454,0.467,23.805,3,0,roam_curve_left,-2.2855,-1.9738,0.1946,0.5531,23.387,1,0,boundary_turn_inward
3010,30.1,-2.3563,-1.1645,0.2435,0.4728,23.849,3,0,roam_curve_left,-2.2413,-2.0132,0.1965,0.6778,23.447,1,0,roam_curve_left
3020,30.2,-2.4116,-1.1729,0.2568,0.6141,23.905,4,0,roam_curve_left,-2.1665,-2.0457,0.1997,0.8806,23.529,3,0,roam_curve_left
3030,30.3,-2.4736,-1.1767,0.2506,0.593,23.967,1,0,boundary_turn_inward,-2.0709,-2.0811,0.1927,1.1984,23.63,3,0,roam_curve_left
3040,30.4,-2.539,-1.1704,0.234,0.7558,24.033,2,0,boundary_turn_inward,-1.9738,-2.1147,0.2058,0.5887,23.734,7,0,roam_curve_left
3050,30.5,-2.6215,-1.1616,0.1971,0.938,24.116,0,0,boundary_turn_inward,-1.9353,-2.1521,0.2282,0.5665,23.787,6,0,boundary_turn_inward
3060,30.6,-2.7107,-1.1318,0.1839,0.9645,24.211,1,0,boundary_turn_inward,-1.9095,-2.1874,0.2334,0.3502,23.831,6,0,boundary_turn_inward
3070,30.7,-2.7932,-1.0811,0.1847,0.9647,24.308,0,0,boundary_turn_inward,-1.9091,-2.2168,0.2286,0.3013,23.862,5,0,boundary_turn_inward
3080,30.8,-2.8668,-1.0167,0.1892,0.9991,24.406,0,0,boundary_turn_inward,-1.9294,-2.2488,0.2269,0.4361,23.9,5,0,boundary_turn_inward
3090,30.9,-2.9333,-0.9429,0.1821,0.9973,24.505,0,0,boundary_turn_inward,-1.9438,-2.294,0.2167,0.5299,23.948,4,0,boundary_turn_inward
3100,31.0,-2.9893,-0.861,0.1856,0.9922,24.605,0,0,boundary_turn_inward,-1.9587,-2.3423,0.2138,0.5092,23.999,5,0,boundary_turn_inward
3110,31.1,-3.0406,-0.7778,0.1924,0.9449,24.702,0,0,boundary_emergency_brake,-2.0057,-2.3733,0.2084,0.6462,24.056,3,0,boundary_turn_inward
3120,31.2,-3.0854,-0.7014,0.2162,0.782,24.791,0,0,boundary_emergency_brake,-2.049,-2.403,0.1994,0.4405,24.109,2,0,boundary_emergency_brake
3130,31.3,-3.1188,-0.6432,0.2337,0.5859,24.858,0,0,boundary_emergency_brake,-2.077,-2.4296,0.2111,0.3191,24.148,3,0,boundary_emergency_brake
3140,31.4,-3.1384,-0.6097,0.229,0.2824,24.897,0,0,boundary_emergency_brake,-2.0903,-2.4421,0.2061,0.0848,24.166,3,0,boundary_emergency_brake
3150,31.5,-3.1428,-0.5991,0.1957,0.126,24.91,0,0,roam_curve_right,-2.0972,-2.4431,0.1968,0.1302,24.174,3,0,boundary_turn_inward
3160,31.6,-3.1199,-0.6254,0.1984,0.4567,24.945,0,0,roam_curve_right,-2.1122,-2.4236,0.2017,0.4081,24.199,2,0,roam_curve_right
3170,31.7,-3.0955,-0.6774,0.1979,0.7445,25.003,0,0,roam_curve_right,-2.126,-2.374,0.2117,0.6485,24.251,2,0,roam_curve_right
3180,31.8,-3.0711,-0.755,0.1762,0.8101,25.084,0,0,roam_curve_right,-2.1311,-2.2993,0.1984,0.8583,24.326,0,0,roam_curve_right
3190,31.9,-3.044,-0.8346,0.1903,0.8549,25.168,0,0,boundary_turn_inward,-2.1298,-2.1921,0.1932,1.2087,24.433,1,0,roam_curve_right
3200,32.0,-3.0142,-0.914,0.1797,0.8574,25.253,0,0,roam_curve_right,-2.1183,-2.069,0.1867,1.2757,24.557,3,0,roam_curve_right
3210,32.1,-2.9806,-0.9962,0.1873,0.8944,25.342,0,0,boundary_turn_inward,-2.1009,-1.9745,0.2143,0.3543,24.654,4,0,roam_curve_right
3220,32.2,-2.9458,-1.0756,0.1849,0.8566,25.429,0,0,boundary_turn_inward,-2.071,-1.9652,0.2563,0.3237,24.686,2,0,roam_curve_right
3230,32.3,-2.9094,-1.1522,0.1827,0.8478,25.514,0,0,boundary_turn_inward,-2.0361,-1.9589,0.231,0.5439,24.722,5,0,roam_curve_right
3240,32.4,-2.8704,-1.2278,0.1872,0.8619,25.599,0,0,roam_curve_right,-1.969,-2.0069,0.2033,0.758,24.805,6,0,boundary_turn_inward
3250,32.5,-2.8252,-1.3041,0.1927,0.9489,25.687,0,0,roam_forward_cruise,-1.9624,-2.053,0.2206,0.4294,24.855,4,0,boundary_turn_inward
3260,32.6,-2.7609,-1.3881,0.1917,1.1254,25.793,0,0,roam_forward_cruise,-1.9756,-2.0932,0.208,0.4512,24.897,4,0,boundary_turn_inward
3270,32.7,-2.6801,-1.4759,0.1878,1.2232,25.913,0,0,roam_forward_cruise,-1.9965,-2.1374,0.2041,0.5116,24.947,4,0,boundary_turn_inward
3280,32.8,-2.59,-1.5635,0.1878,1.2698,26.038,1,0,roam_forward_cruise,-1.9913,-2.1891,0.1979,0.5132,24.999,4,0,boundary_turn_inward
3290,32.9,-2.4928,-1.6505,0.1836,1.3306,26.169,0,0,roam_forward_cruise,-1.9899,-2.2329,0.2112,0.3695,25.043,4,0,boundary_turn_inward
3300,33.0,-2.3924,-1.7401,0.1865,1.3623,26.303,2,0,roam_forward_cruise,-1.9887,-2.2648,0.2112,0.3051,25.075,5,0,boundary_turn_inward
3310,33.1,-2.3193,-1.8215,0.2031,0.6743,26.414,2,0,boundary_turn_inward,-1.9803,-2.3002,0.2025,0.4194,25.111,6,0,boundary_turn_inward
3320,33.2,-2.3234,-1.8867,0.2352,0.6596,26.48,1,0,boundary_turn_inward,-1.983,-2.3381,0.2034,0.3657,25.15,5,0,boundary_turn_inward
3330,33.3,-2.3284,-1.9531,0.1789,0.7104,26.546,1,0,boundary_turn_inward,-1.9996,-2.3731,0.1986,0.4071,25.188,4,0,boundary_turn_inward
3340,33.4,-2.3054,-2.0285,0.1927,0.8313,26.626,1,0,boundary_turn_inward,-2.0035,-2.4149,0.1963,0.4364,25.231,3,0,boundary_emergency_brake
3350,33.5,-2.2699,-2.1039,0.1805,0.8515,26.709,1,0,boundary_turn_inward,-2.0111,-2.4528,0.2054,0.301,25.269,3,0,boundary_emergency_brake
3360,33.6,-2.2213,-2.173,0.1875,0.8501,26.794,0,0,boundary_turn_inward,-2.0184,-2.4734,0.2072,0.1342,25.291,3,0,boundary_emergency_brake
3370,33.7,-2.1627,-2.235,0.1831,0.8614,26.879,3,0,boundary_turn_inward,-2.0214,-2.4796,0.1962,0.0179,25.298,3,0,boundary_inward_drive
3380,33.8,-2.0902,-2.2865,0.1901,0.9255,26.968,3,0,roam_curve_left,-2.011,-2.4563,0.2029,0.3838,25.324,3,0,roam_curve_left
3390,33.9,-2.0056,-2.3376,0.1959,0.9574,27.067,5,0,roam_curve_left,-2.0012,-2.3979,0.2063,0.8091,25.383,3,0,roam_curve_left
3400,34.0,-1.9567,-2.3898,0.2123,0.6088,27.14,5,0,boundary_turn_inward,-2.0019,-2.3166,0.2039,0.861,25.465,4,0,roam_curve_left
3410,34.1,-1.9451,-2.4436,0.2058,0.5047,27.196,4,0,boundary_emergency_brake,-2.0262,-2.2197,0.1971,1.088,25.565,4,0,roam_curve_left
3420,34.2,-1.9718,-2.4801,0.2217,0.3746,27.241,3,0,boundary_emergency_brake,-2.0649,-2.1187,0.1783,1.1084,25.673,4,0,roam_pivot_turn
3430,34.3,-1.9895,-2.5048,0.2173,0.2086,27.272,3,0,boundary_emergency_brake,-2.0926,-2.0092,0.1891,0.9518,25.786,5,0,roam_pivot_turn
3440,34.4,-2.0049,-2.5107,0.209,0.15,27.289,3,0,boundary_emergency_brake,-2.1017,-1.9908,0.2357,0.104,25.814,4,0,boundary_turn_inward
3450,34.5,-2.0151,-2.5005,0.1983,0.2429,27.305,3,0,roam_pivot_turn,-2.1065,-2.0012,0.2372,0.1264,25.825,2,0,boundary_turn_inward
3460,34.6,-2.0025,-2.468,0.1959,0.4206,27.34,3,0,roam_pivot_turn,-2.1059,-2.0326,0.187,0.5188,25.857,5,0,boundary_turn_inward
3470,34.7,-1.9898,-2.4339,0.2038,0.2702,27.378,3,0,roam_stance_pause,-2.0718,-2.0864,0.1983,0.7272,25.922,3,0,boundary_turn_inward
3480,34.8,-2.0118,-2.4144,0.1944,0.3042,27.407,3,0,boundary_turn_inward,-2.0207,-2.1367,0.1877,0.6321,25.993,5,0,boundary_turn_inward
3490,34.9,-2.0321,-2.3914,0.1996,0.2866,27.438,3,0,roam_stance_pause,-1.9912,-2.1702,0.2156,0.3794,26.038,4,0,boundary_turn_inward
3500,35.0,-2.0451,-2.3707,0.1972,0.2475,27.463,4,0,roam_curve_right,-1.9753,-2.1931,0.2193,0.1377,26.066,5,0,boundary_turn_inward
3510,35.1,-2.0467,-2.3335,0.2037,0.5182,27.5,4,0,roam_curve_right,-1.9759,-2.2002,0.2182,0.128,26.075,6,0,boundary_turn_inward
3520,35.2,-2.0345,-2.2648,0.2044,0.8607,27.57,4,0,roam_curve_right,-2.0032,-2.1937,0.2071,0.3017,26.103,3,0,boundary_turn_inward
3530,35.3,-2.0081,-2.1722,0.1887,1.1173,27.666,6,0,roam_curve_right,-2.0243,-2.168,0.1994,0.4971,26.138,4,0,roam_curve_right
3540,35.4,-1.9772,-2.073,0.2028,0.866,27.77,7,0,roam_curve_right,-2.0306,-2.1002,0.2065,0.7618,26.206,4,0,roam_curve_right
3550,35.5,-1.9782,-1.9875,0.2049,0.8649,27.856,5,0,roam_curve_right,-2.0317,-2.0085,0.1974,1.0377,26.298,6,0,roam_curve_right
3560,35.6,-1.9908,-1.9184,0.2149,0.4491,27.926,6,0,roam_curve_right,-2.0007,-1.9509,0.2223,0.5797,26.371,7,0,roam_curve_right
3570,35.7,-1.9824,-1.8932,0.2298,0.2824,27.956,5,0,roam_curve_right,-1.9408,-1.936,0.2238,0.687,26.432,6,0,roam_curve_right
3580,35.8,-1.9421,-1.9015,0.248,0.5834,27.998,6,0,roam_curve_right,-1.8911,-1.9394,0.2409,0.4061,26.482,8,0,roam_curve_right
3590,35.9,-1.8819,-1.934,0.2453,0.6745,28.067,7,0,roam_curve_right,-1.8546,-1.9491,0.2472,0.3407,26.52,8,0,roam_curve_right
3600,36.0,-1.8303,-1.9791,0.265,0.7508,28.135,7,0,roam_curve_right,-1.828,-1.9559,0.2469,0.2187,26.548,8,0,roam_curve_right
3610,36.1,-1.7767,-2.0305,0.2508,0.7198,28.21,9,0,roam_forward_cruise,-1.8088,-1.9543,0.2488,0.1828,26.567,7,0,roam_forward_cruise
3620,36.2,-1.7074,-2.0564,0.2915,0.7742,28.284,4,0,roam_forward_cruise,-1.7911,-1.9467,0.2472,0.2449,26.587,7,0,roam_forward_cruise
3630,36.3,-1.6316,-2.0794,0.2636,0.8097,28.363,4,0,roam_forward_cruise,-1.7699,-1.9296,0.2516,0.3391,26.614,8,0,roam_forward_cruise
3640,36.4,-1.5274,-2.0838,0.1958,1.2116,28.468,1,0,roam_forward_cruise,-1.739,-1.907,0.2692,0.3909,26.652,7,0,roam_forward_cruise
3650,36.5,-1.4065,-2.0507,0.1973,1.3086,28.594,1,0,roam_forward_cruise,-1.7014,-1.8817,0.24,0.6861,26.697,7,0,roam_forward_cruise
3660,36.6,-1.2859,-2.0011,0.1884,1.2941,28.724,0,0,roam_forward_cruise,-1.6333,-1.8475,0.231,0.8421,26.774,5,0,roam_forward_cruise
3670,36.7,-1.1641,-1.943,0.1899,1.3846,28.859,1,0,roam_forward_cruise,-1.5435,-1.8062,0.186,1.0876,26.872,2,0,roam_forward_cruise
3680,36.8,-1.0394,-1.879,0.1807,1.4314,29.0,1,0,roam_forward_cruise,-1.4352,-1.7338,0.1953,1.348,27.003,1,0,roam_forward_cruise
3690,36.9,-0.9118,-1.8077,0.1882,1.4682,29.146,0,0,roam_forward_cruise,-1.3253,-1.6511,0.1899,1.3975,27.14,2,0,roam_forward_cruise
3700,37.0,-0.7854,-1.7332,0.1943,1.4897,29.293,1,0,roam_curve_left,-1.2178,-1.5651,0.2053,1.38,27.278,2,0,roam_curve_left
3710,37.1,-0.6603,-1.6568,0.1993,1.4568,29.439,0,0,roam_curve_left,-1.115,-1.4811,0.1844,1.2903,27.411,3,0,roam_curve_left
3720,37.2,-0.5532,-1.5801,0.2086,1.08,29.571,1,0,roam_curve_left,-1.0135,-1.3996,0.1887,1.3178,27.541,2,0,roam_curve_left
3730,37.3,-0.4647,-1.5086,0.1878,1.1827,29.685,3,0,roam_curve_left,-0.9116,-1.3097,0.1856,1.3587,27.677,1,0,roam_curve_left
3740,37.4,-0.3894,-1.4938,0.2154,0.6573,29.762,4,0,roam_curve_left,-0.809,-1.2162,0.2025,1.3996,27.816,0,0,roam_curve_left
3750,37.5,-0.3341,-1.5035,0.2137,0.5159,29.819,3,0,roam_curve_left,-0.7048,-1.1205,0.1931,1.4042,27.957,3,0,roam_curve_left
3760,37.6,-0.2715,-1.5017,0.2141,0.7707,29.882,3,0,roam_curve_left,-0.6022,-1.0237,0.2059,1.4113,28.098,5,0,roam_curve_left
3770,37.7,-0.1949,-1.4853,0.1943,0.8573,29.96,3,0,roam_curve_left,-0.5298,-0.937,0.2237,0.7045,28.212,7,0,roam_curve_left
3780,37.8,-0.1195,-1.4417,0.1818,0.8232,30.047,3,0,roam_pivot_turn,-0.4998,-0.9035,0.2645,0.3881,28.258,8,0,roam_pivot_turn
3790,37.9,-0.0424,-1.4152,0.1917,0.8526,30.129,2,0,roam_pivot_turn,-0.466,-0.8731,0.2499,0.4801,28.304,7,0,roam_pivot_turn
3800,38.0,0.0449,-1.4014,0.1817,0.9641,30.218,0,0,roam_pivot_turn,-0.4172,-0.8705,0.2585,0.5218,28.354,8,0,roam_pivot_turn
3810,38.1,0.1429,-1.4101,0.1858,0.9991,30.317,0,0,roam_pivot_turn,-0.3645,-0.8907,0.2478,0.6118,28.41,10,0,roam_pivot_turn
3820,38.2,0.2429,-1.4299,0.1852,1.0349,30.419,0,0,roam_pivot_turn,-0.3172,-0.9315,0.2532,0.6472,28.473,6,0,roam_pivot_turn
3830,38.3,0.3419,-1.4591,0.1835,1.0301,30.522,0,0,roam_stance_pause,-0.2718,-0.9772,0.2438,0.6462,28.538,7,0,roam_stance_pause
3840,38.4,0.4339,-1.485,0.2075,0.9078,30.617,0,0,roam_stance_pause,-0.217,-1.0202,0.2291,0.7434,28.607,5,0,roam_stance_pause
3850,38.5,0.5163,-1.5108,0.2156,0.7633,30.704,1,0,roam_stance_pause,-0.1537,-1.0539,0.2087,0.5698,28.679,4,0,roam_stance_pause
3860,38.6,0.5582,-1.524,0.2279,0.1489,30.748,1,0,roam_curve_right,-0.1085,-1.0734,0.2136,0.4796,28.728,3,0,roam_curve_right
3870,38.7,0.5698,-1.5288,0.2006,0.1804,30.76,1,0,roam_curve_right,-0.0658,-1.0998,0.2156,0.5908,28.779,1,0,roam_curve_right
3880,38.8,0.5984,-1.5641,0.2109,0.5664,30.806,1,0,roam_curve_right,-0.019,-1.1419,0.2047,0.7355,28.842,2,0,roam_curve_right
3890,38.9,0.6138,-1.6026,0.2176,0.2825,30.849,1,0,roam_curve_right,0.0376,-1.2227,0.1976,1.1351,28.941,0,0,roam_curve_right
3900,39.0,0.5888,-1.6281,0.2074,0.4738,30.886,0,0,roam_curve_right,0.0937,-1.3272,0.1826,1.2369,29.059,0,0,roam_curve_right
3910,39.1,0.5195,-1.6539,0.1913,0.9296,30.96,0,0,roam_curve_right,0.148,-1.4436,0.1887,1.2906,29.188,0,0,roam_curve_right
3920,39.2,0.4185,-1.6776,0.1948,1.095,31.064,0,0,roam_curve_right,0.2033,-1.5632,0.1863,1.3442,29.32,0,0,roam_curve_right
3930,39.3,0.3029,-1.6918,0.1888,1.2308,31.18,0,0,roam_curve_right,0.2563,-1.688,0.1858,1.3633,29.455,0,0,roam_curve_right
3940,39.4,0.1776,-1.6996,0.1836,1.2844,31.306,1,0,roam_curve_right,0.3092,-1.8133,0.1908,1.3638,29.591,0,0,roam_curve_right
3950,39.5,0.0436,-1.7006,0.1867,1.3485,31.44,2,0,roam_curve_right,0.3631,-1.9387,0.1915,1.3952,29.728,0,0,roam_curve_right
3960,39.6,-0.0602,-1.71,0.2147,0.8412,31.546,2,0,roam_curve_right,0.4169,-2.0669,0.2001,1.3891,29.867,3,0,roam_curve_right
3970,39.7,-0.1389,-1.739,0.1979,0.9249,31.63,1,0,roam_forward_cruise,0.4661,-2.1889,0.2061,1.2444,29.998,5,0,roam_forward_cruise
3980,39.8,-0.2482,-1.7393,0.1947,1.0665,31.739,0,0,roam_forward_cruise,0.4843,-2.265,0.2647,0.4235,30.077,5,0,roam_forward_cruise
3990,39.9,-0.3533,-1.7214,0.1958,1.0345,31.846,2,0,roam_forward_cruise,0.4801,-2.307,0.2929,0.4295,30.12,3,0,roam_forward_cruise
4000,40.0,-0.4521,-1.6966,0.1893,1.0802,31.948,1,0,roam_forward_cruise,0.4706,-2.3433,0.2543,0.353,30.16,8,0,roam_forward_cruise
4010,40.1,-0.5419,-1.6825,0.199,0.901,32.039,0,0,roam_forward_cruise,0.4285,-2.3355,0.2534,0.5109,30.203,6,0,roam_forward_cruise
4020,40.2,-0.639,-1.6566,0.1926,1.1338,32.139,0,0,roam_forward_cruise,0.3721,-2.3086,0.2586,0.6565,30.265,7,0,roam_forward_cruise
4030,40.3,-0.7498,-1.6077,0.1862,1.2486,32.261,1,0,roam_forward_cruise,0.3097,-2.2697,0.2378,0.914,30.339,4,0,roam_forward_cruise
4040,40.4,-0.8672,-1.5516,0.1841,1.33,32.391,0,0,roam_forward_cruise,0.2392,-2.1968,0.212,1.0639,30.441,3,0,roam_forward_cruise
4050,40.5,-0.9855,-1.4887,0.1853,1.351,32.525,1,0,roam_forward_cruise,0.1645,-2.1102,0.1804,1.2705,30.555,3,0,roam_forward_cruise
4060,40.6,-1.0961,-1.4335,0.1947,0.5678,32.649,3,1,roam_curve_left,0.0823,-2.0157,0.2026,1.261,30.68,1,0,roam_curve_left
4070,40.7,-1.1513,-1.4468,0.2306,0.5423,32.706,3,0,roam_curve_left,0.0163,-1.955,0.2193,0.6516,30.77,1,0,roam_curve_left
4080,40.8,-1.1927,-1.4888,0.2233,0.7997,32.768,2,0,roam_curve_left,-0.0431,-1.9267,0.2343,0.6845,30.836,1,0,roam_curve_left
4090,40.9,-1.2207,-1.5724,0.183,0.9825,32.856,2,0,roam_curve_left,-0.1088,-1.9128,0.2196,0.7166,30.904,1,0,roam_curve_left
4100,41.0,-1.2444,-1.6867,0.1957,1.2326,32.973,0,0,roam_curve_left,-0.1996,-1.9055,0.1893,1.1401,30.995,1,0,roam_curve_left
4110,41.1,-1.2652,-1.8092,0.1843,1.2684,33.097,0,0,roam_curve_left,-0.3076,-1.9036,0.1812,0.6893,31.103,3,0,roam_curve_left
4120,41.2,-1.2809,-1.9399,0.1868,1.3379,33.229,1,0,roam_curve_left,-0.3785,-1.9125,0.2121,0.7674,31.174,0,0,roam_curve_left
4130,41.3,-1.2907,-2.0745,0.1844,1.3615,33.364,1,0,roam_curve_left,-0.4581,-1.9284,0.1923,0.9473,31.256,0,0,roam_curve_left
4140,41.4,-1.3013,-2.2034,0.1889,1.1733,33.493,1,0,roam_pivot_turn,-0.5576,-1.9566,0.1809,1.0581,31.359,1,0,roam_pivot_turn
4150,41.5,-1.3357,-2.3273,0.1789,1.2938,33.622,1,0,roam_pivot_turn,-0.6625,-1.9799,0.1853,1.0938,31.466,0,1,roam_pivot_turn
4160,41.6,-1.3743,-2.45,0.1891,1.2722,33.75,2,0,boundary_turn_inward,-0.773,-1.9934,0.1865,1.1467,31.578,0,0,roam_pivot_turn
4170,41.7,-1.4066,-2.5722,0.1841,1.2689,33.877,1,0,boundary_turn_inward,-0.89,-1.9897,0.182,1.1766,31.695,1,0,roam_pivot_turn
4180,41.8,-1.4212,-2.6991,0.1829,1.2842,34.005,0,0,boundary_turn_inward,-1.0012,-1.9769,0.1905,1.0445,31.807,1,0,roam_pivot_turn
4190,41.9,-1.4275,-2.8247,0.189,1.2141,34.131,0,0,boundary_emergency_brake,-1.0908,-1.9322,0.2009,1.0108,31.908,1,0,roam_stance_pause
4200,42.0,-1.4286,-2.9442,0.2121,1.1593,34.25,0,0,boundary_emergency_brake,-1.1699,-1.8777,0.1976,0.8942,32.004,1,0,roam_stance_pause
4210,42.1,-1.4308,-3.0441,0.2327,0.9207,34.35,0,0,boundary_emergency_brake,-1.2395,-1.831,0.2213,0.8074,32.088,0,0,roam_stance_pause
4220,42.2,-1.4305,-3.1165,0.2408,0.4312,34.422,0,0,boundary_emergency_brake,-1.2969,-1.7921,0.2163,0.6039,32.158,0,0,roam_curve_right
4230,42.3,-1.4296,-3.1534,0.2322,0.3294,34.459,0,0,boundary_emergency_brake,-1.3415,-1.7579,0.2125,0.6376,32.214,0,0,roam_curve_right
4240,42.4,-1.4283,-3.1651,0.1996,0.1611,34.476,0,0,roam_curve_right,-1.3867,-1.7087,0.2056,0.7266,32.281,1,0,roam_curve_right
4250,42.5,-1.4137,-3.1316,0.2095,0.5032,34.512,0,0,roam_curve_right,-1.4404,-1.6272,0.1955,1.1328,32.378,2,0,roam_curve_right
4260,42.6,-1.3856,-3.0867,0.2039,0.5659,34.565,0,0,roam_curve_right,-1.4961,-1.5216,0.186,1.2459,32.498,3,0,roam_curve_right
4270,42.7,-1.3331,-3.0242,0.1958,1.0537,34.647,0,0,roam_curve_right,-1.5502,-1.4079,0.1847,1.269,32.624,5,0,roam_curve_right
4280,42.8,-1.2526,-2.9461,0.1858,1.1805,34.759,0,0,roam_curve_right,-1.598,-1.2918,0.1895,1.1112,32.749,6,0,roam_curve_right
4290,42.9,-1.1608,-2.8643,0.1869,1.2406,34.882,0,0,roam_curve_right,-1.5952,-1.1941,0.2182,0.9568,32.848,4,1,roam_curve_right
4300,43.0,-1.0615,-2.7839,0.1846,1.32,35.01,1,0,roam_curve_right,-1.579,-1.0913,0.1861,1.1887,32.952,3,2,roam_curve_right
4310,43.1,-0.9594,-2.7112,0.1948,1.0784,35.135,2,0,roam_curve_right,-1.5421,-0.971,0.196,0.9847,33.078,3,2,roam_curve_right
4320,43.2,-0.8504,-2.6942,0.207,1.1526,35.246,3,0,roam_curve_right,-1.4874,-0.9141,0.2358,0.7883,33.157,2,2,roam_curve_right
4330,43.3,-0.7727,-2.6679,0.2065,0.606,35.332,3,0,roam_forward_cruise,-1.4329,-0.8582,0.1986,0.8291,33.235,2,4,roam_forward_cruise
4340,43.4,-0.7419,-2.6287,0.2192,0.41,35.382,3,1,roam_forward_cruise,-1.3751,-0.8313,0.214,0.3734,33.3,0,3,roam_forward_cruise
4350,43.5,-0.7351,-2.6082,0.217,0.1748,35.408,4,2,boundary_turn_inward,-1.3425,-0.8344,0.2607,0.329,33.333,2,2,roam_forward_cruise
4360,43.6,-0.7504,-2.6013,0.2074,0.1912,35.424,5,2,boundary_turn_inward,-1.3117,-0.8394,0.2206,0.2449,33.365,2,5,roam_forward_cruise
4370,43.7,-0.7521,-2.617,0.1998,0.29,35.445,5,2,boundary_turn_inward,-1.3281,-0.8895,0.2312,0.6392,33.418,1,5,roam_forward_cruise
4380,43.8,-0.7517,-2.6231,0.1926,0.0577,35.457,4,2,roam_forward_cruise,-1.3579,-0.9107,0.229,0.3728,33.462,3,3,roam_forward_cruise
4390,43.9,-0.75,-2.6209,0.1938,0.0295,35.461,4,2,boundary_turn_inward,-1.4004,-0.9032,0.2234,0.611,33.505,1,4,roam_forward_cruise
4400,44.0,-0.7471,-2.6185,0.1946,0.0765,35.465,5,2,roam_forward_cruise,-1.4701,-0.9068,0.2117,0.6232,33.575,1,4,roam_forward_cruise
4410,44.1,-0.7464,-2.6145,0.1979,0.0138,35.469,5,2,boundary_turn_inward,-1.5108,-0.9494,0.2084,0.6564,33.636,2,3,roam_forward_cruise
4420,44.2,-0.732,-2.6004,0.2057,0.4299,35.489,5,2,roam_curve_left,-1.5337,-1.0131,0.1816,0.8329,33.704,1,3,roam_curve_left
4430,44.3,-0.7014,-2.5675,0.2042,0.5042,35.534,4,4,roam_curve_left,-1.5003,-1.0902,0.1896,0.7889,33.792,4,3,roam_curve_left
4440,44.4,-0.6588,-2.5112,0.2145,0.796,35.605,2,4,roam_curve_left,-1.4752,-1.1508,0.2035,0.6566,33.859,4,2,roam_curve_left
4450,44.5,-0.6133,-2.4589,0.1919,0.6444,35.674,2,8,roam_curve_left,-1.456,-1.2231,0.2105,0.6867,33.934,3,3,roam_curve_left
4460,44.6,-0.5828,-2.3858,0.198,1.0077,35.754,2,8,roam_curve_left,-1.4747,-1.2752,0.216,0.5521,33.99,3,1,roam_curve_left
4470,44.7,-0.5588,-2.2883,0.1525,1.0547,35.855,0,11,roam_curve_left,-1.5059,-1.3395,0.1924,0.9843,34.062,4,0,roam_curve_left
4480,44.8,-0.5384,-2.2106,0.1773,0.5824,35.935,0,6,roam_curve_left,-1.5315,-1.4323,0.1928,1.0244,34.158,4,1,roam_curve_left
4490,44.9,-0.519,-2.1565,0.1989,0.5903,35.992,0,4,roam_curve_left,-1.5303,-1.5187,0.2055,0.7094,34.246,4,0,roam_curve_left
4500,45.0,-0.4929,-2.1026,0.1784,0.6506,36.052,1,4,roam_pivot_turn,-1.4936,-1.5791,0.199,0.7139,34.317,3,0,roam_pivot_turn
4510,45.1,-0.4482,-2.0505,0.1933,0.6997,36.121,0,3,roam_pivot_turn,-1.4571,-1.6475,0.1863,0.8702,34.395,2,0,roam_pivot_turn
4520,45.2,-0.3863,-2.0024,0.1858,0.8805,36.2,0,0,roam_pivot_turn,-1.4287,-1.7319,0.1924,0.9019,34.484,1,0,roam_pivot_turn
4530,45.3,-0.3045,-1.9649,0.1856,0.9288,36.29,2,0,roam_pivot_turn,-1.4072,-1.8317,0.1848,1.0846,34.586,0,0,roam_pivot_turn
4540,45.4,-0.2098,-1.9439,0.1906,1.0345,36.388,2,0,roam_pivot_turn,-1.3963,-1.942,0.1821,1.1187,34.697,1,0,roam_pivot_turn
4550,45.5,-0.1247,-1.9448,0.1953,0.4204,36.473,2,0,roam_stance_pause,-1.3898,-2.0535,0.19,1.0956,34.808,2,0,roam_stance_pause
4560,45.6,-0.1129,-1.9674,0.2306,0.2626,36.5,0,0,roam_stance_pause,-1.3844,-2.1605,0.2027,1.0247,34.916,2,0,roam_stance_pause
4570,45.7,-0.0987,-1.9916,0.2061,0.3366,36.528,1,0,roam_stance_pause,-1.3818,-2.2545,0.2163,0.8548,35.01,0,0,roam_stance_pause
4580,45.8,-0.1049,-2.0236,0.2058,0.3272,36.561,1,0,roam_curve_right,-1.3823,-2.3297,0.2155,0.6571,35.085,2,0,boundary_turn_inward
4590,45.9,-0.1225,-2.0602,0.2131,0.4957,36.602,1,0,roam_curve_right,-1.3835,-2.3818,0.2021,0.4006,35.137,2,0,boundary_turn_inward
4600,46.0,-0.1623,-2.1121,0.1975,0.8351,36.667,1,0,roam_curve_right,-1.3614,-2.4201,0.201,0.5079,35.182,1,0,boundary_turn_inward
4610,46.1,-0.2329,-2.1851,0.1909,1.149,36.769,3,2,roam_curve_right,-1.3112,-2.4497,0.1904,0.698,35.241,0,0,roam_curve_right
4620,46.2,-0.3185,-2.2449,0.1958,1.0128,36.874,2,4,roam_curve_right,-1.2392,-2.4789,0.1862,0.8263,35.319,2,0,boundary_turn_inward
4630,46.3,-0.4171,-2.2896,0.1793,1.1342,36.982,2,9,roam_curve_right,-1.1791,-2.5156,0.1993,0.5973,35.39,3,0,boundary_turn_inward
4640,46.4,-0.5365,-2.3316,0.1482,1.427,37.109,2,12,roam_curve_right,-1.1457,-2.5537,0.2168,0.4474,35.441,4,0,boundary_turn_inward
4650,46.5,-0.6677,-2.3664,0.171,0.9131,37.245,3,9,roam_curve_right,-1.1236,-2.5903,0.2183,0.4225,35.484,4,0,boundary_turn_inward
4660,46.6,-0.645,-2.3501,0.2303,0.5009,37.282,1,6,roam_curve_right,-1.1091,-2.6301,0.2176,0.4325,35.526,5,0,boundary_turn_inward
4670,46.7,-0.5991,-2.3259,0.2257,0.5771,37.334,2,7,roam_curve_right,-1.0975,-2.6722,0.2048,0.4273,35.57,3,0,boundary_turn_inward
4680,46.8,-0.5328,-2.2954,0.1521,0.8803,37.407,1,14,roam_curve_right,-1.0573,-2.6983,0.1952,0.5082,35.618,2,0,boundary_turn_inward
4690,46.9,-0.477,-2.2818,0.1599,0.2196,37.468,2,11,roam_forward_cruise,-1.0165,-2.7362,0.1956,0.607,35.674,4,0,boundary_turn_inward
4700,47.0,-0.4661,-2.3028,0.2031,0.2319,37.491,2,8,roam_forward_cruise,-0.9533,-2.7562,0.1885,0.6938,35.741,2,0,boundary_turn_inward
4710,47.1,-0.451,-2.3331,0.1848,0.5487,37.525,2,9,roam_forward_cruise,-0.8808,-2.7748,0.1893,0.7197,35.816,4,0,boundary_turn_inward
4720,47.2,-0.4274,-2.3935,0.1751,0.6153,37.59,3,10,roam_forward_cruise,-0.8399,-2.7898,0.2101,0.2176,35.86,2,0,boundary_turn_inward
4730,47.3,-0.4067,-2.4331,0.1934,0.3453,37.636,5,7,roam_forward_cruise,-0.8417,-2.8087,0.2142,0.2635,35.881,2,0,boundary_turn_inward
4740,47.4,-0.3862,-2.45,0.199,0.232,37.663,4,5,roam_forward_cruise,-0.8679,-2.8277,0.1985,0.3696,35.913,2,0,boundary_turn_inward
4750,47.5,-0.3811,-2.4729,0.2053,0.1768,37.686,4,4,roam_forward_cruise,-0.9071,-2.824,0.1955,0.445,35.955,2,0,roam_forward_cruise
4760,47.6,-0.3711,-2.4857,0.2112,0.1108,37.702,4,4,roam_forward_cruise,-0.9452,-2.8072,0.191,0.4191,35.996,1,0,boundary_turn_inward
4770,47.7,-0.373,-2.49,0.2135,0.0713,37.709,5,4,roam_forward_cruise,-0.98,-2.7935,0.1943,0.3498,36.034,1,0,roam_forward_cruise
4780,47.8,-0.3952,-2.4904,0.2232,0.3992,37.731,3,4,roam_curve_left,-1.0136,-2.7783,0.1907,0.4086,36.071,2,0,roam_curve_left
4790,47.9,-0.4375,-2.4849,0.2299,0.4257,37.774,3,4,roam_curve_left,-1.0531,-2.7598,0.1884,0.4779,36.114,2,0,roam_curve_left
4800,48.0,-0.4699,-2.4413,0.2276,0.6733,37.829,2,5,roam_curve_left,-1.1038,-2.735,0.1894,0.6019,36.171,2,0,roam_curve_left
4810,48.1,-0.5182,-2.3846,0.1886,0.9135,37.904,1,8,roam_curve_left,-1.1652,-2.7033,0.1906,0.7225,36.24,1,0,boundary_turn_inward
4820,48.2,-0.6176,-2.3251,0.1513,1.3607,38.02,1,11,roam_curve_left,-1.2333,-2.666,0.1899,0.8185,36.318,1,0,boundary_turn_inward
4830,48.3,-0.7005,-2.2601,0.1733,0.9417,38.129,1,6,roam_curve_left,-1.3056,-2.6241,0.1829,0.8567,36.401,2,0,boundary_turn_inward
4840,48.4,-0.742,-2.181,0.1796,0.8534,38.219,1,3,roam_curve_left,-1.3801,-2.5781,0.1879,0.8707,36.489,0,0,boundary_turn_inward
4850,48.5,-0.8047,-2.1202,0.1911,0.8942,38.306,1,1,roam_curve_left,-1.4556,-2.5276,0.1867,0.939,36.579,1,0,roam_curve_left
4860,48.6,-0.8704,-2.0613,0.1781,0.8955,38.394,2,1,roam_pivot_turn,-1.5315,-2.4714,0.185,0.9849,36.674,3,0,roam_pivot_turn
4870,48.7,-0.9216,-1.9921,0.1939,0.865,38.481,1,0,roam_pivot_turn,-1.602,-2.4021,0.1888,0.9139,36.773,4,0,roam_pivot_turn
4880,48.8,-0.9419,-1.8978,0.1812,1.0102,38.578,0,0,roam_pivot_turn,-1.6227,-2.3306,0.223,0.7104,36.849,4,0,roam_pivot_turn
4890,48.9,-0.9542,-1.7956,0.1893,1.0322,38.681,1,0,roam_pivot_turn,-1.6078,-2.2566,0.2267,0.8298,36.925,3,0,roam_pivot_turn
4900,49.0,-0.9618,-1.6919,0.1803,1.0564,38.785,0,0,roam_pivot_turn,-1.5577,-2.182,0.1893,0.9628,37.015,4,0,roam_pivot_turn
4910,49.1,-0.9553,-1.5838,0.1892,1.0723,38.893,0,0,roam_stance_pause,-1.4755,-2.1172,0.191,0.9846,37.12,2,0,roam_stance_pause
4920,49.2,-0.9466,-1.4832,0.2042,0.9419,38.994,0,0,roam_stance_pause,-1.3991,-2.0598,0.2135,0.9781,37.216,0,0,roam_stance_pause
4930,49.3,-0.9382,-1.3964,0.2156,0.7806,39.081,0,0,roam_stance_pause,-1.3288,-2.0066,0.2134,0.7427,37.304,0,0,roam_stance_pause
4940,49.4,-0.9269,-1.3296,0.2162,0.5916,39.149,1,0,roam_curve_right,-1.2791,-1.9667,0.2199,0.5983,37.368,1,0,roam_curve_right
4950,49.5,-0.915,-1.2756,0.2067,0.5179,39.204,1,0,roam_curve_right,-1.2308,-1.9336,0.2149,0.607,37.426,2,0,roam_curve_right
4960,49.6,-0.8897,-1.2216,0.2064,0.6659,39.264,0,0,roam_curve_right,-1.1695,-1.8981,0.2043,0.887,37.497,1,0,roam_curve_right
4970,49.7,-0.8495,-1.1512,0.1955,1.0147,39.345,0,1,roam_curve_right,-1.0704,-1.8589,0.2012,1.1993,37.604,1,0,roam_curve_right
4980,49.8,-0.7867,-1.0624,0.1895,1.1362,39.454,1,0,roam_curve_right,-0.95,-1.8238,0.1855,1.3049,37.729,0,0,roam_curve_right
4990,49.9,-0.7141,-0.9845,0.2034,0.8641,39.561,2,0,roam_curve_right,-0.8185,-1.7894,0.19,1.3701,37.865,0,0,roam_curve_right
5000,50.0,-0.6477,-0.9492,0.1968,0.7183,39.636,3,0,roam_curve_right,-0.6851,-1.757,0.1982,1.3984,38.002,0,0,roam_curve_right
5010,50.1,-0.5766,-0.9381,0.2035,0.5795,39.709,6,0,roam_curve_right,-0.5509,-1.7286,0.2011,1.2549,38.14,3,0,roam_curve_right
5020,50.2,-0.5376,-0.965,0.2149,0.4634,39.758,6,0,roam_curve_right,-0.4345,-1.7417,0.216,1.1571,38.257,1,0,roam_curve_right
5030,50.3,-0.5687,-1.0057,0.2163,0.7939,39.816,5,0,roam_curve_right,-0.3228,-1.7608,0.1892,1.1383,38.371,1,0,roam_curve_right
5040,50.4,-0.6449,-1.0443,0.1845,1.0097,39.901,4,0,roam_curve_right,-0.1999,-1.7852,0.1867,1.3144,38.496,0,0,roam_curve_right
5050,50.5,-0.7248,-1.0818,0.2041,0.7284,39.99,3,0,roam_forward_cruise,-0.1059,-1.8037,0.2053,0.4453,38.592,2,0,roam_forward_cruise
5060,50.6,-0.7855,-1.1183,0.2355,0.712,40.061,1,0,roam_forward_cruise,-0.0673,-1.7954,0.2176,0.3199,38.632,2,0,roam_forward_cruise
5070,50.7,-0.8333,-1.1547,0.2253,0.3559,40.122,0,0,roam_forward_cruise,-0.0374,-1.7698,0.2161,0.5635,38.672,2,0,roam_forward_cruise
5080,50.8,-0.8228,-1.1854,0.2493,0.3507,40.155,0,0,roam_forward_cruise,0.0263,-1.7445,0.2103,0.7708,38.74,1,0,roam_forward_cruise
5090,50.9,-0.79,-1.2113,0.2186,0.5581,40.197,0,0,roam_forward_cruise,0.117,-1.7117,0.1919,1.2106,38.837,1,0,roam_forward_cruise
5100,51.0,-0.7115,-1.2295,0.1971,1.0531,40.278,2,0,roam_forward_cruise,0.2248,-1.6779,0.1896,1.1036,38.95,1,0,roam_forward_cruise
5110,51.1,-0.5988,-1.2396,0.1854,1.1243,40.391,3,0,roam_forward_cruise,0.3341,-1.6494,0.1859,1.148,39.063,0,0,roam_forward_cruise
5120,51.2,-0.5411,-1.2473,0.225,0.3672,40.45,4,0,roam_forward_cruise,0.4523,-1.6192,0.1866,1.2441,39.185,1,0,roam_forward_cruise
5130,51.3,-0.5031,-1.257,0.2309,0.3252,40.489,4,0,roam_forward_cruise,0.5751,-1.5899,0.1884,1.1971,39.311,1,0,roam_forward_cruise
5140,51.4,-0.4902,-1.2665,0.2355,0.0626,40.506,4,0,roam_curve_left,0.6412,-1.5466,0.215,0.7079,39.393,1,0,roam_curve_left
5150,51.5,-0.5051,-1.2746,0.2418,0.4369,40.523,3,0,roam_curve_left,0.6734,-1.4828,0.2078,0.8026,39.466,1,0,roam_curve_left
5160,51.6,-0.5641,-1.2905,0.2528,0.725,40.584,3,0,roam_curve_left,0.6804,-1.3783,0.1996,1.2177,39.57,3,0,roam_curve_left
5170,51.7,-0.6465,-1.3097,0.2047,0.8985,40.669,2,0,roam_curve_left,0.6792,-1.2509,0.185,1.345,39.698,1,0,roam_curve_left
5180,51.8,-0.7522,-1.3496,0.1936,1.2792,40.783,1,0,roam_curve_left,0.671,-1.1176,0.1844,1.3392,39.832,1,0,roam_curve_left
5190,51.9,-0.8676,-1.406,0.1875,1.3074,40.911,1,0,roam_curve_left,0.6611,-0.9815,0.1948,1.3804,39.968,0,0,roam_curve_left
5200,52.0,-0.989,-1.4709,0.1912,1.3973,41.049,2,0,roam_curve_left,0.6514,-0.8437,0.2001,1.3949,40.106,1,0,roam_curve_left
5210,52.1,-1.1118,-1.5396,0.1874,1.4197,41.189,2,0,roam_curve_left,0.6349,-0.7074,0.2059,1.1734,40.243,1,0,roam_curve_left
5220,52.2,-1.2373,-1.6057,0.1858,1.4306,41.331,1,0,roam_pivot_turn,0.6736,-0.6169,0.2463,1.0472,40.346,0,0,roam_pivot_turn
5230,52.3,-1.3648,-1.6697,0.183,1.4232,41.474,1,0,roam_pivot_turn,0.7385,-0.5319,0.2356,1.0824,40.453,2,0,roam_pivot_turn
5240,52.4,-1.4942,-1.7307,0.1819,1.4306,41.617,2,0,roam_pivot_turn,0.7907,-0.4642,0.1941,0.2675,40.538,3,0,roam_pivot_turn
5250,52.5,-1.6102,-1.7917,0.1903,1.1891,41.748,6,0,roam_pivot_turn,0.8017,-0.4698,0.2372,0.1772,40.554,4,0,roam_pivot_turn
5260,52.6,-1.6743,-1.8565,0.2269,0.7062,41.84,5,0,roam_pivot_turn,0.8027,-0.4919,0.2303,0.2926,40.576,3,0,roam_pivot_turn
5270,52.7,-1.7085,-1.9142,0.242,0.5924,41.907,6,0,roam_stance_pause,0.7796,-0.5362,0.2,0.6769,40.627,3,0,roam_stance_pause
5280,52.8,-1.7138,-1.9651,0.265,0.4928,41.959,5,0,roam_stance_pause,0.7417,-0.5841,0.1973,0.4685,40.688,1,0,roam_stance_pause
5290,52.9,-1.706,-2.0077,0.2593,0.3738,42.003,4,0,roam_stance_pause,0.7279,-0.5961,0.1985,0.0811,40.708,2,0,roam_stance_pause
5300,53.0,-1.6766,-2.0368,0.2446,0.5684,42.045,4,0,roam_curve_right,0.7264,-0.5748,0.2013,0.3359,40.729,1,0,roam_curve_right
5310,53.1,-1.6077,-2.0846,0.2256,1.0082,42.128,3,0,roam_curve_right,0.7396,-0.5212,0.2108,0.6844,40.784,1,0,roam_curve_right
5320,53.2,-1.523,-2.1445,0.183,1.1312,42.232,4,0,roam_curve_right,0.7624,-0.4492,0.1987,0.8307,40.86,3,0,roam_curve_right
5330,53.3,-1.4328,-2.2195,0.2001,1.1704,42.349,2,0,roam_curve_right,0.7495,-0.3969,0.2108,0.5857,40.92,3,0,roam_curve_right
5340,53.4,-1.3393,-2.3013,0.1856,1.35,42.474,0,0,roam_curve_right,0.6927,-0.3543,0.2078,0.8461,40.991,3,0,roam_curve_right
5350,53.5,-1.2467,-2.396,0.1881,1.2834,42.606,3,0,boundary_turn_inward,0.6285,-0.2804,0.1899,1.109,41.089,1,0,roam_curve_right
5360,53.6,-1.2005,-2.4903,0.2149,1.0225,42.713,4,0,boundary_turn_inward,0.5664,-0.1771,0.1881,1.2364,41.21,0,0,roam_curve_right
5370,53.7,-1.1776,-2.5916,0.1928,1.044,42.817,2,0,boundary_turn_inward,0.5072,-0.0655,0.1884,1.288,41.336,0,0,roam_curve_right
5380,53.8,-1.1221,-2.6882,0.1896,1.16,42.929,2,0,boundary_turn_inward,0.451,0.0523,0.1861,1.3346,41.467,0,0,roam_curve_right
5390,53.9,-1.0506,-2.7795,0.181,1.1626,43.045,3,0,boundary_turn_inward,0.4003,0.1786,0.1885,1.3667,41.603,1,0,roam_curve_right
5400,54.0,-0.9672,-2.8617,0.1891,1.1746,43.162,0,0,boundary_turn_inward,0.3514,0.3072,0.1999,1.3984,41.74,5,0,roam_curve_right
5410,54.1,-0.8778,-2.9381,0.1811,1.18,43.28,1,0,boundary_turn_inward,0.3077,0.4114,0.2222,0.6795,41.854,7,0,roam_forward_cruise
5420,54.2,-0.784,-3.0088,0.1845,1.1693,43.397,0,0,boundary_turn_inward,0.2686,0.4554,0.2654,0.5807,41.913,6,0,roam_forward_cruise
5430,54.3,-0.6906,-3.074,0.1975,1.0954,43.511,0,0,boundary_emergency_brake,0.2337,0.479,0.2684,0.2901,41.957,7,0,roam_forward_cruise
5440,54.4,-0.604,-3.1324,0.2218,0.9892,43.616,0,0,boundary_emergency_brake,0.2092,0.4649,0.2623,0.3013,41.986,7,0,roam_forward_cruise
5450,54.5,-0.5346,-3.1814,0.2357,0.6797,43.701,0,0,boundary_emergency_brake,0.1872,0.4349,0.2485,0.3058,42.023,7,0,roam_forward_cruise
5460,54.6,-0.4959,-3.2108,0.2468,0.395,43.749,0,0,boundary_emergency_brake,0.1766,0.4204,0.2424,0.0471,42.041,8,0,roam_forward_cruise
5470,54.7,-0.4724,-3.2293,0.2103,0.105,43.779,0,0,boundary_emergency_brake,0.1812,0.4164,0.2376,0.0997,42.047,7,0,roam_forward_cruise
5480,54.8,-0.4781,-3.2213,0.204,0.2594,43.792,0,0,roam_forward_cruise,0.1907,0.413,0.2361,0.0631,42.057,7,0,roam_forward_cruise
5490,54.9,-0.4784,-3.1872,0.2156,0.4184,43.826,0,0,roam_forward_cruise,0.1903,0.4064,0.2368,0.1071,42.065,7,0,roam_forward_cruise
5500,55.0,-0.4787,-3.1257,0.193,0.7834,43.887,0,0,roam_curve_left,0.1775,0.383,0.2388,0.4847,42.092,5,0,roam_curve_left
5510,55.1,-0.4912,-3.0284,0.1943,1.0606,43.985,2,0,roam_curve_left,0.1524,0.3181,0.231,0.8358,42.162,3,0,roam_curve_left
5520,55.2,-0.5137,-2.9207,0.1877,1.0619,44.095,2,0,roam_curve_left,0.1301,0.2274,0.1986,0.9678,42.255,1,0,roam_curve_left
5530,55.3,-0.5513,-2.8297,0.2018,0.8006,44.194,2,0,roam_curve_left,0.1138,0.1197,0.1977,1.1583,42.364,0,0,roam_curve_left
5540,55.4,-0.5481,-2.7645,0.2233,0.6251,44.26,2,0,roam_curve_left,0.1023,-0.0022,0.1842,1.2773,42.487,0,0,roam_curve_left
5550,55.5,-0.5256,-2.7064,0.2105,0.5682,44.323,2,0,roam_curve_left,0.1008,-0.1358,0.19,1.3525,42.62,0,0,roam_curve_left
5560,55.6,-0.5066,-2.6792,0.2315,0.1991,44.356,3,0,roam_curve_left,0.1042,-0.2733,0.187,1.3929,42.758,0,0,roam_curve_left
5570,55.7,-0.4913,-2.6754,0.2288,0.1565,44.373,3,0,boundary_turn_inward,0.1108,-0.4124,0.2034,1.4128,42.897,0,0,roam_curve_left
5580,55.8,-0.472,-2.69,0.2268,0.2891,44.397,1,0,boundary_turn_inward,0.1195,-0.5524,0.1771,1.4108,43.037,0,0,roam_pivot_turn
5590,55.9,-0.4556,-2.6973,0.2144,0.1501,44.415,1,0,boundary_turn_inward,0.1266,-0.6962,0.1893,1.4494,43.181,0,0,roam_pivot_turn
5600,56.0,-0.4442,-2.7014,0.2128,0.075,44.427,1,0,boundary_turn_inward,0.1335,-0.8413,0.1794,1.4533,43.327,0,0,roam_pivot_turn
5610,56.1,-0.4362,-2.7026,0.2112,0.0773,44.436,2,1,boundary_turn_inward,0.1387,-0.9857,0.1839,1.4382,43.471,0,0,roam_pivot_turn
5620,56.2,-0.4232,-2.714,0.2051,0.2184,44.453,4,1,boundary_turn_inward,0.1412,-1.1289,0.1827,1.4283,43.614,0,0,roam_pivot_turn
5630,56.3,-0.4161,-2.7176,0.2007,0.0333,44.462,4,1,boundary_turn_inward,0.1391,-1.2627,0.185,1.3338,43.748,0,0,roam_stance_pause
5640,56.4,-0.4138,-2.717,0.2029,0.0267,44.465,4,1,boundary_turn_inward,0.1397,-1.3908,0.2083,1.227,43.876,0,0,roam_stance_pause
5650,56.5,-0.4106,-2.7156,0.2012,0.0331,44.469,4,0,boundary_turn_inward,0.1391,-1.5085,0.2177,1.0907,43.994,1,0,roam_stance_pause
5660,56.6,-0.4084,-2.7136,0.2044,0.0432,44.472,4,0,roam_curve_right,0.1367,-1.6061,0.2236,0.9285,44.092,1,0,roam_curve_right
5670,56.7,-0.4207,-2.6996,0.2136,0.3385,44.492,3,0,roam_curve_right,0.131,-1.6903,0.2202,0.817,44.176,1,0,roam_curve_right
5680,56.8,-0.4473,-2.6974,0.2208,0.2079,44.519,2,0,boundary_turn_inward,0.1116,-1.776,0.2015,0.9943,44.264,1,0,roam_curve_right
5690,56.9,-0.465,-2.7046,0.2181,0.139,44.538,2,0,boundary_turn_inward,0.0924,-1.8578,0.2158,0.7745,44.348,1,0,roam_curve_right
5700,57.0,-0.4755,-2.7021,0.2155,0.0818,44.549,2,0,boundary_turn_inward,0.1014,-1.9281,0.2126,0.7266,44.42,1,0,roam_curve_right
5710,57.1,-0.4852,-2.7047,0.2161,0.127,44.559,3,0,boundary_turn_inward,0.1325,-2.0078,0.1957,0.9876,44.505,1,0,roam_curve_right
5720,57.2,-0.5001,-2.7075,0.2122,0.1841,44.574,2,0,boundary_turn_inward,0.1611,-2.1095,0.1848,1.0158,44.611,3,0,roam_curve_right
5730,57.3,-0.5234,-2.7119,0.2038,0.2887,44.598,4,0,boundary_turn_inward,0.1714,-2.2111,0.1898,1.0544,44.713,5,0,roam_curve_right
5740,57.4,-0.5366,-2.7046,0.2083,0.2173,44.618,3,0,roam_curve_right,0.1715,-2.286,0.2253,0.5329,44.788,6,0,roam_curve_right
5750,57.5,-0.5168,-2.6813,0.2212,0.259,44.649,3,0,roam_curve_right,0.165,-2.3384,0.2381,0.4443,44.841,8,0,roam_curve_right
5760,57.6,-0.5008,-2.6832,0.2244,0.1572,44.667,2,0,boundary_turn_inward,0.1573,-2.3724,0.2487,0.3291,44.876,8,0,roam_curve_right
5770,57.7,-0.4836,-2.7038,0.2193,0.3593,44.695,2,0,boundary_turn_inward,0.1475,-2.3924,0.2637,0.1479,44.899,8,0,roam_forward_cruise
5780,57.8,-0.4455,-2.7189,0.2069,0.4427,44.736,2,0,boundary_turn_inward,0.1349,-2.3991,0.2767,0.1471,44.913,7,0,roam_forward_cruise
5790,57.9,-0.395,-2.7317,0.1879,0.5435,44.789,0,0,roam_forward_cruise,0.1147,-2.3985,0.2595,0.3448,44.934,8,0,roam_forward_cruise
5800,58.0,-0.3498,-2.724,0.2035,0.3254,44.835,2,0,roam_forward_cruise,0.0749,-2.384,0.253,0.5268,44.976,7,0,roam_forward_cruise
5810,58.1,-0.3287,-2.7127,0.2279,0.2197,44.859,3,0,roam_forward_cruise,0.0212,-2.3646,0.2546,0.5745,45.033,7,0,roam_forward_cruise
5820,58.2,-0.3363,-2.6865,0.2274,0.5094,44.889,2,0,roam_forward_cruise,-0.0375,-2.3399,0.2541,0.6662,45.097,6,0,roam_forward_cruise
5830,58.3,-0.3756,-2.651,0.2119,0.3202,44.943,3,1,roam_forward_cruise,-0.0998,-2.3067,0.2441,0.8225,45.168,5,0,roam_forward_cruise
5840,58.4,-0.3863,-2.6712,0.2153,0.3081,44.969,4,0,roam_forward_cruise,-0.171,-2.2543,0.2184,0.9848,45.256,4,0,roam_forward_cruise
5850,58.5,-0.3779,-2.7088,0.1994,0.453,45.008,3,0,boundary_turn_inward,-0.2585,-2.1841,0.1733,1.2491,45.368,1,1,roam_forward_cruise
5860,58.6,-0.3643,-2.734,0.1999,0.2188,45.038,1,0,boundary_turn_inward,-0.3539,-2.1161,0.1989,1.134,45.485,1,3,roam_curve_left
5870,58.7,-0.3432,-2.7353,0.1871,0.3637,45.061,3,0,roam_curve_left,-0.45,-2.0467,0.1846,1.2388,45.604,0,1,roam_curve_left
5880,58.8,-0.296,-2.7049,0.2115,0.6,45.117,3,0,roam_curve_left,-0.5561,-1.9728,0.1881,1.3076,45.733,0,1,roam_curve_left
5890,58.9,-0.2583,-2.661,0.2064,0.6853,45.176,4,0,roam_curve_left,-0.6682,-1.9007,0.1843,1.3531,45.867,0,0,roam_curve_left
5900,59.0,-0.2267,-2.5878,0.1967,0.6821,45.256,5,1,roam_curve_left,-0.785,-1.8303,0.19,1.3687,46.003,0,0,roam_curve_left
5910,59.1,-0.211,-2.5596,0.2202,0.1777,45.288,5,0,roam_curve_left,-0.9062,-1.7606,0.2008,1.4115,46.143,0,0,roam_curve_left
5920,59.2,-0.1985,-2.5535,0.2282,0.1428,45.302,5,0,roam_curve_left,-1.0304,-1.6908,0.198,1.4197,46.285,0,0,roam_curve_left
5930,59.3,-0.1825,-2.5624,0.2298,0.3415,45.321,5,0,roam_curve_left,-1.153,-1.6192,0.2056,1.4358,46.427,1,0,roam_curve_left
5940,59.4,-0.1648,-2.6023,0.2275,0.5626,45.366,4,0,roam_pivot_turn,-1.2742,-1.5456,0.1832,1.3311,46.569,2,0,roam_pivot_turn
5950,59.5,-0.1704,-2.6583,0.2288,0.3069,45.424,5,0,roam_pivot_turn,-1.3736,-1.5269,0.1947,1.0407,46.671,2,0,roam_pivot_turn
5960,59.6,-0.1987,-2.6691,0.2267,0.3727,45.454,4,0,roam_pivot_turn,-1.4821,-1.5091,0.1832,1.1537,46.781,3,0,roam_pivot_turn
5970,59.7,-0.2584,-2.6532,0.1888,0.7512,45.516,4,1,roam_pivot_turn,-1.5762,-1.4762,0.2025,0.7581,46.883,3,0,roam_pivot_turn
5980,59.8,-0.3167,-2.6223,0.1991,0.4667,45.583,4,1,roam_pivot_turn,-1.5979,-1.3932,0.2328,0.9146,46.969,4,0,roam_pivot_turn
5990,59.9,-0.3278,-2.5944,0.2232,0.266,45.615,2,1,roam_stance_pause,-1.6033,-1.2985,0.2127,0.9641,47.064,5,0,roam_stance_pause
6000,60.0,-0.318,-2.5714,0.2174,0.128,45.64,2,1,roam_stance_pause,-1.5733,-1.2115,0.1987,0.8566,47.157,4,0,roam_stance_pause
6010,60.1,-0.3126,-2.5768,0.2151,0.159,45.649,2,1,roam_stance_pause,-1.5424,-1.1425,0.2179,0.6883,47.233,2,1,roam_stance_pause
6020,60.2,-0.2966,-2.5992,0.2053,0.4139,45.677,2,0,roam_curve_right,-1.5192,-1.0912,0.2166,0.4393,47.289,3,1,roam_curve_right
6030,60.3,-0.2829,-2.6538,0.2091,0.6544,45.733,2,0,roam_curve_right,-1.4974,-1.0622,0.2196,0.2797,47.325,3,1,roam_curve_right
6040,60.4,-0.2823,-2.7167,0.1926,0.475,45.797,3,0,boundary_turn_inward,-1.4913,-1.0373,0.2149,0.2985,47.352,4,3,roam_curve_right
6050,60.5,-0.3356,-2.7298,0.1969,0.3695,45.854,2,0,roam_curve_right,-1.4882,-0.9941,0.2169,0.6447,47.395,2,3,roam_curve_right
6060,60.6,-0.3665,-2.705,0.1965,0.5041,45.894,2,1,roam_curve_right,-1.4627,-0.9225,0.2058,0.7813,47.471,2,3,roam_curve_right
6070,60.7,-0.3828,-2.6723,0.2093,0.1701,45.931,3,1,roam_curve_right,-1.4246,-0.8542,0.2079,0.8515,47.55,2,4,roam_curve_right
6080,60.8,-0.3603,-2.6837,0.2116,0.5789,45.962,3,1,boundary_turn_inward,-1.3736,-0.7813,0.1985,0.9883,47.639,2,2,roam_curve_right
6090,60.9,-0.3131,-2.7053,0.1937,0.6318,46.017,2,0,roam_curve_right,-1.3024,-0.6904,0.1871,1.2052,47.755,0,2,roam_curve_right
6100,61.0,-0.2747,-2.7001,0.1906,0.11,46.056,3,0,roam_curve_right,-1.2203,-0.599,0.1874,1.255,47.878,0,0,roam_curve_right
6110,61.1,-0.2602,-2.6951,0.2219,0.1539,46.072,4,0,roam_curve_right,-1.1308,-0.5066,0.1849,1.3014,48.006,1,0,roam_curve_right
6120,61.2,-0.2391,-2.6938,0.2104,0.194,46.093,2,0,roam_curve_right,-1.0477,-0.4271,0.1995,0.3066,48.121,2,0,roam_curve_right
6130,61.3,-0.2427,-2.6835,0.1965,0.1499,46.109,2,0,roam_forward_cruise,-1.0297,-0.4044,0.2359,0.2894,48.15,3,0,roam_forward_cruise
6140,61.4,-0.2594,-2.7024,0.2088,0.3202,46.135,2,0,boundary_turn_inward,-1.0222,-0.4047,0.2374,0.1505,48.163,2,0,roam_forward_cruise
6150,61.5,-0.299,-2.7134,0.1929,0.4853,46.178,3,0,boundary_turn_inward,-1.0466,-0.4403,0.2069,0.6212,48.206,1,0,roam_forward_cruise
6160,61.6,-0.3379,-2.7027,0.1822,0.3933,46.219,3,1,roam_forward_cruise,-1.107,-0.5041,0.2032,0.9422,48.294,2,0,roam_forward_cruise
6170,61.7,-0.3702,-2.6962,0.1918,0.1989,46.252,3,1,boundary_turn_inward,-1.1804,-0.566,0.1946,0.9801,48.39,1,0,roam_forward_cruise
6180,61.8,-0.3792,-2.6936,0.2023,0.0108,46.261,4,1,boundary_turn_inward,-1.2609,-0.6469,0.19,1.2292,48.505,0,1,roam_forward_cruise
6190,61.9,-0.3665,-2.698,0.1965,0.2147,46.275,4,1,roam_forward_cruise,-1.3468,-0.7398,0.1852,1.294,48.631,1,1,roam_forward_cruise
6200,62.0,-0.3411,-2.6976,0.1868,0.2754,46.3,2,1,roam_forward_cruise,-1.4329,-0.8343,0.1916,1.1642,48.759,1,4,roam_forward_cruise
6210,62.1,-0.3181,-2.6981,0.1924,0.1972,46.323,2,1,boundary_turn_inward,-1.4919,-0.926,0.204,1.1052,48.868,1,3,roam_forward_cruise
6220,62.2,-0.2898,-2.681,0.2101,0.4583,46.357,2,0,roam_curve_left,-1.5586,-1.0277,0.1824,1.2949,48.99,3,0,roam_curve_left
6230,62.3,-0.2561,-2.6479,0.2094,0.471,46.405,5,0,roam_curve_left,-1.6273,-1.1402,0.1874,1.3177,49.121,3,0,roam_curve_left
6240,62.4,-0.2552,-2.6142,0.2063,0.4885,46.445,5,1,roam_curve_left,-1.6579,-1.2259,0.2244,0.7824,49.213,2,0,roam_curve_left
6250,62.5,-0.3072,-2.5882,0.2078,0.6295,46.504,1,2,roam_curve_left,-1.6637,-1.3007,0.2326,0.7266,49.288,6,0,roam_curve_left
6260,62.6,-0.3609,-2.5916,0.2173,0.3006,46.558,5,2,roam_curve_left,-1.6422,-1.3677,0.2294,0.7423,49.359,5,0,roam_curve_left
6270,62.7,-0.3686,-2.6039,0.2327,0.1887,46.576,4,2,roam_curve_left,-1.5859,-1.4344,0.2141,0.9552,49.447,4,0,roam_curve_left
6280,62.8,-0.3379,-2.6228,0.2307,0.5239,46.612,2,1,roam_curve_left,-1.4946,-1.482,0.1784,1.1875,49.551,5,0,roam_curve_left
6290,62.9,-0.2766,-2.6471,0.1877,0.8155,46.678,3,1,roam_curve_left,-1.3857,-1.5236,0.1951,0.981,49.668,1,0,roam_curve_left
6300,63.0,-0.2469,-2.6619,0.1929,0.166,46.716,4,0,roam_pivot_turn,-1.3051,-1.5846,0.1761,1.1096,49.769,2,0,roam_pivot_turn
6310,63.1,-0.2818,-2.637,0.189,0.4004,46.759,2,1,roam_pivot_turn,-1.2262,-1.6468,0.1902,0.978,49.869,0,0,roam_pivot_turn
6320,63.2,-0.284,-2.6145,0.1975,0.314,46.786,1,2,roam_pivot_turn,-1.1485,-1.7101,0.1838,1.044,49.969,0,0,roam_pivot_turn
6330,63.3,-0.2534,-2.6064,0.1961,0.2997,46.82,4,2,roam_pivot_turn,-1.0743,-1.7849,0.1833,1.0543,50.075,0,0,roam_pivot_turn
6340,63.4,-0.2559,-2.6464,0.1836,0.4593,46.862,4,1,roam_pivot_turn,-1.0058,-1.8679,0.1885,1.0906,50.182,0,0,roam_pivot_turn
6350,63.5,-0.2802,-2.6717,0.1931,0.3239,46.898,4,0,roam_stance_pause,-0.9395,-1.9549,0.184,1.0827,50.292,1,0,roam_stance_pause
6360,63.6,-0.3019,-2.6873,0.1947,0.2295,46.925,3,0,boundary_turn_inward,-0.8767,-2.0386,0.2071,1.032,50.396,1,0,roam_stance_pause
6370,63.7,-0.3246,-2.6902,0.1932,0.2374,46.949,1,0,roam_stance_pause,-0.8213,-2.1105,0.2172,0.7069,50.487,2,0,roam_stance_pause
6380,63.8,-0.3408,-2.6834,0.2005,0.2239,46.967,2,0,roam_curve_right,-0.7839,-2.1588,0.2201,0.5992,50.548,2,2,roam_curve_right
6390,63.9,-0.3515,-2.6529,0.2139,0.3222,47.0,4,0,roam_curve_right,-0.7568,-2.2091,0.213,0.6122,50.606,1,2,roam_curve_right
6400,64.0,-0.3412,-2.6302,0.2183,0.3901,47.028,4,1,roam_curve_right,-0.7293,-2.2652,0.2099,0.6753,50.668,1,5,roam_curve_right
6410,64.1,-0.2945,-2.6286,0.2063,0.6225,47.075,3,1,roam_curve_right,-0.6755,-2.3185,0.2048,0.8347,50.744,2,8,roam_curve_right
6420,64.2,-0.216,-2.6451,0.1911,0.4054,47.156,3,0,roam_curve_right,-0.6134,-2.395,0.1675,1.1425,50.843,2,11,roam_curve_right
6430,64.3,-0.1722,-2.6241,0.2029,0.5872,47.205,3,0,roam_curve_right,-0.5777,-2.4492,0.1807,0.0957,50.91,4,9,roam_curve_right
6440,64.4,-0.1234,-2.6321,0.212,0.3682,47.256,4,0,roam_curve_right,-0.5949,-2.4354,0.1965,0.3276,50.932,1,7,roam_curve_right
6450,64.5,-0.1032,-2.6549,0.2255,0.2189,47.288,4,0,roam_curve_right,-0.6244,-2.3842,0.1912,0.8584,50.992,1,8,roam_curve_right
6460,64.6,-0.1132,-2.6646,0.2333,0.0791,47.304,4,0,roam_curve_right,-0.6449,-2.3114,0.1835,0.7647,51.068,1,9,roam_curve_right
6470,64.7,-0.1201,-2.6399,0.2181,0.3656,47.33,5,0,roam_curve_right,-0.6311,-2.2165,0.1818,1.0622,51.164,1,7,roam_curve_right
6480,64.8,-0.1301,-2.5883,0.2189,0.3629,47.383,5,0,roam_curve_right,-0.5999,-2.1221,0.1717,0.8423,51.264,0,6,roam_curve_right
6490,64.9,-0.1285,-2.5889,0.2416,0.3412,47.402,3,0,roam_forward_cruise,-0.5634,-2.0523,0.2009,0.7818,51.343,0,2,roam_forward_cruise
6500,65.0,-0.1192,-2.6393,0.2572,0.6415,47.454,5,0,roam_forward_cruise,-0.5155,-1.9932,0.2112,0.7685,51.42,0,1,roam_forward_cruise
6510,65.1,-0.1071,-2.7008,0.2475,0.3779,47.517,5,0,boundary_turn_inward,-0.4427,-1.958,0.2153,0.8757,51.501,0,0,roam_forward_cruise
6520,65.2,-0.09,-2.7026,0.2643,0.2259,47.538,1,0,roam_forward_cruise,-0.3416,-1.9382,0.2021,1.2049,51.604,0,0,roam_forward_cruise
6530,65.3,-0.0664,-2.6912,0.2426,0.3665,47.564,4,0,roam_forward_cruise,-0.211,-1.9367,0.1923,1.4105,51.735,0,0,roam_forward_cruise
6540,65.4,-0.0159,-2.6836,0.2319,0.6347,47.616,3,0,roam_forward_cruise,-0.0974,-1.9556,0.2078,0.7175,51.851,1,0,roam_forward_cruise
6550,65.5,0.0503,-2.7047,0.2092,0.6464,47.686,4,0,boundary_turn_inward,-0.0486,-2.0083,0.2455,0.7275,51.923,0,0,roam_forward_cruise
6560,65.6,0.1095,-2.7221,0.1763,0.7131,47.748,4,0,boundary_turn_inward,0.0004,-2.0629,0.1944,0.7618,51.997,2,0,roam_forward_cruise
6570,65.7,0.1795,-2.7141,0.1985,0.7098,47.818,2,0,boundary_turn_inward,0.0747,-2.1361,0.1914,1.1549,52.101,4,0,roam_forward_cruise
6580,65.8,0.2554,-2.6952,0.191,0.9354,47.897,3,0,roam_curve_left,0.1629,-2.2008,0.1886,1.0602,52.21,5,0,roam_curve_left
6590,65.9,0.3457,-2.66,0.1955,0.9587,47.994,3,0,roam_curve_left,0.2509,-2.2292,0.1953,0.8967,52.303,4,0,roam_curve_left
6600,66.0,0.4426,-2.6166,0.1894,1.0795,48.1,7,0,roam_curve_left,0.3414,-2.2189,0.2016,0.9784,52.395,4,0,roam_curve_left
6610,66.1,0.5338,-2.5915,0.2051,0.8928,48.195,6,0,roam_curve_left,0.4426,-2.1761,0.1886,1.1615,52.505,3,0,roam_curve_left
6620,66.2,0.6146,-2.6074,0.2041,0.8384,48.278,6,0,roam_curve_left,0.5478,-2.1138,0.1908,1.2446,52.628,3,0,roam_curve_left
6630,66.3,0.6921,-2.6465,0.1786,0.8719,48.365,6,0,boundary_turn_inward,0.6554,-2.0455,0.1826,1.3268,52.755,0,0,roam_curve_left
6640,66.4,0.7738,-2.6688,0.1993,0.6749,48.45,7,0,boundary_turn_inward,0.7655,-1.9686,0.1856,1.3443,52.889,1,0,roam_curve_left
6650,66.5,0.8307,-2.6885,0.2114,0.4421,48.51,6,0,boundary_turn_inward,0.8753,-1.8894,0.19,1.3132,53.025,2,0,roam_curve_left
6660,66.6,0.8548,-2.7186,0.2222,0.3717,48.549,5,0,boundary_turn_inward,0.9716,-1.8321,0.2123,1.0425,53.137,1,0,roam_pivot_turn
6670,66.7,0.8734,-2.7545,0.2144,0.4602,48.59,5,0,boundary_turn_inward,1.0673,-1.7754,0.1843,1.1436,53.248,1,4,roam_pivot_turn
6680,66.8,0.9018,-2.7942,0.1996,0.5208,48.639,3,0,boundary_turn_inward,1.1742,-1.7268,0.1911,1.1836,53.366,0,5,roam_pivot_turn
6690,66.9,0.9528,-2.8195,0.1905,0.6558,48.697,3,0,boundary_turn_inward,1.2812,-1.6877,0.1755,1.1286,53.48,0,4,roam_pivot_turn
6700,67.0,1.012,-2.8333,0.189,0.5925,48.758,4,0,boundary_turn_inward,1.3756,-1.6428,0.1875,0.9912,53.584,0,3,roam_pivot_turn
6710,67.1,1.0725,-2.8369,0.1915,0.6154,48.819,4,0,boundary_turn_inward,1.4641,-1.5995,0.1859,1.0003,53.683,0,1,roam_stance_pause
6720,67.2,1.1336,-2.8233,0.1879,0.6328,48.882,3,0,boundary_turn_inward,1.5484,-1.5563,0.2049,0.8755,53.778,0,0,roam_stance_pause
6730,67.3,1.188,-2.8,0.1963,0.4987,48.941,5,0,boundary_turn_inward,1.6205,-1.5224,0.2162,0.7141,53.857,0,0,roam_stance_pause
6740,67.4,1.2254,-2.7892,0.2084,0.2474,48.98,6,0,boundary_turn_inward,1.6745,-1.4977,0.2196,0.4909,53.917,2,0,roam_curve_right
6750,67.5,1.2358,-2.7835,0.2142,0.0437,48.992,6,0,roam_curve_right,1.7159,-1.4796,0.2175,0.4449,53.962,2,0,roam_curve_right
6760,67.6,1.2241,-2.766,0.2212,0.3791,49.013,6,0,roam_curve_right,1.7712,-1.4621,0.2114,0.7588,54.02,1,0,roam_curve_right
6770,67.7,1.2045,-2.747,0.2215,0.1825,49.041,6,0,roam_curve_right,1.8549,-1.445,0.211,0.8257,54.105,2,0,roam_curve_right
6780,67.8,1.1851,-2.7576,0.2176,0.2567,49.064,6,0,boundary_turn_inward,1.9332,-1.4326,0.2064,0.8132,54.185,2,0,roam_curve_right
6790,67.9,1.1582,-2.7722,0.2128,0.3567,49.095,7,0,roam_curve_right,2.0221,-1.4179,0.1783,1.0199,54.275,2,0,roam_curve_right
6800,68.0,1.1186,-2.787,0.1997,0.4865,49.137,4,0,boundary_turn_inward,2.1318,-1.4153,0.1956,1.135,54.385,2,0,roam_curve_right
6810,68.1,1.0683,-2.8061,0.1926,0.6035,49.192,5,0,roam_curve_right,2.2502,-1.4204,0.1853,1.1569,54.503,4,0,roam_curve_right
6820,68.2,0.9965,-2.8142,0.1942,0.7804,49.264,5,0,roam_curve_right,2.3483,-1.4215,0.2081,0.9411,54.602,3,0,boundary_turn_inward
6830,68.3,0.9175,-2.8225,0.1975,0.8431,49.343,3,0,roam_curve_right,2.4478,-1.4186,0.1921,0.7206,54.701,4,0,boundary_turn_inward
6840,68.4,0.819,-2.8219,0.191,1.0861,49.442,2,0,roam_curve_right,2.5189,-1.4273,0.201,0.6593,54.773,1,0,boundary_turn_inward
6850,68.5,0.7134,-2.8152,0.1941,1.0081,49.548,1,0,roam_forward_cruise,2.5845,-1.4106,0.194,0.7668,54.842,0,0,boundary_turn_inward
6860,68.6,0.6197,-2.7974,0.2272,0.9192,49.643,2,0,roam_forward_cruise,2.6508,-1.3609,0.1866,0.8912,54.925,0,0,boundary_turn_inward
6870,68.7,0.5383,-2.7718,0.2335,0.8114,49.729,0,0,roam_forward_cruise,2.7078,-1.2882,0.1864,0.9486,55.017,0,0,boundary_turn_inward
6880,68.8,0.4793,-2.7334,0.2255,0.6257,49.8,2,0,roam_forward_cruise,2.7496,-1.1983,0.1875,1.0244,55.117,1,0,roam_forward_cruise
6890,68.9,0.4553,-2.6759,0.227,0.6329,49.863,3,0,roam_forward_cruise,2.7822,-1.1005,0.1836,1.0433,55.22,1,0,roam_forward_cruise
6900,69.0,0.4596,-2.6061,0.1973,0.7432,49.934,8,0,roam_forward_cruise,2.8105,-1.0003,0.1857,1.0498,55.324,1,0,boundary_turn_inward
6910,69.1,0.4924,-2.5559,0.2171,0.4771,49.994,6,0,roam_forward_cruise,2.8371,-0.9041,0.187,0.9258,55.424,2,0,boundary_turn_inward
6920,69.2,0.5191,-2.5377,0.2276,0.2318,50.027,8,0,roam_forward_cruise,2.8663,-0.8153,0.1885,0.938,55.517,2,0,boundary_turn_inward
6930,69.3,0.5451,-2.5393,0.2351,0.3358,50.053,8,0,roam_forward_cruise,2.883,-0.7207,0.1854,0.9749,55.613,1,0,boundary_turn_inward
6940,69.4,0.5842,-2.5425,0.2355,0.4219,50.092,7,0,roam_curve_left,2.8941,-0.6213,0.1924,1.0394,55.714,1,0,roam_curve_left
6950,69.5,0.63,-2.5677,0.2309,0.6892,50.145,7,0,roam_curve_left,2.8967,-0.5131,0.1851,1.1817,55.822,1,0,roam_curve_left
6960,69.6,0.6889,-2.6193,0.2094,0.852,50.223,6,0,boundary_turn_inward,2.8923,-0.3903,0.1865,1.248,55.945,1,0,roam_curve_left
6970,69.7,0.748,-2.6744,0.1843,0.6966,50.304,6,0,boundary_turn_inward,2.881,-0.2678,0.1989,1.1137,56.068,2,0,roam_curve_left
6980,69.8,0.796,-2.7205,0.2086,0.6708,50.371,5,0,boundary_turn_inward,2.8639,-0.1604,0.2116,1.1254,56.176,1,0,roam_curve_left
6990,69.9,0.8386,-2.7636,0.2078,0.5779,50.431,2,0,boundary_turn_inward,2.8377,-0.051,0.1946,0.8062,56.29,2,0,roam_curve_left
7000,70.0,0.885,-2.7998,0.2036,0.5614,50.49,2,0,boundary_turn_inward,2.7732,0.0014,0.2154,0.8549,56.373,2,0,roam_curve_left
7010,70.1,0.9294,-2.8283,0.2089,0.538,50.543,3,0,boundary_turn_inward,2.728,0.0169,0.2271,0.2318,56.426,1,0,roam_curve_left
7020,70.2,0.9833,-2.8492,0.1892,0.6182,50.601,3,0,boundary_turn_inward,2.7157,-0.0047,0.2245,0.3325,56.451,1,0,roam_pivot_turn
7030,70.3,1.0517,-2.8467,0.1867,0.7119,50.67,5,0,boundary_turn_inward,2.6914,-0.051,0.2039,0.6791,56.503,0,0,roam_pivot_turn
7040,70.4,1.1202,-2.8265,0.1847,0.6853,50.741,5,0,boundary_turn_inward,2.6388,-0.1031,0.1834,0.8246,56.578,0,0,roam_pivot_turn
7050,70.5,1.1776,-2.8011,0.1933,0.5997,50.804,6,0,boundary_turn_inward,2.5591,-0.1433,0.1877,0.9128,56.667,0,0,roam_pivot_turn
7060,70.6,1.2244,-2.7854,0.2025,0.4295,50.854,6,0,boundary_turn_inward,2.4659,-0.1752,0.1868,1.0361,56.766,0,0,roam_pivot_turn
7070,70.7,1.2652,-2.7848,0.2047,0.3758,50.895,8,0,boundary_turn_inward,2.3635,-0.1997,0.1868,1.0319,56.871,0,0,roam_stance_pause
7080,70.8,1.3007,-2.7935,0.2048,0.3787,50.931,7,0,boundary_turn_inward,2.2654,-0.2218,0.2053,0.986,56.972,0,1,roam_stance_pause
7090,70.9,1.3407,-2.8061,0.1985,0.4381,50.973,8,0,boundary_turn_inward,2.1806,-0.2409,0.2171,0.7553,57.059,0,1,roam_stance_pause
7100,71.0,1.3826,-2.7982,0.1946,0.4541,51.017,8,0,boundary_turn_inward,2.1146,-0.2555,0.2154,0.6119,57.126,1,0,roam_curve_right
7110,71.1,1.4236,-2.8034,0.21,0.3823,51.06,7,0,boundary_emergency_brake,2.0601,-0.2539,0.2145,0.5949,57.181,2,0,roam_curve_right
7120,71.2,1.4555,-2.8174,0.2067,0.2236,51.095,7,0,boundary_emergency_brake,1.9882,-0.2258,0.2118,0.9458,57.259,2,0,roam_curve_right
7130,71.3,1.4685,-2.8191,0.2002,0.091,51.108,7,0,boundary_turn_inward,1.8977,-0.1751,0.1947,1.0535,57.363,2,0,roam_curve_right
7140,71.4,1.4753,-2.8053,0.2015,0.2931,51.124,7,0,roam_curve_right,1.8225,-0.1065,0.1886,1.1428,57.464,2,0,roam_curve_right
7150,71.5,1.4877,-2.774,0.2074,0.3467,51.158,8,0,roam_curve_right,1.7423,-0.0148,0.1908,1.2417,57.586,1,0,roam_curve_right
7160,71.6,1.5039,-2.7589,0.2147,0.1353,51.181,8,0,boundary_turn_inward,1.6606,0.0811,0.1859,1.2994,57.712,1,0,roam_curve_right
7170,71.7,1.5058,-2.7761,0.2123,0.2839,51.202,7,0,boundary_emergency_brake,1.579,0.1859,0.1849,1.3483,57.845,1,0,roam_curve_right
7180,71.8,1.4992,-2.7931,0.2114,0.1469,51.22,6,0,boundary_turn_inward,1.4998,0.2961,0.1897,1.3586,57.981,2,0,roam_curve_right
7190,71.9,1.4887,-2.8048,0.1952,0.1767,51.236,7,0,boundary_turn_inward,1.4234,0.4102,0.1932,1.3706,58.118,2,2,roam_curve_right
7200,72.0,1.461,-2.8049,0.1992,0.4828,51.264,6,0,roam_curve_right,1.35,0.5232,0.2005,1.203,58.253,1,5,roam_curve_right
7210,72.1,1.412,-2.7894,0.2049,0.5144,51.316,6,0,roam_forward_cruise,1.2635,0.6141,0.1981,1.3459,58.378,1,6,roam_forward_cruise
7220,72.2,1.371,-2.7788,0.2201,0.3655,51.358,8,0,roam_forward_cruise,1.184,0.7274,0.1863,1.3221,58.517,1,6,roam_forward_cruise
7230,72.3,1.3375,-2.7522,0.2346,0.4998,51.402,7,0,roam_forward_cruise,1.1322,0.8486,0.2021,1.3022,58.649,1,3,roam_forward_cruise
7240,72.4,1.3046,-2.727,0.2308,0.3508,51.444,9,0,roam_forward_cruise,1.0865,0.9719,0.1911,1.335,58.781,1,1,roam_forward_cruise
7250,72.5,1.2725,-2.7267,0.2356,0.2793,51.476,9,0,roam_forward_cruise,1.0436,1.0982,0.2078,1.3373,58.914,0,0,roam_forward_cruise
7260,72.6,1.2509,-2.7331,0.2356,0.1772,51.499,9,0,boundary_turn_inward,1.0001,1.2281,0.1925,1.3885,59.051,2,0,roam_forward_cruise
7270,72.7,1.2426,-2.748,0.2324,0.2165,51.517,8,0,boundary_turn_inward,0.9567,1.36,0.2136,1.4008,59.19,5,0,roam_forward_cruise
7280,72.8,1.2439,-2.7821,0.227,0.4659,51.551,6,0,boundary_turn_inward,0.9037,1.4575,0.216,0.7758,59.304,7,0,roam_forward_cruise
7290,72.9,1.2408,-2.8365,0.2025,0.5898,51.605,6,0,boundary_turn_inward,0.838,1.487,0.2386,0.7307,59.376,7,0,roam_forward_cruise
7300,73.0,1.2188,-2.8898,0.1919,0.5819,51.663,2,0,boundary_emergency_brake,0.7761,1.4979,0.2446,0.5585,59.44,6,0,roam_curve_left
7310,73.1,1.1911,-2.9336,0.2101,0.4734,51.715,0,0,boundary_emergency_brake,0.7227,1.492,0.2394,0.5445,59.494,7,0,roam_curve_left
7320,73.2,1.1731,-2.964,0.2133,0.2418,51.751,0,0,boundary_emergency_brake,0.6663,1.4659,0.2441,0.6386,59.556,7,0,roam_curve_left
7330,73.3,1.1669,-2.9764,0.2018,0.0626,51.765,0,0,boundary_turn_inward,0.6038,1.4187,0.2246,0.9292,59.635,5,0,roam_curve_left
7340,73.4,1.1644,-2.9649,0.1988,0.2863,51.778,0,0,roam_curve_left,0.5509,1.3304,0.2012,1.1249,59.738,5,0,roam_curve_left
7350,73.5,1.1422,-2.9299,0.2088,0.5455,51.82,3,0,roam_curve_left,0.5508,1.2604,0.2279,0.5632,59.813,3,0,roam_curve_left
7360,73.6,1.093,-2.8764,0.197,0.8674,51.893,3,0,roam_curve_left,0.5813,1.2133,0.2388,0.5785,59.869,3,0,roam_curve_left
7370,73.7,1.017,-2.8123,0.196,0.9135,51.992,5,0,roam_curve_left,0.64,1.1613,0.208,1.038,59.949,1,0,roam_curve_left
7380,73.8,0.9488,-2.7894,0.2193,0.6812,52.065,4,0,roam_pivot_turn,0.7324,1.1078,0.1755,1.1357,60.056,2,0,roam_pivot_turn
7390,73.9,0.8824,-2.7822,0.201,0.6794,52.133,4,0,boundary_turn_inward,0.8268,1.0427,0.191,1.1537,60.17,0,0,roam_pivot_turn
7400,74.0,0.8144,-2.7981,0.1975,0.745,52.203,3,0,roam_pivot_turn,0.9213,0.9697,0.1833,1.2316,60.29,0,0,roam_pivot_turn
7410,74.1,0.7305,-2.7817,0.1785,0.9019,52.288,3,0,roam_pivot_turn,1.0123,0.8866,0.1844,1.254,60.413,0,0,roam_pivot_turn
7420,74.2,0.6438,-2.7433,0.1921,0.9613,52.383,3,0,roam_pivot_turn,1.1027,0.7995,0.1865,1.2524,60.539,0,3,roam_pivot_turn
7430,74.3,0.5571,-2.6977,0.1846,0.9579,52.481,5,0,roam_stance_pause,1.1887,0.7164,0.194,1.1778,60.658,1,6,roam_stance_pause
7440,74.4,0.4757,-2.6552,0.2096,0.839,52.573,4,0,roam_stance_pause,1.27,0.6404,0.1952,0.8576,60.77,2,7,roam_stance_pause
7450,74.5,0.4145,-2.6466,0.219,0.5189,52.636,4,0,roam_stance_pause,1.277,0.5778,0.1922,0.4143,60.834,0,7,roam_stance_pause
7460,74.6,0.375,-2.6591,0.2063,0.3922,52.678,4,0,roam_curve_right,1.2752,0.5476,0.1983,0.3406,60.864,1,5,roam_curve_right
7470,74.7,0.3302,-2.6823,0.2019,0.6218,52.728,4,0,boundary_turn_inward,1.2718,0.4958,0.2002,0.6132,60.916,1,5,roam_curve_right
7480,74.8,0.2739,-2.7019,0.1834,0.5723,52.788,3,0,boundary_turn_inward,1.2704,0.4354,0.1953,0.5852,60.976,1,2,roam_curve_right
7490,74.9,0.2126,-2.7004,0.2051,0.6671,52.85,2,0,roam_curve_right,1.2765,0.3808,0.214,0.5316,61.031,2,2,roam_curve_right
7500,75.0,0.1355,-2.6844,0.1926,0.9754,52.928,4,0,roam_curve_right,1.2835,0.3262,0.1991,0.6859,61.087,3,0,roam_curve_right
7510,75.1,0.0335,-2.652,0.1895,1.1155,53.036,5,0,roam_curve_right,1.291,0.2549,0.21,0.6119,61.16,4,0,roam_curve_right
7520,75.2,-0.0612,-2.6171,0.2016,0.8137,53.137,6,0,roam_curve_right,1.3289,0.2244,0.2187,0.3954,61.209,1,0,roam_curve_right
7530,75.3,-0.1366,-2.5911,0.2108,0.7521,53.216,6,0,roam_curve_right,1.3722,0.2288,0.2114,0.5431,61.254,2,0,roam_curve_right
7540,75.4,-0.2008,-2.5917,0.2196,0.6081,53.282,5,0,roam_curve_right,1.4468,0.238,0.2065,0.9692,61.329,3,0,roam_curve_right
7550,75.5,-0.2626,-2.6173,0.2015,0.7971,53.349,5,1,roam_curve_right,1.5544,0.2352,0.1891,1.1895,61.437,2,0,roam_curve_right
7560,75.6,-0.3453,-2.647,0.2042,0.7478,53.437,2,1,roam_curve_right,1.6663,0.2143,0.1957,0.9552,61.551,1,0,roam_curve_right
7570,75.7,-0.3901,-2.6968,0.2179,0.6626,53.505,2,0,boundary_turn_inward,1.7373,0.1543,0.2008,0.9681,61.644,1,0,roam_forward_cruise
7580,75.8,-0.4381,-2.7469,0.1943,0.5565,53.575,3,0,boundary_turn_inward,1.7925,0.0838,0.2215,0.8654,61.735,1,0,roam_forward_cruise
7590,75.9,-0.4938,-2.7637,0.1965,0.5504,53.633,3,0,boundary_turn_inward,1.8311,0.0083,0.2167,0.7669,61.82,1,0,roam_forward_cruise
7600,76.0,-0.5245,-2.762,0.2036,0.1478,53.665,2,0,roam_forward_cruise,1.8134,-0.0628,0.2273,0.7746,61.895,2,0,roam_forward_cruise
7610,76.1,-0.5255,-2.7563,0.2062,0.1511,53.674,3,0,roam_forward_cruise,1.7722,-0.1356,0.2003,1.0387,61.979,2,0,roam_forward_cruise
7620,76.2,-0.5001,-2.7584,0.1987,0.2917,53.699,2,0,boundary_turn_inward,1.6826,-0.2055,0.2178,1.1584,62.093,2,0,roam_forward_cruise
7630,76.3,-0.4784,-2.7593,0.2024,0.1324,53.721,2,0,boundary_turn_inward,1.5834,-0.2703,0.1809,1.3554,62.211,1,0,roam_forward_cruise
7640,76.4,-0.4659,-2.7583,0.197,0.0667,53.733,3,0,boundary_arc_away,1.458,-0.3277,0.1958,1.3793,62.349,1,0,roam_forward_cruise
7650,76.5,-0.4635,-2.7551,0.211,0.0453,53.738,2,0,roam_forward_cruise,1.3307,-0.3848,0.1907,1.3788,62.489,1,0,roam_forward_cruise
7660,76.6,-0.4663,-2.7506,0.1983,0.1495,53.743,2,0,roam_curve_left,1.2086,-0.4349,0.2126,1.2099,62.621,3,0,roam_curve_left
7670,76.7,-0.4873,-2.7332,0.2149,0.3197,53.771,2,0,roam_curve_left,1.0906,-0.469,0.1839,1.2966,62.744,5,0,roam_curve_left
7680,76.8,-0.518,-2.7202,0.2039,0.3936,53.805,2,0,boundary_turn_inward,0.986,-0.5226,0.2162,0.9816,62.862,5,0,roam_curve_left
7690,76.9,-0.5421,-2.7223,0.2028,0.0889,53.83,2,1,roam_curve_left,0.9056,-0.5751,0.2275,0.9817,62.958,4,0,roam_curve_left
7700,77.0,-0.5417,-2.6978,0.2124,0.3513,53.854,2,1,roam_curve_left,0.8211,-0.6337,0.203,1.0615,63.061,3,0,roam_curve_left
7710,77.1,-0.5587,-2.6645,0.2171,0.3441,53.892,3,2,roam_curve_left,0.7351,-0.7119,0.1865,1.3157,63.178,1,0,roam_curve_left
7720,77.2,-0.5791,-2.6624,0.211,0.1066,53.914,2,1,roam_curve_left,0.6451,-0.8059,0.1872,1.2971,63.308,1,0,roam_curve_left
7730,77.3,-0.5883,-2.6422,0.2235,0.3445,53.936,2,1,roam_curve_left,0.5574,-0.91,0.1915,1.3834,63.444,0,0,roam_curve_left
7740,77.4,-0.593,-2.6,0.2036,0.4646,53.979,3,3,roam_pivot_turn,0.4673,-1.0146,0.1862,1.3961,63.582,0,0,roam_pivot_turn
7750,77.5,-0.6,-2.5548,0.2018,0.4072,54.025,4,4,roam_pivot_turn,0.3741,-1.1195,0.1837,1.4191,63.722,0,0,roam_pivot_turn
7760,77.6,-0.6079,-2.5095,0.2047,0.5395,54.071,2,7,roam_pivot_turn,0.2783,-1.2249,0.1811,1.4212,63.865,0,0,roam_pivot_turn
7770,77.7,-0.6156,-2.4548,0.1918,0.5668,54.127,1,9,roam_pivot_turn,0.1817,-1.3281,0.1851,1.4004,64.006,0,0,roam_pivot_turn
7780,77.8,-0.5609,-2.4113,0.1569,0.7468,54.197,2,11,roam_pivot_turn,0.085,-1.4296,0.181,1.4064,64.146,1,0,roam_pivot_turn
7790,77.9,-0.5099,-2.3599,0.1563,0.6057,54.27,3,12,roam_stance_pause,-0.009,-1.5216,0.1945,0.926,64.278,1,0,roam_stance_pause
7800,78.0,-0.4724,-2.3191,0.1717,0.5142,54.325,2,10,roam_stance_pause,-0.0414,-1.5524,0.2863,0.3351,64.323,1,0,roam_stance_pause
7810,78.1,-0.4519,-2.2966,0.1775,0.1739,54.356,2,9,roam_stance_pause,-0.0668,-1.5753,0.3061,0.3468,64.357,1,0,roam_stance_pause
7820,78.2,-0.4466,-2.2902,0.1714,0.0585,54.364,2,9,roam_curve_right,-0.0961,-1.6094,0.2427,0.4153,64.402,1,0,roam_curve_right
7830,78.3,-0.4401,-2.2764,0.191,0.238,54.38,2,7,roam_curve_right,-0.1379,-1.6345,0.2377,0.5629,64.451,1,0,roam_curve_right
7840,78.4,-0.4187,-2.2513,0.1922,0.4847,54.413,2,6,roam_curve_right,-0.1952,-1.6696,0.2126,0.8932,64.518,3,0,roam_curve_right
7850,78.5,-0.3683,-2.2092,0.176,0.6187,54.478,2,5,roam_curve_right,-0.2855,-1.7181,0.1915,1.058,64.621,2,0,roam_curve_right
7860,78.6,-0.3218,-2.1803,0.1932,0.5277,54.533,1,3,roam_curve_right,-0.3657,-1.7486,0.2002,0.736,64.707,0,0,roam_curve_right
7870,78.7,-0.2642,-2.1698,0.2093,0.664,54.592,1,1,roam_curve_right,-0.4376,-1.7693,0.1991,0.86,64.781,1,0,roam_curve_right
7880,78.8,-0.1818,-2.1694,0.1982,0.9932,54.675,2,0,roam_curve_right,-0.5338,-1.7884,0.1915,1.1523,64.88,0,0,roam_curve_right
7890,78.9,-0.0698,-2.1775,0.1882,1.2303,54.787,3,0,roam_curve_right,-0.651,-1.8026,0.1858,1.2248,64.998,0,0,roam_curve_right
7900,79.0,0.0552,-2.1941,0.184,1.2934,54.913,5,0,roam_curve_right,-0.7756,-1.8091,0.187,1.2623,65.122,0,0,roam_curve_right
7910,79.1,0.1849,-2.2178,0.1876,1.3252,55.045,6,0,roam_curve_right,-0.907,-1.8114,0.1881,1.3446,65.254,0,0,roam_curve_right
7920,79.2,0.3056,-2.2255,0.1889,1.1976,55.166,6,0,roam_curve_right,-1.0429,-1.8074,0.1867,1.3578,65.39,0,0,roam_curve_right
7930,79.3,0.4075,-2.213,0.2065,0.9512,55.269,6,0,roam_forward_cruise,-1.1791,-1.8035,0.2025,1.3849,65.526,0,0,roam_forward_cruise
7940,79.4,0.5001,-2.2014,0.2157,0.9501,55.363,5,0,roam_forward_cruise,-1.3209,-1.8136,0.2163,1.5048,65.669,0,0,roam_forward_cruise
7950,79.5,0.5992,-2.2184,0.2325,1.0113,55.464,6,0,roam_forward_cruise,-1.4718,-1.8389,0.1967,1.5668,65.822,3,0,roam_forward_cruise
7960,79.6,0.693,-2.2508,0.2207,0.9565,55.564,7,0,roam_forward_cruise,-1.6309,-1.888,0.2012,1.6381,65.988,5,0,roam_forward_cruise
7970,79.7,0.7466,-2.2703,0.267,0.3847,55.622,5,0,roam_forward_cruise,-1.7477,-1.9429,0.2578,1.2184,66.117,6,0,roam_forward_cruise
7980,79.8,0.7858,-2.2709,0.272,0.3774,55.661,6,0,roam_forward_cruise,-1.8601,-1.9965,0.2472,1.2503,66.242,7,0,boundary_turn_inward
7990,79.9,0.8125,-2.2477,0.264,0.3398,55.698,6,0,roam_forward_cruise,-1.9773,-2.0448,0.2388,1.3048,66.369,6,0,boundary_turn_inward
8000,80.0,0.8258,-2.2284,0.2624,0.1536,55.722,5,0,roam_forward_cruise,-2.0991,-2.0902,0.1701,1.286,66.499,4,0,boundary_turn_inward
8010,80.1,0.8312,-2.2205,0.2545,0.0478,55.731,4,0,roam_forward_cruise,-2.2363,-2.107,0.1993,1.3956,66.637,1,0,boundary_turn_inward
8020,80.2,0.83,-2.1952,0.2514,0.5503,55.757,4,0,roam_curve_left,-2.3757,-2.1214,0.1804,1.4095,66.777,0,0,boundary_emergency_brake
8030,80.3,0.8206,-2.1169,0.2285,0.935,55.835,2,0,roam_curve_left,-2.5077,-2.1335,0.2264,1.2731,66.91,0,0,boundary_emergency_brake
8040,80.4,0.7942,-2.024,0.2067,0.9661,55.932,0,0,roam_curve_left,-2.6324,-2.1433,0.2351,1.1771,67.035,0,0,boundary_emergency_brake
8050,80.5,0.7565,-1.9256,0.1934,1.1542,56.038,1,0,roam_curve_left,-2.7318,-2.1521,0.2441,0.7785,67.135,0,0,boundary_emergency_brake
8060,80.6,0.7004,-1.8193,0.1868,1.2481,56.158,1,0,roam_curve_left,-2.7997,-2.1583,0.2453,0.634,67.203,0,0,boundary_emergency_brake
8070,80.7,0.6331,-1.7411,0.2007,0.8568,56.263,1,0,roam_curve_left,-2.8389,-2.1589,0.2305,0.1711,67.242,0,0,boundary_emergency_brake
8080,80.8,0.5518,-1.6866,0.1823,1.0517,56.361,1,0,roam_curve_left,-2.8458,-2.1531,0.2014,0.122,67.254,0,0,roam_curve_left
8090,80.9,0.4545,-1.6369,0.1942,1.1137,56.47,1,0,roam_curve_left,-2.8538,-2.122,0.2206,0.5073,67.286,0,0,roam_curve_left
8100,81.0,0.3578,-1.5862,0.175,1.0829,56.58,0,0,roam_pivot_turn,-2.8724,-2.0751,0.1946,0.4795,67.337,0,0,roam_pivot_turn
8110,81.1,0.2625,-1.5278,0.1888,1.125,56.691,0,0,roam_pivot_turn,-2.869,-2.0089,0.1982,0.8143,67.404,0,0,roam_pivot_turn
8120,81.2,0.1695,-1.4619,0.1786,1.1416,56.805,0,0,roam_pivot_turn,-2.8508,-1.9295,0.1788,0.8543,67.486,0,0,roam_pivot_turn
8130,81.3,0.0818,-1.3875,0.1872,1.1523,56.92,0,0,roam_pivot_turn,-2.8173,-1.8412,0.1908,0.9697,67.58,0,0,roam_pivot_turn
8140,81.4,-0.0027,-1.3105,0.1832,1.1528,57.035,1,0,roam_pivot_turn,-2.7716,-1.7506,0.1854,1.0488,67.682,0,0,roam_pivot_turn
8150,81.5,-0.0818,-1.2286,0.1857,1.1243,57.149,1,0,roam_stance_pause,-2.7142,-1.6616,0.1839,1.0327,67.788,0,0,roam_stance_pause
8160,81.6,-0.153,-1.1548,0.2116,0.869,57.251,3,0,roam_stance_pause,-2.6595,-1.5785,0.2075,0.9735,67.887,0,0,roam_stance_pause
8170,81.7,-0.1795,-1.0974,0.241,0.5403,57.315,4,0,roam_stance_pause,-2.6106,-1.5049,0.2149,0.7667,67.976,0,0,roam_stance_pause
8180,81.8,-0.1854,-1.0517,0.2176,0.3507,57.363,4,0,roam_curve_right,-2.5729,-1.4487,0.2157,0.6217,68.043,0,0,roam_curve_right
8190,81.9,-0.1279,-1.0332,0.2024,0.7903,57.424,4,0,roam_curve_right,-2.5352,-1.4026,0.216,0.6605,68.103,1,0,roam_curve_right
8200,82.0,-0.0335,-1.0206,0.1994,0.9526,57.519,1,0,roam_curve_right,-2.4749,-1.3537,0.2019,0.8568,68.181,2,0,roam_curve_right
8210,82.1,0.0712,-1.014,0.1914,1.1597,57.624,0,0,roam_curve_right,-2.3893,-1.3264,0.2091,0.9338,68.272,1,0,roam_curve_right
8220,82.2,0.1928,-1.0165,0.1852,1.2438,57.746,0,0,roam_curve_right,-2.3196,-1.3443,0.2222,0.6665,68.344,3,0,roam_curve_right
8230,82.3,0.3197,-1.0256,0.1866,1.2845,57.873,0,0,roam_curve_right,-2.2484,-1.3862,0.2008,0.9743,68.427,3,0,roam_curve_right
8240,82.4,0.4498,-1.0412,0.186,1.3416,58.004,0,0,roam_curve_right,-2.1643,-1.4561,0.1933,1.0622,68.537,3,0,roam_curve_right
8250,82.5,0.5838,-1.065,0.1824,1.3721,58.14,0,0,roam_curve_right,-2.083,-1.5215,0.184,1.1173,68.641,5,0,roam_curve_right
8260,82.6,0.7197,-1.0941,0.1883,1.3968,58.279,1,0,roam_curve_right,-2.0001,-1.6008,0.1887,1.0786,68.756,7,0,roam_curve_right
8270,82.7,0.8556,-1.1246,0.1956,1.2883,58.418,2,0,roam_curve_right,-1.9667,-1.6829,0.2186,0.8552,68.847,7,0,roam_curve_right
8280,82.8,0.9417,-1.1156,0.2384,0.7574,58.507,1,0,roam_curve_right,-1.9591,-1.7555,0.229,0.5787,68.92,8,0,roam_curve_right
8290,82.9,1.0128,-1.0869,0.227,0.7674,58.584,1,0,roam_forward_cruise,-1.9384,-1.8017,0.2417,0.5237,68.971,7,0,roam_forward_cruise
8300,83.0,1.0938,-1.049,0.1793,1.148,58.673,1,0,roam_forward_cruise,-1.9032,-1.84,0.2283,0.5604,69.023,7,0,roam_forward_cruise
8310,83.1,1.218,-1.0187,0.1971,1.3109,58.801,2,0,roam_forward_cruise,-1.8768,-1.8722,0.2392,0.2989,69.066,6,0,roam_forward_cruise
8320,83.2,1.3512,-0.9927,0.1823,1.417,58.937,1,0,roam_forward_cruise,-1.8773,-1.8972,0.2397,0.198,69.091,8,0,roam_forward_cruise
8330,83.3,1.4952,-0.9765,0.1864,1.4639,59.082,0,0,roam_forward_cruise,-1.8811,-1.9115,0.2413,0.1019,69.106,9,0,roam_forward_cruise
8340,83.4,1.6425,-0.9637,0.1897,1.4814,59.23,1,0,roam_forward_cruise,-1.8862,-1.9128,0.2374,0.0651,69.112,9,0,roam_forward_cruise
8350,83.5,1.7911,-0.9527,0.1881,1.4881,59.379,3,0,roam_forward_cruise,-1.8838,-1.9042,0.2376,0.0917,69.121,8,0,roam_forward_cruise
8360,83.6,1.9344,-0.9459,0.2012,0.9279,59.522,4,0,roam_forward_cruise,-1.8799,-1.9022,0.2387,0.0617,69.126,8,0,roam_forward_cruise
8370,83.7,2.0087,-0.955,0.2578,0.6295,59.597,4,0,roam_forward_cruise,-1.8821,-1.8974,0.2389,0.0627,69.132,9,0,roam_forward_cruise
8380,83.8,2.0697,-0.9676,0.2614,0.6039,59.659,2,0,roam_curve_left,-1.9053,-1.8868,0.234,0.4594,69.157,4,0,roam_curve_left
8390,83.9,2.1285,-0.9957,0.2453,0.8203,59.725,2,0,roam_curve_left,-1.9584,-1.8803,0.2439,0.4115,69.211,5,0,boundary_turn_inward
8400,84.0,2.2061,-1.0573,0.2237,1.0311,59.824,1,0,roam_curve_left,-1.9761,-1.8859,0.2355,0.2246,69.234,6,0,boundary_turn_inward
8410,84.1,2.295,-1.1224,0.173,1.2952,59.934,0,0,roam_curve_left,-1.9406,-1.9124,0.2231,0.5977,69.278,4,0,roam_curve_left
8420,84.2,2.4088,-1.1898,0.2063,1.3154,60.067,0,0,roam_curve_left,-1.9181,-1.9408,0.2281,0.2203,69.315,6,0,boundary_turn_inward
8430,84.3,2.4983,-1.2258,0.2263,0.7873,60.164,0,0,boundary_turn_inward,-1.9287,-1.9558,0.2254,0.3074,69.337,5,0,boundary_turn_inward
8440,84.4,2.575,-1.2391,0.2158,0.7325,60.242,0,0,boundary_turn_inward,-1.9606,-1.9601,0.2188,0.3131,69.369,6,0,boundary_turn_inward
8450,84.5,2.6478,-1.2428,0.1774,0.6859,60.316,0,0,boundary_turn_inward,-1.9979,-1.9647,0.2095,0.371,69.407,6,0,boundary_turn_inward
8460,84.6,2.7172,-1.2176,0.1916,0.7472,60.39,1,0,boundary_turn_inward,-2.0243,-1.9731,0.2152,0.2634,69.436,7,0,boundary_turn_inward
8470,84.7,2.7799,-1.1774,0.1894,0.7845,60.465,0,0,boundary_turn_inward,-2.0408,-1.9766,0.2164,0.1161,69.452,5,0,boundary_turn_inward
8480,84.8,2.8311,-1.1168,0.1838,0.7979,60.544,1,0,boundary_turn_inward,-2.0497,-1.9779,0.2185,0.0763,69.461,5,0,boundary_turn_inward
8490,84.9,2.8688,-1.0434,0.1844,0.8361,60.627,0,0,boundary_turn_inward,-2.0578,-1.9791,0.22,0.0923,69.47,5,0,boundary_turn_inward
8500,85.0,2.8921,-0.9627,0.1836,0.8416,60.711,0,0,roam_pivot_turn,-2.0682,-1.982,0.2206,0.1204,69.48,5,0,boundary_turn_inward
8510,85.1,2.9108,-0.8815,0.1874,0.8174,60.794,0,0,roam_stance_pause,-2.0803,-1.9865,0.22,0.136,69.493,5,0,boundary_turn_inward
8520,85.2,2.9258,-0.8052,0.2012,0.7392,60.872,0,0,roam_stance_pause,-2.0931,-1.9916,0.2183,0.1377,69.507,5,0,boundary_turn_inward
8530,85.3,2.9352,-0.7371,0.2078,0.6089,60.941,0,0,roam_stance_pause,-2.1058,-1.9969,0.2157,0.1381,69.521,5,0,boundary_turn_inward
8540,85.4,2.9401,-0.6875,0.2109,0.4387,60.991,0,0,roam_curve_right,-2.1186,-2.0021,0.2135,0.1373,69.535,3,0,boundary_turn_inward
8550,85.5,2.9456,-0.6494,0.1935,0.334,61.029,1,0,boundary_turn_inward,-2.1333,-2.0057,0.213,0.1605,69.55,4,0,boundary_turn_inward
8560,85.6,2.9495,-0.6156,0.197,0.4195,61.063,0,0,roam_curve_right,-2.1498,-2.012,0.2089,0.1998,69.567,4,0,boundary_turn_inward
8570,85.7,2.9552,-0.5658,0.2021,0.5332,61.113,0,0,boundary_turn_inward,-2.1734,-2.0159,0.204,0.2996,69.592,2,0,boundary_turn_inward
8580,85.8,2.9621,-0.5093,0.1796,0.6061,61.17,1,0,roam_curve_right,-2.208,-2.0083,0.1991,0.3855,69.627,1,0,boundary_turn_inward
8590,85.9,2.9671,-0.4482,0.1868,0.613,61.232,0,0,boundary_turn_inward,-2.2474,-1.9932,0.1982,0.4635,69.67,1,0,boundary_turn_inward
8600,86.0,2.9708,-0.382,0.1929,0.6939,61.298,0,0,boundary_turn_inward,-2.2839,-1.9606,0.1958,0.5151,69.719,1,0,boundary_turn_inward
8610,86.1,2.9731,-0.3132,0.1801,0.6995,61.367,0,0,roam_curve_right,-2.3173,-1.9228,0.1955,0.5595,69.771,1,0,roam_curve_right
8620,86.2,2.974,-0.239,0.1954,0.7489,61.441,0,0,boundary_turn_inward,-2.3435,-1.868,0.1969,0.6786,69.832,1,0,roam_curve_right
8630,86.3,2.9732,-0.1622,0.1853,0.7771,61.518,1,0,roam_curve_right,-2.3662,-1.7906,0.2016,0.9596,69.913,2,0,roam_curve_right
8640,86.4,2.9711,-0.0861,0.1911,0.5842,61.594,1,0,boundary_turn_inward,-2.3844,-1.6859,0.1887,1.1607,70.019,1,0,roam_curve_right
8650,86.5,2.9913,-0.0537,0.2013,0.3763,61.633,1,0,boundary_turn_inward,-2.4028,-1.5813,0.1996,0.9165,70.126,2,0,roam_forward_cruise
8660,86.6,3.0126,-0.0223,0.2018,0.3982,61.671,1,0,boundary_turn_inward,-2.4392,-1.4921,0.1939,1.0843,70.222,0,0,roam_forward_cruise
8670,86.7,3.0351,0.0118,0.1985,0.4177,61.712,1,0,boundary_turn_inward,-2.4542,-1.3717,0.1965,1.3177,70.344,1,0,roam_forward_cruise
8680,86.8,3.0519,0.0483,0.1979,0.4129,61.753,1,0,boundary_turn_inward,-2.4559,-1.2724,0.219,0.6509,70.443,3,0,roam_forward_cruise
8690,86.9,3.0502,0.092,0.1895,0.4624,61.797,1,0,boundary_turn_inward,-2.4467,-1.2155,0.2402,0.493,70.501,3,0,roam_forward_cruise
8700,87.0,3.0456,0.1404,0.1887,0.5056,61.846,0,0,roam_forward_cruise,-2.4324,-1.1762,0.2501,0.4009,70.543,3,0,roam_forward_cruise
8710,87.1,3.0379,0.1934,0.1886,0.5839,61.899,0,0,boundary_turn_inward,-2.4165,-1.1413,0.2437,0.3954,70.581,3,0,roam_forward_cruise
8720,87.2,3.0281,0.2537,0.186,0.6148,61.96,0,0,roam_forward_cruise,-2.3995,-1.0991,0.2513,0.5264,70.627,2,0,roam_forward_cruise
8730,87.3,3.0173,0.3158,0.1868,0.6554,62.023,1,0,roam_forward_cruise,-2.3847,-1.0494,0.2258,0.5338,70.679,1,0,roam_forward_cruise
8740,87.4,3.0003,0.3804,0.189,0.7336,62.09,0,0,roam_curve_left,-2.3816,-0.96,0.1868,1.2236,70.768,2,0,roam_curve_left
8750,87.5,2.9637,0.4579,0.1974,0.9415,62.176,0,0,roam_curve_left,-2.3951,-0.8492,0.192,1.0312,70.88,0,0,roam_curve_left
8760,87.6,2.9106,0.5473,0.1872,1.1192,62.28,0,0,roam_curve_left,-2.4218,-0.7455,0.1888,1.14,70.987,1,0,roam_curve_left
8770,87.7,2.8425,0.6428,0.189,1.2108,62.397,1,0,roam_curve_left,-2.4595,-0.6308,0.1878,1.2554,71.108,1,0,roam_curve_left
8780,87.8,2.7699,0.7342,0.1956,0.7337,62.514,3,0,roam_curve_left,-2.4888,-0.5633,0.2295,0.2315,71.182,1,0,roam_curve_left
8790,87.9,2.7174,0.7604,0.2409,0.5755,62.573,4,0,roam_curve_left,-2.502,-0.5468,0.2549,0.2299,71.203,1,0,roam_curve_left
8800,88.0,2.6567,0.7693,0.2426,0.7333,62.635,6,0,roam_curve_left,-2.5126,-0.5467,0.2462,0.3314,71.221,2,0,roam_curve_left
8810,88.1,2.5775,0.7504,0.244,0.7806,62.717,4,0,roam_curve_left,-2.5188,-0.5989,0.2557,0.6338,71.274,1,0,roam_curve_left
8820,88.2,2.5078,0.7312,0.2467,0.6867,62.789,8,0,roam_pivot_turn,-2.5262,-0.662,0.1985,0.6255,71.337,1,0,roam_pivot_turn
8830,88.3,2.4434,0.7107,0.2483,0.6544,62.856,9,0,roam_pivot_turn,-2.5589,-0.7344,0.1971,0.9403,71.418,0,0,roam_pivot_turn
8840,88.4,2.3803,0.7029,0.2574,0.7144,62.921,7,0,roam_pivot_turn,-2.609,-0.8129,0.1903,0.9328,71.511,0,0,boundary_turn_inward
8850,88.5,2.3053,0.7261,0.251,0.8447,63.0,8,0,roam_pivot_turn,-2.6505,-0.8999,0.1909,1.022,71.608,1,0,boundary_turn_inward
8860,88.6,2.2428,0.7688,0.2572,0.7758,63.077,7,0,roam_pivot_turn,-2.6858,-0.9959,0.1863,1.0466,71.71,1,0,boundary_turn_inward
8870,88.7,2.2045,0.8495,0.2673,0.9213,63.166,5,0,roam_stance_pause,-2.7087,-1.102,0.1918,1.1092,71.819,1,0,boundary_turn_inward
8880,88.8,2.1656,0.9326,0.1925,0.8896,63.258,4,0,roam_stance_pause,-2.7128,-1.2145,0.1827,1.1576,71.932,0,0,boundary_turn_inward
8890,88.9,2.1295,0.9885,0.2253,0.582,63.325,2,0,roam_stance_pause,-2.6972,-1.3306,0.1858,1.1835,72.049,1,0,boundary_turn_inward
8900,89.0,2.097,1.0388,0.2175,0.5988,63.384,2,0,roam_curve_right,-2.6697,-1.4461,0.1842,1.1891,72.168,0,0,boundary_turn_inward
8910,89.1,2.08,1.082,0.2059,0.5035,63.431,1,0,roam_curve_right,-2.6316,-1.5595,0.1842,1.1922,72.287,1,0,boundary_turn_inward
8920,89.2,2.0774,1.1507,0.2194,0.7486,63.5,2,0,roam_curve_right,-2.5884,-1.6713,0.1841,1.1928,72.407,1,0,boundary_turn_inward
8930,89.3,2.0782,1.2345,0.1908,1.0488,63.584,3,0,roam_curve_right,-2.5412,-1.7805,0.1837,1.199,72.526,1,0,boundary_turn_inward
8940,89.4,2.107,1.3284,0.1945,0.9877,63.683,2,0,roam_curve_right,-2.4878,-1.8866,0.1844,1.1788,72.645,0,0,boundary_emergency_brake
8950,89.5,2.1648,1.4202,0.185,1.1497,63.791,2,0,roam_curve_right,-2.4314,-1.9844,0.2083,1.0812,72.758,1,0,boundary_emergency_brake
8960,89.6,2.215,1.5107,0.1999,0.8961,63.896,4,0,roam_curve_right,-2.3811,-2.0718,0.226,0.9259,72.859,1,0,boundary_emergency_brake
8970,89.7,2.2144,1.5868,0.2202,0.6598,63.973,4,0,boundary_turn_inward,-2.349,-2.1363,0.2445,0.5587,72.931,0,0,boundary_emergency_brake
8980,89.8,2.177,1.6474,0.2013,0.8096,64.045,3,0,roam_curve_right,-2.3287,-2.1803,0.235,0.3356,72.979,0,0,boundary_emergency_brake
8990,89.9,2.1246,1.7062,0.1758,0.7222,64.124,2,0,roam_curve_right,-2.3192,-2.1984,0.205,0.0756,73.0,0,0,boundary_turn_inward
9000,90.0,2.078,1.754,0.1908,0.6746,64.191,0,0,roam_curve_right,-2.2997,-2.1801,0.2092,0.5514,73.027,0,0,roam_curve_right
9010,90.1,2.0213,1.8074,0.1915,0.8566,64.269,1,0,roam_forward_cruise,-2.2588,-2.1476,0.1923,0.4942,73.08,1,0,roam_forward_cruise
9020,90.2,1.9511,1.8686,0.1928,1.0087,64.362,0,0,roam_forward_cruise,-2.2393,-2.0945,0.2187,0.6489,73.138,1,0,roam_forward_cruise
9030,90.3,1.8718,1.9403,0.1861,1.1278,64.469,0,0,roam_forward_cruise,-2.2285,-2.0306,0.2059,0.644,73.202,1,0,roam_forward_cruise
9040,90.4,1.7893,2.0198,0.1865,1.1853,64.583,0,0,roam_forward_cruise,-2.2427,-1.9702,0.2181,0.51,73.268,2,0,boundary_turn_inward
9050,90.5,1.7064,2.1025,0.1835,1.1567,64.7,0,0,boundary_turn_inward,-2.2803,-1.9398,0.2276,0.4746,73.316,1,0,boundary_turn_inward
9060,90.6,1.6165,2.1786,0.1892,1.2072,64.818,1,0,boundary_turn_inward,-2.3307,-1.9154,0.1871,0.6732,73.373,1,0,boundary_turn_inward
9070,90.7,1.5133,2.2469,0.1841,1.2263,64.942,3,0,roam_forward_cruise,-2.3882,-1.8644,0.1895,0.7907,73.45,2,0,boundary_turn_inward
9080,90.8,1.4181,2.2755,0.211,0.8508,65.043,2,0,roam_forward_cruise,-2.4332,-1.7953,0.1856,0.8784,73.533,1,0,roam_forward_cruise
9090,90.9,1.3347,2.2804,0.2132,0.8353,65.126,1,0,roam_forward_cruise,-2.4778,-1.7209,0.1842,0.8535,73.62,0,0,boundary_turn_inward
9100,91.0,1.2373,2.2745,0.1867,1.1503,65.224,3,0,roam_curve_left,-2.5209,-1.6443,0.1843,0.9021,73.708,1,0,roam_curve_left
9110,91.1,1.1161,2.255,0.1876,1.2077,65.347,1,0,roam_curve_left,-2.5644,-1.5623,0.1867,0.9339,73.8,0,0,roam_curve_left
9120,91.2,1.0048,2.214,0.187,1.2149,65.465,2,0,roam_curve_left,-2.6055,-1.4766,0.1835,0.9751,73.895,1,0,roam_curve_left
9130,91.3,0.9018,2.1635,0.196,0.9674,65.58,1,0,roam_curve_left,-2.6456,-1.3876,0.1821,0.9757,73.993,1,0,boundary_turn_inward
9140,91.4,0.8106,2.1512,0.1928,0.9555,65.673,3,0,roam_curve_left,-2.6826,-1.2966,0.184,0.9885,74.091,0,0,boundary_turn_inward
9150,91.5,0.6979,2.1367,0.1898,1.2184,65.786,2,0,roam_curve_left,-2.7171,-1.2031,0.1851,0.9698,74.191,0,0,boundary_turn_inward
9160,91.6,0.6229,2.125,0.2194,0.0556,65.863,3,0,roam_curve_left,-2.7486,-1.111,0.1843,0.9773,74.288,1,0,roam_curve_left
9170,91.7,0.6252,2.1326,0.2478,0.0674,65.871,2,0,roam_curve_left,-2.7772,-1.0149,0.1862,1.0045,74.389,0,0,roam_curve_left
9180,91.8,0.6455,2.147,0.2194,0.5614,65.897,2,0,roam_pivot_turn,-2.8019,-0.9169,0.1843,1.0202,74.49,0,0,roam_pivot_turn
9190,91.9,0.7111,2.1738,0.173,0.7558,65.968,2,0,roam_pivot_turn,-2.8189,-0.8145,0.1833,1.0675,74.593,0,0,roam_pivot_turn
9200,92.0,0.7919,2.1821,0.1991,0.8271,66.049,1,0,roam_pivot_turn,-2.8232,-0.7056,0.187,1.1059,74.703,0,0,roam_pivot_turn
9210,92.1,0.8746,2.1834,0.1804,0.8066,66.132,2,0,roam_pivot_turn,-2.8172,-0.5941,0.1848,1.131,74.814,0,0,roam_pivot_turn
9220,92.2,0.9532,2.1683,0.1878,0.8076,66.212,1,0,roam_pivot_turn,-2.8029,-0.4795,0.1853,1.1628,74.93,1,0,roam_pivot_turn
9230,92.3,1.0314,2.1365,0.187,0.8467,66.296,1,0,roam_stance_pause,-2.7838,-0.3644,0.1869,1.1327,75.046,1,0,roam_stance_pause
9240,92.4,1.1053,2.1062,0.1997,0.7289,66.376,1,0,roam_stance_pause,-2.766,-0.2556,0.2082,1.0804,75.157,0,0,roam_stance_pause
9250,92.5,1.161,2.0851,0.2135,0.4953,66.436,1,0,roam_stance_pause,-2.7496,-0.1575,0.2151,0.8974,75.256,0,0,roam_stance_pause
9260,92.6,1.1999,2.0705,0.2118,0.3666,66.477,1,0,roam_curve_right,-2.7354,-0.0797,0.2193,0.7219,75.335,0,0,roam_curve_right
9270,92.7,1.2376,2.0541,0.2107,0.4497,66.519,0,0,roam_curve_right,-2.7204,-0.0174,0.2132,0.6509,75.399,0,0,roam_curve_right
9280,92.8,1.2839,2.022,0.1974,0.7783,66.575,1,0,roam_curve_right,-2.6946,0.0507,0.2107,0.7868,75.472,0,0,roam_curve_right
9290,92.9,1.3426,1.9571,0.1928,0.9452,66.663,2,0,roam_curve_right,-2.651,0.1369,0.1951,1.1831,75.569,0,0,roam_curve_right
9300,93.0,1.4045,1.8841,0.199,0.9484,66.759,4,0,roam_curve_right,-2.5822,0.2399,0.187,1.262,75.693,1,0,roam_curve_right
9310,93.1,1.4807,1.8193,0.186,1.0373,66.859,4,0,roam_curve_right,-2.5032,0.3461,0.1861,1.3398,75.825,3,0,roam_curve_right
9320,93.2,1.5521,1.7789,0.2092,0.6867,66.942,3,0,roam_curve_right,-2.4456,0.4519,0.1958,1.1707,75.946,3,0,roam_curve_right
9330,93.3,1.6176,1.7566,0.2007,0.635,67.011,2,0,roam_curve_right,-2.4198,0.5183,0.2121,0.2159,76.021,4,0,roam_curve_right
9340,93.4,1.6848,1.7744,0.2002,0.7393,67.081,2,0,roam_curve_right,-2.4051,0.4961,0.2384,0.4249,76.049,3,0,roam_curve_right
9350,93.5,1.7762,1.7813,0.1906,1.0688,67.173,2,0,roam_curve_right,-2.3974,0.4402,0.2295,0.6264,76.105,3,0,roam_curve_right
9360,93.6,1.8882,1.7786,0.1886,1.1715,67.285,1,0,roam_curve_right,-2.4274,0.4139,0.2418,0.5952,76.155,3,0,roam_curve_right
9370,93.7,2.0025,1.7672,0.1943,1.0928,67.4,0,0,roam_forward_cruise,-2.4889,0.4187,0.2252,0.6161,76.216,1,0,roam_forward_cruise
9380,93.8,2.1068,1.7462,0.2285,1.0783,67.506,1,0,boundary_turn_inward,-2.5714,0.4123,0.1924,1.2034,76.3,2,0,roam_forward_cruise
9390,93.9,2.2108,1.7212,0.1898,0.9628,67.613,6,0,boundary_turn_inward,-2.6926,0.3793,0.1904,1.2233,76.425,0,0,boundary_turn_inward
9400,94.0,2.2363,1.6768,0.2468,0.4529,67.67,6,0,roam_forward_cruise,-2.8088,0.3449,0.1863,1.2107,76.546,0,0,boundary_turn_inward
9410,94.1,2.2362,1.6287,0.2781,0.5559,67.718,4,0,roam_forward_cruise,-2.9244,0.3036,0.1857,1.2482,76.669,0,0,boundary_turn_inward
9420,94.2,2.2073,1.5633,0.2879,0.8548,67.79,3,0,roam_forward_cruise,-3.0408,0.248,0.187,1.3188,76.798,0,0,boundary_turn_inward
9430,94.3,2.1647,1.4873,0.2361,0.9183,67.877,3,0,roam_forward_cruise,-3.1556,0.1859,0.1853,1.2772,76.929,0,0,boundary_emergency_brake
9440,94.4,2.0905,1.4071,0.1643,1.1904,67.987,2,0,roam_forward_cruise,-3.2639,0.1269,0.2144,1.2005,77.052,0,0,boundary_emergency_brake
9450,94.5,2.0212,1.3415,0.2272,0.8295,68.082,0,0,roam_forward_cruise,-3.3618,0.0734,0.2272,0.9194,77.164,0,0,boundary_emergency_brake
9460,94.6,1.9657,1.2788,0.2387,0.8517,68.166,0,0,roam_curve_left,-3.43,0.036,0.2477,0.7328,77.241,0,0,boundary_emergency_brake
9470,94.7,1.9107,1.2117,0.1819,0.908,68.253,1,0,roam_curve_left,-3.4752,0.0111,0.2403,0.2986,77.293,0,0,boundary_emergency_brake
9480,94.8,1.8516,1.1143,0.1972,1.1957,68.367,0,0,roam_curve_left,-3.4939,0.0017,0.2056,0.0466,77.314,0,0,boundary_emergency_brake
9490,94.9,1.7914,1.0092,0.1821,1.2819,68.488,0,0,roam_curve_left,-3.4748,0.0175,0.2164,0.3749,77.339,0,0,roam_curve_left
9500,95.0,1.7322,0.8945,0.1842,1.2997,68.617,0,0,roam_curve_left,-3.4428,0.0489,0.2073,0.679,77.384,0,0,roam_curve_left
9510,95.1,1.6757,0.7739,0.1882,1.3343,68.75,2,0,roam_curve_left,-3.3941,0.1183,0.2006,0.8685,77.469,0,0,roam_curve_left
9520,95.2,1.6538,0.6635,0.2054,1.0406,68.865,5,1,roam_curve_left,-3.3429,0.2085,0.1957,1.251,77.573,0,0,roam_curve_left
9530,95.3,1.6782,0.5599,0.1944,0.9648,68.971,4,0,roam_curve_left,-3.2885,0.3215,0.1848,1.3243,77.698,0,0,roam_curve_left
9540,95.4,1.6585,0.5457,0.2456,0.4235,69.012,3,1,roam_pivot_turn,-3.2355,0.4423,0.1807,1.3233,77.83,0,0,roam_pivot_turn
9550,95.5,1.6145,0.5638,0.2563,0.5837,69.06,2,2,roam_pivot_turn,-3.1785,0.5631,0.1861,1.3439,77.963,0,0,roam_pivot_turn
9560,95.6,1.5683,0.5863,0.222,0.279,69.112,2,3,roam_pivot_turn,-3.1198,0.6858,0.1806,1.3687,78.099,0,0,roam_pivot_turn
9570,95.7,1.5513,0.5632,0.2201,0.2214,69.141,1,3,roam_pivot_turn,-3.058,0.8074,0.1834,1.3576,78.236,0,0,roam_pivot_turn
9580,95.8,1.5306,0.5519,0.2186,0.2399,69.164,0,4,roam_pivot_turn,-2.9938,0.9273,0.1809,1.3531,78.372,0,0,roam_pivot_turn
9590,95.9,1.5141,0.5355,0.2139,0.3283,69.189,0,5,roam_stance_pause,-2.9274,1.0443,0.1883,1.3251,78.506,0,0,roam_stance_pause
9600,96.0,1.5147,0.5004,0.2025,0.2957,69.224,0,4,roam_stance_pause,-2.8661,1.1575,0.2053,1.2415,78.635,1,0,roam_stance_pause
9610,96.1,1.5036,0.4781,0.2023,0.2343,69.25,0,4,roam_stance_pause,-2.8121,1.2521,0.2244,0.7665,78.744,2,0,roam_stance_pause
9620,96.2,1.4871,0.4658,0.2018,0.2318,69.271,1,4,roam_curve_right,-2.7688,1.2943,0.24,0.5988,78.805,2,0,roam_curve_right
9630,96.3,1.4552,0.4637,0.213,0.3763,69.303,2,2,roam_curve_right,-2.7354,1.3108,0.2171,0.2814,78.844,3,0,roam_curve_right
9640,96.4,1.4064,0.4664,0.1976,0.6903,69.352,2,3,roam_curve_right,-2.712,1.2672,0.2125,0.7344,78.894,2,0,roam_curve_right
9650,96.5,1.3195,0.4864,0.1974,0.9517,69.441,1,4,roam_curve_right,-2.6885,1.1806,0.2082,0.9892,78.984,2,0,roam_curve_right
9660,96.6,1.2195,0.5138,0.1919,1.1073,69.545,3,5,roam_curve_right,-2.6639,1.0691,0.1888,1.2308,79.098,0,0,roam_curve_right
9670,96.7,1.1313,0.5371,0.2153,0.751,69.636,2,3,roam_curve_right,-2.6462,0.9399,0.1887,1.326,79.229,0,0,roam_curve_right
9680,96.8,1.0592,0.5438,0.211,0.7467,69.708,1,2,roam_curve_right,-2.6322,0.8051,0.1878,1.3795,79.364,1,0,roam_curve_right
9690,96.9,0.9744,0.5513,0.1815,1.0002,69.793,0,0,roam_curve_right,-2.6218,0.6673,0.1992,1.3963,79.503,1,0,roam_curve_right
9700,97.0,0.8636,0.5756,0.1913,1.1632,69.907,2,0,roam_curve_right,-2.6114,0.5358,0.1928,1.3284,79.634,1,0,roam_curve_right
9710,97.1,0.7458,0.6061,0.185,1.2491,70.029,2,0,roam_curve_right,-2.6026,0.4032,0.189,1.275,79.767,2,0,roam_curve_right
9720,97.2,0.6569,0.6385,0.2114,0.6539,70.124,3,0,roam_curve_right,-2.5854,0.2783,0.1895,1.2883,79.894,2,0,roam_curve_right
9730,97.3,0.6125,0.6717,0.2446,0.5295,70.179,3,0,roam_forward_cruise,-2.5673,0.1498,0.1941,1.1657,80.023,1,0,roam_forward_cruise
9740,97.4,0.5756,0.7086,0.2269,0.5134,70.232,4,0,roam_forward_cruise,-2.553,0.0299,0.1929,1.2581,80.144,0,0,roam_forward_cruise
9750,97.5,0.5573,0.7507,0.233,0.4136,70.278,2,0,roam_forward_cruise,-2.5322,-0.1008,0.1905,1.3403,80.276,1,2,roam_forward_cruise
9760,97.6,0.549,0.7656,0.2265,0.1313,70.298,4,0,roam_forward_cruise,-2.5125,-0.2334,0.2003,1.3692,80.41,1,1,roam_forward_cruise
9770,97.7,0.5512,0.74,0.2111,0.429,70.324,3,0,roam_forward_cruise,-2.4962,-0.3283,0.2227,0.4732,80.507,2,0,roam_forward_cruise
9780,97.8,0.5689,0.6844,0.214,0.5423,70.382,3,0,roam_forward_cruise,-2.4775,-0.3724,0.2552,0.5008,80.555,1,1,roam_forward_cruise
9790,97.9,0.5926,0.6503,0.2242,0.3725,70.425,3,0,roam_forward_cruise,-2.4497,-0.4065,0.2495,0.4587,80.6,1,1,roam_forward_cruise
9800,98.0,0.6313,0.6297,0.2224,0.5271,70.469,2,0,roam_forward_cruise,-2.405,-0.4268,0.2397,0.5147,80.649,1,1,roam_forward_cruise
9810,98.1,0.687,0.5893,0.2199,0.8102,70.538,1,0,roam_forward_cruise,-2.3416,-0.4444,0.2054,0.8335,80.715,1,0,roam_forward_cruise
9820,98.2,0.7613,0.5363,0.1833,1.1388,70.629,2,0,roam_curve_left,-2.2541,-0.4753,0.1889,1.0615,80.808,1,0,roam_curve_left
9830,98.3,0.8679,0.4801,0.1906,1.2288,70.75,0,0,roam_curve_left,-2.1421,-0.5137,0.1882,1.2401,80.926,2,0,roam_curve_left
9840,98.4,0.9828,0.4258,0.1813,1.2832,70.877,1,0,roam_curve_left,-2.0188,-0.5448,0.1865,1.2839,81.054,0,0,roam_curve_left
9850,98.5,1.1032,0.3751,0.1935,1.1829,71.008,1,0,roam_curve_left,-1.8911,-0.5715,0.1831,1.3317,81.184,2,0,roam_curve_left
9860,98.6,1.2105,0.3848,0.1919,1.1443,71.117,3,1,roam_curve_left,-1.7773,-0.5941,0.2087,0.7065,81.3,3,0,roam_curve_left
9870,98.7,1.3305,0.4163,0.1872,1.2896,71.241,2,2,roam_curve_left,-1.7344,-0.629,0.2527,0.5373,81.356,2,0,roam_curve_left
9880,98.8,1.455,0.4485,0.1844,1.2934,71.37,2,2,roam_curve_left,-1.6959,-0.6679,0.2321,0.5387,81.411,2,0,roam_curve_left
9890,98.9,1.5822,0.4767,0.189,1.2068,71.5,3,1,roam_curve_left,-1.6734,-0.7351,0.2222,0.5088,81.482,4,0,roam_curve_left
9900,99.0,1.6469,0.5143,0.2366,0.6132,71.578,4,0,roam_pivot_turn,-1.6755,-0.7798,0.2344,0.4255,81.528,4,0,roam_pivot_turn
9910,99.1,1.6847,0.5654,0.2348,0.6451,71.641,2,0,roam_pivot_turn,-1.715,-0.8164,0.2285,0.5979,81.582,3,0,roam_pivot_turn
9920,99.2,1.7392,0.6152,0.2095,0.8319,71.716,3,1,roam_pivot_turn,-1.7405,-0.835,0.2278,0.2118,81.618,3,0,roam_pivot_turn
9930,99.3,1.7843,0.6703,0.1997,0.4995,71.788,5,0,roam_pivot_turn,-1.7064,-0.8318,0.2196,0.3037,81.652,3,0,roam_pivot_turn
9940,99.4,1.8109,0.7072,0.2218,0.5033,71.834,5,0,roam_pivot_turn,-1.7039,-0.8357,0.2168,0.1287,81.665,3,0,roam_pivot_turn
9950,99.5,1.8417,0.7418,0.2089,0.5122,71.881,3,0,roam_stance_pause,-1.712,-0.8408,0.2196,0.1187,81.678,3,0,roam_stance_pause
9960,99.6,1.8419,0.799,0.2003,0.5251,71.939,2,0,roam_stance_pause,-1.7032,-0.8396,0.2152,0.0549,81.687,3,0,roam_stance_pause
9970,99.7,1.8443,0.8366,0.2098,0.3006,71.976,0,0,roam_stance_pause,-1.7026,-0.84,0.2146,0.0187,81.688,2,0,roam_stance_pause
9980,99.8,1.8485,0.8631,0.2015,0.2839,72.003,0,0,roam_curve_right,-1.7003,-0.8427,0.2149,0.0703,81.692,2,0,roam_curve_right
9990,99.9,1.8609,0.9005,0.2018,0.5014,72.043,0,0,roam_curve_right,-1.7007,-0.8521,0.2132,0.1362,81.702,2,0,roam_curve_right
10000,100.0,1.8923,0.962,0.2039,0.8656,72.112,1,0,roam_curve_right,-1.7164,-0.8708,0.2223,0.2674,81.727,1,0,roam_curve_right
10010,100.1,1.9428,1.0412,0.1886,1.0203,72.206,0,0,roam_curve_right,-1.7301,-0.8963,0.2265,0.2894,81.757,4,0,roam_curve_right
10020,100.2,2.0119,1.1316,0.1921,1.2036,72.319,2,0,roam_curve_right,-1.6976,-0.9257,0.2115,0.5811,81.802,3,0,roam_curve_right
10030,100.3,2.0919,1.2259,0.1858,1.2652,72.443,3,0,roam_curve_right,-1.6386,-0.9726,0.1946,0.8086,81.878,2,0,roam_curve_right
10040,100.4,2.1823,1.3152,0.185,1.3078,72.57,4,0,roam_curve_right,-1.5852,-1.0405,0.1994,0.9087,81.964,1,1,roam_curve_right
10050,100.5,2.2666,1.3977,0.2054,0.8787,72.689,5,0,roam_curve_right,-1.5205,-1.1239,0.1956,1.1459,82.07,3,1,roam_curve_right
10060,100.6,2.3001,1.4694,0.2413,0.7387,72.768,4,0,boundary_turn_inward,-1.4742,-1.2231,0.2016,0.9388,82.18,4,2,roam_curve_right
10070,100.7,2.3087,1.5446,0.2565,0.8014,72.844,5,0,boundary_turn_inward,-1.4868,-1.3032,0.2137,0.8418,82.263,4,1,roam_curve_right
10080,100.8,2.2968,1.6191,0.2523,0.7808,72.921,6,0,boundary_turn_inward,-1.5242,-1.3853,0.1841,1.0413,82.353,2,1,roam_curve_right
10090,100.9,2.2534,1.6847,0.2498,0.8326,73.0,6,0,roam_forward_cruise,-1.5598,-1.4652,0.2067,0.3907,82.441,5,0,roam_forward_cruise
10100,101.0,2.1941,1.7426,0.1959,0.8333,73.083,4,0,roam_forward_cruise,-1.5214,-1.4755,0.2661,0.46,82.483,1,0,roam_forward_cruise
10110,101.1,2.147,1.7968,0.1873,0.6144,73.155,3,0,roam_forward_cruise,-1.4762,-1.4821,0.247,0.4843,82.529,2,0,roam_forward_cruise
10120,101.2,2.1163,1.8248,0.1892,0.2317,73.196,3,0,boundary_turn_inward,-1.3995,-1.4766,0.1854,0.4212,82.606,4,0,roam_forward_cruise
10130,101.3,2.101,1.8403,0.1927,0.1911,73.218,4,0,roam_forward_cruise,-1.364,-1.5076,0.2098,0.5308,82.653,3,0,roam_forward_cruise
10140,101.4,2.0896,1.8487,0.1901,0.1337,73.232,4,0,roam_forward_cruise,-1.3043,-1.5304,0.2053,0.7347,82.717,2,0,roam_forward_cruise
10150,101.5,2.0834,1.852,0.1908,0.0589,73.24,4,0,roam_forward_cruise,-1.2254,-1.5391,0.1921,0.8333,82.797,2,0,roam_forward_cruise
10160,101.6,2.0818,1.8492,0.1928,0.0476,73.244,4,0,boundary_turn_inward,-1.1347,-1.5338,0.1898,0.9283,82.888,2,0,roam_forward_cruise
10170,101.7,2.0825,1.8442,0.1914,0.0582,73.249,4,0,roam_forward_cruise,-1.037,-1.5207,0.1903,1.0576,82.987,2,0,roam_forward_cruise
10180,101.8,2.0874,1.8346,0.1856,0.2046,73.259,4,0,roam_curve_left,-0.9253,-1.5026,0.187,1.1938,83.1,0,0,roam_curve_left
10190,101.9,2.105,1.8061,0.1919,0.4714,73.293,1,0,roam_curve_left,-0.8055,-1.4768,0.1816,1.2479,83.222,0,0,roam_curve_left
10200,102.0,2.1362,1.7624,0.1844,0.5713,73.347,3,0,roam_curve_left,-0.6826,-1.4444,0.1858,1.2918,83.349,1,0,roam_curve_left
10210,102.1,2.1748,1.7044,0.2004,0.7698,73.416,3,0,boundary_turn_inward,-0.5628,-1.4092,0.1909,0.9993,83.474,3,0,roam_curve_left
10220,102.2,2.2093,1.6449,0.197,0.5452,73.485,5,0,roam_curve_left,-0.4907,-1.3994,0.2316,0.7459,83.547,5,0,roam_curve_left
10230,102.3,2.2304,1.604,0.2144,0.4074,73.531,6,0,roam_curve_left,-0.4239,-1.4008,0.2369,0.5256,83.614,5,0,roam_curve_left
10240,102.4,2.2495,1.5696,0.2232,0.4255,73.571,6,0,boundary_turn_inward,-0.3815,-1.4165,0.2438,0.4178,83.66,6,0,roam_curve_left
10250,102.5,2.2606,1.5317,0.2236,0.3687,73.611,6,0,roam_curve_left,-0.3481,-1.4411,0.2412,0.4259,83.701,2,0,roam_curve_left
10260,102.6,2.2289,1.507,0.2364,0.5791,73.654,4,0,roam_pivot_turn,-0.3203,-1.4792,0.226,0.5317,83.749,5,0,roam_pivot_turn
10270,102.7,2.1737,1.4944,0.1996,0.5434,73.711,3,0,roam_pivot_turn,-0.2866,-1.5309,0.2031,0.6681,83.81,2,0,roam_pivot_turn
10280,102.8,2.0978,1.4992,0.1854,0.8726,73.787,2,0,roam_pivot_turn,-0.2426,-1.5835,0.1966,0.5915,83.879,5,0,roam_pivot_turn
10290,102.9,2.0113,1.5238,0.1839,0.9194,73.878,1,0,roam_pivot_turn,-0.2618,-1.6313,0.2016,0.6573,83.935,1,0,roam_pivot_turn
10300,103.0,1.9246,1.559,0.1865,0.937,73.971,1,0,roam_pivot_turn,-0.3148,-1.6828,0.1886,0.8594,84.009,2,0,roam_pivot_turn
10310,103.1,1.8443,1.5974,0.1864,0.7752,74.06,2,0,roam_stance_pause,-0.3806,-1.7198,0.2048,0.7025,84.085,3,0,roam_stance_pause
10320,103.2,1.7785,1.6199,0.2068,0.4932,74.13,3,0,roam_stance_pause,-0.4476,-1.7349,0.2007,0.6152,84.154,2,0,roam_stance_pause
10330,103.3,1.7616,1.6367,0.2179,0.203,74.154,3,0,roam_stance_pause,-0.4962,-1.7451,0.2123,0.4023,84.203,1,0,roam_stance_pause
10340,103.4,1.7671,1.6504,0.2004,0.3205,74.174,2,0,roam_curve_right,-0.5278,-1.7513,0.2053,0.2876,84.236,0,0,roam_curve_right
10350,103.5,1.8087,1.6749,0.2062,0.6664,74.222,2,0,roam_curve_right,-0.5775,-1.7533,0.2143,0.6302,84.285,0,0,roam_curve_right
10360,103.6,1.8899,1.7004,0.2109,0.8986,74.307,1,0,roam_curve_right,-0.6437,-1.7484,0.1981,0.776,84.352,0,0,roam_curve_right
10370,103.7,1.9813,1.7248,0.1847,1.1153,74.402,0,0,roam_curve_right,-0.7412,-1.7236,0.1953,1.095,84.453,0,0,roam_curve_right
10380,103.8,2.0963,1.7538,0.1874,1.1883,74.52,1,0,boundary_turn_inward,-0.8522,-1.6879,0.1887,1.2292,84.569,1,0,roam_curve_right
10390,103.9,2.2122,1.7779,0.1819,1.1596,74.639,4,0,boundary_turn_inward,-0.9693,-1.641,0.1838,1.2918,84.695,0,0,roam_curve_right
10400,104.0,2.2842,1.7828,0.2377,0.5656,74.711,5,0,boundary_turn_inward,-1.0889,-1.584,0.1846,1.3503,84.828,1,0,roam_curve_right
10410,104.1,2.3386,1.775,0.257,0.5315,74.767,6,0,boundary_turn_inward,-1.2078,-1.5197,0.1902,1.2623,84.963,2,0,roam_curve_right
10420,104.2,2.3849,1.7414,0.2527,0.6154,74.824,7,0,boundary_turn_inward,-1.2864,-1.5213,0.2281,0.767,85.045,2,0,roam_curve_right
10430,104.3,2.4131,1.6823,0.2617,0.6945,74.89,8,0,roam_curve_right,-1.3627,-1.5332,0.199,0.7796,85.122,3,0,roam_curve_right
10440,104.4,2.4309,1.605,0.2635,0.8907,74.969,8,0,roam_curve_right,-1.467,-1.5369,0.1952,1.1965,85.227,2,0,roam_curve_right
10450,104.5,2.4503,1.5229,0.2575,0.7032,75.054,8,0,roam_forward_cruise,-1.5625,-1.5268,0.2135,0.5049,85.323,5,0,roam_forward_cruise
10460,104.6,2.4704,1.4624,0.3107,0.6426,75.117,5,0,roam_forward_cruise,-1.5896,-1.5041,0.26,0.3375,85.359,2,0,roam_forward_cruise
10470,104.7,2.4922,1.4012,0.2906,0.5649,75.183,5,0,boundary_turn_inward,-1.6145,-1.4801,0.237,0.375,85.394,6,0,roam_forward_cruise
10480,104.8,2.5275,1.37,0.2553,0.4413,75.231,5,0,boundary_turn_inward,-1.6009,-1.4132,0.2456,0.9119,85.463,5,0,roam_forward_cruise
10490,104.9,2.587,1.3666,0.2154,0.7843,75.29,6,0,boundary_turn_inward,-1.5696,-1.3267,0.201,0.9368,85.555,4,0,roam_forward_cruise
10500,105.0,2.6725,1.3574,0.1824,0.9376,75.377,3,0,boundary_turn_inward,-1.5348,-1.2191,0.1909,1.2824,85.668,3,1,roam_forward_cruise
10510,105.1,2.76,1.3168,0.1856,0.9809,75.474,3,0,boundary_turn_inward,-1.4997,-1.0963,0.192,1.2741,85.796,1,3,roam_forward_cruise
10520,105.2,2.8423,1.2647,0.1833,0.9839,75.571,1,0,boundary_turn_inward,-1.5009,-0.9871,0.2029,0.9972,85.907,2,2,roam_forward_cruise
10530,105.3,2.9174,1.2074,0.1976,0.8989,75.666,1,0,boundary_emergency_brake,-1.5123,-0.9198,0.2169,0.5245,85.978,2,2,roam_forward_cruise
10540,105.4,2.9843,1.1565,0.2223,0.7834,75.75,0,0,boundary_emergency_brake,-1.4936,-0.8806,0.2152,0.375,86.022,3,2,roam_curve_left
10550,105.5,3.0323,1.1194,0.2367,0.48,75.81,0,0,boundary_emergency_brake,-1.4516,-0.8617,0.2215,0.5327,86.068,2,2,roam_curve_left
10560,105.6,3.063,1.095,0.2236,0.2167,75.85,0,0,boundary_emergency_brake,-1.3973,-0.8351,0.2053,0.7879,86.129,1,4,roam_curve_left
10570,105.7,3.0689,1.0893,0.2028,0.0832,75.859,0,0,roam_curve_left,-1.3178,-0.7793,0.1892,0.9512,86.226,1,3,roam_curve_left
10580,105.8,3.0389,1.0967,0.2073,0.4553,75.89,0,0,roam_curve_left,-1.238,-0.7218,0.1964,1.0832,86.324,1,1,roam_curve_left
10590,105.9,2.9797,1.0963,0.2054,0.7453,75.95,1,0,roam_curve_left,-1.1491,-0.6547,0.1879,1.1951,86.436,0,0,roam_curve_left
10600,106.0,2.8914,1.0792,0.1889,1.0709,76.04,1,0,roam_curve_left,-1.0756,-0.5869,0.2036,0.8805,86.536,0,0,roam_curve_left
10610,106.1,2.7887,1.0477,0.1979,0.8833,76.147,2,0,roam_curve_left,-1.0149,-0.5224,0.1923,0.9192,86.624,1,0,roam_curve_left
10620,106.2,2.7198,1.0737,0.2285,0.8084,76.224,4,0,roam_pivot_turn,-0.9595,-0.4725,0.2015,0.5766,86.699,2,0,roam_pivot_turn
10630,106.3,2.6584,1.1239,0.2081,0.7391,76.304,4,0,roam_pivot_turn,-0.9239,-0.485,0.2113,0.5273,86.742,3,0,roam_pivot_turn
10640,106.4,2.6049,1.1679,0.2077,0.55,76.374,7,0,boundary_turn_inward,-0.8986,-0.5375,0.1909,0.681,86.8,1,0,roam_pivot_turn
10650,106.5,2.5949,1.2222,0.2076,0.5619,76.429,4,0,boundary_turn_inward,-0.89,-0.6159,0.192,0.8706,86.879,2,0,roam_pivot_turn
10660,106.6,2.6113,1.2682,0.2009,0.5201,76.48,6,0,boundary_turn_inward,-0.898,-0.7072,0.1876,1.008,86.971,1,0,roam_pivot_turn
10670,106.7,2.6296,1.3162,0.1986,0.603,76.534,3,0,boundary_turn_inward,-0.9195,-0.8084,0.1876,1.0136,87.075,0,0,roam_stance_pause
10680,106.8,2.6195,1.3756,0.1865,0.6197,76.594,5,0,boundary_turn_inward,-0.9394,-0.904,0.2039,0.9197,87.172,0,1,roam_stance_pause
10690,106.9,2.5928,1.4293,0.2027,0.5662,76.654,5,0,boundary_turn_inward,-0.9563,-0.9821,0.2166,0.6864,87.252,0,2,roam_stance_pause
10700,107.0,2.5767,1.4695,0.2102,0.343,76.698,4,0,boundary_turn_inward,-0.9688,-1.0417,0.212,0.5458,87.313,1,3,roam_curve_right
10710,107.1,2.569,1.5028,0.2156,0.3557,76.732,5,0,boundary_turn_inward,-0.9936,-1.083,0.2082,0.608,87.363,2,3,roam_curve_right
10720,107.2,2.5707,1.5384,0.2163,0.332,76.768,5,0,boundary_turn_inward,-1.0573,-1.125,0.2129,0.7969,87.439,2,4,roam_curve_right
10730,107.3,2.5786,1.5686,0.2118,0.2968,76.799,4,0,boundary_turn_inward,-1.0797,-1.1283,0.2316,0.3643,87.475,3,4,roam_curve_right
10740,107.4,2.5872,1.5953,0.21,0.2568,76.827,4,0,boundary_turn_inward,-1.0464,-1.0867,0.2371,0.5772,87.528,3,3,roam_curve_right
10750,107.5,2.5881,1.6169,0.2118,0.2076,76.849,4,0,boundary_turn_inward,-0.9982,-1.0362,0.1846,0.8358,87.598,2,4,roam_curve_right
10760,107.6,2.5833,1.6333,0.2112,0.153,76.866,4,0,boundary_turn_inward,-0.9243,-0.987,0.2113,0.8968,87.687,0,1,roam_curve_right
10770,107.7,2.5807,1.648,0.2138,0.1485,76.881,4,0,boundary_turn_inward,-0.8501,-0.9416,0.189,0.7488,87.774,2,0,roam_curve_right
10780,107.8,2.5799,1.6622,0.2174,0.1369,76.895,3,0,boundary_turn_inward,-0.8083,-0.92,0.2355,0.3789,87.821,2,0,roam_curve_right
10790,107.9,2.58,1.6751,0.2188,0.1227,76.908,3,0,boundary_turn_inward,-0.7801,-0.9033,0.2388,0.2065,87.854,1,0,roam_curve_right
10800,108.0,2.5802,1.6867,0.219,0.1097,76.92,3,0,boundary_turn_inward,-0.7715,-0.9021,0.2398,0.0484,87.864,1,0,roam_curve_right
10810,108.1,2.5803,1.6971,0.2188,0.0997,76.93,4,0,boundary_turn_inward,-0.779,-0.9148,0.2323,0.2238,87.878,0,0,roam_forward_cruise
10820,108.2,2.5814,1.7071,0.2187,0.1072,76.94,4,0,boundary_turn_inward,-0.7999,-0.9404,0.2134,0.4722,87.912,0,0,roam_forward_cruise
10830,108.3,2.5864,1.7193,0.2179,0.1625,76.954,5,0,boundary_turn_inward,-0.8572,-0.9623,0.2254,0.6379,87.973,0,0,roam_forward_cruise
10840,108.4,2.5952,1.7387,0.214,0.2724,76.975,4,0,boundary_emergency_brake,-0.9294,-0.9786,0.1967,0.9744,88.047,0,1,roam_forward_cruise
10850,108.5,2.6243,1.7656,0.2083,0.4824,77.015,5,0,boundary_emergency_brake,-1.04,-0.9838,0.195,1.1444,88.158,2,5,roam_forward_cruise
10860,108.6,2.6518,1.7891,0.2141,0.2473,77.051,3,0,boundary_emergency_brake,-1.1488,-0.9822,0.1933,0.7007,88.267,2,6,roam_forward_cruise
10870,108.7,2.6639,1.8003,0.2038,0.06,77.068,3,0,boundary_inward_drive,-1.1741,-0.9435,0.2304,0.4587,88.315,2,6,roam_forward_cruise
10880,108.8,2.6608,1.7973,0.1976,0.144,77.073,3,0,roam_forward_cruise,-1.195,-0.9023,0.2034,0.4906,88.361,3,6,roam_forward_cruise
10890,108.9,2.6378,1.7941,0.2217,0.2475,77.097,4,0,roam_forward_cruise,-1.2349,-0.8562,0.2121,0.7381,88.424,1,4,roam_forward_cruise
10900,109.0,2.6136,1.7896,0.2067,0.1898,77.121,4,0,roam_curve_left,-1.2953,-0.8181,0.2053,0.7925,88.496,1,2,roam_curve_left
10910,109.1,2.5952,1.7894,0.2233,0.241,77.14,4,0,roam_curve_left,-1.3854,-0.7769,0.2042,1.1368,88.595,3,1,roam_curve_left
10920,109.2,2.5678,1.7882,0.2287,0.2931,77.167,5,0,roam_curve_left,-1.4644,-0.7242,0.2026,0.7634,88.692,3,0,roam_curve_left
10930,109.3,2.534,1.7915,0.2359,0.3219,77.201,5,0,roam_curve_left,-1.4987,-0.6541,0.1918,0.7943,88.77,1,0,roam_curve_left
10940,109.4,2.5166,1.8031,0.2346,0.1586,77.223,6,0,boundary_turn_inward,-1.5346,-0.5878,0.2081,0.588,88.846,1,0,roam_curve_left
10950,109.5,2.5216,1.8201,0.2352,0.2054,77.242,6,0,boundary_turn_inward,-1.5388,-0.5296,0.2192,0.5955,88.904,0,0,roam_curve_left
10960,109.6,2.5477,1.8236,0.2393,0.3329,77.269,5,0,boundary_emergency_brake,-1.5324,-0.4618,0.1997,0.8593,88.973,0,0,roam_curve_left
10970,109.7,2.578,1.8149,0.2372,0.2795,77.301,4,0,boundary_emergency_brake,-1.536,-0.3558,0.1955,1.1666,89.079,0,0,roam_curve_left
10980,109.8,2.6025,1.8077,0.2284,0.2328,77.326,4,0,boundary_emergency_brake,-1.5414,-0.2399,0.1779,1.1733,89.195,1,0,roam_pivot_turn
10990,109.9,2.625,1.8092,0.2167,0.2263,77.349,3,0,boundary_emergency_brake,-1.5379,-0.1201,0.1855,1.2101,89.315,0,0,roam_pivot_turn
11000,110.0,2.6426,1.8184,0.2089,0.1413,77.369,3,0,boundary_emergency_brake,-1.5274,0.0036,0.1825,1.264,89.439,0,0,roam_pivot_turn
11010,110.1,2.6504,1.8232,0.2002,0.0752,77.378,3,0,boundary_turn_inward,-1.5118,0.1279,0.1836,1.2579,89.564,0,0,roam_pivot_turn
11020,110.2,2.6574,1.8206,0.1896,0.0955,77.387,2,0,boundary_turn_inward,-1.4926,0.2512,0.1843,1.2446,89.689,1,0,roam_pivot_turn
11030,110.3,2.654,1.8033,0.1917,0.2122,77.405,4,0,roam_stance_pause,-1.4691,0.3722,0.1878,1.2005,89.812,2,0,roam_stance_pause
11040,110.4,2.659,1.7858,0.1932,0.1738,77.423,4,0,boundary_turn_inward,-1.4421,0.4786,0.2115,0.9347,89.922,3,0,roam_stance_pause
11050,110.5,2.6637,1.7734,0.1917,0.0869,77.437,4,0,boundary_turn_inward,-1.4266,0.5149,0.2601,0.0713,89.961,3,0,roam_stance_pause
11060,110.6,2.6619,1.767,0.198,0.1205,77.444,4,0,roam_curve_right,-1.4226,0.5226,0.2519,0.1047,89.97,4,0,roam_curve_right
11070,110.7,2.6409,1.7614,0.2165,0.2519,77.466,4,0,roam_curve_right,-1.4194,0.5169,0.2105,0.4297,89.986,4,0,roam_curve_right
11080,110.8,2.6155,1.7612,0.2026,0.3343,77.491,5,0,roam_curve_right,-1.4273,0.4435,0.2062,0.9056,90.06,3,0,roam_curve_right
11090,110.9,2.5702,1.7764,0.2211,0.4833,77.539,4,0,roam_curve_right,-1.4463,0.3401,0.1908,1.2195,90.165,2,0,roam_curve_right
11100,111.0,2.5354,1.7871,0.23,0.2101,77.575,7,0,roam_curve_right,-1.4861,0.2202,0.185,1.2741,90.291,0,0,roam_curve_right
11110,111.1,2.5201,1.7904,0.2379,0.1731,77.591,7,0,roam_curve_right,-1.5357,0.0993,0.187,1.3251,90.422,0,0,roam_curve_right
11120,111.2,2.4963,1.793,0.244,0.2589,77.615,7,0,roam_curve_right,-1.5901,-0.0239,0.1856,1.3677,90.557,0,0,roam_curve_right
11130,111.3,2.48,1.7925,0.2439,0.0728,77.632,7,0,roam_curve_right,-1.6474,-0.1477,0.1953,1.3532,90.693,0,0,roam_curve_right
11140,111.4,2.4795,1.7873,0.2426,0.0928,77.638,8,0,boundary_turn_inward,-1.7081,-0.2709,0.1953,1.3899,90.83,0,0,roam_curve_right
11150,111.5,2.4946,1.7715,0.2417,0.3451,77.66,8,0,boundary_turn_inward,-1.7741,-0.3917,0.2042,1.3811,90.968,0,0,roam_curve_right
11160,111.6,2.5256,1.7485,0.2345,0.4284,77.699,6,0,boundary_turn_inward,-1.8452,-0.5104,0.1952,1.3777,91.107,0,0,roam_curve_right
11170,111.7,2.5705,1.7322,0.2258,0.5332,77.746,6,0,boundary_turn_inward,-1.9185,-0.6271,0.2055,1.3712,91.244,0,0,roam_forward_cruise
11180,111.8,2.6312,1.7188,0.2045,0.7207,77.809,6,0,boundary_emergency_brake,-1.99,-0.7284,0.2178,0.7299,91.368,2,0,roam_forward_cruise
11190,111.9,2.6892,1.7036,0.209,0.4707,77.869,3,0,boundary_emergency_brake,-2.0401,-0.7725,0.2427,0.6512,91.435,1,0,roam_forward_cruise
11200,112.0,2.7266,1.6906,0.2277,0.3581,77.908,2,0,boundary_emergency_brake,-2.09,-0.8106,0.2216,0.6495,91.498,1,0,roam_forward_cruise
11210,112.1,2.7488,1.6809,0.206,0.0665,77.933,3,0,boundary_turn_inward,-2.163,-0.8567,0.201,1.0838,91.585,1,0,roam_forward_cruise
11220,112.2,2.7392,1.6755,0.2049,0.2429,77.945,3,0,roam_forward_cruise,-2.2572,-0.9334,0.1861,1.2917,91.706,2,0,roam_forward_cruise
11230,112.3,2.7164,1.6569,0.2027,0.346,77.974,0,0,roam_forward_cruise,-2.3563,-1.0208,0.187,1.3149,91.838,2,0,roam_forward_cruise
11240,112.4,2.6766,1.61,0.1993,0.9358,78.036,2,0,roam_forward_cruise,-2.4474,-1.0844,0.2098,0.769,91.95,2,0,roam_forward_cruise
11250,112.5,2.617,1.5358,0.195,0.8549,78.131,5,0,roam_forward_cruise,-2.5149,-1.0967,0.2336,0.6417,92.019,0,0,boundary_turn_inward
11260,112.6,2.5982,1.4698,0.2171,0.6463,78.2,5,0,roam_curve_left,-2.5831,-1.0948,0.207,0.7397,92.087,0,0,boundary_turn_inward
11270,112.7,2.6122,1.4021,0.2088,0.7962,78.27,4,0,roam_curve_left,-2.654,-1.0639,0.181,0.7871,92.167,0,0,boundary_turn_inward
11280,112.8,2.6444,1.3298,0.1751,0.8029,78.35,3,0,roam_curve_left,-2.703,-1.0136,0.1947,0.6932,92.237,0,0,boundary_turn_inward
11290,112.9,2.6733,1.2537,0.1953,0.7233,78.431,4,0,boundary_turn_inward,-2.7428,-0.953,0.19,0.7952,92.31,0,0,boundary_turn_inward
11300,113.0,2.7049,1.2157,0.2063,0.411,78.482,2,0,boundary_turn_inward,-2.7641,-0.8724,0.1868,0.8658,92.393,0,0,roam_curve_left
11310,113.1,2.7485,1.2076,0.2048,0.4922,78.526,2,0,boundary_turn_inward,-2.7833,-0.7814,0.1901,0.9508,92.486,0,0,boundary_turn_inward
11320,113.2,2.801,1.1939,0.195,0.5864,78.581,2,0,boundary_turn_inward,-2.8002,-0.6862,0.1839,1.011,92.583,0,0,roam_curve_left
11330,113.3,2.8475,1.1524,0.1859,0.6715,78.644,1,0,boundary_turn_inward,-2.8149,-0.5854,0.1853,1.0264,92.685,0,0,boundary_turn_inward
11340,113.4,2.884,1.0939,0.1855,0.6836,78.713,2,0,boundary_turn_inward,-2.824,-0.4814,0.1848,1.0702,92.789,1,0,roam_pivot_turn
11350,113.5,2.9074,1.0285,0.185,0.6379,78.783,1,0,boundary_turn_inward,-2.8174,-0.3709,0.1847,1.1243,92.9,0,0,roam_pivot_turn
11360,113.6,2.9249,0.9774,0.1986,0.5026,78.837,1,0,boundary_turn_inward,-2.8006,-0.2569,0.1838,1.1671,93.015,0,0,roam_pivot_turn
11370,113.7,2.9278,0.9216,0.2025,0.6547,78.893,1,0,roam_pivot_turn,-2.7726,-0.1423,0.1836,1.1958,93.133,0,0,roam_pivot_turn
11380,113.8,2.9217,0.8543,0.1979,0.7243,78.961,1,0,roam_pivot_turn,-2.7351,-0.028,0.1854,1.2115,93.254,0,0,roam_pivot_turn
11390,113.9,2.9029,0.7764,0.1858,0.8428,79.041,2,0,roam_stance_pause,-2.693,0.0855,0.1864,1.184,93.375,1,0,roam_stance_pause
11400,114.0,2.8806,0.6993,0.2064,0.7453,79.121,1,0,roam_stance_pause,-2.6629,0.1897,0.2111,1.0757,93.483,0,0,roam_stance_pause
11410,114.1,2.8602,0.6349,0.2123,0.5644,79.189,3,0,roam_stance_pause,-2.639,0.286,0.2166,0.863,93.583,0,0,roam_stance_pause
11420,114.2,2.846,0.5912,0.2148,0.3929,79.235,2,0,roam_curve_right,-2.6228,0.36,0.2179,0.676,93.658,0,0,roam_curve_right
11430,114.3,2.8244,0.5558,0.2108,0.4581,79.276,1,0,roam_curve_right,-2.6119,0.4127,0.2135,0.5231,93.712,3,0,roam_curve_right
11440,114.4,2.7847,0.5109,0.1953,0.8442,79.336,2,0,roam_curve_right,-2.5835,0.4666,0.2076,0.7019,93.773,3,0,roam_curve_right
11450,114.5,2.7133,0.446,0.1929,1.0596,79.433,2,0,roam_curve_right,-2.5279,0.5314,0.2002,0.2563,93.859,3,0,roam_curve_right
11460,114.6,2.6239,0.3772,0.1871,1.1762,79.546,2,0,roam_curve_right,-2.5059,0.5343,0.2211,0.1961,93.882,3,0,roam_curve_right
11470,114.7,2.5261,0.3086,0.1872,1.2014,79.665,2,0,roam_curve_right,-2.4985,0.5122,0.2032,0.4302,93.907,2,0,roam_curve_right
11480,114.8,2.4265,0.2429,0.1848,1.2228,79.784,3,0,roam_curve_right,-2.5094,0.449,0.1989,0.8056,93.971,1,0,roam_curve_right
11490,114.9,2.3203,0.1798,0.1895,1.1919,79.908,3,0,roam_curve_right,-2.5285,0.3597,0.2056,1.0058,94.062,3,0,roam_curve_right
11500,115.0,2.2521,0.1184,0.2244,0.8245,80.001,2,0,roam_curve_right,-2.565,0.2545,0.1842,1.1959,94.174,2,0,roam_curve_right
11510,115.1,2.2028,0.0503,0.2125,0.8898,80.085,1,0,roam_curve_right,-2.5987,0.1609,0.1953,0.8873,94.273,1,0,roam_curve_right
11520,115.2,2.1447,-0.0428,0.1812,1.3017,80.195,0,0,roam_curve_right,-2.6296,0.072,0.1885,1.0395,94.367,0,0,roam_curve_right
11530,115.3,2.072,-0.1532,0.1929,1.3353,80.327,1,0,roam_forward_cruise,-2.6632,-0.0295,0.1826,1.0473,94.474,0,0,roam_forward_cruise
11540,115.4,2.0101,-0.2764,0.1971,1.4441,80.465,3,0,roam_forward_cruise,-2.6728,-0.141,0.2047,1.1673,94.586,0,0,roam_forward_cruise
11550,115.5,1.9756,-0.4122,0.221,1.406,80.605,2,1,roam_forward_cruise,-2.6718,-0.2645,0.1847,1.3202,94.71,0,0,roam_forward_cruise
11560,115.6,1.9471,-0.5409,0.1949,0.9842,80.738,3,0,roam_forward_cruise,-2.6576,-0.3975,0.1987,1.138,94.844,1,0,roam_forward_cruise
11570,115.7,1.8839,-0.6041,0.2338,0.8817,80.827,3,0,roam_forward_cruise,-2.682,-0.5061,0.1997,1.1255,94.955,1,0,boundary_turn_inward
11580,115.8,1.8276,-0.6589,0.2339,0.5298,80.906,3,0,roam_forward_cruise,-2.7016,-0.6251,0.1834,1.2797,95.076,0,0,boundary_turn_inward
11590,115.9,1.7952,-0.6934,0.2503,0.4616,80.953,2,0,roam_forward_cruise,-2.7013,-0.7526,0.1919,1.2855,95.204,1,0,boundary_turn_inward
11600,116.0,1.7665,-0.7277,0.2441,0.4199,80.998,2,0,roam_forward_cruise,-2.6912,-0.8848,0.1867,1.3604,95.337,1,0,boundary_turn_inward
11610,116.1,1.7299,-0.7476,0.2412,0.41,81.04,3,0,roam_forward_cruise,-2.6659,-1.0191,0.1836,1.3801,95.473,1,0,boundary_turn_inward
11620,116.2,1.6848,-0.771,0.2406,0.6548,81.091,1,0,roam_curve_left,-2.6325,-1.1466,0.1916,1.2296,95.605,0,0,boundary_turn_inward
11630,116.3,1.61,-0.795,0.2177,0.8464,81.17,1,0,roam_curve_left,-2.6109,-1.2589,0.1913,1.1043,95.72,2,0,boundary_turn_inward
11640,116.4,1.5192,-0.8377,0.1851,1.2829,81.27,1,0,roam_curve_left,-2.5954,-1.3699,0.1855,1.1394,95.832,1,0,boundary_turn_inward
11650,116.5,1.412,-0.908,0.1857,1.305,81.399,1,0,roam_curve_left,-2.56,-1.4811,0.1879,1.197,95.949,0,0,boundary_turn_inward
11660,116.6,1.3025,-0.9872,0.1877,1.3648,81.534,1,0,roam_curve_left,-2.5101,-1.5893,0.1852,1.2054,96.068,1,0,boundary_turn_inward
11670,116.7,1.1927,-1.0713,0.1861,1.3991,81.672,1,0,roam_curve_left,-2.4467,-1.6923,0.1825,1.2148,96.189,1,0,boundary_turn_inward
11680,116.8,1.1077,-1.1369,0.2169,0.6837,81.78,1,0,roam_curve_left,-2.3692,-1.7862,0.1864,1.2052,96.311,2,0,roam_curve_left
11690,116.9,1.0541,-1.1639,0.2496,0.5066,81.84,1,0,roam_curve_left,-2.3285,-1.863,0.2109,0.7306,96.401,2,0,boundary_turn_inward
11700,117.0,1.0154,-1.1629,0.2599,0.4151,81.881,1,0,roam_pivot_turn,-2.3402,-1.9388,0.2026,0.7851,96.477,1,0,boundary_turn_inward
11710,117.1,0.987,-1.1158,0.2802,0.6076,81.936,1,0,roam_pivot_turn,-2.3324,-2.0202,0.1875,0.897,96.561,1,0,boundary_turn_inward
11720,117.2,0.9575,-1.0613,0.2299,0.656,81.998,2,0,roam_pivot_turn,-2.2991,-2.1038,0.1815,0.9242,96.651,0,0,boundary_turn_inward
11730,117.3,0.9357,-0.9915,0.1719,0.8723,82.072,1,0,roam_pivot_turn,-2.2546,-2.1836,0.2029,0.878,96.742,0,0,boundary_emergency_brake
11740,117.4,0.9351,-0.926,0.2308,0.5564,82.138,1,0,roam_pivot_turn,-2.2125,-2.256,0.2203,0.7977,96.826,0,0,boundary_emergency_brake
11750,117.5,0.9307,-0.8685,0.2203,0.6017,82.196,1,0,roam_stance_pause,-2.1817,-2.3058,0.236,0.3951,96.885,0,0,boundary_emergency_brake
11760,117.6,0.9234,-0.8358,0.2215,0.2733,82.229,0,0,roam_stance_pause,-2.1631,-2.3347,0.2226,0.2529,96.919,0,0,boundary_turn_inward
11770,117.7,0.9112,-0.8111,0.2204,0.2859,82.257,1,0,roam_stance_pause,-2.1578,-2.344,0.1931,0.0817,96.932,1,0,roam_stance_pause
11780,117.8,0.893,-0.7886,0.2138,0.3135,82.286,1,0,roam_curve_right,-2.148,-2.3291,0.2058,0.2922,96.95,1,0,roam_curve_right
11790,117.9,0.864,-0.7582,0.2114,0.5754,82.328,1,0,roam_curve_right,-2.1125,-2.2957,0.2193,0.6394,96.999,1,0,roam_curve_right
11800,118.0,0.8227,-0.7135,0.2027,0.6377,82.389,1,0,roam_curve_right,-2.0613,-2.2524,0.1961,0.801,97.066,3,0,roam_curve_right
11810,118.1,0.7678,-0.6331,0.1993,1.1424,82.486,2,0,roam_curve_right,-1.9744,-2.1965,0.1979,1.0348,97.169,5,0,roam_curve_right
11820,118.2,0.724,-0.5346,0.1971,1.0408,82.594,2,0,roam_curve_right,-1.9238,-2.1414,0.2286,0.5966,97.245,5,0,roam_curve_right
11830,118.3,0.7104,-0.428,0.1871,1.1255,82.702,4,0,roam_curve_right,-1.8992,-2.0901,0.2313,0.4853,97.302,6,0,roam_curve_right
11840,118.4,0.7041,-0.3214,0.1903,1.0499,82.809,3,0,roam_curve_right,-1.896,-2.0524,0.2396,0.3101,97.34,7,0,roam_curve_right
11850,118.5,0.6886,-0.212,0.1883,1.1591,82.92,0,0,roam_curve_right,-1.9033,-2.0262,0.2334,0.2713,97.367,6,0,roam_curve_right
11860,118.6,0.6784,-0.0946,0.1849,1.2149,83.037,1,0,roam_curve_right,-1.9283,-2.01,0.2347,0.358,97.397,5,0,boundary_turn_inward
11870,118.7,0.6743,0.0281,0.1851,1.2465,83.16,0,0,roam_curve_right,-1.9695,-1.9936,0.2226,0.5048,97.442,6,0,boundary_turn_inward
11880,118.8,0.677,0.1574,0.189,1.3142,83.29,0,0,roam_curve_right,-2.0035,-1.9583,0.2054,0.3611,97.491,6,0,roam_curve_right
11890,118.9,0.6865,0.2911,0.1865,1.3563,83.424,1,0,roam_forward_cruise,-2.004,-1.9501,0.2143,0.1568,97.506,7,0,roam_forward_cruise
11900,119.0,0.7109,0.4273,0.1988,1.2883,83.562,2,0,roam_forward_cruise,-1.9776,-1.9448,0.2221,0.3487,97.533,7,0,roam_forward_cruise
11910,119.1,0.7628,0.547,0.1814,1.3912,83.693,3,0,roam_forward_cruise,-1.946,-1.9358,0.2152,0.3464,97.566,5,0,roam_forward_cruise
11920,119.2,0.8307,0.6725,0.1906,1.436,83.835,1,0,roam_forward_cruise,-1.9179,-1.9169,0.2306,0.3096,97.6,6,0,roam_forward_cruise
11930,119.3,0.9034,0.799,0.1792,1.4815,83.981,0,0,roam_forward_cruise,-1.9102,-1.8974,0.2345,0.1896,97.623,7,0,roam_forward_cruise
11940,119.4,0.9814,0.9264,0.1916,1.5061,84.131,0,1,roam_forward_cruise,-1.9155,-1.884,0.2326,0.0987,97.637,6,0,roam_forward_cruise
11950,119.5,1.061,1.0542,0.1897,1.5056,84.281,0,0,roam_forward_cruise,-1.9198,-1.8775,0.2316,0.0481,97.645,5,0,roam_forward_cruise
11960,119.6,1.1425,1.1807,0.1939,1.501,84.432,0,0,roam_forward_cruise,-1.9177,-1.8745,0.2336,0.0424,97.649,5,0,roam_forward_cruise
11970,119.7,1.2178,1.3019,0.1885,1.3759,84.574,3,0,roam_forward_cruise,-1.9137,-1.8777,0.2338,0.0492,97.654,6,0,roam_forward_cruise
11980,119.8,1.2778,1.4124,0.2073,0.9399,84.701,7,0,roam_curve_left,-1.9141,-1.8779,0.2364,0.0206,97.656,6,0,roam_climb_over
11990,119.9,1.2988,1.4848,0.2486,0.7012,84.776,8,0,roam_curve_left,-1.9162,-1.8744,0.2387,0.1658,97.663,6,0,roam_curve_left
12000,120.0,1.3127,1.5575,0.2513,0.7904,84.85,8,0,roam_curve_left,-1.9433,-1.8743,0.2431,0.3788,97.69,5,0,roam_curve_left
